{"type":"FeatureCollection","features":[{"type":"Feature","geometry":{"type":"Polygon","coordinates":[[[106.883072,-6.230668],[106.884179,-6.231128],[106.885003,-6.231552],[106.885284,-6.231726],[106.885341,-6.231719],[106.885382,-6.231896],[106.885539,-6.231904],[106.885892,-6.231958],[106.885284,-6.232806],[106.885072,-6.2331],[106.884912,-6.233392],[106.884869,-6.233777],[106.884837,-6.234054],[106.885243,-6.234124],[106.885424,-6.234164],[106.885339,-6.234569],[106.885537,-6.234655],[106.885914,-6.234857],[106.88595,-6.235257],[106.885983,-6.235406],[106.886113,-6.23543],[106.886203,-6.235412],[106.886593,-6.235401],[106.886596,-6.235198],[106.886776,-6.23519],[106.886778,-6.235079],[106.886962,-6.234705],[106.887367,-6.234998],[106.887589,-6.235011],[106.887752,-6.235037],[106.8878,-6.235257],[106.888071,-6.235431],[106.888195,-6.23556],[106.888185,-6.235798],[106.887923,-6.236415],[106.887828,-6.236869],[106.887772,-6.237368],[106.887873,-6.237632],[106.886236,-6.23768],[106.88531,-6.237732],[106.8849219,-6.2377579],[106.884225,-6.237806],[106.88425,-6.237628],[106.88427,-6.237596],[106.884287,-6.237593],[106.884297,-6.237432],[106.884314,-6.237289],[106.884367,-6.237144],[106.8844,-6.236966],[106.884406,-6.236787],[106.884408,-6.236608],[106.884381,-6.236521],[106.884314,-6.236404],[106.88425,-6.236274],[106.884147,-6.236136],[106.883944,-6.236182],[106.883813,-6.235662],[106.883572,-6.235632],[106.883517,-6.235202],[106.883488,-6.234952],[106.883631,-6.234885],[106.883766,-6.234868],[106.88388,-6.23472],[106.883884,-6.234713],[106.883878,-6.234634],[106.883941,-6.234625],[106.883942,-6.234518],[106.883941,-6.234427],[106.883931,-6.234308],[106.883926,-6.234193],[106.883844,-6.234165],[106.8835984,-6.2341581],[106.883589,-6.23406],[106.883587,-6.233998],[106.883622,-6.233958],[106.883612,-6.2339],[106.883632,-6.233828],[106.883667,-6.233744],[106.883685,-6.233709],[106.883712,-6.233615],[106.883523,-6.23355],[106.883323,-6.233478],[106.883208,-6.233401],[106.883197,-6.233374],[106.883172,-6.233294],[106.88314,-6.232486],[106.883093,-6.23166],[106.883088,-6.231081],[106.883022,-6.230642],[106.883072,-6.230668]]]},"properties":{"rw_name":"RW 01","kelurahan":"CIPINANG MUARA","rw_key":"CIPINANG MUARA|RW 01","event_count_all":0,"max_depth_all":null,"latest_date":null,"years_active":[],"osm_id":5799507,"rw_source":"OSM admin_level=10 (community-verified, Q3)"}},{"type":"Feature","geometry":{"type":"Polygon","coordinates":[[[106.887214,-6.217705],[106.887671,-6.217461],[106.887794,-6.217178],[106.88804,-6.216903],[106.888178,-6.216936],[106.888306,-6.21694],[106.888504,-6.216919],[106.888639,-6.216884],[106.888726,-6.216942],[106.888992,-6.217066],[106.889198,-6.217146],[106.889288,-6.217138],[106.889386,-6.217157],[106.889827,-6.217186],[106.891264,-6.2166],[106.891518,-6.216161],[106.891869,-6.215573],[106.892037,-6.215655],[106.892335,-6.215725],[106.892643,-6.215843],[106.892478,-6.216044],[106.8924267,-6.2161397],[106.89238,-6.2162718],[106.892295,-6.216658],[106.89218,-6.216719],[106.892054,-6.217118],[106.8919887,-6.2173604],[106.89189,-6.217647],[106.8916604,-6.2181299],[106.891662,-6.21815],[106.891604,-6.218112],[106.890721,-6.217952],[106.890737,-6.217765],[106.890633,-6.217665],[106.8903537,-6.2176657],[106.8897727,-6.2176297],[106.8896917,-6.2176677],[106.8895207,-6.2177267],[106.8888141,-6.217739],[106.8882367,-6.2176837],[106.8880757,-6.2177167],[106.8877237,-6.2178707],[106.8872517,-6.2180177],[106.8872257,-6.2180247],[106.887166,-6.217721],[106.887214,-6.217705]]]},"properties":{"rw_name":"RW 04","kelurahan":"CIPINANG MUARA","rw_key":"CIPINANG MUARA|RW 04","event_count_all":0,"max_depth_all":null,"latest_date":null,"years_active":[],"osm_id":5799510,"rw_source":"OSM admin_level=10 (community-verified, Q3)"}},{"type":"Feature","geometry":{"type":"Polygon","coordinates":[[[106.894258,-6.214113],[106.894283,-6.21377],[106.894333,-6.213773],[106.894314,-6.213697],[106.894346,-6.213606],[106.894394,-6.213464],[106.89448467268798,-6.213180945825084],[106.89452522671832,-6.213181500438072],[106.89460342078067,-6.213182568361702],[106.89465300708287,-6.213183246017186],[106.89473682909359,-6.213184392307684],[106.89484279426026,-6.2131858407873395],[106.89493133618852,-6.213187052410654],[106.89495809084876,-6.2131874176475765],[106.89509861244798,-6.213189338069818],[106.89512261863798,-6.213189666132922],[106.89517175497875,-6.213190337214587],[106.89520368311938,-6.213190773407565],[106.89536246910409,-6.2131929447487755],[106.89550156222961,-6.213194845771105],[106.89553902434407,-6.213195357041591],[106.8957205307914,-6.213197838322501],[106.89575246525024,-6.2131982753634984],[106.89575653012984,-6.213198331313763],[106.8957565193517,-6.21319910619881],[106.89575600198144,-6.213243362000402],[106.8957552310648,-6.2133318762741885],[106.89575497179493,-6.213377059700228],[106.89575472306977,-6.213420393221733],[106.89575457757552,-6.213472878059569],[106.89575447889347,-6.213508911031523],[106.89575449763255,-6.213597429706743],[106.89575477928068,-6.213685947439101],[106.89575511243704,-6.213770176659227],[106.89575676640285,-6.213854389389722],[106.89575974291768,-6.213938566637237],[106.89576404009755,-6.2140226867090105],[106.89576965696192,-6.214106727909004],[106.89577659344343,-6.214190671250346],[106.895780701827,-6.214232400576671],[106.89578484585118,-6.214274495046703],[106.89579441321106,-6.214358179410299],[106.895799,-6.214393385655684],[106.895799,-6.214412],[106.895624,-6.214411],[106.894936,-6.214315],[106.894245,-6.214293],[106.894258,-6.214113]]]},"properties":{"rw_name":"RW 05","kelurahan":"CIPINANG MUARA","rw_key":"CIPINANG MUARA|RW 05","event_count_all":0,"max_depth_all":null,"latest_date":null,"years_active":[],"osm_id":5799511,"rw_source":"OSM admin_level=10 (community-verified, Q3)"}},{"type":"Feature","geometry":{"type":"Polygon","coordinates":[[[106.892411,-6.21515],[106.892487,-6.215117],[106.892534,-6.215121],[106.892537,-6.2151],[106.892557,-6.21507],[106.892825,-6.215131],[106.893037,-6.215111],[106.8932984,-6.2151063],[106.893378,-6.214966],[106.8933901,-6.2149535],[106.893544,-6.214795],[106.893633,-6.214686],[106.894156,-6.214807],[106.8945593,-6.2149732],[106.894736,-6.215046],[106.894709,-6.21523],[106.8947437,-6.2152317],[106.895166,-6.215253],[106.89522,-6.215333],[106.895241,-6.215533],[106.895135,-6.215595],[106.895116,-6.215711],[106.895002,-6.215795],[106.895005,-6.215847],[106.89507,-6.215847],[106.895071,-6.215971],[106.8950467,-6.21605],[106.8942511,-6.2160592],[106.8942833,-6.2157846],[106.8942099,-6.2157758],[106.8940085,-6.2157207],[106.8939503,-6.2157093],[106.8938832,-6.2160813],[106.8931231,-6.2159459],[106.8930137,-6.2163728],[106.89238,-6.2162718],[106.8924267,-6.2161397],[106.892478,-6.216044],[106.892643,-6.215843],[106.892335,-6.215725],[106.892037,-6.215655],[106.891869,-6.215573],[106.892411,-6.21515]]]},"properties":{"rw_name":"RW 08","kelurahan":"CIPINANG MUARA","rw_key":"CIPINANG MUARA|RW 08","event_count_all":0,"max_depth_all":null,"latest_date":null,"years_active":[],"osm_id":5799514,"rw_source":"OSM admin_level=10 (community-verified, Q3)"}},{"type":"Feature","geometry":{"type":"Polygon","coordinates":[[[106.870271,-6.242249],[106.8703514,-6.2417322],[106.87035,-6.24133],[106.8703609,-6.2412344],[106.8703595,-6.2410624],[106.870328,-6.240882],[106.8702772,-6.240442],[106.870282,-6.240442],[106.87119,-6.240401],[106.873485,-6.240272],[106.873695,-6.240266],[106.874765,-6.240237],[106.874795,-6.240864],[106.874777,-6.241239],[106.8746,-6.241673],[106.874335,-6.242072],[106.873174,-6.243402],[106.872425,-6.242804],[106.870307,-6.24237],[106.870247,-6.242356],[106.870271,-6.242249]]]},"properties":{"rw_name":"RW 09","kelurahan":"CIPINANG CEMPEDAK","rw_key":"CIPINANG CEMPEDAK|RW 09","event_count_all":0,"max_depth_all":null,"latest_date":null,"years_active":[],"osm_id":5799587,"rw_source":"OSM admin_level=10 (community-verified, Q3)"}},{"type":"Feature","geometry":{"type":"Polygon","coordinates":[[[106.871288,-6.231614],[106.872171,-6.231551],[106.8722,-6.232016],[106.872079,-6.232019],[106.872116,-6.232811],[106.872116,-6.232975],[106.872026,-6.232973],[106.87203,-6.233278],[106.871968,-6.233288],[106.871966,-6.233413],[106.8719831,-6.2334681],[106.871976,-6.233524],[106.871995,-6.233592],[106.871997,-6.233627],[106.871995,-6.233684],[106.8720024,-6.2337793],[106.871999,-6.233838],[106.872017,-6.233928],[106.872017,-6.23404],[106.87203,-6.234077],[106.872017,-6.234182],[106.872017,-6.234215],[106.872043,-6.234275],[106.872036,-6.23445],[106.8721367,-6.2344503],[106.8721487,-6.234584],[106.872196,-6.234869],[106.872223,-6.234932],[106.872226,-6.23508],[106.872223,-6.235209],[106.872232,-6.235234],[106.872232,-6.23554],[106.87224,-6.235588],[106.872251,-6.235763],[106.87227,-6.235759],[106.872279,-6.236053],[106.87168,-6.236101],[106.870287,-6.236139],[106.869941,-6.236176],[106.8698727,-6.2351443],[106.869863,-6.2350118],[106.869846,-6.2348447],[106.8698059,-6.234242],[106.869804,-6.234172],[106.8698211,-6.2340069],[106.8698027,-6.2336125],[106.8697864,-6.2332853],[106.8697654,-6.2330331],[106.8697624,-6.2326242],[106.869714,-6.231727],[106.871288,-6.231614]]]},"properties":{"rw_name":"RW 08","kelurahan":"CIPINANG CEMPEDAK","rw_key":"CIPINANG CEMPEDAK|RW 08","event_count_all":0,"max_depth_all":null,"latest_date":null,"years_active":[],"osm_id":5799588,"rw_source":"OSM admin_level=10 (community-verified, Q3)"}},{"type":"Feature","geometry":{"type":"Polygon","coordinates":[[[106.874056,-6.231504],[106.874286,-6.231892],[106.8749556,-6.2318742],[106.8753708,-6.2318628],[106.8755069,-6.2318632],[106.8755662,-6.2318625],[106.876354,-6.231814],[106.876377,-6.231811],[106.876405,-6.231974],[106.876628,-6.233087],[106.8769514,-6.2342162],[106.877157,-6.234934],[106.877432,-6.235996],[106.877656,-6.23663],[106.877616,-6.236638],[106.876008,-6.236713],[106.875996,-6.236482],[106.875996,-6.236257],[106.875627,-6.236236],[106.874904,-6.236122],[106.874874,-6.235782],[106.874852,-6.235219],[106.874148,-6.23522],[106.873747,-6.235345],[106.873632,-6.235413],[106.873575,-6.234593],[106.873621,-6.23335],[106.873804,-6.233385],[106.873804,-6.231481],[106.874056,-6.231504]]]},"properties":{"rw_name":"RW 02","kelurahan":"CIPINANG CEMPEDAK","rw_key":"CIPINANG CEMPEDAK|RW 02","event_count_all":0,"max_depth_all":null,"latest_date":null,"years_active":[],"osm_id":5799595,"rw_source":"OSM admin_level=10 (community-verified, Q3)"}},{"type":"Feature","geometry":{"type":"Polygon","coordinates":[[[106.86971,-6.231634],[106.869743,-6.231131],[106.8697607,-6.2302339],[106.869787,-6.230026],[106.8698296,-6.2298011],[106.8699518,-6.2291677],[106.8700918,-6.2285747],[106.8702026,-6.2280301],[106.8703513,-6.2274432],[106.870505,-6.226817],[106.870542,-6.226838],[106.870722,-6.226885],[106.8719906,-6.2267631],[106.8720215,-6.2267606],[106.872633,-6.226726],[106.872659,-6.227639],[106.872749,-6.227639],[106.872743,-6.227768],[106.872762,-6.228946],[106.872738,-6.229102],[106.872738,-6.229643],[106.872759,-6.230408],[106.8727614,-6.2304717],[106.872754,-6.230608],[106.872772,-6.230856],[106.872772,-6.23098],[106.872801,-6.231119],[106.872836,-6.231151],[106.872836,-6.231188],[106.872824,-6.231228],[106.872804,-6.231268],[106.872782,-6.231295],[106.872796,-6.231506],[106.872171,-6.231551],[106.871288,-6.231614],[106.869714,-6.231727],[106.86971,-6.231634]]]},"properties":{"rw_name":"RW 07","kelurahan":"CIPINANG CEMPEDAK","rw_key":"CIPINANG CEMPEDAK|RW 07","event_count_all":0,"max_depth_all":null,"latest_date":null,"years_active":[],"osm_id":5799602,"rw_source":"OSM admin_level=10 (community-verified, Q3)"}},{"type":"Feature","geometry":{"type":"Polygon","coordinates":[[[106.894202,-6.214497],[106.894224,-6.214396],[106.894245,-6.214293],[106.894936,-6.214315],[106.895624,-6.214411],[106.895799,-6.214412],[106.895799,-6.215046],[106.895816,-6.215327],[106.8957825,-6.2153248],[106.895754,-6.215323],[106.8956143,-6.2153287],[106.8952441,-6.2153356],[106.89522,-6.215333],[106.895166,-6.215253],[106.8947437,-6.2152317],[106.894709,-6.21523],[106.894736,-6.215046],[106.8945593,-6.2149732],[106.894156,-6.214807],[106.894202,-6.214497]]]},"properties":{"rw_name":"RW 11","kelurahan":"CIPINANG MUARA","rw_key":"CIPINANG MUARA|RW 11","event_count_all":0,"max_depth_all":null,"latest_date":null,"years_active":[],"osm_id":5799726,"rw_source":"OSM admin_level=10 (community-verified, Q3)"}},{"type":"Feature","geometry":{"type":"Polygon","coordinates":[[[106.8700901,-6.2237084],[106.8701421,-6.2237014],[106.8702321,-6.2237014],[106.8706421,-6.2236704],[106.8710471,-6.2236374],[106.8714861,-6.2236194],[106.8718891,-6.2235934],[106.8721561,-6.2235774],[106.8724481,-6.2235634],[106.8725661,-6.2235864],[106.873176,-6.224172],[106.873402,-6.224144],[106.873681,-6.22411],[106.873919,-6.22411],[106.873958,-6.224322],[106.874151,-6.224314],[106.8745572,-6.2242771],[106.87462,-6.224284],[106.874985,-6.224417],[106.875019,-6.225515],[106.875082,-6.226023],[106.875246,-6.226051],[106.875162,-6.226528],[106.8749784,-6.2265487],[106.8738517,-6.226676],[106.873834,-6.226678],[106.8731183,-6.2266922],[106.872633,-6.226726],[106.8720215,-6.2267606],[106.8719906,-6.2267631],[106.870722,-6.226885],[106.870542,-6.226838],[106.870505,-6.226817],[106.8703392,-6.2267774],[106.870381,-6.226192],[106.870359,-6.225783],[106.870291,-6.22543],[106.870134,-6.224987],[106.870154,-6.22468],[106.8700211,-6.2236984],[106.8700901,-6.2237084]]]},"properties":{"rw_name":"RW 09","kelurahan":"RAWA BUNGA","rw_key":"RAWA BUNGA|RW 09","event_count_all":0,"max_depth_all":null,"latest_date":null,"years_active":[],"osm_id":5800138,"rw_source":"OSM admin_level=10 (community-verified, Q3)"}},{"type":"Feature","geometry":{"type":"Polygon","coordinates":[[[106.869535,-6.222222],[106.869653,-6.222208],[106.870773,-6.222118],[106.871912,-6.22213],[106.872533,-6.222124],[106.872595,-6.222584],[106.8725661,-6.2235864],[106.8724481,-6.2235634],[106.8721561,-6.2235774],[106.8718891,-6.2235934],[106.8714861,-6.2236194],[106.8710471,-6.2236374],[106.8706421,-6.2236704],[106.8702321,-6.2237014],[106.8701421,-6.2237014],[106.8700901,-6.2237084],[106.8700211,-6.2236984],[106.8700162,-6.2238453],[106.8697408,-6.2228093],[106.869489,-6.222223],[106.869535,-6.222222]]]},"properties":{"rw_name":"RW 08","kelurahan":"RAWA BUNGA","rw_key":"RAWA BUNGA|RW 08","event_count_all":0,"max_depth_all":null,"latest_date":null,"years_active":[],"osm_id":5800139,"rw_source":"OSM admin_level=10 (community-verified, Q3)"}},{"type":"Feature","geometry":{"type":"Polygon","coordinates":[[[106.8720654,-6.219839],[106.8729264,-6.219759],[106.8739194,-6.219674],[106.8740944,-6.219649],[106.8746394,-6.219839],[106.8749624,-6.219884],[106.874609,-6.220847],[106.874626,-6.221064],[106.874428,-6.221076],[106.873627,-6.22111],[106.873222,-6.221135],[106.872933,-6.221138],[106.872926,-6.221356],[106.872871,-6.22189],[106.872782,-6.221902],[106.872803,-6.222099],[106.872533,-6.222124],[106.872443,-6.221729],[106.872421,-6.221574],[106.872385,-6.221423],[106.872357,-6.221282],[106.872331,-6.221115],[106.872323,-6.22099],[106.872292,-6.220874],[106.872223,-6.220764],[106.872014,-6.220493],[106.871912,-6.220425],[106.871725,-6.220467],[106.87171,-6.220347],[106.871679,-6.219796],[106.8720654,-6.219839]]]},"properties":{"rw_name":"RW 05","kelurahan":"RAWA BUNGA","rw_key":"RAWA BUNGA|RW 05","event_count_all":0,"max_depth_all":null,"latest_date":null,"years_active":[],"osm_id":5800140,"rw_source":"OSM admin_level=10 (community-verified, Q3)"}},{"type":"Feature","geometry":{"type":"Polygon","coordinates":[[[106.8710474,-6.2179637],[106.8710233,-6.217773],[106.8719308,-6.2178011],[106.8728383,-6.217798],[106.8728033,-6.217349],[106.8731023,-6.2173643],[106.8732213,-6.217112],[106.8739224,-6.2172067],[106.8741365,-6.2172149],[106.874492,-6.218473],[106.874396,-6.218748],[106.874378,-6.218989],[106.8749624,-6.219884],[106.8746394,-6.219839],[106.8740944,-6.219649],[106.8739194,-6.219674],[106.8729264,-6.219759],[106.8720654,-6.219839],[106.871679,-6.219796],[106.871259,-6.219783],[106.870718,-6.219792],[106.870739,-6.219576],[106.870782,-6.219376],[106.8707905,-6.2192593],[106.8707591,-6.2191915],[106.8706907,-6.2191363],[106.8706706,-6.2190702],[106.8706753,-6.2190377],[106.8706778,-6.2189807],[106.8706816,-6.2189109],[106.870577,-6.218733],[106.870488,-6.218563],[106.870447,-6.218393],[106.8704043,-6.217992],[106.8710474,-6.2179637]]]},"properties":{"rw_name":"RW 04","kelurahan":"RAWA BUNGA","rw_key":"RAWA BUNGA|RW 04","event_count_all":0,"max_depth_all":null,"latest_date":null,"years_active":[],"osm_id":5800141,"rw_source":"OSM admin_level=10 (community-verified, Q3)"}},{"type":"Feature","geometry":{"type":"Polygon","coordinates":[[[106.868419,-6.218554],[106.868768,-6.218545],[106.86928,-6.218511],[106.870447,-6.218393],[106.870488,-6.218563],[106.870577,-6.218733],[106.8706816,-6.2189109],[106.8706778,-6.2189807],[106.8706753,-6.2190377],[106.8706706,-6.2190702],[106.8706907,-6.2191363],[106.8707591,-6.2191915],[106.8707905,-6.2192593],[106.870782,-6.219376],[106.870739,-6.219576],[106.870718,-6.219792],[106.871259,-6.219783],[106.871679,-6.219796],[106.87171,-6.220347],[106.871725,-6.220467],[106.871912,-6.220425],[106.872014,-6.220493],[106.872223,-6.220764],[106.872292,-6.220874],[106.872323,-6.22099],[106.872331,-6.221115],[106.872357,-6.221282],[106.872385,-6.221423],[106.872421,-6.221574],[106.872443,-6.221729],[106.872533,-6.222124],[106.871912,-6.22213],[106.870773,-6.222118],[106.869653,-6.222208],[106.869535,-6.222222],[106.869489,-6.222223],[106.869496,-6.222059],[106.869028,-6.220404],[106.868908,-6.220015],[106.868843,-6.219658],[106.868713,-6.219348],[106.868519,-6.218975],[106.868388,-6.218674],[106.868301,-6.21849],[106.868419,-6.218554]]]},"properties":{"rw_name":"RW 07","kelurahan":"RAWA BUNGA","rw_key":"RAWA BUNGA|RW 07","event_count_all":0,"max_depth_all":null,"latest_date":null,"years_active":[],"osm_id":5800142,"rw_source":"OSM admin_level=10 (community-verified, Q3)"}},{"type":"Feature","geometry":{"type":"Polygon","coordinates":[[[106.872803,-6.222099],[106.872782,-6.221902],[106.872871,-6.22189],[106.872926,-6.221356],[106.872933,-6.221138],[106.873222,-6.221135],[106.873627,-6.22111],[106.874428,-6.221076],[106.874626,-6.221064],[106.874653,-6.221529],[106.874674,-6.221776],[106.874641,-6.221972],[106.874706,-6.22264],[106.874696,-6.223205],[106.874844,-6.223685],[106.874976,-6.22418],[106.874985,-6.224417],[106.87462,-6.224284],[106.8745572,-6.2242771],[106.874151,-6.224314],[106.873958,-6.224322],[106.873919,-6.22411],[106.873681,-6.22411],[106.873402,-6.224144],[106.873176,-6.224172],[106.8725661,-6.2235864],[106.872595,-6.222584],[106.872533,-6.222124],[106.872803,-6.222099]]]},"properties":{"rw_name":"RW 06","kelurahan":"RAWA BUNGA","rw_key":"RAWA BUNGA|RW 06","event_count_all":0,"max_depth_all":null,"latest_date":null,"years_active":[],"osm_id":5800143,"rw_source":"OSM admin_level=10 (community-verified, Q3)"}},{"type":"Feature","geometry":{"type":"Polygon","coordinates":[[[106.8641167,-6.2123386],[106.8646951,-6.2128915],[106.8648256,-6.2130112],[106.8652861,-6.2134335],[106.8667161,-6.2146908],[106.866998,-6.215004],[106.867212,-6.215279],[106.867354,-6.215501],[106.86739,-6.215579],[106.867436,-6.21568],[106.867221,-6.215699],[106.866956,-6.215649],[106.866899,-6.2155],[106.866784,-6.215299],[106.866689,-6.215144],[106.866338,-6.215144],[106.866082,-6.215024],[106.865906,-6.214722],[106.865825,-6.214581],[106.86513,-6.213902],[106.864386,-6.213164],[106.86417,-6.212976],[106.863232,-6.212177],[106.86286,-6.211835],[106.862712,-6.211801],[106.86255,-6.211653],[106.86240559042515,-6.211519603209459],[106.86242610330564,-6.211519853231259],[106.86246401210892,-6.211520314688167],[106.86246687624148,-6.211520346194558],[106.86267430468855,-6.211522687202849],[106.86303536826489,-6.2115684009271845],[106.86304338390778,-6.211569427843561],[106.86305208288859,-6.211570542768432],[106.86305898927971,-6.211573429821473],[106.86307026308674,-6.211576319574492],[106.86317713810696,-6.211608444778909],[106.86321155389732,-6.211621189672771],[106.86327933608105,-6.211646290745777],[106.86328179402797,-6.211647200708484],[106.86338382104667,-6.211692436005057],[106.86347582506518,-6.211739000433931],[106.86356569560805,-6.211789566009607],[106.86360326941256,-6.2118129389319945],[106.86362129709157,-6.211824153837792],[106.86365325886844,-6.21184403569648],[106.86368505292681,-6.211865807826451],[106.86374470919685,-6.211902697793393],[106.86375272420983,-6.211907653250624],[106.86378100855886,-6.211925143005799],[106.86380421821843,-6.2119362528441116],[106.86381652080837,-6.211942142896187],[106.8641167,-6.2123386]]]},"properties":{"rw_name":"RW 01","kelurahan":"RAWA BUNGA","rw_key":"RAWA BUNGA|RW 01","event_count_all":0,"max_depth_all":null,"latest_date":null,"years_active":[],"osm_id":5800144,"rw_source":"OSM admin_level=10 (community-verified, Q3)"}},{"type":"Feature","geometry":{"type":"Polygon","coordinates":[[[106.870387,-6.217706],[106.870319,-6.217198],[106.870328,-6.216537],[106.870294,-6.215707],[106.870283,-6.215483],[106.870539,-6.215417],[106.870918,-6.215267],[106.871563,-6.21516],[106.8717879,-6.2151252],[106.8730329,-6.2150606],[106.8734387,-6.2150254],[106.873846,-6.2150186],[106.8740795,-6.2150081],[106.8740866,-6.2152828],[106.8741365,-6.2172149],[106.8739224,-6.2172067],[106.8732213,-6.217112],[106.8731023,-6.2173643],[106.8728033,-6.217349],[106.8728383,-6.217798],[106.8719308,-6.2178011],[106.8710233,-6.217773],[106.8710474,-6.2179637],[106.8704043,-6.217992],[106.870387,-6.217706]]]},"properties":{"rw_name":"RW 03","kelurahan":"RAWA BUNGA","rw_key":"RAWA BUNGA|RW 03","event_count_all":0,"max_depth_all":null,"latest_date":null,"years_active":[],"osm_id":5800145,"rw_source":"OSM admin_level=10 (community-verified, Q3)"}},{"type":"Feature","geometry":{"type":"Polygon","coordinates":[[[106.8668568,-6.2148205],[106.8671159,-6.2149555],[106.8673827,-6.2150636],[106.8676201,-6.215117],[106.8681782,-6.2151305],[106.8683241,-6.215134],[106.8686567,-6.2151384],[106.8693589,-6.215125],[106.8709398,-6.2151332],[106.8712144,-6.2151354],[106.8712702,-6.2151344],[106.8717879,-6.2151252],[106.871563,-6.21516],[106.870918,-6.215267],[106.870539,-6.215417],[106.870283,-6.215483],[106.870294,-6.215707],[106.870328,-6.216537],[106.870319,-6.217198],[106.870387,-6.217706],[106.8704043,-6.217992],[106.870447,-6.218393],[106.86928,-6.218511],[106.868768,-6.218545],[106.868419,-6.218554],[106.868301,-6.21849],[106.867813,-6.217657],[106.867398,-6.216763],[106.867049,-6.215881],[106.866956,-6.215649],[106.867221,-6.215699],[106.867436,-6.21568],[106.86739,-6.215579],[106.867354,-6.215501],[106.867212,-6.215279],[106.866998,-6.215004],[106.8667161,-6.2146908],[106.8668568,-6.2148205]]]},"properties":{"rw_name":"RW 02","kelurahan":"RAWA BUNGA","rw_key":"RAWA BUNGA|RW 02","event_count_all":0,"max_depth_all":null,"latest_date":null,"years_active":[],"osm_id":5800146,"rw_source":"OSM admin_level=10 (community-verified, Q3)"}},{"type":"Feature","geometry":{"type":"Polygon","coordinates":[[[106.882529,-6.230097],[106.882585,-6.230026],[106.882749,-6.229641],[106.88319,-6.228745],[106.8832925,-6.2284133],[106.8833579,-6.2282506],[106.8834869,-6.2279298],[106.883531,-6.22782],[106.883546,-6.22776],[106.883607,-6.22763],[106.88365,-6.227524],[106.883684,-6.227462],[106.883749,-6.227326],[106.883798,-6.227187],[106.883851,-6.227065],[106.883755,-6.2269992],[106.883722,-6.2269867],[106.883787,-6.226988],[106.8844196,-6.2271819],[106.884876,-6.227326],[106.885394,-6.227486],[106.88561,-6.227517],[106.886001,-6.227574],[106.886703,-6.227577],[106.887272,-6.227668],[106.887232,-6.227788],[106.887178,-6.228076],[106.887083,-6.228347],[106.887028,-6.22862],[106.8868658,-6.2290161],[106.886743,-6.229316],[106.88672,-6.22972],[106.886811,-6.2298],[106.886889,-6.229953],[106.886684,-6.230203],[106.886443,-6.230184],[106.886173,-6.230552],[106.885923,-6.230893],[106.885571,-6.231337],[106.885433,-6.231627],[106.885341,-6.231719],[106.885284,-6.231726],[106.885003,-6.231552],[106.884179,-6.231128],[106.883072,-6.230668],[106.883022,-6.230642],[106.883009,-6.230555],[106.882854,-6.23038],[106.882579,-6.230153],[106.882513,-6.230117],[106.882529,-6.230097]]]},"properties":{"rw_name":"RW 02","kelurahan":"CIPINANG MUARA","rw_key":"CIPINANG MUARA|RW 02","event_count_all":0,"max_depth_all":null,"latest_date":null,"years_active":[],"osm_id":5800166,"rw_source":"OSM admin_level=10 (community-verified, Q3)"}},{"type":"Feature","geometry":{"type":"Polygon","coordinates":[[[106.894394,-6.213464],[106.894346,-6.213606],[106.894314,-6.213697],[106.894333,-6.213773],[106.894283,-6.21377],[106.894258,-6.214113],[106.894245,-6.214293],[106.894224,-6.214396],[106.894202,-6.214497],[106.894156,-6.214807],[106.893633,-6.214686],[106.893544,-6.214795],[106.8933901,-6.2149535],[106.893378,-6.214966],[106.8932984,-6.2151063],[106.893037,-6.215111],[106.892825,-6.215131],[106.892557,-6.21507],[106.892537,-6.2151],[106.892534,-6.215121],[106.892487,-6.215117],[106.892411,-6.21515],[106.891869,-6.215573],[106.891518,-6.216161],[106.891264,-6.2166],[106.889827,-6.217186],[106.889386,-6.217157],[106.889288,-6.217138],[106.889198,-6.217146],[106.888992,-6.217066],[106.888726,-6.216942],[106.888639,-6.216884],[106.888504,-6.216919],[106.888306,-6.21694],[106.888178,-6.216936],[106.88804,-6.216903],[106.887794,-6.217178],[106.887671,-6.217461],[106.887214,-6.217705],[106.887166,-6.217721],[106.886889,-6.216238],[106.8867406,-6.2142702],[106.8873051,-6.2142228],[106.8874085,-6.2142242],[106.8874692,-6.2142171],[106.88753,-6.21421],[106.8876472,-6.2141736],[106.8877527,-6.2141256],[106.8878465,-6.2140598],[106.88788400436613,-6.214006209202306],[106.88792017758968,-6.213997823061977],[106.88800705826534,-6.2139776813850105],[106.88807189356079,-6.213962650872191],[106.88818180520721,-6.213937380912304],[106.88822130858046,-6.213928298781331],[106.88822446742502,-6.213927375221371],[106.88838399175975,-6.213880734057253],[106.88853073898377,-6.213837828291943],[106.8886954626925,-6.2137896666999115],[106.88885582715793,-6.213742780106972],[106.88888595167099,-6.213733971939007],[106.88900812931715,-6.213698250441004],[106.8890090986287,-6.213697966694247],[106.88901209321122,-6.213697091636722],[106.88901542443435,-6.2136961177292385],[106.88901877822128,-6.213695137412129],[106.88901937659313,-6.2136949616792565],[106.88902149572347,-6.213694342004755],[106.88902803632567,-6.213692428982333],[106.88903019516933,-6.21369179831623],[106.88903620238068,-6.213690041807502],[106.8890386789117,-6.213689317783979],[106.88907708228288,-6.213678088575798],[106.88909187468317,-6.213673764563277],[106.8891217699424,-6.213665023205565],[106.88915512187707,-6.213655272228505],[106.88919943768788,-6.2136423148700475],[106.88923835458937,-6.213630936442342],[106.88925024355987,-6.213627460938947],[106.88927091771055,-6.21362141612125],[106.88931045283894,-6.213609857364382],[106.8893508390425,-6.213598048733484],[106.88937955288876,-6.213589654254606],[106.88942973870437,-6.213574979736488],[106.88943708526189,-6.213572832369823],[106.88945864481877,-6.213566032136642],[106.88949434307057,-6.213554770979011],[106.8895327405542,-6.2135426593225285],[106.88957637676242,-6.2135288951599605],[106.88960983602894,-6.213518340898187],[106.88961285833815,-6.2135173879826135],[106.88963917560913,-6.213509087045652],[106.88969535406612,-6.2134913658348205],[106.8897161609645,-6.213484801551281],[106.88972746235731,-6.213481237724756],[106.88986650832334,-6.213437378182111],[106.88993943082285,-6.213414375691859],[106.88996069074665,-6.213407669639449],[106.88997603763359,-6.2134042965894585],[106.89017441055323,-6.213360694181107],[106.89023743929285,-6.213346840763165],[106.89027478095824,-6.213338632396402],[106.89029872299226,-6.2133333696993756],[106.89040181700055,-6.2133107095617675],[106.89050134900427,-6.21329524101957],[106.89053583323093,-6.213289882758632],[106.89076879989939,-6.213253676213518],[106.89086244814834,-6.213239122842502],[106.8908994949682,-6.213233364808035],[106.89099104291245,-6.213219138992411],[106.8910258521823,-6.213213728908184],[106.89107458404509,-6.213207361275964],[106.89114004389415,-6.213198809086147],[106.89119082656443,-6.213192173717344],[106.89122305356295,-6.213189754711673],[106.89128752292252,-6.213184918448062],[106.89135435961998,-6.213179902827259],[106.89138971628284,-6.213177249295494],[106.89152927596982,-6.213166777444938],[106.89169024743045,-6.2131546964462645],[106.89182576786263,-6.21314452558274],[106.89184717243212,-6.213142919201978],[106.89186149392673,-6.213141843575057],[106.89191323156142,-6.213142805830821],[106.89210891331552,-6.213146441963776],[106.89221566113592,-6.213148427042318],[106.89235248727732,-6.213150969911159],[106.89242193758919,-6.213152260223705],[106.89242271823068,-6.213152273704571],[106.89243257568704,-6.213152458134111],[106.89244173923014,-6.2131526278680855],[106.89248057090451,-6.213153349641485],[106.89248676185478,-6.21315346491479],[106.89257088358923,-6.213155027287873],[106.89262900098984,-6.213156107685728],[106.8926699904083,-6.2131566535523834],[106.89277742195772,-6.213158087256114],[106.89283645983991,-6.213158875011507],[106.8929218250177,-6.213160013356466],[106.89298348306642,-6.213160836018988],[106.89312173955133,-6.2131626800911155],[106.8931976350616,-6.213163693163669],[106.89334483083266,-6.2131656570685205],[106.89337704627901,-6.213166086015234],[106.89340699663386,-6.213166485096319],[106.89353517356587,-6.213168195171031],[106.89353660743204,-6.213168214448464],[106.89356407223828,-6.213168580830321],[106.89367996056166,-6.21317012692066],[106.89374586235655,-6.213171005723378],[106.89391005214554,-6.213173196126992],[106.89391527983345,-6.21317326510563],[106.89409533157303,-6.213175667170889],[106.89414037770874,-6.213176268010682],[106.8942285726146,-6.213177444830301],[106.89425671055699,-6.213177829559796],[106.89429424136141,-6.2131783415774295],[106.89433930019574,-6.213178957724974],[106.89448467268798,-6.213180945825084],[106.894394,-6.213464]]]},"properties":{"rw_name":"RW 06","kelurahan":"CIPINANG MUARA","rw_key":"CIPINANG MUARA|RW 06","event_count_all":0,"max_depth_all":null,"latest_date":null,"years_active":[],"osm_id":5800169,"rw_source":"OSM admin_level=10 (community-verified, Q3)"}},{"type":"Feature","geometry":{"type":"Polygon","coordinates":[[[106.883259,-6.23789],[106.884225,-6.237806],[106.8849219,-6.2377579],[106.88531,-6.237732],[106.886236,-6.23768],[106.887873,-6.237632],[106.887969,-6.237884],[106.8881156,-6.238502],[106.888119,-6.239147],[106.888116,-6.2394472],[106.8878219,-6.239459],[106.887456,-6.239466],[106.8870873,-6.2394754],[106.8860866,-6.2395181],[106.885989,-6.2395252],[106.8851379,-6.2395549],[106.8849495,-6.2395643],[106.884824,-6.2395716],[106.8847468,-6.2395692],[106.8845225,-6.2395827],[106.8843305,-6.2395978],[106.8840264,-6.2396121],[106.8835566,-6.2396328],[106.8835,-6.239341],[106.883452,-6.239218],[106.883395,-6.239142],[106.883376,-6.239031],[106.88335,-6.238746],[106.883337,-6.238545],[106.88329,-6.238251],[106.883281,-6.238145],[106.883251,-6.238079],[106.883247,-6.237892],[106.883259,-6.23789]]]},"properties":{"rw_name":"RW 07","kelurahan":"CIPINANG MUARA","rw_key":"CIPINANG MUARA|RW 07","event_count_all":0,"max_depth_all":null,"latest_date":null,"years_active":[],"osm_id":5800170,"rw_source":"OSM admin_level=10 (community-verified, Q3)"}},{"type":"Feature","geometry":{"type":"Polygon","coordinates":[[[106.885993,-6.231861],[106.886088,-6.231661],[106.886221,-6.231604],[106.886512,-6.231795],[106.887557,-6.232516],[106.887914,-6.232783],[106.888463,-6.233215],[106.88865,-6.233323],[106.888389,-6.233781],[106.888036,-6.234131],[106.887622,-6.234665],[106.887367,-6.234998],[106.886962,-6.234705],[106.886778,-6.235079],[106.886776,-6.23519],[106.886596,-6.235198],[106.886593,-6.235401],[106.886203,-6.235412],[106.886113,-6.23543],[106.885983,-6.235406],[106.88595,-6.235257],[106.885914,-6.234857],[106.885537,-6.234655],[106.885339,-6.234569],[106.885424,-6.234164],[106.885243,-6.234124],[106.884837,-6.234054],[106.884869,-6.233777],[106.884912,-6.233392],[106.885072,-6.2331],[106.885284,-6.232806],[106.885892,-6.231958],[106.885993,-6.231861]]]},"properties":{"rw_name":"RW 09","kelurahan":"CIPINANG MUARA","rw_key":"CIPINANG MUARA|RW 09","event_count_all":0,"max_depth_all":null,"latest_date":null,"years_active":[],"osm_id":5800175,"rw_source":"OSM admin_level=10 (community-verified, Q3)"}},{"type":"Feature","geometry":{"type":"Polygon","coordinates":[[[106.8744681,-6.2149818],[106.875557,-6.214908],[106.8755644,-6.2150287],[106.8755814,-6.2153047],[106.8755933,-6.2155165],[106.875621,-6.21598],[106.875685,-6.216787],[106.875726,-6.216948],[106.875787,-6.21782],[106.875939,-6.219106],[106.875962,-6.219491],[106.87604,-6.219496],[106.876015,-6.22008],[106.876012,-6.220109],[106.875766,-6.220072],[106.875597,-6.220021],[106.875366,-6.21992],[106.875243,-6.219777],[106.874981,-6.219598],[106.874942,-6.219356],[106.874856,-6.218972],[106.874648,-6.218979],[106.874396,-6.218748],[106.874492,-6.218473],[106.8741365,-6.2172149],[106.8740866,-6.2152828],[106.8740795,-6.2150081],[106.8744681,-6.2149818]]]},"properties":{"rw_name":"RW 07","kelurahan":"CIPINANG BESAR UTARA","rw_key":"CIPINANG BESAR UTARA|RW 07","event_count_all":0,"max_depth_all":null,"latest_date":null,"years_active":[],"osm_id":5800274,"rw_source":"OSM admin_level=10 (community-verified, Q3)"}},{"type":"Feature","geometry":{"type":"Polygon","coordinates":[[[106.885772,-6.22207],[106.885999,-6.221543],[106.88625,-6.220913],[106.886474,-6.220402],[106.886649,-6.219985],[106.886772,-6.21971],[106.886885,-6.219455],[106.887003,-6.219169],[106.887156,-6.218818],[106.887239,-6.218639],[106.887266,-6.218478],[106.887248,-6.218195],[106.8872257,-6.2180247],[106.8872517,-6.2180177],[106.8877237,-6.2178707],[106.8880757,-6.2177167],[106.8882367,-6.2176837],[106.8888141,-6.217739],[106.8895207,-6.2177267],[106.8896917,-6.2176677],[106.8897727,-6.2176297],[106.8903537,-6.2176657],[106.890248,-6.218222],[106.8902656,-6.2183909],[106.890107,-6.21874],[106.889933,-6.219647],[106.889618,-6.22064],[106.889542,-6.220845],[106.889564,-6.221072],[106.889097,-6.221083],[106.889025,-6.221528],[106.888996,-6.221794],[106.888945,-6.222024],[106.888926,-6.222274],[106.888975,-6.222465],[106.889002,-6.222765],[106.889095,-6.223238],[106.889036,-6.223614],[106.88813,-6.223387],[106.887549,-6.22316],[106.887491,-6.223259],[106.88723,-6.223162],[106.887339,-6.22283],[106.887268,-6.222777],[106.886394,-6.222415],[106.885764,-6.222162],[106.88574,-6.222149],[106.885772,-6.22207]]]},"properties":{"rw_name":"RW 10","kelurahan":"CIPINANG MUARA","rw_key":"CIPINANG MUARA|RW 10","event_count_all":0,"max_depth_all":null,"latest_date":null,"years_active":[],"osm_id":5800309,"rw_source":"OSM admin_level=10 (community-verified, Q3)"}},{"type":"Feature","geometry":{"type":"Polygon","coordinates":[[[106.885433,-6.231627],[106.885571,-6.231337],[106.885923,-6.230893],[106.886173,-6.230552],[106.886443,-6.230184],[106.886684,-6.230203],[106.886889,-6.229953],[106.887092,-6.229993],[106.887146,-6.230056],[106.887225,-6.229995],[106.887526,-6.230016],[106.887574,-6.230026],[106.887703,-6.230106],[106.887891,-6.230119],[106.888091,-6.230163],[106.888353,-6.23027],[106.8884935,-6.230377],[106.888613,-6.230455],[106.888661,-6.230318],[106.8887285,-6.2302943],[106.8889817,-6.2303333],[106.8890248,-6.2303417],[106.888994,-6.230527],[106.889094,-6.230539],[106.889136,-6.230545],[106.889144,-6.230522],[106.889227,-6.230516],[106.889226,-6.230437],[106.889305,-6.230441],[106.889302,-6.230479],[106.889356,-6.230479],[106.889458,-6.230464],[106.8895017,-6.2305182],[106.8895075,-6.2306],[106.889716,-6.23058],[106.889807,-6.2305703],[106.889847,-6.230542],[106.8900111930169,-6.230426534110524],[106.890011389064,-6.230427105416176],[106.89001619792359,-6.230441118635503],[106.89001682913177,-6.230443297160427],[106.89002080760034,-6.230457035784488],[106.89004129179837,-6.230527765619138],[106.89004372458304,-6.230538821229208],[106.890044,-6.230542],[106.89004918359255,-6.2305636335648],[106.89006067628772,-6.230615868836907],[106.89006475373891,-6.230642621304253],[106.89007082134688,-6.2306824323736105],[106.8900713172765,-6.230685689118697],[106.8900742678164,-6.230705049754888],[106.89008040837535,-6.230776349969075],[106.89008200810652,-6.230794929748339],[106.89008046943316,-6.230815371551992],[106.89007873740131,-6.230838334792516],[106.89007715039827,-6.230859409667815],[106.89005705796848,-6.2309208683062804],[106.89003838256858,-6.230950870432732],[106.89002852517758,-6.2309667047158745],[106.8900250019228,-6.230972364605912],[106.89001323344414,-6.231030807034201],[106.89001096583915,-6.231043729001574],[106.89002042257022,-6.231112092436286],[106.89003965279677,-6.231152034441626],[106.89005035658745,-6.2311742668656125],[106.89009784158279,-6.231224225827305],[106.89009788783204,-6.231224273580977],[106.89012987001776,-6.231230391181022],[106.89017728725695,-6.2312394588130395],[106.89019942511726,-6.231248148714773],[106.89025254042267,-6.231268998562661],[106.8902884526448,-6.231291472429816],[106.8903210796139,-6.231311887589548],[106.89037107043565,-6.231357918987244],[106.89040476725293,-6.231399056817692],[106.8904082978709,-6.231403782759465],[106.8904289686446,-6.231431451293227],[106.89043413999292,-6.231441975933316],[106.89044309565695,-6.231460202939176],[106.89046463658133,-6.23150404432513],[106.89050858605763,-6.2315748916001485],[106.89052788078178,-6.231599773979012],[106.89055967165733,-6.23164077305816],[106.8906173378639,-6.231700969184766],[106.89067301932558,-6.231748107591984],[106.89067393372677,-6.231748881873637],[106.89068095711727,-6.231754826726418],[106.89074983614152,-6.231801759572021],[106.89077102417257,-6.23181316259978],[106.8907949,-6.2318456],[106.89089281724308,-6.231898030538782],[106.8909458417971,-6.231941288775426],[106.89097010111094,-6.231961080192191],[106.89100714885554,-6.23199130562717],[106.89104294159104,-6.232020506648257],[106.89106845592161,-6.23204132156403],[106.89108854063056,-6.2320577066802345],[106.8910885406484,-6.232057706694781],[106.890595,-6.232817],[106.890128,-6.233332],[106.889491,-6.233914],[106.88865,-6.233323],[106.888463,-6.233215],[106.887914,-6.232783],[106.887557,-6.232516],[106.886512,-6.231795],[106.886221,-6.231604],[106.886088,-6.231661],[106.885993,-6.231861],[106.885892,-6.231958],[106.885539,-6.231904],[106.885382,-6.231896],[106.885341,-6.231719],[106.885433,-6.231627]]]},"properties":{"rw_name":"RW 12","kelurahan":"CIPINANG MUARA","rw_key":"CIPINANG MUARA|RW 12","event_count_all":0,"max_depth_all":null,"latest_date":null,"years_active":[],"osm_id":5800311,"rw_source":"OSM admin_level=10 (community-verified, Q3)"}},{"type":"Feature","geometry":{"type":"Polygon","coordinates":[[[106.887772,-6.237368],[106.887828,-6.236869],[106.887923,-6.236415],[106.888185,-6.235798],[106.888455,-6.235972],[106.888773,-6.236018],[106.890174,-6.236078],[106.890178,-6.236297],[106.890183,-6.236598],[106.890413,-6.236615],[106.890615,-6.23668],[106.890683,-6.236715],[106.890829,-6.236736],[106.891003,-6.236762],[106.891242,-6.236799],[106.891332,-6.236792],[106.891388,-6.236844],[106.891679,-6.236976],[106.89221659929572,-6.237165449198304],[106.89220339060248,-6.237224525720337],[106.89219603919135,-6.23727199773768],[106.89219574777715,-6.237273877585806],[106.89219030643198,-6.237309022036829],[106.8921873484523,-6.237342803167318],[106.89218639287071,-6.237353725889612],[106.89218284994091,-6.23739420156013],[106.8921932073703,-6.237475711389136],[106.8922053149534,-6.237498548046499],[106.89221303338829,-6.237513105020128],[106.892212,-6.237558],[106.89226585986574,-6.237578387632794],[106.89227083032957,-6.237582765640789],[106.89229332914199,-6.2376025785948395],[106.89229825811137,-6.237604436977511],[106.89237016336216,-6.2376315523867865],[106.89244077219857,-6.2376478697871836],[106.89244633065816,-6.237649153586628],[106.89250043363286,-6.237667181092663],[106.89253485072398,-6.237680209031107],[106.89253485108057,-6.2376802091887225],[106.89257245079925,-6.237696827128693],[106.89276593868183,-6.237841613979602],[106.89276593910637,-6.237841614875437],[106.89279076114308,-6.237893987439863],[106.89280688226478,-6.23796847486114],[106.89280603627927,-6.238020501523605],[106.89268661755321,-6.238260609387716],[106.89266515712484,-6.238280406663717],[106.89261167270702,-6.2383160519485195],[106.89257285576136,-6.2383433707504805],[106.89257204194843,-6.238343943282268],[106.8925440740284,-6.238363627428008],[106.89248775238033,-6.238424146724452],[106.89243592060924,-6.238495342235401],[106.89240382579665,-6.238542570433501],[106.89238642035193,-6.238568181230342],[106.89233930644684,-6.238642586660939],[106.8922946237908,-6.2387184806103315],[106.89225242269525,-6.238795783333936],[106.89223747160757,-6.238828155949799],[106.892074,-6.239076],[106.892042,-6.239382],[106.8920355,-6.2394317],[106.8918182,-6.2394247],[106.8911497,-6.2393903],[106.8904283,-6.2393751],[106.8899441,-6.239362],[106.8893395,-6.2393908],[106.8889847,-6.2394112],[106.8886751,-6.2394263],[106.888116,-6.2394472],[106.888119,-6.239147],[106.8881156,-6.238502],[106.887969,-6.237884],[106.887873,-6.237632],[106.887772,-6.237368]]]},"properties":{"rw_name":"RW 13","kelurahan":"CIPINANG MUARA","rw_key":"CIPINANG MUARA|RW 13","event_count_all":5,"max_depth_all":80.0,"latest_date":"2025-08-04","years_active":[2023,2025],"osm_id":5800312,"rw_source":"OSM admin_level=10 (community-verified, Q3)"}},{"type":"Feature","geometry":{"type":"Polygon","coordinates":[[[106.886811,-6.2298],[106.88672,-6.22972],[106.886743,-6.229316],[106.8868658,-6.2290161],[106.887028,-6.22862],[106.887083,-6.228347],[106.887178,-6.228076],[106.887232,-6.227788],[106.887272,-6.227668],[106.887482,-6.227684],[106.888054,-6.227711],[106.888565,-6.227688],[106.8885781,-6.2276918],[106.8887968,-6.2277556],[106.888918,-6.227791],[106.8889615,-6.2278124],[106.8891241,-6.2278924],[106.889229,-6.227944],[106.889425,-6.227942],[106.889573,-6.227762],[106.889628,-6.227692],[106.890077,-6.227799],[106.8902836,-6.2278417],[106.8903657,-6.2279326],[106.8904462,-6.2280899],[106.8906527,-6.2281593],[106.8910228,-6.2283166],[106.8912213,-6.2284712],[106.8912675,-6.2285856],[106.890953,-6.228666],[106.8908038,-6.2287526],[106.8907426,-6.2288243],[106.8906551,-6.2289337],[106.8905332,-6.229006],[106.8903595,-6.229081],[106.89030394574128,-6.229182931412765],[106.89026236209907,-6.229227492837051],[106.8902548745885,-6.229236760889794],[106.89022870969963,-6.229269154170784],[106.89021568842227,-6.2292852755482695],[106.89021152190156,-6.229290434134859],[106.89020649001364,-6.229297662687798],[106.89019599837371,-6.2293127343342345],[106.89016529378424,-6.229356842557168],[106.89016081141511,-6.229364378356867],[106.89013333157999,-6.229410559971634],[106.89010565623364,-6.229476084566189],[106.89010216311186,-6.229484356407932],[106.89006560128608,-6.229570918745831],[106.89005208382783,-6.229606439333225],[106.8900128203639,-6.229709615895836],[106.88999874754734,-6.229800766629564],[106.88999092392,-6.229851441006316],[106.88997575802887,-6.229994141619429],[106.889967355893,-6.230137400261761],[106.88996671364471,-6.230194245884239],[106.88996577979411,-6.230276906670487],[106.88996573534592,-6.23028089680232],[106.88997544541864,-6.230322361154309],[106.8900111930169,-6.230426534110524],[106.889847,-6.230542],[106.889807,-6.2305703],[106.889716,-6.23058],[106.8895075,-6.2306],[106.8895017,-6.2305182],[106.889458,-6.230464],[106.889356,-6.230479],[106.889302,-6.230479],[106.889305,-6.230441],[106.889226,-6.230437],[106.889227,-6.230516],[106.889144,-6.230522],[106.889136,-6.230545],[106.889094,-6.230539],[106.888994,-6.230527],[106.8890248,-6.2303417],[106.8889817,-6.2303333],[106.8887285,-6.2302943],[106.888661,-6.230318],[106.888613,-6.230455],[106.8884935,-6.230377],[106.888353,-6.23027],[106.888091,-6.230163],[106.887891,-6.230119],[106.887703,-6.230106],[106.887574,-6.230026],[106.887526,-6.230016],[106.887225,-6.229995],[106.887146,-6.230056],[106.887092,-6.229993],[106.886889,-6.229953],[106.886811,-6.2298]]]},"properties":{"rw_name":"RW 14","kelurahan":"CIPINANG MUARA","rw_key":"CIPINANG MUARA|RW 14","event_count_all":0,"max_depth_all":null,"latest_date":null,"years_active":[],"osm_id":5800313,"rw_source":"OSM admin_level=10 (community-verified, Q3)"}},{"type":"Feature","geometry":{"type":"Polygon","coordinates":[[[106.895071,-6.215971],[106.89507,-6.215847],[106.895005,-6.215847],[106.895002,-6.215795],[106.895116,-6.215711],[106.895135,-6.215595],[106.895241,-6.215533],[106.89522,-6.215333],[106.8952441,-6.2153356],[106.8956143,-6.2153287],[106.895754,-6.215323],[106.8957825,-6.2153248],[106.895816,-6.215327],[106.895826,-6.215393],[106.895847,-6.215485],[106.89592789601247,-6.215554410776123],[106.89593630604237,-6.215583846317037],[106.89596487727614,-6.215651705180656],[106.89599661823318,-6.215707301601499],[106.8960013795628,-6.215715642374611],[106.8960452846798,-6.215774733954166],[106.89608974466529,-6.215848491366063],[106.89612212891318,-6.215928300085142],[106.89613121991253,-6.215967388853353],[106.8961254,-6.21599],[106.8960093,-6.2160017],[106.8958514,-6.2160313],[106.8955827,-6.2160323],[106.8950467,-6.21605],[106.895071,-6.215971]]]},"properties":{"rw_name":"RW 15","kelurahan":"CIPINANG MUARA","rw_key":"CIPINANG MUARA|RW 15","event_count_all":0,"max_depth_all":null,"latest_date":null,"years_active":[],"osm_id":5800314,"rw_source":"OSM admin_level=10 (community-verified, Q3)"}},{"type":"Feature","geometry":{"type":"Polygon","coordinates":[[[106.887622,-6.234665],[106.888036,-6.234131],[106.888389,-6.233781],[106.88865,-6.233323],[106.889491,-6.233914],[106.890128,-6.233332],[106.890595,-6.232817],[106.8910885406484,-6.232057706694781],[106.89112976481205,-6.232091339291923],[106.89119068316123,-6.2321410374403445],[106.8911910718967,-6.232141354303178],[106.89121977496517,-6.232164770734127],[106.89125237990221,-6.232191371108723],[106.89129810812521,-6.232239151799068],[106.8913059581839,-6.232247354023502],[106.89134991586855,-6.232299508053422],[106.89135589986653,-6.2323066066872865],[106.89140200985229,-6.232368892916463],[106.89140523713776,-6.232372925555643],[106.89142366516273,-6.232395953885866],[106.89144512715842,-6.232422771429495],[106.89144742444928,-6.232429999922385],[106.89145813325985,-6.232463694957533],[106.89146472906178,-6.23248444842557],[106.89146879181051,-6.232497231043754],[106.8914900367999,-6.232572418127364],[106.89149824076756,-6.2326055100443805],[106.89150883835005,-6.232648253201893],[106.89152517720512,-6.232724657676839],[106.89152829664009,-6.23274196076027],[106.8915390368164,-6.232801552047798],[106.89154436057402,-6.232819299291316],[106.89156456280602,-6.23288662589831],[106.89159008880766,-6.2329716997448195],[106.89160022058196,-6.2330054700763675],[106.8916156148213,-6.233056773587361],[106.89163538640209,-6.233122668669628],[106.89164114085015,-6.233141848330041],[106.8916666668878,-6.233226922164592],[106.89169156458297,-6.233305322987146],[106.89169423108929,-6.233313721012419],[106.89171646228868,-6.2333837238060825],[106.89174136001145,-6.233462126429618],[106.89175978976535,-6.233520157585804],[106.89176625773183,-6.233540525433014],[106.891791154569,-6.233618927148396],[106.89181605322048,-6.233697327949547],[106.89182467321513,-6.233724470021509],[106.89183157890471,-6.233746216012172],[106.89184095097903,-6.233775728750288],[106.8918658487514,-6.233854130451521],[106.89186996273732,-6.233867083758418],[106.89189074743132,-6.233932530337638],[106.89189081057575,-6.233932754337577],[106.89191315254917,-6.234011459051005],[106.89191415087834,-6.234014977090876],[106.89192986512545,-6.23407033629824],[106.89193755433948,-6.234097424744761],[106.89196095870854,-6.234179870583654],[106.89198436219147,-6.234262318230548],[106.89199606394025,-6.2343035429568],[106.89200445040991,-6.234333080019127],[106.89200744631935,-6.234343637750253],[106.89200776658878,-6.2343447658707],[106.89203117009026,-6.234427212606474],[106.89203501503914,-6.234447024772697],[106.8920457831241,-6.234502514742356],[106.89206039616523,-6.234577816876366],[106.89206770314028,-6.23461546794104],[106.89207436671101,-6.234649811260836],[106.89207500921367,-6.234653119008507],[106.8920433402042,-6.234718537791042],[106.89203337075274,-6.234735867057556],[106.89200709891513,-6.234781533620727],[106.89199740708237,-6.234795907162856],[106.89196646942585,-6.234841789387304],[106.89196624008278,-6.234842082247717],[106.89195197942708,-6.234860288564749],[106.89192165843887,-6.234898997844698],[106.89191952828509,-6.234901350829789],[106.8918728907949,-6.23495287066847],[106.89185389005378,-6.23498762528817],[106.89184461791102,-6.235064382045287],[106.8918521795971,-6.235141327007567],[106.89187621958807,-6.235214805108364],[106.89190720686,-6.235254076366765],[106.89195292896189,-6.235274335819478],[106.8919534651325,-6.235274949613431],[106.89198413408823,-6.235310107268765],[106.89198733274273,-6.2353923299778895],[106.89199141955277,-6.23549521812476],[106.89199389900624,-6.235556771171297],[106.89199726660881,-6.235638987847311],[106.892000357787,-6.235659228566887],[106.89200432241483,-6.235685198393992],[106.89200880792129,-6.235714572243789],[106.89203660118504,-6.235785796387218],[106.89207929773939,-6.235849206783101],[106.89212795237323,-6.235864595019349],[106.89214786001139,-6.2358433865621175],[106.89216288659287,-6.235827377254973],[106.89220091073942,-6.235764446425541],[106.89223127974289,-6.235714182049298],[106.89224836836668,-6.235685897974756],[106.89224932222344,-6.235684318634596],[106.89227695718964,-6.235638581156236],[106.89231498040652,-6.235575649425496],[106.89235419836727,-6.235513311040065],[106.89239341903382,-6.235450973548771],[106.89243263968919,-6.235388635153094],[106.8924718594299,-6.235326295856282],[106.89248728094692,-6.235293946429599],[106.89251374994596,-6.235246329815918],[106.8925481465625,-6.235198795036202],[106.89262099884726,-6.235172398345673],[106.89269608523239,-6.235191527875065],[106.89276901030574,-6.235236312867035],[106.89280152759497,-6.2352565337727],[106.89284168567211,-6.2352815037963545],[106.89291411042493,-6.235327099762199],[106.89291846689032,-6.235332327214875],[106.89292102608064,-6.235335397693884],[106.89293211987861,-6.235486462176787],[106.89293211967959,-6.235486462793942],[106.89293120019745,-6.235489312326358],[106.89290012169306,-6.23555207627693],[106.89289586825957,-6.23555819268599],[106.89286013924645,-6.235609573958257],[106.89283298156843,-6.235662413557244],[106.89282476823686,-6.235678396593473],[106.8928200245601,-6.235755641569668],[106.89282250200603,-6.235765979636737],[106.89283153213627,-6.235803653410555],[106.89283596011245,-6.23581370237922],[106.89285143662686,-6.2358488259263005],[106.89286595896955,-6.235877632064532],[106.89286715458037,-6.235880004544227],[106.892866,-6.235884],[106.89287642782541,-6.235898397809719],[106.89288082801922,-6.235907126814373],[106.8928863470385,-6.235918074193209],[106.89291739823176,-6.2359796647004195],[106.89292125926832,-6.235987322448348],[106.89293970727581,-6.2360239171978336],[106.89295616880864,-6.236056573420357],[106.89297999660305,-6.236103834856734],[106.89299108015094,-6.236125819859986],[106.89301106119106,-6.236185772044715],[106.89301261244505,-6.236235364817721],[106.8930129616402,-6.236246568556222],[106.8930130361037,-6.236248939844953],[106.89300738065354,-6.236279041768789],[106.89300488760469,-6.2362923099226455],[106.8929694935901,-6.236391486407683],[106.89296880659465,-6.236393408362822],[106.89295572079965,-6.236430078428385],[106.89294192169056,-6.236457054167169],[106.89289925473362,-6.236517275739035],[106.89288857928732,-6.236529463912586],[106.8928653115396,-6.236556030201049],[106.89273629491615,-6.23668421979485],[106.89271346401752,-6.236704535808604],[106.89266336717512,-6.236752830444802],[106.89265271340261,-6.236766509122738],[106.89251765043885,-6.236869621707981],[106.8924965383444,-6.2368751612312705],[106.89244576731241,-6.236883873258998],[106.89241524581831,-6.236889110268869],[106.89234203837204,-6.236927134605044],[106.89228385103412,-6.236985631656781],[106.89226365887916,-6.237025007117099],[106.89224619159333,-6.23705906458862],[106.89222204686223,-6.237141084411964],[106.89221659937758,-6.237165448832191],[106.89221659929572,-6.237165449198304],[106.891679,-6.236976],[106.891388,-6.236844],[106.891332,-6.236792],[106.891242,-6.236799],[106.891003,-6.236762],[106.890829,-6.236736],[106.890683,-6.236715],[106.890615,-6.23668],[106.890413,-6.236615],[106.890183,-6.236598],[106.890178,-6.236297],[106.890174,-6.236078],[106.888773,-6.236018],[106.888455,-6.235972],[106.888185,-6.235798],[106.888195,-6.23556],[106.888071,-6.235431],[106.8878,-6.235257],[106.887752,-6.235037],[106.887589,-6.235011],[106.887367,-6.234998],[106.887622,-6.234665]]]},"properties":{"rw_name":"RW 16","kelurahan":"CIPINANG MUARA","rw_key":"CIPINANG MUARA|RW 16","event_count_all":0,"max_depth_all":null,"latest_date":null,"years_active":[],"osm_id":5800315,"rw_source":"OSM admin_level=10 (community-verified, Q3)"}},{"type":"Feature","geometry":{"type":"Polygon","coordinates":[[[106.882017,-6.214557],[106.882129,-6.216515],[106.886889,-6.216238],[106.887166,-6.217721],[106.887091,-6.217744],[106.886964,-6.217752],[106.886677,-6.217753],[106.886514,-6.217809],[106.886411,-6.217801],[106.885802,-6.217586],[106.884869,-6.217062],[106.884514,-6.21704],[106.884514,-6.217467],[106.884198,-6.217489],[106.882971,-6.218208],[106.88261,-6.218605],[106.882384,-6.218552],[106.882097,-6.218619],[106.881763,-6.218535],[106.881756,-6.218417],[106.88175,-6.218244],[106.881631,-6.216823],[106.881623,-6.216562],[106.881412,-6.216561],[106.881324,-6.214606],[106.882017,-6.214557]]]},"properties":{"rw_name":"RW 14","kelurahan":"CIPINANG BESAR UTARA","rw_key":"CIPINANG BESAR UTARA|RW 14","event_count_all":0,"max_depth_all":null,"latest_date":null,"years_active":[],"osm_id":5800333,"rw_source":"OSM admin_level=10 (community-verified, Q3)"}},{"type":"Feature","geometry":{"type":"Polygon","coordinates":[[[106.882971,-6.218208],[106.884198,-6.217489],[106.884514,-6.217467],[106.884514,-6.21704],[106.884869,-6.217062],[106.885802,-6.217586],[106.886411,-6.217801],[106.886278,-6.217846],[106.886126,-6.217885],[106.886003,-6.217918],[106.885838,-6.217962],[106.885791,-6.217988],[106.885681,-6.218047],[106.8855656,-6.2181137],[106.885563,-6.218269],[106.885553,-6.218328],[106.885562,-6.218384],[106.885608,-6.218442],[106.885597,-6.21848],[106.885631,-6.218552],[106.885596,-6.218789],[106.88561,-6.218847],[106.885625,-6.218883],[106.88566,-6.218963],[106.885766,-6.219195],[106.885749,-6.219226],[106.885696,-6.219295],[106.885444,-6.219312],[106.885132,-6.219281],[106.884829,-6.219167],[106.884698,-6.21912],[106.884508,-6.219077],[106.884317,-6.219023],[106.883867,-6.21895],[106.883596,-6.218872],[106.883484,-6.218875],[106.883437,-6.218884],[106.883383,-6.218828],[106.883242,-6.218798],[106.882927,-6.218733],[106.88261,-6.218605],[106.882971,-6.218208]]]},"properties":{"rw_name":"RW 12","kelurahan":"CIPINANG BESAR UTARA","rw_key":"CIPINANG BESAR UTARA|RW 12","event_count_all":0,"max_depth_all":null,"latest_date":null,"years_active":[],"osm_id":5800334,"rw_source":"OSM admin_level=10 (community-verified, Q3)"}},{"type":"Feature","geometry":{"type":"Polygon","coordinates":[[[106.878484,-6.216149],[106.878772,-6.21545],[106.878807,-6.215261],[106.878838,-6.214767],[106.881324,-6.214606],[106.881412,-6.216561],[106.881623,-6.216562],[106.881631,-6.216823],[106.881582,-6.216844],[106.881276,-6.217159],[106.88067,-6.217075],[106.880234,-6.217035],[106.880161,-6.217012],[106.879545,-6.216936],[106.879141,-6.216862],[106.878904,-6.21686],[106.878636,-6.216875],[106.878407,-6.216764],[106.878484,-6.216149]]]},"properties":{"rw_name":"RW 13","kelurahan":"CIPINANG BESAR UTARA","rw_key":"CIPINANG BESAR UTARA|RW 13","event_count_all":0,"max_depth_all":null,"latest_date":null,"years_active":[],"osm_id":5800335,"rw_source":"OSM admin_level=10 (community-verified, Q3)"}},{"type":"Feature","geometry":{"type":"Polygon","coordinates":[[[106.880616,-6.219014],[106.8818,-6.218978],[106.881763,-6.218535],[106.882097,-6.218619],[106.882384,-6.218552],[106.88261,-6.218605],[106.882927,-6.218733],[106.883242,-6.218798],[106.883383,-6.218828],[106.883437,-6.218884],[106.883484,-6.218875],[106.883596,-6.218872],[106.883867,-6.21895],[106.884317,-6.219023],[106.884508,-6.219077],[106.884698,-6.21912],[106.884829,-6.219167],[106.885132,-6.219281],[106.885444,-6.219312],[106.885696,-6.219295],[106.885618,-6.219392],[106.885386,-6.219695],[106.885386,-6.219829],[106.885343,-6.220162],[106.885262,-6.220304],[106.884773,-6.220212],[106.884683,-6.220162],[106.884611,-6.22011],[106.884455,-6.219989],[106.884226,-6.219894],[106.884174,-6.219719],[106.883946,-6.21972],[106.883803,-6.219893],[106.883809,-6.220113],[106.883716,-6.220126],[106.883647,-6.220083],[106.883629,-6.220073],[106.883555,-6.219969],[106.883386,-6.21988],[106.883245,-6.219903],[106.883044,-6.219957],[106.882792,-6.219944],[106.882617,-6.219975],[106.882447,-6.219993],[106.882248,-6.219976],[106.882133,-6.220034],[106.882048,-6.220083],[106.882016,-6.220177],[106.882011,-6.220308],[106.882025,-6.220395],[106.882016,-6.220509],[106.881961,-6.220594],[106.881845,-6.220692],[106.881731,-6.220723],[106.881619,-6.220728],[106.881381,-6.220643],[106.881281,-6.22055],[106.881166,-6.220515],[106.881135,-6.220577],[106.881056,-6.22067],[106.881006,-6.220808],[106.880946,-6.22096],[106.881008,-6.221169],[106.881026,-6.22127],[106.881013,-6.22132],[106.880963,-6.221291],[106.880668,-6.22122],[106.880329,-6.221236],[106.880095,-6.221211],[106.88009,-6.221102],[106.880086,-6.220609],[106.879963,-6.220019],[106.879928,-6.219194],[106.879908,-6.21903],[106.880616,-6.219014]]]},"properties":{"rw_name":"RW 10","kelurahan":"CIPINANG BESAR UTARA","rw_key":"CIPINANG BESAR UTARA|RW 10","event_count_all":0,"max_depth_all":null,"latest_date":null,"years_active":[],"osm_id":5800336,"rw_source":"OSM admin_level=10 (community-verified, Q3)"}},{"type":"Feature","geometry":{"type":"Polygon","coordinates":[[[106.8780919,-6.2186802],[106.878362,-6.218168],[106.8783449,-6.2181284],[106.878366,-6.217896],[106.878401,-6.217463],[106.878353,-6.217112],[106.878407,-6.216764],[106.878636,-6.216875],[106.878904,-6.21686],[106.879141,-6.216862],[106.879545,-6.216936],[106.880161,-6.217012],[106.880234,-6.217035],[106.88067,-6.217075],[106.881276,-6.217159],[106.881582,-6.216844],[106.881631,-6.216823],[106.88175,-6.218244],[106.881756,-6.218417],[106.881763,-6.218535],[106.8818,-6.218978],[106.880616,-6.219014],[106.879908,-6.21903],[106.878582,-6.218872],[106.878022,-6.218824],[106.8780919,-6.2186802]]]},"properties":{"rw_name":"RW 11","kelurahan":"CIPINANG BESAR UTARA","rw_key":"CIPINANG BESAR UTARA|RW 11","event_count_all":0,"max_depth_all":null,"latest_date":null,"years_active":[],"osm_id":5800337,"rw_source":"OSM admin_level=10 (community-verified, Q3)"}},{"type":"Feature","geometry":{"type":"Polygon","coordinates":[[[106.875997,-6.214883],[106.8762032,-6.2148734],[106.8762431,-6.2151408],[106.8764287,-6.2160809],[106.8764564,-6.2162784],[106.876452,-6.2166868],[106.8764816,-6.2170614],[106.8765681,-6.2181559],[106.8765838,-6.2182182],[106.876649,-6.218152],[106.877191,-6.217939],[106.877299,-6.21779],[106.87788,-6.216944],[106.877984,-6.216986],[106.878103,-6.216776],[106.878232,-6.216688],[106.878407,-6.216764],[106.878353,-6.217112],[106.878401,-6.217463],[106.878366,-6.217896],[106.8783449,-6.2181284],[106.878362,-6.218168],[106.8780919,-6.2186802],[106.878022,-6.218824],[106.8778115,-6.2192509],[106.8774115,-6.2192235],[106.8766854,-6.2192058],[106.876687,-6.219214],[106.875939,-6.219106],[106.875787,-6.21782],[106.875726,-6.216948],[106.875685,-6.216787],[106.875621,-6.21598],[106.8755933,-6.2155165],[106.8755814,-6.2153047],[106.8755644,-6.2150287],[106.875557,-6.214908],[106.875997,-6.214883]]]},"properties":{"rw_name":"RW 08","kelurahan":"CIPINANG BESAR UTARA","rw_key":"CIPINANG BESAR UTARA|RW 08","event_count_all":0,"max_depth_all":null,"latest_date":null,"years_active":[],"osm_id":5800677,"rw_source":"OSM admin_level=10 (community-verified, Q3)"}},{"type":"Feature","geometry":{"type":"Polygon","coordinates":[[[106.876545,-6.214862],[106.877586,-6.214815],[106.878838,-6.214767],[106.878807,-6.215261],[106.878772,-6.21545],[106.878484,-6.216149],[106.878407,-6.216764],[106.878232,-6.216688],[106.878103,-6.216776],[106.877984,-6.216986],[106.87788,-6.216944],[106.877299,-6.21779],[106.877191,-6.217939],[106.876649,-6.218152],[106.8765838,-6.2182182],[106.8765681,-6.2181559],[106.8764816,-6.2170614],[106.876452,-6.2166868],[106.8764564,-6.2162784],[106.8764287,-6.2160809],[106.8762431,-6.2151408],[106.8762032,-6.2148734],[106.876545,-6.214862]]]},"properties":{"rw_name":"RW 09","kelurahan":"CIPINANG BESAR UTARA","rw_key":"CIPINANG BESAR UTARA|RW 09","event_count_all":0,"max_depth_all":null,"latest_date":null,"years_active":[],"osm_id":5800678,"rw_source":"OSM admin_level=10 (community-verified, Q3)"}},{"type":"Feature","geometry":{"type":"Polygon","coordinates":[[[106.87675,-6.221227],[106.877203,-6.221175],[106.877648,-6.221162],[106.877638,-6.221685],[106.877998,-6.22172],[106.877888,-6.222354],[106.878271,-6.222359],[106.878433,-6.222413],[106.87841,-6.222525],[106.878392,-6.222583],[106.878409,-6.222767],[106.878368,-6.22281],[106.8783298,-6.2228708],[106.878312,-6.222899],[106.878168,-6.223137],[106.877963,-6.223294],[106.877848,-6.223413],[106.877783,-6.223452],[106.877678,-6.22346],[106.877525,-6.223496],[106.87746,-6.223535],[106.877448,-6.223582],[106.87743,-6.2237],[106.877415,-6.223756],[106.877402,-6.223837],[106.87739,-6.223936],[106.877383,-6.224048],[106.877407,-6.224133],[106.877391,-6.224195],[106.877239,-6.224155],[106.877067,-6.224157],[106.877046,-6.224223],[106.876936,-6.22418],[106.876971,-6.224062],[106.876822,-6.224019],[106.876958,-6.223598],[106.876747,-6.223502],[106.876549,-6.223453],[106.876331,-6.223434],[106.876345,-6.223048],[106.876182,-6.223043],[106.876001,-6.223081],[106.875745,-6.223088],[106.875591,-6.222992],[106.875593,-6.222819],[106.875605,-6.222638],[106.87558,-6.222465],[106.875555,-6.222237],[106.875504,-6.222066],[106.875574,-6.221883],[106.87567,-6.22159],[106.875531,-6.221268],[106.87675,-6.221227]]]},"properties":{"rw_name":"RW 02","kelurahan":"CIPINANG BESAR UTARA","rw_key":"CIPINANG BESAR UTARA|RW 02","event_count_all":0,"max_depth_all":null,"latest_date":null,"years_active":[],"osm_id":5800687,"rw_source":"OSM admin_level=10 (community-verified, Q3)"}},{"type":"Feature","geometry":{"type":"Polygon","coordinates":[[[106.873851,-6.235938],[106.874129,-6.235829],[106.874874,-6.235782],[106.874904,-6.236122],[106.875627,-6.236236],[106.875996,-6.236257],[106.875996,-6.236482],[106.876008,-6.236713],[106.877616,-6.236638],[106.877656,-6.23663],[106.877895,-6.237901],[106.877965,-6.238207],[106.878029,-6.238638],[106.878043,-6.239038],[106.8780337,-6.2392518],[106.878031,-6.239417],[106.877974,-6.239866],[106.8778299,-6.2404459],[106.877032,-6.240137],[106.876424,-6.240137],[106.874765,-6.240237],[106.873695,-6.240266],[106.873604,-6.238542],[106.873489,-6.235996],[106.873851,-6.235938]]]},"properties":{"rw_name":"RW 03","kelurahan":"CIPINANG CEMPEDAK","rw_key":"CIPINANG CEMPEDAK|RW 03","event_count_all":0,"max_depth_all":null,"latest_date":null,"years_active":[],"osm_id":5800763,"rw_source":"OSM admin_level=10 (community-verified, Q3)"}},{"type":"Feature","geometry":{"type":"Polygon","coordinates":[[[106.8738517,-6.226676],[106.8749784,-6.2265487],[106.875162,-6.226528],[106.875221,-6.226868],[106.875476,-6.228038],[106.875623,-6.228635],[106.876377,-6.231811],[106.876354,-6.231814],[106.8755662,-6.2318625],[106.8755069,-6.2318632],[106.8753708,-6.2318628],[106.8749556,-6.2318742],[106.874286,-6.231892],[106.874056,-6.231504],[106.874034,-6.2305447],[106.874033,-6.230501],[106.873953,-6.229863],[106.873942,-6.228997],[106.873976,-6.228062],[106.873907,-6.227937],[106.873827,-6.227082],[106.873834,-6.226678],[106.8738517,-6.226676]]]},"properties":{"rw_name":"RW 01","kelurahan":"CIPINANG CEMPEDAK","rw_key":"CIPINANG CEMPEDAK|RW 01","event_count_all":0,"max_depth_all":null,"latest_date":null,"years_active":[],"osm_id":5800766,"rw_source":"OSM admin_level=10 (community-verified, Q3)"}},{"type":"Feature","geometry":{"type":"Polygon","coordinates":[[[106.869938,-6.2389347],[106.8699411,-6.2388141],[106.86996,-6.238611],[106.8699568,-6.2384906],[106.8699533,-6.2383579],[106.8699491,-6.2381989],[106.8699398,-6.2378461],[106.869937,-6.237592],[106.8699634,-6.237155],[106.869981,-6.236771],[106.869941,-6.236176],[106.870287,-6.236139],[106.87168,-6.236101],[106.872279,-6.236053],[106.87246,-6.236039],[106.873002,-6.236022],[106.87328,-6.235996],[106.873489,-6.235996],[106.873604,-6.238542],[106.873695,-6.240266],[106.873485,-6.240272],[106.87119,-6.240401],[106.870282,-6.240442],[106.8702772,-6.240442],[106.870118,-6.24004],[106.870095,-6.239977],[106.8700144,-6.239621],[106.8700023,-6.2395239],[106.8699921,-6.2394428],[106.8699777,-6.2393279],[106.8699597,-6.239184],[106.8699398,-6.2390248],[106.869938,-6.2389347]]]},"properties":{"rw_name":"RW 06","kelurahan":"CIPINANG CEMPEDAK","rw_key":"CIPINANG CEMPEDAK|RW 06","event_count_all":0,"max_depth_all":null,"latest_date":null,"years_active":[],"osm_id":5800769,"rw_source":"OSM admin_level=10 (community-verified, Q3)"}},{"type":"Feature","geometry":{"type":"Polygon","coordinates":[[[106.872796,-6.231506],[106.8730459,-6.2314998],[106.873804,-6.231481],[106.873804,-6.233385],[106.873621,-6.23335],[106.873575,-6.234593],[106.873632,-6.235413],[106.873747,-6.235345],[106.874148,-6.23522],[106.874852,-6.235219],[106.874874,-6.235782],[106.874129,-6.235829],[106.873851,-6.235938],[106.873489,-6.235996],[106.87328,-6.235996],[106.873002,-6.236022],[106.87246,-6.236039],[106.872279,-6.236053],[106.87227,-6.235759],[106.872251,-6.235763],[106.87224,-6.235588],[106.872232,-6.23554],[106.872232,-6.235234],[106.872223,-6.235209],[106.872226,-6.23508],[106.872223,-6.234932],[106.872196,-6.234869],[106.8721487,-6.234584],[106.8721367,-6.2344503],[106.872036,-6.23445],[106.872043,-6.234275],[106.872017,-6.234215],[106.872017,-6.234182],[106.87203,-6.234077],[106.872017,-6.23404],[106.872017,-6.233928],[106.871999,-6.233838],[106.8720024,-6.2337793],[106.871995,-6.233684],[106.871997,-6.233627],[106.871995,-6.233592],[106.871976,-6.233524],[106.8719831,-6.2334681],[106.871966,-6.233413],[106.871968,-6.233288],[106.87203,-6.233278],[106.872026,-6.232973],[106.872116,-6.232975],[106.872116,-6.232811],[106.872079,-6.232019],[106.8722,-6.232016],[106.872171,-6.231551],[106.872796,-6.231506]]]},"properties":{"rw_name":"RW 05","kelurahan":"CIPINANG CEMPEDAK","rw_key":"CIPINANG CEMPEDAK|RW 05","event_count_all":0,"max_depth_all":null,"latest_date":null,"years_active":[],"osm_id":5800770,"rw_source":"OSM admin_level=10 (community-verified, Q3)"}},{"type":"Feature","geometry":{"type":"Polygon","coordinates":[[[106.8731183,-6.2266922],[106.873834,-6.226678],[106.873827,-6.227082],[106.873907,-6.227937],[106.873976,-6.228062],[106.873942,-6.228997],[106.873953,-6.229863],[106.874033,-6.230501],[106.874034,-6.2305447],[106.874056,-6.231504],[106.873804,-6.231481],[106.8730459,-6.2314998],[106.872796,-6.231506],[106.872782,-6.231295],[106.872804,-6.231268],[106.872824,-6.231228],[106.872836,-6.231188],[106.872836,-6.231151],[106.872801,-6.231119],[106.872772,-6.23098],[106.872772,-6.230856],[106.872754,-6.230608],[106.8727614,-6.2304717],[106.872759,-6.230408],[106.872738,-6.229643],[106.872738,-6.229102],[106.872762,-6.228946],[106.872743,-6.227768],[106.872749,-6.227639],[106.872659,-6.227639],[106.872633,-6.226726],[106.8731183,-6.2266922]]]},"properties":{"rw_name":"RW 04","kelurahan":"CIPINANG CEMPEDAK","rw_key":"CIPINANG CEMPEDAK|RW 04","event_count_all":0,"max_depth_all":null,"latest_date":null,"years_active":[],"osm_id":5800771,"rw_source":"OSM admin_level=10 (community-verified, Q3)"}},{"type":"Feature","geometry":{"type":"Polygon","coordinates":[[[106.857954,-6.217264],[106.857859,-6.217397],[106.8576707,-6.2175818],[106.8574115,-6.2174939],[106.85733,-6.217462],[106.8572584,-6.2173924],[106.8569178,-6.2170701],[106.856743,-6.216901],[106.8564453,-6.216499],[106.8562954,-6.2162957],[106.8563616,-6.2160543],[106.8563809,-6.2159732],[106.8564874,-6.2156732],[106.8565459,-6.2154132],[106.8570787,-6.215435],[106.8573441,-6.2154456],[106.8574707,-6.2154541],[106.857611,-6.215457],[106.8577607,-6.2154872],[106.8578612,-6.2155196],[106.857937,-6.21551],[106.857966,-6.215394],[106.858322,-6.215473],[106.858246,-6.215712],[106.858234,-6.215944],[106.858302,-6.215999],[106.8583914,-6.2161937],[106.85842,-6.216331],[106.858181,-6.216513],[106.85831062837327,-6.21663562143418],[106.85829374757398,-6.216657219577615],[106.85824863504641,-6.2167180751644375],[106.85820508227704,-6.216780059079445],[106.85816001857948,-6.216850968720603],[106.8581178476992,-6.216923639434626],[106.8580786369697,-6.21699794892396],[106.858046939059,-6.217064371257216],[106.8580424492262,-6.217073780331834],[106.8580093436648,-6.21715100958089],[106.85798384766575,-6.217217794812725],[106.857954,-6.217264]]]},"properties":{"rw_name":"RW 08","kelurahan":"KAMPUNG MELAYU","rw_key":"KAMPUNG MELAYU|RW 08","event_count_all":2,"max_depth_all":300.0,"latest_date":"2025-03-03","years_active":[2025],"osm_id":5800934,"rw_source":"OSM admin_level=10 (community-verified, Q3)"}},{"type":"Feature","geometry":{"type":"Polygon","coordinates":[[[106.85867,-6.213904],[106.858653,-6.214026],[106.8586618,-6.2141456],[106.8586611,-6.2143955],[106.858639,-6.21465],[106.8585538,-6.2146968],[106.858573,-6.2148528],[106.8585633,-6.2149505],[106.85853,-6.215112],[106.858439,-6.215106],[106.8583321,-6.2154141],[106.858322,-6.215473],[106.857966,-6.215394],[106.857937,-6.21551],[106.8578612,-6.2155196],[106.8577607,-6.2154872],[106.857611,-6.215457],[106.8574707,-6.2154541],[106.8573441,-6.2154456],[106.8570787,-6.215435],[106.8565459,-6.2154132],[106.8566228,-6.2151072],[106.856705,-6.2149219],[106.85675241846253,-6.214814972042475],[106.85677513486445,-6.214769830677373],[106.85678501778246,-6.21475019185574],[106.8568545,-6.2146553],[106.856946,-6.2145417],[106.8570494,-6.2143648],[106.8570858,-6.2143024],[106.857146,-6.2141886],[106.857344,-6.213976],[106.85748717580977,-6.213812027241011],[106.85757112530224,-6.213787843850279],[106.8576389,-6.2138],[106.857783,-6.213818],[106.8578506,-6.2138018],[106.85790669274314,-6.213779086831076],[106.85792066734881,-6.213779046844295],[106.85798493958212,-6.213778862597934],[106.85803423311833,-6.213778721032186],[106.85807375101454,-6.2137662331874495],[106.85814134242129,-6.213744873649595],[106.8582516075366,-6.213677665574928],[106.85867,-6.213904]]]},"properties":{"rw_name":"RW 07","kelurahan":"KAMPUNG MELAYU","rw_key":"KAMPUNG MELAYU|RW 07","event_count_all":2,"max_depth_all":300.0,"latest_date":"2025-03-03","years_active":[2025],"osm_id":5800935,"rw_source":"OSM admin_level=10 (community-verified, Q3)"}},{"type":"Feature","geometry":{"type":"Polygon","coordinates":[[[106.85847441723294,-6.212984907864464],[106.85869039342192,-6.21289253725491],[106.85903727376328,-6.2127516338752],[106.85937067418733,-6.212616206270979],[106.8596138207709,-6.212517438436433],[106.85975674622856,-6.21245938268366],[106.85986336684755,-6.212414629036328],[106.8598794169985,-6.212407891781816],[106.86071803332304,-6.212055887139743],[106.86073190024639,-6.212050066223131],[106.86078090224326,-6.212029497877758],[106.86079366223014,-6.2120241419738305],[106.86079410852385,-6.212023956190439],[106.8610234,-6.212511],[106.861179,-6.2128289],[106.8613266,-6.2132473],[106.8613639,-6.2134248],[106.861378,-6.2134362],[106.8614722,-6.213585],[106.8614272,-6.2136046],[106.860636,-6.213928],[106.8604572,-6.2139841],[106.8603618,-6.2140141],[106.8597242,-6.214213],[106.8596646,-6.2142325],[106.8592556,-6.2144735],[106.8591348,-6.2145447],[106.859085,-6.214574],[106.8588835,-6.2146829],[106.858774,-6.214758],[106.8585538,-6.2146968],[106.858639,-6.21465],[106.8586611,-6.2143955],[106.8586618,-6.2141456],[106.858653,-6.214026],[106.85867,-6.213904],[106.8582516075366,-6.213677665574928],[106.85825160795785,-6.213677665318172],[106.85825629513796,-6.213674807984112],[106.85831504643694,-6.2135997788878585],[106.85833225397586,-6.213557242917957],[106.8583200440336,-6.2135111301705415],[106.8583233,-6.2135066],[106.8583063,-6.2134419],[106.8582848,-6.2133596],[106.8581777,-6.2132263],[106.85847441723294,-6.212984907864464]]]},"properties":{"rw_name":"RW 06","kelurahan":"KAMPUNG MELAYU","rw_key":"KAMPUNG MELAYU|RW 06","event_count_all":0,"max_depth_all":null,"latest_date":null,"years_active":[],"osm_id":5800936,"rw_source":"OSM admin_level=10 (community-verified, Q3)"}},{"type":"Feature","geometry":{"type":"Polygon","coordinates":[[[106.85842,-6.216331],[106.8583914,-6.2161937],[106.858302,-6.215999],[106.858234,-6.215944],[106.858246,-6.215712],[106.858322,-6.215473],[106.8583321,-6.2154141],[106.858439,-6.215106],[106.85853,-6.215112],[106.8585633,-6.2149505],[106.858573,-6.2148528],[106.8585538,-6.2146968],[106.858774,-6.214758],[106.8588835,-6.2146829],[106.859085,-6.214574],[106.8591348,-6.2145447],[106.8592556,-6.2144735],[106.8596646,-6.2142325],[106.8597242,-6.214213],[106.8603618,-6.2140141],[106.8604572,-6.2139841],[106.860636,-6.213928],[106.8614272,-6.2136046],[106.8614722,-6.213585],[106.8618,-6.214211],[106.861952,-6.214415],[106.861933,-6.214432],[106.861901,-6.214449],[106.8614667,-6.2147337],[106.8611815,-6.2149091],[106.860988,-6.215029],[106.8608836,-6.2150952],[106.8608362,-6.2151252],[106.860734,-6.21519],[106.8606268,-6.2151334],[106.8605363,-6.2151412],[106.860491,-6.2151618],[106.8603428,-6.2152513],[106.8602391,-6.2153294],[106.8601349,-6.2153555],[106.8600996,-6.2153643],[106.860058,-6.215373],[106.8598614,-6.2154135],[106.8597905,-6.2154312],[106.8597454,-6.2154427],[106.8596984,-6.2154551],[106.8596003,-6.2154652],[106.8595267,-6.2154531],[106.8594935,-6.2154885],[106.8594737,-6.2156395],[106.8594778,-6.2158198],[106.8592549,-6.215839],[106.8593223,-6.2162417],[106.8591378,-6.2162685],[106.8589391,-6.216354],[106.8587381,-6.2162639],[106.8586724,-6.2162819],[106.858589,-6.216305],[106.858543,-6.216326],[106.85847288155564,-6.216435690239673],[106.85843549286317,-6.216481666431092],[106.85838803032006,-6.216539670435332],[106.85834039470477,-6.2165975330941485],[106.858310628405,-6.216635621393597],[106.85831062837327,-6.21663562143418],[106.858181,-6.216513],[106.85842,-6.216331]]]},"properties":{"rw_name":"RW 05","kelurahan":"KAMPUNG MELAYU","rw_key":"KAMPUNG MELAYU|RW 05","event_count_all":13,"max_depth_all":220.0,"latest_date":"2025-08-04","years_active":[2025],"osm_id":5800937,"rw_source":"OSM admin_level=10 (community-verified, Q3)"}},{"type":"Feature","geometry":{"type":"Polygon","coordinates":[[[106.8591378,-6.2162685],[106.8593223,-6.2162417],[106.8592549,-6.215839],[106.8594778,-6.2158198],[106.8594737,-6.2156395],[106.8594935,-6.2154885],[106.8595267,-6.2154531],[106.8596003,-6.2154652],[106.8596984,-6.2154551],[106.8597454,-6.2154427],[106.8597905,-6.2154312],[106.8598614,-6.2154135],[106.860058,-6.215373],[106.8600996,-6.2153643],[106.8601349,-6.2153555],[106.8602391,-6.2153294],[106.8603428,-6.2152513],[106.860491,-6.2151618],[106.8605363,-6.2151412],[106.8606268,-6.2151334],[106.860734,-6.21519],[106.8608362,-6.2151252],[106.8608836,-6.2150952],[106.860988,-6.215029],[106.8611815,-6.2149091],[106.8614667,-6.2147337],[106.861901,-6.214449],[106.861933,-6.214432],[106.861952,-6.214415],[106.86205,-6.214547],[106.862259,-6.214789],[106.862692,-6.215158],[106.862948,-6.215386],[106.8630954,-6.2155261],[106.863252,-6.215675],[106.863329,-6.2157476],[106.8633968,-6.215811],[106.8634233,-6.2158358],[106.8634372,-6.2158488],[106.8635313,-6.2159558],[106.8635859,-6.2160179],[106.8636423,-6.2160791],[106.8636528,-6.2160905],[106.8636619,-6.2161004],[106.8637272,-6.2161716],[106.863719,-6.216206],[106.863706,-6.216215],[106.8636275,-6.2162228],[106.8634914,-6.2162226],[106.8633827,-6.2161798],[106.8632378,-6.2161134],[106.8631312,-6.2160996],[106.86304777106747,-6.216117238409464],[106.86304232726364,-6.216117021007911],[106.86295293005868,-6.216122119981884],[106.86287575869153,-6.21612872828653],[106.86279929230169,-6.216141060108652],[106.86272395257052,-6.216159046151574],[106.8626501592708,-6.216182588192622],[106.86257831760238,-6.216211554606836],[106.86250882724921,-6.216245786664207],[106.86242953670914,-6.216288728614998],[106.86242800967801,-6.216289555602524],[106.8622382,-6.2163595],[106.8619099,-6.2165224],[106.8616011,-6.2167194],[106.8611771,-6.2169474],[106.860489,-6.21727],[106.8603153,-6.2172261],[106.859871,-6.217114],[106.85948650012202,-6.216823953352921],[106.85948303310616,-6.216820428615725],[106.85942841761985,-6.216765486208242],[106.85937351133529,-6.216710833240653],[106.85931831787587,-6.216656472412592],[106.85926283814501,-6.216602403720809],[106.85921201795526,-6.216554835790072],[106.85915955620477,-6.216509087364295],[106.85914350425108,-6.216496054351555],[106.85910551814035,-6.216465214271231],[106.8590660565852,-6.216439760917332],[106.85902580623349,-6.216415577961532],[106.85897932459355,-6.216389194128443],[106.8589391,-6.216354],[106.8591378,-6.2162685]]]},"properties":{"rw_name":"RW 04","kelurahan":"KAMPUNG MELAYU","rw_key":"KAMPUNG MELAYU|RW 04","event_count_all":20,"max_depth_all":220.0,"latest_date":"2025-08-04","years_active":[2023,2024,2025],"osm_id":5800938,"rw_source":"OSM admin_level=10 (community-verified, Q3)"}},{"type":"Feature","geometry":{"type":"Polygon","coordinates":[[[106.8634914,-6.2162226],[106.8636275,-6.2162228],[106.863706,-6.216215],[106.863719,-6.216206],[106.8637272,-6.2161716],[106.8637955,-6.2162318],[106.863847,-6.2163122],[106.8639409,-6.2165033],[106.863968,-6.216734],[106.8640008,-6.2169485],[106.8640197,-6.2170719],[106.864066,-6.217375],[106.864077,-6.217447],[106.864097,-6.217592],[106.864071,-6.217596],[106.8639944,-6.2176033],[106.8637768,-6.2177255],[106.8637091,-6.2178028],[106.8635856,-6.2178852],[106.863463,-6.217967],[106.8634195,-6.2179962],[106.863226,-6.218126],[106.86307,-6.218279],[106.8628971,-6.2184282],[106.8628,-6.218512],[106.8627187,-6.2185942],[106.8626505,-6.218663],[106.862526,-6.2187897],[106.862435,-6.218882],[106.8623625,-6.2189526],[106.8623296,-6.2189847],[106.862169,-6.219141],[106.862007,-6.219313],[106.861959,-6.219353],[106.861688,-6.219573],[106.8616225,-6.2196375],[106.861555,-6.219704],[106.861485,-6.219778],[106.8613705,-6.2199284],[106.861284,-6.220042],[106.861247,-6.220129],[106.8612024,-6.2202101],[106.8611529,-6.2203069],[106.8611352,-6.2203361],[106.8611005,-6.2203934],[106.8609375,-6.220589],[106.860885,-6.220652],[106.8607302,-6.2209261],[106.8606989,-6.2210127],[106.8606554,-6.2210843],[106.8603713,-6.2214947],[106.8601822,-6.2212949],[106.860193,-6.2211894],[106.8601582,-6.2210287],[106.860174,-6.220922],[106.86025,-6.220807],[106.860389,-6.220638],[106.860489,-6.220476],[106.8605226,-6.2203881],[106.8605651,-6.2202738],[106.8607835,-6.2198848],[106.8608839,-6.2197114],[106.860996,-6.219518],[106.8611429,-6.2192943],[106.86121,-6.2191923],[106.861333,-6.219005],[106.8613452,-6.2189894],[106.8615902,-6.2186775],[106.8617151,-6.2185186],[106.8617666,-6.2184516],[106.86178118709255,-6.21843267070316],[106.86198592999065,-6.218198359260126],[106.862014201948,-6.218166004800578],[106.86212902303507,-6.217980214009464],[106.86212902333463,-6.217980213524737],[106.8621858,-6.2179063],[106.86245273663984,-6.217559179474132],[106.8624664903188,-6.2175458548639835],[106.86252847908374,-6.217487209893593],[106.8625911579858,-6.217429302990288],[106.8626037226448,-6.217417969426695],[106.86265451712168,-6.217372144134437],[106.86271855019237,-6.2173157405812205],[106.86278324458097,-6.217260101416414],[106.86284071968079,-6.217203060034679],[106.86284788914608,-6.217196214723129],[106.862899285614,-6.217147141381893],[106.86295891896006,-6.217092365431639],[106.86296466594722,-6.2170872879386],[106.862977,-6.217077],[106.8630466,-6.2170394],[106.8631243,-6.2169974],[106.8631851,-6.2169498],[106.8632545,-6.2168955],[106.8633889,-6.2167352],[106.8634819,-6.2166243],[106.8635971,-6.216494],[106.8635966,-6.2164918],[106.86356294352552,-6.216406356318655],[106.86356041888888,-6.216364750310023],[106.86353456725274,-6.216299756801605],[106.86350904058972,-6.216268309114249],[106.8634914,-6.2162226]]]},"properties":{"rw_name":"RW 03","kelurahan":"KAMPUNG MELAYU","rw_key":"KAMPUNG MELAYU|RW 03","event_count_all":0,"max_depth_all":null,"latest_date":null,"years_active":[],"osm_id":5800939,"rw_source":"OSM admin_level=10 (community-verified, Q3)"}},{"type":"Feature","geometry":{"type":"Polygon","coordinates":[[[106.8606554,-6.2210843],[106.8606989,-6.2210127],[106.8607302,-6.2209261],[106.860885,-6.220652],[106.8609375,-6.220589],[106.8611005,-6.2203934],[106.8611352,-6.2203361],[106.8611529,-6.2203069],[106.8612024,-6.2202101],[106.861247,-6.220129],[106.861284,-6.220042],[106.8613705,-6.2199284],[106.861485,-6.219778],[106.861555,-6.219704],[106.8616225,-6.2196375],[106.861688,-6.219573],[106.861959,-6.219353],[106.862007,-6.219313],[106.862169,-6.219141],[106.8623296,-6.2189847],[106.8623625,-6.2189526],[106.862435,-6.218882],[106.862526,-6.2187897],[106.8626505,-6.218663],[106.8627187,-6.2185942],[106.8628,-6.218512],[106.8628971,-6.2184282],[106.86307,-6.218279],[106.863226,-6.218126],[106.8634195,-6.2179962],[106.863463,-6.217967],[106.8635856,-6.2178852],[106.8637091,-6.2178028],[106.8637768,-6.2177255],[106.8639944,-6.2176033],[106.864071,-6.217596],[106.864097,-6.217592],[106.864164,-6.218064],[106.86418,-6.2181374],[106.8642416,-6.218468],[106.864262,-6.218583],[106.864226,-6.218612],[106.863887,-6.218755],[106.8636994,-6.2188593],[106.863628,-6.218899],[106.863538,-6.218946],[106.86345,-6.219062],[106.8634161,-6.2190877],[106.863351,-6.219137],[106.863157,-6.219216],[106.8630677,-6.2192808],[106.862953,-6.219364],[106.862967,-6.219464],[106.8629702,-6.2195623],[106.8629729,-6.2195925],[106.8629789,-6.219617],[106.862743,-6.2195837],[106.8625563,-6.2195562],[106.8624995,-6.219548],[106.862246,-6.219615],[106.8620252,-6.2196823],[106.8616768,-6.2197953],[106.8615006,-6.220056],[106.861435,-6.220153],[106.8613374,-6.2203642],[106.8613756,-6.2204202],[106.8615001,-6.2206532],[106.8615478,-6.2207503],[106.8617319,-6.2211234],[106.86173,-6.22136],[106.8617152,-6.2214274],[106.8616361,-6.2215067],[106.861356,-6.2216077],[106.8610257,-6.221649],[106.8606169,-6.221582],[106.8603713,-6.2214947],[106.8606554,-6.2210843]]]},"properties":{"rw_name":"RW 02","kelurahan":"KAMPUNG MELAYU","rw_key":"KAMPUNG MELAYU|RW 02","event_count_all":0,"max_depth_all":null,"latest_date":null,"years_active":[],"osm_id":5800940,"rw_source":"OSM admin_level=10 (community-verified, Q3)"}},{"type":"Feature","geometry":{"type":"MultiPolygon","coordinates":[[[[106.8629729,-6.2195925],[106.8629702,-6.2195623],[106.862967,-6.219464],[106.862953,-6.219364],[106.8630677,-6.2192808],[106.863157,-6.219216],[106.863351,-6.219137],[106.8634161,-6.2190877],[106.86345,-6.219062],[106.863538,-6.218946],[106.863628,-6.218899],[106.8636994,-6.2188593],[106.863887,-6.218755],[106.864226,-6.218612],[106.864262,-6.218583],[106.864425,-6.219048],[106.8645826,-6.2193972],[106.8645982,-6.2194345],[106.8648841,-6.2201102],[106.8650017,-6.2204379],[106.8650336,-6.2204889],[106.8651306,-6.2207142],[106.8651701,-6.2207989],[106.8652802,-6.221011],[106.86545,-6.221399],[106.8656697,-6.2221097],[106.8651441,-6.2223018],[106.8650084,-6.222359],[106.8650245,-6.2224198],[106.864744,-6.2226356],[106.8646927,-6.222532],[106.8645554,-6.2223604],[106.8642683,-6.2219569],[106.8640903,-6.2216322],[106.8640294,-6.2215666],[106.8638691,-6.2213939],[106.8637195,-6.2212327],[106.8635597,-6.2210303],[106.863505,-6.220961],[106.8634779,-6.2207616],[106.863416,-6.2204931],[106.8633167,-6.2202267],[106.8631618,-6.2198927],[106.8629789,-6.219617],[106.8629729,-6.2195925]]],[[[106.863818,-6.224607],[106.8639143,-6.2245978],[106.863981,-6.2245931],[106.864152,-6.224589],[106.8646858,-6.2247006],[106.8649229,-6.2246672],[106.8651124,-6.2246171],[106.8652837,-6.2245509],[106.8653739,-6.2245114],[106.8654499,-6.2244602],[106.8655448,-6.2242517],[106.8655721,-6.2238012],[106.8655652,-6.2235907],[106.8654827,-6.2234261],[106.8653829,-6.2233591],[106.8659306,-6.2230652],[106.866265,-6.224383],[106.866374,-6.2247101],[106.8660062,-6.224689],[106.8643383,-6.2249644],[106.8640433,-6.2250131],[106.8636863,-6.2250721],[106.863818,-6.224607]]]]},"properties":{"rw_name":"RW 01","kelurahan":"KAMPUNG MELAYU","rw_key":"KAMPUNG MELAYU|RW 01","event_count_all":0,"max_depth_all":null,"latest_date":null,"years_active":[],"osm_id":5800941,"rw_source":"OSM admin_level=10 (community-verified, Q3)"}},{"type":"Feature","geometry":{"type":"Polygon","coordinates":[[[106.8671435,-6.2437177],[106.867288,-6.2433087],[106.8673088,-6.2431387],[106.8672842,-6.2430002],[106.8673257,-6.2426371],[106.8673437,-6.2422775],[106.86745,-6.2419864],[106.867609,-6.2414724],[106.8676461,-6.2413272],[106.8676978,-6.2411062],[106.867664,-6.240755],[106.8679723,-6.2408407],[106.8680892,-6.2408728],[106.868152,-6.240888],[106.8682068,-6.240895],[106.8682267,-6.2408972],[106.868354,-6.2412288],[106.8682918,-6.241615],[106.8683968,-6.2421483],[106.8684152,-6.2422462],[106.8683896,-6.2423719],[106.8683544,-6.24254],[106.8683547,-6.2426591],[106.868279,-6.2428543],[106.8676617,-6.2427589],[106.86752906545205,-6.244111655013413],[106.86752380154819,-6.244109672816211],[106.86731249467974,-6.244030102350548],[106.86710110201025,-6.243950498778044],[106.8671435,-6.2437177]]]},"properties":{"rw_name":"RW 16","kelurahan":"BIDARA CINA","rw_key":"BIDARA CINA|RW 16","event_count_all":0,"max_depth_all":null,"latest_date":null,"years_active":[],"osm_id":5800956,"rw_source":"OSM admin_level=10 (community-verified, Q3)"}},{"type":"Feature","geometry":{"type":"Polygon","coordinates":[[[106.8633609,-6.2306283],[106.864019,-6.230617],[106.864119,-6.2306139],[106.8643656,-6.230626],[106.864778,-6.2306042],[106.8648015,-6.230765],[106.8649015,-6.2307635],[106.8651053,-6.2307578],[106.8653602,-6.2307767],[106.8653856,-6.2308057],[106.8653993,-6.2308294],[106.8654446,-6.2309269],[106.8654547,-6.2311424],[106.8654385,-6.2313474],[106.8651171,-6.2313491],[106.8651225,-6.2313927],[106.8651202,-6.2316581],[106.8649881,-6.2316668],[106.8647225,-6.2316842],[106.8644167,-6.2316878],[106.8642145,-6.23169],[106.8640767,-6.2316086],[106.8637996,-6.2314267],[106.863504,-6.231234],[106.8634749,-6.2311901],[106.863366,-6.231019],[106.863339,-6.2306937],[106.8633609,-6.2306283]]]},"properties":{"rw_name":"RW 14","kelurahan":"BIDARA CINA","rw_key":"BIDARA CINA|RW 14","event_count_all":0,"max_depth_all":null,"latest_date":null,"years_active":[],"osm_id":5800958,"rw_source":"OSM admin_level=10 (community-verified, Q3)"}},{"type":"Feature","geometry":{"type":"Polygon","coordinates":[[[106.8635861,-6.2302253],[106.8636434,-6.2301651],[106.8640278,-6.2304235],[106.8643516,-6.2304078],[106.8645509,-6.2304111],[106.8648995,-6.2304076],[106.8650246,-6.2303335],[106.8651704,-6.2303047],[106.8652957,-6.2302844],[106.8655125,-6.2302539],[106.8660701,-6.2301702],[106.8660639,-6.2300443],[106.8664074,-6.230026],[106.86668,-6.2300137],[106.8667083,-6.2300122],[106.8667273,-6.2299215],[106.867159,-6.2298855],[106.8672565,-6.2298774],[106.8672528,-6.2300884],[106.8672472,-6.2303977],[106.8672458,-6.2307061],[106.8672428,-6.2308377],[106.8667038,-6.23085],[106.8664218,-6.2308993],[106.8663213,-6.2309253],[106.8663363,-6.2311054],[106.8660741,-6.2311134],[106.8659723,-6.2311097],[106.8659439,-6.2307785],[106.8653993,-6.2308294],[106.8653856,-6.2308057],[106.8653602,-6.2307767],[106.8651053,-6.2307578],[106.8649015,-6.2307635],[106.8648015,-6.230765],[106.864778,-6.2306042],[106.8643656,-6.230626],[106.864119,-6.2306139],[106.864019,-6.230617],[106.8633609,-6.2306283],[106.86345281100168,-6.230445582227775],[106.86346212885618,-6.230428276678244],[106.86346318177425,-6.230426321793252],[106.86347936058637,-6.230396272026343],[106.86350593123676,-6.230346927962185],[106.8635107994396,-6.230334787194764],[106.8635861,-6.2302253]]]},"properties":{"rw_name":"RW 15","kelurahan":"BIDARA CINA","rw_key":"BIDARA CINA|RW 15","event_count_all":0,"max_depth_all":null,"latest_date":null,"years_active":[],"osm_id":5800959,"rw_source":"OSM admin_level=10 (community-verified, Q3)"}},{"type":"Feature","geometry":{"type":"Polygon","coordinates":[[[106.8676617,-6.2427589],[106.868279,-6.2428543],[106.8683547,-6.2426591],[106.8683544,-6.24254],[106.8683896,-6.2423719],[106.8684152,-6.2422462],[106.8683968,-6.2421483],[106.8682918,-6.241615],[106.868354,-6.2412288],[106.8682267,-6.2408972],[106.8684746,-6.2409277],[106.868591,-6.240942],[106.8688131,-6.2407467],[106.8689243,-6.2407274],[106.8692994,-6.2408195],[106.869767,-6.2408193],[106.8701024,-6.2408662],[106.870328,-6.240882],[106.8703595,-6.2410624],[106.8703609,-6.2412344],[106.87035,-6.24133],[106.8703514,-6.2417322],[106.870271,-6.242249],[106.870247,-6.242356],[106.870054,-6.242952],[106.8699107,-6.2433324],[106.869767,-6.243714],[106.8692828818396,-6.244771314062308],[106.8692804296427,-6.2447703636752845],[106.86924634227066,-6.244757153973142],[106.86881368568957,-6.244600204893282],[106.86864858783196,-6.244538984363797],[106.86858031041652,-6.24451366557286],[106.86851194977903,-6.244488318133754],[106.86850021827664,-6.244483968329481],[106.86844838325027,-6.244464746592615],[106.86839590588154,-6.24444528843434],[106.86839175593241,-6.2444437498378145],[106.86835031071726,-6.244428381760563],[106.86825773888101,-6.244394054320584],[106.86803807984641,-6.2443033313230325],[106.86803476579188,-6.244302083604853],[106.86752906545205,-6.244111655013413],[106.8676617,-6.2427589]]]},"properties":{"rw_name":"RW 12","kelurahan":"BIDARA CINA","rw_key":"BIDARA CINA|RW 12","event_count_all":0,"max_depth_all":null,"latest_date":null,"years_active":[],"osm_id":5800960,"rw_source":"OSM admin_level=10 (community-verified, Q3)"}},{"type":"Feature","geometry":{"type":"Polygon","coordinates":[[[106.8652464,-6.2267033],[106.866081,-6.2265977],[106.8662649,-6.2265867],[106.867127,-6.226533],[106.86715,-6.226665],[106.867159,-6.2267726],[106.8662756,-6.226852],[106.8660925,-6.2268684],[106.865953,-6.22688],[106.8658428,-6.2268892],[106.8653971,-6.2269301],[106.8652846,-6.2269361],[106.86475528759902,-6.227015036952056],[106.86475283221543,-6.227007413869077],[106.8647235044345,-6.226928272070891],[106.86469077792174,-6.226850475905293],[106.86465471643604,-6.226774170714716],[106.86464831691542,-6.22676202441431],[106.8652464,-6.2267033]]]},"properties":{"rw_name":"RW 13","kelurahan":"BIDARA CINA","rw_key":"BIDARA CINA|RW 13","event_count_all":0,"max_depth_all":null,"latest_date":null,"years_active":[],"osm_id":5800961,"rw_source":"OSM admin_level=10 (community-verified, Q3)"}},{"type":"Feature","geometry":{"type":"Polygon","coordinates":[[[106.8672178,-6.2274721],[106.8672035,-6.2271821],[106.867159,-6.2267726],[106.86715,-6.226665],[106.867248,-6.226634],[106.867541,-6.226696],[106.8677807,-6.226799],[106.867885,-6.226847],[106.8680715,-6.2269556],[106.8683669,-6.226921],[106.8687694,-6.2268803],[106.86922,-6.2268499],[106.8694796,-6.2268372],[106.870088,-6.226814],[106.8703392,-6.2267774],[106.870505,-6.226817],[106.8703513,-6.2274432],[106.8702026,-6.2280301],[106.8700918,-6.2285747],[106.8699518,-6.2291677],[106.8697587,-6.2291616],[106.8694203,-6.2291466],[106.869338,-6.229143],[106.8691985,-6.2291513],[106.8688062,-6.2291769],[106.868653,-6.229187],[106.8684565,-6.2291956],[106.868125,-6.22921],[106.867665,-6.229219],[106.8672915,-6.2291856],[106.8672545,-6.2288783],[106.8672366,-6.2287321],[106.867217,-6.22857],[106.8672204,-6.2284692],[106.867225,-6.2282665],[106.8672322,-6.2279951],[106.8672259,-6.2277681],[106.8671387,-6.2276168],[106.8672178,-6.2274721]]]},"properties":{"rw_name":"RW 10","kelurahan":"BIDARA CINA","rw_key":"BIDARA CINA|RW 10","event_count_all":0,"max_depth_all":null,"latest_date":null,"years_active":[],"osm_id":5800962,"rw_source":"OSM admin_level=10 (community-verified, Q3)"}},{"type":"Feature","geometry":{"type":"Polygon","coordinates":[[[106.862517,-6.242052],[106.8625574,-6.2415515],[106.862592,-6.241167],[106.8626318,-6.2409179],[106.8626717,-6.2406687],[106.8626917,-6.2405438],[106.8627709,-6.2400485],[106.862881,-6.239657],[106.863147,-6.240041],[106.863449,-6.240237],[106.863688,-6.24023],[106.8640244,-6.2403586],[106.864237,-6.24044],[106.864703,-6.2405413],[106.864911,-6.240591],[106.8652167,-6.2406544],[106.865429,-6.24069],[106.865715,-6.240602],[106.865833,-6.2405991],[106.866067,-6.240591],[106.8663165,-6.2406532],[106.866386,-6.240668],[106.8665377,-6.2406628],[106.866705,-6.240657],[106.8667595,-6.2406362],[106.867019,-6.240537],[106.8671996,-6.2405404],[106.867497,-6.240546],[106.867584,-6.240603],[106.867664,-6.240755],[106.8676978,-6.2411062],[106.8676461,-6.2413272],[106.867609,-6.2414724],[106.86745,-6.2419864],[106.8673437,-6.2422775],[106.8673257,-6.2426371],[106.8672842,-6.2430002],[106.8673088,-6.2431387],[106.867288,-6.2433087],[106.8671435,-6.2437177],[106.86710110201025,-6.243950498778044],[106.86708619002216,-6.243944883410546],[106.86695834615996,-6.243900828288825],[106.86678843590256,-6.243842275995441],[106.86652992326289,-6.243749417006609],[106.866268952437,-6.243663775386662],[106.86609432755345,-6.243606470093468],[106.86569670765022,-6.243486832801501],[106.86553279302233,-6.243441961199394],[106.86530608398853,-6.243385351062503],[106.86505005959155,-6.243320471339183],[106.86488258857426,-6.2432839845617485],[106.8646080974124,-6.2432353191052],[106.86442257362448,-6.2432069331388265],[106.86426426263367,-6.2431827110808875],[106.86400356356228,-6.243147751308866],[106.86355101875247,-6.2431122736073315],[106.86320016918124,-6.243103947094868],[106.86313307680429,-6.243103847600333],[106.8630201,-6.2430909],[106.8625509,-6.243086],[106.862517,-6.242052]]]},"properties":{"rw_name":"RW 11","kelurahan":"BIDARA CINA","rw_key":"BIDARA CINA|RW 11","event_count_all":11,"max_depth_all":350.0,"latest_date":"2025-08-10","years_active":[2025],"osm_id":5800963,"rw_source":"OSM admin_level=10 (community-verified, Q3)"}},{"type":"Feature","geometry":{"type":"Polygon","coordinates":[[[106.882387,-6.225867],[106.882704,-6.225336],[106.882306,-6.225141],[106.882644,-6.224629],[106.883013,-6.224036],[106.883188,-6.223746],[106.88334,-6.22343],[106.883582,-6.22294],[106.883701,-6.222602],[106.883729,-6.222536],[106.88372,-6.222512],[106.883724,-6.222472],[106.883739,-6.222443],[106.883735,-6.222413],[106.883751,-6.222357],[106.88378,-6.222227],[106.883822,-6.221981],[106.883824,-6.221631],[106.883854,-6.221634],[106.883784,-6.220406],[106.883809,-6.220113],[106.883803,-6.219893],[106.883946,-6.21972],[106.884174,-6.219719],[106.884226,-6.219894],[106.884455,-6.219989],[106.884611,-6.22011],[106.884683,-6.220162],[106.884773,-6.220212],[106.885262,-6.220304],[106.885343,-6.220162],[106.885386,-6.219829],[106.885386,-6.219695],[106.885618,-6.219392],[106.885696,-6.219295],[106.885749,-6.219226],[106.885766,-6.219195],[106.88566,-6.218963],[106.885625,-6.218883],[106.88561,-6.218847],[106.885596,-6.218789],[106.885631,-6.218552],[106.885597,-6.21848],[106.885608,-6.218442],[106.885562,-6.218384],[106.885553,-6.218328],[106.885563,-6.218269],[106.8855656,-6.2181137],[106.885681,-6.218047],[106.885791,-6.217988],[106.885838,-6.217962],[106.886003,-6.217918],[106.886126,-6.217885],[106.886278,-6.217846],[106.886411,-6.217801],[106.886514,-6.217809],[106.886677,-6.217753],[106.886964,-6.217752],[106.887091,-6.217744],[106.887166,-6.217721],[106.8872257,-6.2180247],[106.887248,-6.218195],[106.887266,-6.218478],[106.887239,-6.218639],[106.887156,-6.218818],[106.887003,-6.219169],[106.886885,-6.219455],[106.886772,-6.21971],[106.886649,-6.219985],[106.886474,-6.220402],[106.88625,-6.220913],[106.885999,-6.221543],[106.885772,-6.22207],[106.88574,-6.222149],[106.885633,-6.222407],[106.885526,-6.222674],[106.885098,-6.223682],[106.884892,-6.224162],[106.884601,-6.224841],[106.883938,-6.226421],[106.883722,-6.2269867],[106.883611,-6.2269637],[106.88323,-6.2268457],[106.883144,-6.2267417],[106.8821947,-6.226194],[106.882387,-6.225867]]]},"properties":{"rw_name":"RW 07","kelurahan":"CIPINANG BESAR SELATAN","rw_key":"CIPINANG BESAR SELATAN|RW 07","event_count_all":0,"max_depth_all":null,"latest_date":null,"years_active":[],"osm_id":5801025,"rw_source":"OSM admin_level=10 (community-verified, Q3)"}},{"type":"Feature","geometry":{"type":"Polygon","coordinates":[[[106.875246,-6.226051],[106.876066,-6.226187],[106.876286,-6.226195],[106.87638,-6.226195],[106.876591,-6.226221],[106.876773,-6.226161],[106.876988,-6.226046],[106.877088,-6.226059],[106.87725,-6.226304],[106.877431,-6.226705],[106.877574,-6.227032],[106.877712,-6.227237],[106.878293,-6.227756],[106.878333,-6.227706],[106.87839,-6.227663],[106.878622,-6.227442],[106.87875,-6.22741],[106.878984,-6.22734],[106.879261,-6.227352],[106.879447,-6.227371],[106.880278,-6.227249],[106.880513,-6.226957],[106.88085,-6.226689],[106.880948,-6.226498],[106.8807251,-6.2264503],[106.8805066,-6.2263354],[106.8802464,-6.2262101],[106.8803027,-6.2260661],[106.8803698,-6.2259301],[106.8805341,-6.2259207],[106.8808917,-6.2260723],[106.8809927,-6.2258923],[106.8820167,-6.2265223],[106.8820317,-6.2265013],[106.8821947,-6.226194],[106.883144,-6.2267417],[106.88323,-6.2268457],[106.883611,-6.2269637],[106.883722,-6.2269867],[106.883755,-6.2269992],[106.883851,-6.227065],[106.883798,-6.227187],[106.883749,-6.227326],[106.883684,-6.227462],[106.88365,-6.227524],[106.883607,-6.22763],[106.883546,-6.22776],[106.883531,-6.22782],[106.8834869,-6.2279298],[106.8833579,-6.2282506],[106.8832925,-6.2284133],[106.88319,-6.228745],[106.882749,-6.229641],[106.882585,-6.230026],[106.882529,-6.230097],[106.882513,-6.230117],[106.882467,-6.230175],[106.882436,-6.230279],[106.882383,-6.230291],[106.882234,-6.230231],[106.881916,-6.230092],[106.881759,-6.23002],[106.881647,-6.230086],[106.881499,-6.230144],[106.881429,-6.230169],[106.881425,-6.230327],[106.881409,-6.230387],[106.881364,-6.230409],[106.881229,-6.230407],[106.880934,-6.230373],[106.880802,-6.230383],[106.880697,-6.230393],[106.880476,-6.230395],[106.8803912,-6.2303917],[106.8802518,-6.2304123],[106.8801223,-6.2304184],[106.879987,-6.230412],[106.879972,-6.2304104],[106.8798144,-6.2304086],[106.8796969,-6.2304033],[106.8795838,-6.2303863],[106.8794078,-6.2303772],[106.8794066,-6.2303771],[106.8793732,-6.2303758],[106.8793624,-6.2303754],[106.8792428,-6.2303707],[106.8791162,-6.2303681],[106.8789657,-6.2303664],[106.878795,-6.230617],[106.878633,-6.230853],[106.878558,-6.231],[106.878435,-6.231255],[106.878279,-6.231588],[106.878226,-6.231697],[106.878196,-6.231762],[106.878138,-6.231856],[106.878073,-6.231957],[106.878055,-6.231976],[106.877762,-6.231994],[106.877542,-6.231978],[106.876405,-6.231974],[106.876377,-6.231811],[106.875623,-6.228635],[106.875476,-6.228038],[106.875221,-6.226868],[106.875162,-6.226528],[106.875246,-6.226051]]]},"properties":{"rw_name":"RW 06","kelurahan":"CIPINANG BESAR SELATAN","rw_key":"CIPINANG BESAR SELATAN|RW 06","event_count_all":0,"max_depth_all":null,"latest_date":null,"years_active":[],"osm_id":5801026,"rw_source":"OSM admin_level=10 (community-verified, Q3)"}},{"type":"Feature","geometry":{"type":"Polygon","coordinates":[[[106.878073,-6.231957],[106.878138,-6.231856],[106.878196,-6.231762],[106.878226,-6.231697],[106.878279,-6.231588],[106.878435,-6.231255],[106.878558,-6.231],[106.878633,-6.230853],[106.878795,-6.230617],[106.8789657,-6.2303664],[106.8791162,-6.2303681],[106.8792428,-6.2303707],[106.8793624,-6.2303754],[106.8793732,-6.2303758],[106.8794066,-6.2303771],[106.8794078,-6.2303772],[106.8795838,-6.2303863],[106.8796969,-6.2304033],[106.8798144,-6.2304086],[106.879972,-6.2304104],[106.879987,-6.230412],[106.8801223,-6.2304184],[106.8802518,-6.2304123],[106.8803912,-6.2303917],[106.880476,-6.230395],[106.880697,-6.230393],[106.880802,-6.230383],[106.880934,-6.230373],[106.881229,-6.230407],[106.881364,-6.230409],[106.881409,-6.230387],[106.881425,-6.230327],[106.881429,-6.230169],[106.881499,-6.230144],[106.881647,-6.230086],[106.881759,-6.23002],[106.881916,-6.230092],[106.882234,-6.230231],[106.882383,-6.230291],[106.882436,-6.230279],[106.882467,-6.230175],[106.882513,-6.230117],[106.882579,-6.230153],[106.882854,-6.23038],[106.883009,-6.230555],[106.883022,-6.230642],[106.883088,-6.231081],[106.883093,-6.23166],[106.88314,-6.232486],[106.883172,-6.233294],[106.883197,-6.233374],[106.883208,-6.233401],[106.883323,-6.233478],[106.883523,-6.23355],[106.883712,-6.233615],[106.883685,-6.233709],[106.883667,-6.233744],[106.883632,-6.233828],[106.883612,-6.2339],[106.883622,-6.233958],[106.883587,-6.233998],[106.883589,-6.23406],[106.8835984,-6.2341581],[106.883844,-6.234165],[106.883926,-6.234193],[106.883931,-6.234308],[106.883941,-6.234427],[106.883942,-6.234518],[106.883941,-6.234625],[106.883878,-6.234634],[106.883884,-6.234713],[106.883748,-6.234672],[106.883601,-6.234629],[106.883303,-6.234615],[106.883134,-6.234634],[106.882853,-6.234572],[106.882822,-6.234541],[106.882862,-6.234198],[106.882843,-6.234131],[106.882429,-6.234136],[106.882297,-6.23416],[106.882111,-6.23419],[106.881909,-6.234183],[106.88183,-6.234153],[106.881756,-6.233946],[106.881244,-6.233994],[106.880846,-6.234005],[106.880812,-6.234006],[106.88049,-6.234001],[106.880418,-6.233996],[106.88045,-6.233551],[106.8804586,-6.2334478],[106.8804739,-6.2332662],[106.8804121,-6.2330916],[106.880277,-6.23271],[106.8802593,-6.2326365],[106.880202,-6.232398],[106.8801462,-6.2321754],[106.8801183,-6.2320641],[106.87904,-6.232017],[106.878055,-6.231976],[106.878073,-6.231957]]]},"properties":{"rw_name":"RW 05","kelurahan":"CIPINANG BESAR SELATAN","rw_key":"CIPINANG BESAR SELATAN|RW 05","event_count_all":0,"max_depth_all":null,"latest_date":null,"years_active":[],"osm_id":5801027,"rw_source":"OSM admin_level=10 (community-verified, Q3)"}},{"type":"Feature","geometry":{"type":"Polygon","coordinates":[[[106.881244,-6.233994],[106.881756,-6.233946],[106.88183,-6.234153],[106.881909,-6.234183],[106.882111,-6.23419],[106.882297,-6.23416],[106.882429,-6.234136],[106.882843,-6.234131],[106.882862,-6.234198],[106.882822,-6.234541],[106.882853,-6.234572],[106.883134,-6.234634],[106.883303,-6.234615],[106.883601,-6.234629],[106.883748,-6.234672],[106.883884,-6.234713],[106.88388,-6.23472],[106.883766,-6.234868],[106.883631,-6.234885],[106.883488,-6.234952],[106.883517,-6.235202],[106.883572,-6.235632],[106.883813,-6.235662],[106.883944,-6.236182],[106.884147,-6.236136],[106.88425,-6.236274],[106.884314,-6.236404],[106.884381,-6.236521],[106.884408,-6.236608],[106.884406,-6.236787],[106.8844,-6.236966],[106.884367,-6.237144],[106.884314,-6.237289],[106.884297,-6.237432],[106.884287,-6.237593],[106.88427,-6.237596],[106.88425,-6.237628],[106.884225,-6.237806],[106.883259,-6.23789],[106.883247,-6.237892],[106.883232,-6.23781],[106.883176,-6.237563],[106.883162,-6.237376],[106.883051,-6.237327],[106.88291,-6.237312],[106.882642,-6.237331],[106.882572,-6.237335],[106.882541,-6.237197],[106.882493,-6.236875],[106.88202,-6.236856],[106.881883,-6.235211],[106.881825,-6.235186],[106.881734,-6.235189],[106.881545,-6.235173],[106.881505,-6.235168],[106.881483,-6.235138],[106.881459,-6.235066],[106.881433,-6.235007],[106.881354,-6.234944],[106.881273,-6.23489],[106.881237,-6.234849],[106.881178,-6.234807],[106.881116,-6.23476],[106.881099,-6.234722],[106.881072,-6.234563],[106.88104,-6.234434],[106.88094,-6.234411],[106.880826,-6.234396],[106.880822,-6.234361],[106.880827,-6.234323],[106.880832,-6.234209],[106.880838,-6.234147],[106.880845,-6.234034],[106.880844,-6.23401],[106.880846,-6.234005],[106.881244,-6.233994]]]},"properties":{"rw_name":"RW 04","kelurahan":"CIPINANG BESAR SELATAN","rw_key":"CIPINANG BESAR SELATAN|RW 04","event_count_all":0,"max_depth_all":null,"latest_date":null,"years_active":[],"osm_id":5801028,"rw_source":"OSM admin_level=10 (community-verified, Q3)"}},{"type":"Feature","geometry":{"type":"Polygon","coordinates":[[[106.88046,-6.236666],[106.8807114,-6.2366737],[106.8807086,-6.2366091],[106.8807047,-6.2364315],[106.8806737,-6.2360903],[106.880661,-6.2358486],[106.8806509,-6.2357426],[106.880632,-6.2355753],[106.8806221,-6.2354715],[106.8806147,-6.2353936],[106.8805854,-6.2352811],[106.8805528,-6.2351334],[106.8805364,-6.2350595],[106.8805105,-6.2349421],[106.8805044,-6.2349148],[106.8804913,-6.2348676],[106.8804563,-6.2347065],[106.8804408,-6.2344914],[106.880432,-6.234344],[106.8804236,-6.234253],[106.8804193,-6.2341936],[106.88042,-6.234109],[106.880419,-6.234005],[106.880418,-6.233996],[106.88049,-6.234001],[106.880812,-6.234006],[106.880846,-6.234005],[106.880844,-6.23401],[106.880845,-6.234034],[106.880838,-6.234147],[106.880832,-6.234209],[106.880827,-6.234323],[106.880822,-6.234361],[106.880826,-6.234396],[106.88094,-6.234411],[106.88104,-6.234434],[106.881072,-6.234563],[106.881099,-6.234722],[106.881116,-6.23476],[106.881178,-6.234807],[106.881237,-6.234849],[106.881273,-6.23489],[106.881354,-6.234944],[106.881433,-6.235007],[106.881459,-6.235066],[106.881483,-6.235138],[106.881505,-6.235168],[106.881545,-6.235173],[106.881734,-6.235189],[106.881825,-6.235186],[106.881883,-6.235211],[106.88202,-6.236856],[106.882493,-6.236875],[106.882541,-6.237197],[106.882572,-6.237335],[106.882642,-6.237331],[106.88291,-6.237312],[106.883051,-6.237327],[106.883162,-6.237376],[106.883176,-6.237563],[106.883232,-6.23781],[106.883247,-6.237892],[106.882944,-6.237924],[106.881991,-6.237943],[106.881992,-6.237899],[106.881407,-6.237931],[106.881411,-6.238266],[106.880874,-6.238289],[106.880739,-6.238234],[106.880734,-6.238],[106.880733,-6.23783],[106.880731,-6.237736],[106.880541,-6.23774],[106.880306,-6.23774],[106.880301,-6.237666],[106.880297,-6.237538],[106.880295,-6.237438],[106.880294,-6.23736],[106.880293,-6.237307],[106.880295,-6.237214],[106.880294,-6.237203],[106.88029,-6.237051],[106.880283,-6.236883],[106.880279,-6.236731],[106.880275,-6.236626],[106.88046,-6.236666]]]},"properties":{"rw_name":"RW 03","kelurahan":"CIPINANG BESAR SELATAN","rw_key":"CIPINANG BESAR SELATAN|RW 03","event_count_all":0,"max_depth_all":null,"latest_date":null,"years_active":[],"osm_id":5801029,"rw_source":"OSM admin_level=10 (community-verified, Q3)"}},{"type":"Feature","geometry":{"type":"Polygon","coordinates":[[[106.877542,-6.231978],[106.877762,-6.231994],[106.878055,-6.231976],[106.87904,-6.232017],[106.8801183,-6.2320641],[106.8801462,-6.2321754],[106.880202,-6.232398],[106.8802593,-6.2326365],[106.880277,-6.23271],[106.8804121,-6.2330916],[106.8804739,-6.2332662],[106.8804586,-6.2334478],[106.88045,-6.233551],[106.880418,-6.233996],[106.880419,-6.234005],[106.88042,-6.234109],[106.8804193,-6.2341936],[106.8804236,-6.234253],[106.880432,-6.234344],[106.8804408,-6.2344914],[106.8804563,-6.2347065],[106.8804913,-6.2348676],[106.8805044,-6.2349148],[106.8805105,-6.2349421],[106.8805364,-6.2350595],[106.8805528,-6.2351334],[106.8805854,-6.2352811],[106.8806147,-6.2353936],[106.8806221,-6.2354715],[106.880632,-6.2355753],[106.8806509,-6.2357426],[106.880661,-6.2358486],[106.8806737,-6.2360903],[106.8807047,-6.2364315],[106.8807086,-6.2366091],[106.8807114,-6.2366737],[106.88046,-6.236666],[106.880275,-6.236626],[106.880279,-6.236731],[106.880283,-6.236883],[106.88029,-6.237051],[106.880294,-6.237203],[106.88029,-6.237203],[106.879735,-6.237171],[106.879705,-6.237522],[106.879616,-6.237528],[106.879563,-6.237761],[106.878965,-6.2378],[106.878429,-6.237834],[106.877895,-6.237901],[106.877656,-6.23663],[106.877432,-6.235996],[106.877157,-6.234934],[106.8769514,-6.2342162],[106.876628,-6.233087],[106.876405,-6.231974],[106.877542,-6.231978]]]},"properties":{"rw_name":"RW 02","kelurahan":"CIPINANG BESAR SELATAN","rw_key":"CIPINANG BESAR SELATAN|RW 02","event_count_all":0,"max_depth_all":null,"latest_date":null,"years_active":[],"osm_id":5801030,"rw_source":"OSM admin_level=10 (community-verified, Q3)"}},{"type":"Feature","geometry":{"type":"Polygon","coordinates":[[[106.878429,-6.237834],[106.878965,-6.2378],[106.879563,-6.237761],[106.879616,-6.237528],[106.879705,-6.237522],[106.879735,-6.237171],[106.88029,-6.237203],[106.880294,-6.237203],[106.880295,-6.237214],[106.880293,-6.237307],[106.880294,-6.23736],[106.880295,-6.237438],[106.880297,-6.237538],[106.880301,-6.237666],[106.880306,-6.23774],[106.880541,-6.23774],[106.880731,-6.237736],[106.880733,-6.23783],[106.880734,-6.238],[106.880739,-6.238234],[106.880874,-6.238289],[106.881411,-6.238266],[106.881407,-6.237931],[106.881992,-6.237899],[106.881991,-6.237943],[106.882944,-6.237924],[106.883247,-6.237892],[106.883251,-6.238079],[106.883281,-6.238145],[106.88329,-6.238251],[106.883337,-6.238545],[106.88335,-6.238746],[106.883376,-6.239031],[106.883395,-6.239142],[106.883452,-6.239218],[106.8835,-6.239341],[106.8835566,-6.2396328],[106.8824285,-6.2396966],[106.8819503,-6.2397112],[106.8814405,-6.2397434],[106.8806877,-6.2397899],[106.8803476,-6.2398097],[106.8797713,-6.2398427],[106.8792242,-6.2398693],[106.8789442,-6.2398765],[106.878572,-6.239888],[106.877974,-6.239866],[106.878031,-6.239417],[106.8780337,-6.2392518],[106.878043,-6.239038],[106.878029,-6.238638],[106.877965,-6.238207],[106.877895,-6.237901],[106.878429,-6.237834]]]},"properties":{"rw_name":"RW 01","kelurahan":"CIPINANG BESAR SELATAN","rw_key":"CIPINANG BESAR SELATAN|RW 01","event_count_all":0,"max_depth_all":null,"latest_date":null,"years_active":[],"osm_id":5801031,"rw_source":"OSM admin_level=10 (community-verified, Q3)"}},{"type":"Feature","geometry":{"type":"Polygon","coordinates":[[[106.881026,-6.22127],[106.881008,-6.221169],[106.880946,-6.22096],[106.881006,-6.220808],[106.881056,-6.22067],[106.881135,-6.220577],[106.881166,-6.220515],[106.881281,-6.22055],[106.881381,-6.220643],[106.881619,-6.220728],[106.881731,-6.220723],[106.881845,-6.220692],[106.881961,-6.220594],[106.882016,-6.220509],[106.882025,-6.220395],[106.882011,-6.220308],[106.882016,-6.220177],[106.882048,-6.220083],[106.882133,-6.220034],[106.882248,-6.219976],[106.882447,-6.219993],[106.882617,-6.219975],[106.882792,-6.219944],[106.883044,-6.219957],[106.883245,-6.219903],[106.883386,-6.21988],[106.883555,-6.219969],[106.883629,-6.220073],[106.883647,-6.220083],[106.883716,-6.220126],[106.883809,-6.220113],[106.883784,-6.220406],[106.883854,-6.221634],[106.883824,-6.221631],[106.883816,-6.221623],[106.883429,-6.221582],[106.883186,-6.221649],[106.883128,-6.221676],[106.882811,-6.221649],[106.882586,-6.221617],[106.882358,-6.221625],[106.882263,-6.221603],[106.882131,-6.221564],[106.881965,-6.221524],[106.881657,-6.221485],[106.881351,-6.2214275],[106.881088,-6.221376],[106.881013,-6.22132],[106.881026,-6.22127]]]},"properties":{"rw_name":"RW 09","kelurahan":"CIPINANG BESAR SELATAN","rw_key":"CIPINANG BESAR SELATAN|RW 09","event_count_all":0,"max_depth_all":null,"latest_date":null,"years_active":[],"osm_id":5801039,"rw_source":"OSM admin_level=10 (community-verified, Q3)"}},{"type":"Feature","geometry":{"type":"Polygon","coordinates":[[[106.8806826,-6.2258897],[106.8808104,-6.2257367],[106.8812625,-6.224924],[106.8814179,-6.2246363],[106.8812049,-6.2245306],[106.8809708,-6.224466],[106.8809888,-6.2240319],[106.8809816,-6.2238644],[106.8812233,-6.2238637],[106.8812313,-6.2236],[106.881378,-6.2234127],[106.8814063,-6.2232696],[106.8814272,-6.2231637],[106.8814464,-6.2230667],[106.8814781,-6.2229587],[106.8816182,-6.2224811],[106.8812609,-6.2223437],[106.8814507,-6.2217425],[106.8813217,-6.2217088],[106.8813424,-6.2215104],[106.8813452,-6.2214833],[106.881351,-6.2214275],[106.881657,-6.221485],[106.881965,-6.221524],[106.882131,-6.221564],[106.882263,-6.221603],[106.882358,-6.221625],[106.882586,-6.221617],[106.882811,-6.221649],[106.883128,-6.221676],[106.883186,-6.221649],[106.883429,-6.221582],[106.883816,-6.221623],[106.883824,-6.221631],[106.883822,-6.221981],[106.88378,-6.222227],[106.883751,-6.222357],[106.883735,-6.222413],[106.883739,-6.222443],[106.883724,-6.222472],[106.88372,-6.222512],[106.883729,-6.222536],[106.883701,-6.222602],[106.883582,-6.22294],[106.88334,-6.22343],[106.883188,-6.223746],[106.883013,-6.224036],[106.882644,-6.224629],[106.882306,-6.225141],[106.882704,-6.225336],[106.882387,-6.225867],[106.8821947,-6.226194],[106.8820317,-6.2265013],[106.8820167,-6.2265223],[106.8809927,-6.2258923],[106.8808917,-6.2260723],[106.8805341,-6.2259207],[106.8806826,-6.2258897]]]},"properties":{"rw_name":"RW 08","kelurahan":"CIPINANG BESAR SELATAN","rw_key":"CIPINANG BESAR SELATAN|RW 08","event_count_all":0,"max_depth_all":null,"latest_date":null,"years_active":[],"osm_id":5801040,"rw_source":"OSM admin_level=10 (community-verified, Q3)"}},{"type":"Feature","geometry":{"type":"Polygon","coordinates":[[[106.865196,-6.219093],[106.86515,-6.21885],[106.865182,-6.218589],[106.8651853,-6.2184959],[106.865196,-6.218195],[106.865261,-6.218016],[106.865301,-6.217874],[106.865371,-6.217643],[106.865324,-6.217365],[106.8653349,-6.2172752],[106.8653341,-6.2172641],[106.865301,-6.216808],[106.865301,-6.216322],[106.86565,-6.216322],[106.86607,-6.215881],[106.866303,-6.215788],[106.866443,-6.215557],[106.8667679,-6.2156251],[106.866956,-6.215649],[106.867049,-6.215881],[106.867398,-6.216763],[106.867813,-6.217657],[106.868301,-6.21849],[106.868114,-6.218582],[106.867828,-6.218634],[106.867641,-6.218708],[106.867745,-6.219031],[106.866178,-6.219193],[106.865251,-6.219308],[106.865196,-6.219093]]]},"properties":{"rw_name":"RW 04","kelurahan":"BALI MESTER","rw_key":"BALI MESTER|RW 04","event_count_all":0,"max_depth_all":null,"latest_date":null,"years_active":[],"osm_id":5801309,"rw_source":"OSM admin_level=10 (community-verified, Q3)"}},{"type":"Feature","geometry":{"type":"Polygon","coordinates":[[[106.864501,-6.21655],[106.864566,-6.21682],[106.865301,-6.216808],[106.8653341,-6.2172641],[106.8653349,-6.2172752],[106.865324,-6.217365],[106.865371,-6.217643],[106.865301,-6.217874],[106.865261,-6.218016],[106.865196,-6.218195],[106.8651853,-6.2184959],[106.865182,-6.218589],[106.86515,-6.21885],[106.865196,-6.219093],[106.865251,-6.219308],[106.8648596,-6.2193429],[106.8645826,-6.2193972],[106.864425,-6.219048],[106.864262,-6.218583],[106.8642416,-6.218468],[106.86418,-6.2181374],[106.864164,-6.218064],[106.864097,-6.217592],[106.864077,-6.217447],[106.864066,-6.217375],[106.8640197,-6.2170719],[106.8640008,-6.2169485],[106.863968,-6.216734],[106.864501,-6.21655]]]},"properties":{"rw_name":"RW 05","kelurahan":"BALI MESTER","rw_key":"BALI MESTER|RW 05","event_count_all":0,"max_depth_all":null,"latest_date":null,"years_active":[],"osm_id":5801310,"rw_source":"OSM admin_level=10 (community-verified, Q3)"}},{"type":"Feature","geometry":{"type":"Polygon","coordinates":[[[106.86255,-6.211653],[106.862712,-6.211801],[106.86286,-6.211835],[106.863232,-6.212177],[106.86417,-6.212976],[106.864386,-6.213164],[106.86513,-6.213902],[106.865825,-6.214581],[106.865906,-6.214722],[106.866082,-6.215024],[106.866338,-6.215144],[106.866689,-6.215144],[106.866784,-6.215299],[106.866899,-6.2155],[106.866956,-6.215649],[106.8667679,-6.2156251],[106.866443,-6.215557],[106.866303,-6.215788],[106.86607,-6.215881],[106.86565,-6.216322],[106.865301,-6.216322],[106.865301,-6.216808],[106.864566,-6.21682],[106.864501,-6.21655],[106.863968,-6.216734],[106.8639409,-6.2165033],[106.863847,-6.2163122],[106.8637955,-6.2162318],[106.8637272,-6.2161716],[106.8636619,-6.2161004],[106.8636528,-6.2160905],[106.8636423,-6.2160791],[106.8635859,-6.2160179],[106.8635313,-6.2159558],[106.8634372,-6.2158488],[106.8634233,-6.2158358],[106.8633968,-6.215811],[106.863329,-6.2157476],[106.863252,-6.215675],[106.8630954,-6.2155261],[106.862948,-6.215386],[106.862692,-6.215158],[106.862259,-6.214789],[106.86205,-6.214547],[106.861952,-6.214415],[106.8618,-6.214211],[106.8614722,-6.213585],[106.861378,-6.2134362],[106.8613639,-6.2134248],[106.8613266,-6.2132473],[106.861179,-6.2128289],[106.8610234,-6.212511],[106.86079410852385,-6.212023956190439],[106.86085036113678,-6.2120005393216955],[106.8611484453027,-6.211876458401835],[106.86157924743297,-6.211695037074344],[106.86166971325979,-6.211663847187556],[106.86186433444252,-6.211583240240662],[106.86206158471916,-6.211532978288267],[106.86225551045118,-6.211519299250135],[106.86227394132956,-6.211517999285067],[106.8623365477368,-6.211518761680781],[106.86240559042515,-6.211519603209459],[106.86255,-6.211653]]]},"properties":{"rw_name":"RW 06","kelurahan":"BALI MESTER","rw_key":"BALI MESTER|RW 06","event_count_all":0,"max_depth_all":null,"latest_date":null,"years_active":[],"osm_id":5801311,"rw_source":"OSM admin_level=10 (community-verified, Q3)"}},{"type":"Feature","geometry":{"type":"Polygon","coordinates":[[[106.8665132,-6.2247487],[106.8666114,-6.2247446],[106.8670993,-6.2247239],[106.867379,-6.224712],[106.8677496,-6.2247013],[106.86786,-6.224686],[106.868684,-6.224717],[106.869817,-6.224687],[106.870154,-6.22468],[106.870134,-6.224987],[106.870291,-6.22543],[106.870359,-6.225783],[106.870381,-6.226192],[106.8703392,-6.2267774],[106.870088,-6.226814],[106.8694796,-6.2268372],[106.86922,-6.2268499],[106.8687694,-6.2268803],[106.8683669,-6.226921],[106.8680715,-6.2269556],[106.867885,-6.226847],[106.8677807,-6.226799],[106.867541,-6.226696],[106.867248,-6.226634],[106.86715,-6.226665],[106.867127,-6.226533],[106.867103,-6.226372],[106.867003,-6.225964],[106.866902,-6.225616],[106.866725,-6.225303],[106.866389,-6.224754],[106.8665132,-6.2247487]]]},"properties":{"rw_name":"RW 01","kelurahan":"BALI MESTER","rw_key":"BALI MESTER|RW 01","event_count_all":0,"max_depth_all":null,"latest_date":null,"years_active":[],"osm_id":5801312,"rw_source":"OSM admin_level=10 (community-verified, Q3)"}},{"type":"Feature","geometry":{"type":"Polygon","coordinates":[[[106.8675147,-6.2243934],[106.867647,-6.22408],[106.867697,-6.2240112],[106.868039,-6.2233274],[106.868071,-6.223259],[106.868071,-6.222275],[106.8680799,-6.2222585],[106.868081,-6.2217786],[106.868082,-6.221323],[106.868006,-6.219961],[106.867995,-6.219831],[106.867908,-6.219507],[106.867745,-6.219031],[106.867641,-6.218708],[106.867828,-6.218634],[106.868114,-6.218582],[106.868301,-6.21849],[106.868388,-6.218674],[106.868519,-6.218975],[106.868713,-6.219348],[106.868843,-6.219658],[106.868908,-6.220015],[106.869028,-6.220404],[106.869496,-6.222059],[106.869489,-6.222223],[106.8697408,-6.2228093],[106.8700162,-6.2238453],[106.8700211,-6.2236984],[106.870154,-6.22468],[106.869817,-6.224687],[106.868684,-6.224717],[106.86786,-6.224686],[106.8677496,-6.2247013],[106.867379,-6.224712],[106.8675147,-6.2243934]]]},"properties":{"rw_name":"RW 02","kelurahan":"BALI MESTER","rw_key":"BALI MESTER|RW 02","event_count_all":0,"max_depth_all":null,"latest_date":null,"years_active":[],"osm_id":5801313,"rw_source":"OSM admin_level=10 (community-verified, Q3)"}},{"type":"Feature","geometry":{"type":"Polygon","coordinates":[[[106.8648596,-6.2193429],[106.865251,-6.219308],[106.866178,-6.219193],[106.867745,-6.219031],[106.867908,-6.219507],[106.867995,-6.219831],[106.868006,-6.219961],[106.868082,-6.221323],[106.868081,-6.2217786],[106.8680799,-6.2222585],[106.868071,-6.222275],[106.868071,-6.223259],[106.868039,-6.2233274],[106.867697,-6.2240112],[106.867647,-6.22408],[106.8675147,-6.2243934],[106.867379,-6.224712],[106.8670993,-6.2247239],[106.8666114,-6.2247446],[106.8665132,-6.2247487],[106.866389,-6.224754],[106.866374,-6.2247101],[106.866265,-6.224383],[106.8659306,-6.2230652],[106.8658455,-6.2226841],[106.8656697,-6.2221097],[106.86545,-6.221399],[106.8652802,-6.221011],[106.8651701,-6.2207989],[106.8651306,-6.2207142],[106.8650336,-6.2204889],[106.8650017,-6.2204379],[106.8648841,-6.2201102],[106.8645982,-6.2194345],[106.8645826,-6.2193972],[106.8648596,-6.2193429]]]},"properties":{"rw_name":"RW 03","kelurahan":"BALI MESTER","rw_key":"BALI MESTER|RW 03","event_count_all":0,"max_depth_all":null,"latest_date":null,"years_active":[],"osm_id":5801314,"rw_source":"OSM admin_level=10 (community-verified, Q3)"}},{"type":"Feature","geometry":{"type":"Polygon","coordinates":[[[106.876358,-6.226085],[106.876389,-6.225996],[106.876416,-6.225758],[106.876492,-6.225445],[106.876535,-6.225357],[106.876597,-6.225277],[106.876772,-6.225196],[106.876967,-6.225109],[106.877061,-6.225034],[106.877184,-6.22494],[106.877222,-6.224842],[106.877252,-6.22478],[106.8772638,-6.2247556],[106.8772871,-6.2247072],[106.8773081,-6.2246635],[106.877402,-6.224468],[106.877419,-6.224432],[106.877408,-6.224355],[106.877377,-6.224241],[106.877391,-6.224195],[106.877407,-6.224133],[106.877383,-6.224048],[106.87739,-6.223936],[106.877402,-6.223837],[106.877415,-6.223756],[106.87743,-6.2237],[106.877448,-6.223582],[106.87746,-6.223535],[106.877525,-6.223496],[106.877678,-6.22346],[106.877783,-6.223452],[106.877848,-6.223413],[106.877963,-6.223294],[106.878168,-6.223137],[106.878312,-6.222899],[106.8783298,-6.2228708],[106.878368,-6.22281],[106.878409,-6.222767],[106.878489,-6.222766],[106.878581,-6.222751],[106.878673,-6.222783],[106.878792,-6.222812],[106.878882,-6.222897],[106.878968,-6.223032],[106.879008,-6.223161],[106.879118,-6.223341],[106.879227,-6.223342],[106.879599,-6.223373],[106.879726,-6.22337],[106.879898,-6.223334],[106.879904,-6.223218],[106.879811,-6.222972],[106.879815,-6.222926],[106.879844,-6.222837],[106.879982,-6.222767],[106.8800421,-6.2227087],[106.880463,-6.222329],[106.880878,-6.222196],[106.8809121,-6.2220846],[106.880985,-6.221762],[106.880997,-6.221512],[106.881013,-6.22132],[106.881088,-6.221376],[106.881351,-6.2214275],[106.8813452,-6.2214833],[106.8813424,-6.2215104],[106.8813217,-6.2217088],[106.8814507,-6.2217425],[106.8812609,-6.2223437],[106.8816182,-6.2224811],[106.8814781,-6.2229587],[106.8814464,-6.2230667],[106.8814272,-6.2231637],[106.8814063,-6.2232696],[106.881378,-6.2234127],[106.8812313,-6.2236],[106.8812233,-6.2238637],[106.8809816,-6.2238644],[106.8809888,-6.2240319],[106.8809708,-6.224466],[106.8812049,-6.2245306],[106.8814179,-6.2246363],[106.8812625,-6.224924],[106.8808104,-6.2257367],[106.8806826,-6.2258897],[106.8805341,-6.2259207],[106.8803698,-6.2259301],[106.8803027,-6.2260661],[106.8802464,-6.2262101],[106.8805066,-6.2263354],[106.8807251,-6.2264503],[106.880948,-6.226498],[106.88085,-6.226689],[106.880513,-6.226957],[106.880278,-6.227249],[106.879447,-6.227371],[106.879261,-6.227352],[106.878984,-6.22734],[106.87875,-6.22741],[106.878622,-6.227442],[106.87839,-6.227663],[106.878333,-6.227706],[106.878293,-6.227756],[106.877712,-6.227237],[106.877574,-6.227032],[106.877431,-6.226705],[106.87725,-6.226304],[106.877088,-6.226059],[106.876988,-6.226046],[106.876773,-6.226161],[106.876591,-6.226221],[106.87638,-6.226195],[106.876358,-6.226085]]]},"properties":{"rw_name":"RW 10","kelurahan":"CIPINANG BESAR SELATAN","rw_key":"CIPINANG BESAR SELATAN|RW 10","event_count_all":0,"max_depth_all":null,"latest_date":null,"years_active":[],"osm_id":5801542,"rw_source":"OSM admin_level=10 (community-verified, Q3)"}},{"type":"Feature","geometry":{"type":"Polygon","coordinates":[[[106.8644167,-6.2316878],[106.8647225,-6.2316842],[106.8649881,-6.2316668],[106.8651202,-6.2316581],[106.8651225,-6.2313927],[106.8651171,-6.2313491],[106.8654385,-6.2313474],[106.8654547,-6.2311424],[106.8654446,-6.2309269],[106.8653993,-6.2308294],[106.8659439,-6.2307785],[106.8659723,-6.2311097],[106.8660741,-6.2311134],[106.8663363,-6.2311054],[106.8663213,-6.2309253],[106.8664218,-6.2308993],[106.8667038,-6.23085],[106.8672428,-6.2308377],[106.8672508,-6.2311185],[106.8672565,-6.2313184],[106.8672658,-6.2314112],[106.8673026,-6.2317696],[106.8673124,-6.2318651],[106.8673566,-6.2322976],[106.867366,-6.2323894],[106.8673812,-6.2325209],[106.8673967,-6.2326546],[106.8674253,-6.2329017],[106.8669591,-6.2329364],[106.8668035,-6.2323704],[106.866601,-6.23237],[106.866098,-6.232333],[106.8660523,-6.2323297],[106.865961,-6.232323],[106.865268,-6.232443],[106.864976,-6.232208],[106.8648532,-6.2321101],[106.8647568,-6.2320434],[106.8646283,-6.231943],[106.8642145,-6.23169],[106.8644167,-6.2316878]]]},"properties":{"rw_name":"RW 04","kelurahan":"BIDARA CINA","rw_key":"BIDARA CINA|RW 04","event_count_all":0,"max_depth_all":null,"latest_date":null,"years_active":[],"osm_id":5801690,"rw_source":"OSM admin_level=10 (community-verified, Q3)"}},{"type":"Feature","geometry":{"type":"Polygon","coordinates":[[[106.866276,-6.2348163],[106.866422,-6.234675],[106.8664407,-6.2344235],[106.8663893,-6.2341338],[106.8663302,-6.2340313],[106.8659287,-6.2333353],[106.8654177,-6.2326407],[106.865268,-6.232443],[106.865961,-6.232323],[106.8660523,-6.2323297],[106.866098,-6.232333],[106.866601,-6.23237],[106.8668035,-6.2323704],[106.8669591,-6.2329364],[106.8674253,-6.2329017],[106.8674339,-6.232975],[106.8674674,-6.2332604],[106.8674732,-6.2334542],[106.8675029,-6.2337262],[106.8675374,-6.2339825],[106.8675597,-6.2340834],[106.867608,-6.2343646],[106.8678026,-6.2350245],[106.867856,-6.235143],[106.8681616,-6.2358198],[106.8684694,-6.236501],[106.8686797,-6.2370767],[106.8687354,-6.2372087],[106.8688155,-6.237399],[106.868972,-6.2379857],[106.869003,-6.2381971],[106.8685713,-6.238288],[106.8681684,-6.2383645],[106.8681054,-6.2383354],[106.8680521,-6.2382579],[106.86804,-6.2381192],[106.8679927,-6.2379561],[106.867691,-6.2379072],[106.8675847,-6.2379264],[106.8675362,-6.2379298],[106.8671284,-6.2380086],[106.86687757438185,-6.23814330727781],[106.8668575263763,-6.238093922234051],[106.86682697858275,-6.23801867484405],[106.86682657114645,-6.23801766815841],[106.86681641012407,-6.237992639263932],[106.86679643260759,-6.237943427443065],[106.86676588574032,-6.237868180040708],[106.86673533888444,-6.237792932633775],[106.8667140999225,-6.237740614087489],[106.86670479203995,-6.237717685222263],[106.86669563624822,-6.2376968832878585],[106.86668964017619,-6.237683261782962],[106.86668572992602,-6.2376743769732546],[106.86666666690935,-6.237631067821614],[106.8666659120276,-6.237629921319099],[106.86664930251253,-6.237604689255551],[106.8666201,-6.2375068],[106.866584,-6.2373857],[106.86651344174406,-6.237149074812767],[106.86650894071568,-6.237084933718475],[106.8665011774221,-6.2370524271097345],[106.86648697489082,-6.236996975131934],[106.8664605822968,-6.236930088125677],[106.86643837156642,-6.236868924955953],[106.86641616265324,-6.236807762681375],[106.86639334323783,-6.236766597897555],[106.86638469559564,-6.23675099844971],[106.86635322763618,-6.236694232408949],[106.8663212225501,-6.2366488343673705],[106.86628921837362,-6.236603436318942],[106.86624200455925,-6.236537397900151],[106.8661947916582,-6.236471358566102],[106.8661475787734,-6.236405320128275],[106.8661003649981,-6.236339281685729],[106.8660959193577,-6.23633515866888],[106.865853,-6.23596],[106.8654879,-6.2356102],[106.8652872,-6.2352697],[106.8652499,-6.2350239],[106.865339,-6.234849],[106.86549694637807,-6.234837168810631],[106.86550002528955,-6.234837766995104],[106.8655142166116,-6.234840524155047],[106.86559685556658,-6.234856579607648],[106.86567949542317,-6.234872634138433],[106.8657214690456,-6.234880789282143],[106.86576213257376,-6.234888689568475],[106.86583270541415,-6.234902793136705],[106.8659032764486,-6.23491689670076],[106.86594474506035,-6.234921233567514],[106.86597941644582,-6.234923503193163],[106.86601287980997,-6.234922189416074],[106.86604133387992,-6.234918262290097],[106.86611964791295,-6.234891192228841],[106.86616069440845,-6.234870952089458],[106.86620173999657,-6.234850711951],[106.86623287887392,-6.234829081698433],[106.866276,-6.2348163]]]},"properties":{"rw_name":"RW 05","kelurahan":"BIDARA CINA","rw_key":"BIDARA CINA|RW 05","event_count_all":1,"max_depth_all":350.0,"latest_date":"2025-03-04","years_active":[2025],"osm_id":5801691,"rw_source":"OSM admin_level=10 (community-verified, Q3)"}},{"type":"Feature","geometry":{"type":"Polygon","coordinates":[[[106.8671284,-6.2380086],[106.8675362,-6.2379298],[106.8675847,-6.2379264],[106.867691,-6.2379072],[106.8679927,-6.2379561],[106.86804,-6.2381192],[106.8680521,-6.2382579],[106.8681054,-6.2383354],[106.8681684,-6.2383645],[106.8685713,-6.238288],[106.869003,-6.2381971],[106.8690801,-6.2385655],[106.8691075,-6.2387205],[106.869142,-6.2388924],[106.8691776,-6.2390653],[106.8692513,-6.2395603],[106.8684117,-6.2396458],[106.8681741,-6.2396734],[106.8675606,-6.2397333],[106.8672864,-6.2397604],[106.867079,-6.2397783],[106.866636,-6.2398164],[106.8663907,-6.2398379],[106.8662914,-6.2398398],[106.865899,-6.2398754],[106.8658185,-6.2398775],[106.8657257,-6.2397067],[106.8656969,-6.2396336],[106.8656485,-6.2395317],[106.8655712,-6.2395059],[106.865491,-6.2394795],[106.8655188,-6.2392001],[106.8655713,-6.239197],[106.865596,-6.2389022],[106.8654384,-6.2389017],[106.8654417,-6.2388267],[106.8654582,-6.2387547],[106.8655175,-6.2384953],[106.8656166,-6.2385011],[106.8657014,-6.2385046],[106.86575174705732,-6.238097684396195],[106.8657520954324,-6.2380985613759625],[106.86576060465839,-6.238119980449505],[106.86578954916826,-6.238192840331414],[106.86580077143758,-6.238221089707974],[106.86580735893733,-6.23823767204099],[106.86581849369183,-6.238265701113311],[106.86584743822596,-6.238338561891024],[106.86586561077279,-6.238407274597907],[106.86588359257993,-6.238437647386564],[106.86591671558989,-6.238493812640644],[106.86595806370023,-6.238566928736355],[106.8659994100139,-6.238640043927468],[106.8660407572478,-6.238713160012643],[106.86608210359171,-6.238786276094177],[106.86612788861919,-6.2388470410892225],[106.86617367456164,-6.238907806073804],[106.86620430686045,-6.23894846034],[106.86621945961522,-6.238968571958446],[106.86626524467708,-6.239029336931703],[106.86629117456502,-6.239056573955858],[106.8663177338343,-6.239084470587116],[106.86633090736888,-6.239098308971314],[106.86637022210553,-6.239139606045393],[106.86641818134764,-6.239181300142768],[106.86646615117911,-6.239225984227586],[106.86652633867446,-6.239264350186606],[106.86655837193398,-6.239270924666326],[106.86659624528521,-6.239278697241601],[106.86666666556476,-6.239267139409164],[106.8667030563806,-6.239253511428376],[106.86672574373077,-6.239235106559046],[106.8667457540349,-6.239214940848402],[106.86674994606759,-6.239208727122007],[106.86675324579498,-6.239203836022713],[106.866778,-6.2391946],[106.8667992,-6.2391867],[106.8669034,-6.2390634],[106.8669368,-6.2389905],[106.8669728,-6.2386778],[106.8669353,-6.2384976],[106.86690780947498,-6.238414139311786],[106.8669089234252,-6.238386549728866],[106.86691030071525,-6.238352435709088],[106.86691243977403,-6.238299460184722],[106.8669099356851,-6.238267173651285],[106.86690501037522,-6.238226523250935],[106.86689443531196,-6.238190711101533],[106.8668923420687,-6.238183623639047],[106.86688807327775,-6.238169169622677],[106.86687757438185,-6.23814330727781],[106.8671284,-6.2380086]]]},"properties":{"rw_name":"RW 06","kelurahan":"BIDARA CINA","rw_key":"BIDARA CINA|RW 06","event_count_all":1,"max_depth_all":350.0,"latest_date":"2025-03-04","years_active":[2025],"osm_id":5801692,"rw_source":"OSM admin_level=10 (community-verified, Q3)"}},{"type":"Feature","geometry":{"type":"Polygon","coordinates":[[[106.8657014,-6.2385046],[106.8656166,-6.2385011],[106.8655175,-6.2384953],[106.8654582,-6.2387547],[106.8654417,-6.2388267],[106.8654384,-6.2389017],[106.865596,-6.2389022],[106.8655713,-6.239197],[106.8655188,-6.2392001],[106.865491,-6.2394795],[106.8655712,-6.2395059],[106.8656485,-6.2395317],[106.8656969,-6.2396336],[106.8657257,-6.2397067],[106.8658185,-6.2398775],[106.865899,-6.2398754],[106.8662914,-6.2398398],[106.8663907,-6.2398379],[106.866636,-6.2398164],[106.867079,-6.2397783],[106.8672864,-6.2397604],[106.8675606,-6.2397333],[106.8681741,-6.2396734],[106.8684117,-6.2396458],[106.8692513,-6.2395603],[106.8692559,-6.2396183],[106.8692808,-6.2400993],[106.8692994,-6.2408195],[106.8689243,-6.2407274],[106.8688131,-6.2407467],[106.868591,-6.240942],[106.8684746,-6.2409277],[106.8682267,-6.2408972],[106.8682068,-6.240895],[106.868152,-6.240888],[106.8680892,-6.2408728],[106.8679723,-6.2408407],[106.867664,-6.240755],[106.867584,-6.240603],[106.867497,-6.240546],[106.8671996,-6.2405404],[106.867019,-6.240537],[106.8667595,-6.2406362],[106.866705,-6.240657],[106.8665377,-6.2406628],[106.866386,-6.240668],[106.8663165,-6.2406532],[106.866067,-6.240591],[106.865833,-6.2405991],[106.865715,-6.240602],[106.865429,-6.24069],[106.8652167,-6.2406544],[106.864911,-6.240591],[106.864703,-6.2405413],[106.864237,-6.24044],[106.8640244,-6.2403586],[106.863688,-6.24023],[106.863449,-6.240237],[106.863147,-6.240041],[106.862881,-6.239657],[106.8630541,-6.2390461],[106.8631615,-6.238667],[106.86317585375288,-6.23861630661531],[106.86319410237651,-6.238564279637892],[106.8632187547242,-6.23850486455879],[106.86324340616126,-6.238445448579133],[106.86324333855441,-6.238426310591616],[106.86323789913715,-6.238415520535079],[106.8632525,-6.2383757],[106.8633804,-6.2380273],[106.863546,-6.237576],[106.8636904,-6.2374095],[106.863807,-6.237275],[106.864153,-6.2370205],[106.8642886,-6.2369337],[106.8645174,-6.2368627],[106.8647347,-6.2367962],[106.86475788889747,-6.236787690829845],[106.86480659497786,-6.236778659703063],[106.86488483600685,-6.236769685707274],[106.86496350912184,-6.236766138706539],[106.86503445217762,-6.236768598223282],[106.86510488563444,-6.236777443759106],[106.8651742364123,-6.236792604105891],[106.86524193937419,-6.236813954682807],[106.86529914339725,-6.236846789902156],[106.86534525594404,-6.236893968083896],[106.86536045964326,-6.23691804157331],[106.86538029087346,-6.23694944220687],[106.86538995967727,-6.236971232414788],[106.8653965363836,-6.236986050797952],[106.86540690557483,-6.237009418984467],[106.86542453717753,-6.237072627364399],[106.86544162319053,-6.23715810243898],[106.86545871011974,-6.237243578412033],[106.86547579614854,-6.237329052577538],[106.86549288309995,-6.2374145294497945],[106.86550996914775,-6.237500003610345],[106.86553096204052,-6.237571174701557],[106.86554752008784,-6.237624355292718],[106.86555514202585,-6.237648837170031],[106.8655662926538,-6.2376742107028695],[106.86558935683682,-6.23770666314979],[106.86560047006394,-6.237721205063139],[106.86560422984404,-6.237726124804987],[106.86561359480143,-6.237738379073952],[106.86562552134728,-6.23775398500612],[106.86562723966153,-6.237756232973238],[106.8656543864273,-6.2378279039519855],[106.865675419905,-6.237860723436515],[106.86569349720413,-6.237902522584951],[106.86570271566066,-6.237974257960735],[106.86573166015266,-6.238047118755134],[106.86575174705732,-6.238097684396195],[106.8657014,-6.2385046]]]},"properties":{"rw_name":"RW 07","kelurahan":"BIDARA CINA","rw_key":"BIDARA CINA|RW 07","event_count_all":13,"max_depth_all":350.0,"latest_date":"2025-08-10","years_active":[2025],"osm_id":5801693,"rw_source":"OSM admin_level=10 (community-verified, Q3)"}},{"type":"Feature","geometry":{"type":"Polygon","coordinates":[[[106.8644929,-6.2263414],[106.8643582,-6.2261645],[106.8641433,-6.2258474],[106.8640873,-6.2257762],[106.864003,-6.225669],[106.8638145,-6.2253815],[106.86379012671071,-6.2253781409469005],[106.8637858996897,-6.225369925260859],[106.86378458421304,-6.225367368437657],[106.86374494916691,-6.225288103777036],[106.86370697041573,-6.225209911012979],[106.86370623140506,-6.225208388314446],[106.86369212075788,-6.225178467238356],[106.86368736167671,-6.225168374695262],[106.86367660732037,-6.225145568310057],[106.86367290510533,-6.225137717049644],[106.86366843186266,-6.225128231088454],[106.8636598353494,-6.2251008926958935],[106.86365762517549,-6.2250938639538],[106.8636863,-6.2250721],[106.8640433,-6.2250131],[106.8643383,-6.2249644],[106.8660062,-6.224689],[106.866374,-6.2247101],[106.866389,-6.224754],[106.866725,-6.225303],[106.866902,-6.225616],[106.867003,-6.225964],[106.867103,-6.226372],[106.867127,-6.226533],[106.8662649,-6.2265867],[106.866081,-6.2265977],[106.8652464,-6.2267033],[106.86464831691542,-6.22676202441431],[106.86464822557535,-6.226761851050702],[106.86461538644019,-6.226699500023735],[106.864572861612,-6.2266266037148],[106.86452722284744,-6.226555618932417],[106.8644984460334,-6.226512304362378],[106.8644929,-6.2263414]]]},"properties":{"rw_name":"RW 01","kelurahan":"BIDARA CINA","rw_key":"BIDARA CINA|RW 01","event_count_all":0,"max_depth_all":null,"latest_date":null,"years_active":[],"osm_id":5801694,"rw_source":"OSM admin_level=10 (community-verified, Q3)"}},{"type":"Feature","geometry":{"type":"Polygon","coordinates":[[[106.8652846,-6.2269361],[106.8653971,-6.2269301],[106.8658428,-6.2268892],[106.865953,-6.22688],[106.8660925,-6.2268684],[106.8662756,-6.226852],[106.867159,-6.2267726],[106.8672035,-6.2271821],[106.8672178,-6.2274721],[106.8671387,-6.2276168],[106.8672259,-6.2277681],[106.8672322,-6.2279951],[106.867225,-6.2282665],[106.8672204,-6.2284692],[106.867217,-6.22857],[106.8672366,-6.2287321],[106.8672545,-6.2288783],[106.8671516,-6.2288828],[106.866866,-6.2289097],[106.866656,-6.228932],[106.8665511,-6.2289328],[106.8661309,-6.2289984],[106.8660701,-6.2290069],[106.865965,-6.229023],[106.8655821,-6.2289773],[106.8654193,-6.228958],[106.865301,-6.228944],[106.8649754,-6.2289034],[106.8647657,-6.2288773],[106.8648518,-6.228642],[106.8648864,-6.2285378],[106.86483665953082,-6.2284826866216525],[106.8648505072284,-6.228403327558548],[106.86485506580388,-6.228361974452657],[106.86485951754922,-6.228321583743784],[106.8648602166721,-6.228306684440271],[106.86486336833248,-6.2282394341201135],[106.8648631908568,-6.228153576336178],[106.86486305615145,-6.2280887933135824],[106.86486301157517,-6.228067717654225],[106.86486283410792,-6.227981859869728],[106.86486280026337,-6.22796536009299],[106.86486265664492,-6.227896002084966],[106.86486247918292,-6.227810143395781],[106.86486230082485,-6.227724285613635],[106.86486038168184,-6.227644389643064],[106.86485617789288,-6.227564581312743],[106.8648496933027,-6.2274849257078],[106.86484093356297,-6.227405487906913],[106.86482990613872,-6.227326334790651],[106.86481981325693,-6.227266471197355],[106.86481661938566,-6.227247529619801],[106.86480108437311,-6.227169136549658],[106.86477870833464,-6.227087752302538],[106.86475962782217,-6.227028511783934],[106.86475528759902,-6.227015036952056],[106.8652846,-6.2269361]]]},"properties":{"rw_name":"RW 02","kelurahan":"BIDARA CINA","rw_key":"BIDARA CINA|RW 02","event_count_all":0,"max_depth_all":null,"latest_date":null,"years_active":[],"osm_id":5801695,"rw_source":"OSM admin_level=10 (community-verified, Q3)"}},{"type":"Feature","geometry":{"type":"Polygon","coordinates":[[[106.863697,-6.2300676],[106.8638373,-6.229836],[106.8641025,-6.2295733],[106.86421,-6.2294723],[106.8643202,-6.2293653],[106.86442102992902,-6.229254517837343],[106.86445377028805,-6.229220233048961],[106.86447171694307,-6.229197539551961],[106.86449650243195,-6.229166198968384],[106.86449712757481,-6.229165407432565],[106.86450342707498,-6.229156495744557],[106.8645974,-6.2290374],[106.864638,-6.228986],[106.8647657,-6.2288773],[106.8649754,-6.2289034],[106.865301,-6.228944],[106.8654193,-6.228958],[106.8655821,-6.2289773],[106.865965,-6.229023],[106.8660701,-6.2290069],[106.8661309,-6.2289984],[106.8665511,-6.2289328],[106.866656,-6.228932],[106.866866,-6.2289097],[106.8671516,-6.2288828],[106.8672545,-6.2288783],[106.8672915,-6.2291856],[106.8672714,-6.2294971],[106.8672698,-6.2295731],[106.8672565,-6.2298774],[106.867159,-6.2298855],[106.8667273,-6.2299215],[106.8667083,-6.2300122],[106.86668,-6.2300137],[106.8664074,-6.230026],[106.8660639,-6.2300443],[106.8660701,-6.2301702],[106.8655125,-6.2302539],[106.8652957,-6.2302844],[106.8651704,-6.2303047],[106.8650246,-6.2303335],[106.8648995,-6.2304076],[106.8645509,-6.2304111],[106.8643516,-6.2304078],[106.8640278,-6.2304235],[106.8636434,-6.2301651],[106.863697,-6.2300676]]]},"properties":{"rw_name":"RW 03","kelurahan":"BIDARA CINA","rw_key":"BIDARA CINA|RW 03","event_count_all":10,"max_depth_all":250.0,"latest_date":"2025-08-10","years_active":[2025],"osm_id":5801696,"rw_source":"OSM admin_level=10 (community-verified, Q3)"}},{"type":"Feature","geometry":{"type":"Polygon","coordinates":[[[106.8676756,-6.2334416],[106.8683223,-6.2333982],[106.8684568,-6.2333932],[106.8687013,-6.2333783],[106.8688879,-6.233367],[106.8692387,-6.2333443],[106.8697864,-6.2332853],[106.8698027,-6.2336125],[106.8698211,-6.2340069],[106.869804,-6.234172],[106.8698059,-6.234242],[106.869846,-6.2348447],[106.869863,-6.2350118],[106.8698727,-6.2351443],[106.869941,-6.236176],[106.869981,-6.236771],[106.8699634,-6.237155],[106.869937,-6.237592],[106.8699398,-6.2378461],[106.8699491,-6.2381989],[106.8699533,-6.2383579],[106.8699568,-6.2384906],[106.86996,-6.238611],[106.8699411,-6.2388141],[106.869938,-6.2389347],[106.8699398,-6.2390248],[106.8699597,-6.239184],[106.8699777,-6.2393279],[106.8699921,-6.2394428],[106.8700023,-6.2395239],[106.8700144,-6.239621],[106.870095,-6.239977],[106.870118,-6.24004],[106.8702772,-6.240442],[106.870328,-6.240882],[106.8701024,-6.2408662],[106.869767,-6.2408193],[106.8692994,-6.2408195],[106.8692808,-6.2400993],[106.8692559,-6.2396183],[106.8692513,-6.2395603],[106.8691776,-6.2390653],[106.869142,-6.2388924],[106.8691075,-6.2387205],[106.8690801,-6.2385655],[106.869003,-6.2381971],[106.868972,-6.2379857],[106.8688155,-6.237399],[106.8687354,-6.2372087],[106.8686797,-6.2370767],[106.8684694,-6.236501],[106.8681616,-6.2358198],[106.867856,-6.235143],[106.8678026,-6.2350245],[106.867608,-6.2343646],[106.8675597,-6.2340834],[106.8675374,-6.2339825],[106.8675029,-6.2337262],[106.8674732,-6.2334542],[106.8676756,-6.2334416]]]},"properties":{"rw_name":"RW 08","kelurahan":"BIDARA CINA","rw_key":"BIDARA CINA|RW 08","event_count_all":0,"max_depth_all":null,"latest_date":null,"years_active":[],"osm_id":5801697,"rw_source":"OSM admin_level=10 (community-verified, Q3)"}},{"type":"Feature","geometry":{"type":"Polygon","coordinates":[[[106.8672458,-6.2307061],[106.8672472,-6.2303977],[106.8672528,-6.2300884],[106.8672565,-6.2298774],[106.8672698,-6.2295731],[106.8672714,-6.2294971],[106.8672915,-6.2291856],[106.867665,-6.229219],[106.868125,-6.22921],[106.8684565,-6.2291956],[106.868653,-6.229187],[106.8688062,-6.2291769],[106.8691985,-6.2291513],[106.869338,-6.229143],[106.8694203,-6.2291466],[106.8697587,-6.2291616],[106.8699518,-6.2291677],[106.8698296,-6.2298011],[106.869787,-6.230026],[106.8697607,-6.2302339],[106.869743,-6.231131],[106.86971,-6.231634],[106.869714,-6.231727],[106.8697624,-6.2326242],[106.8697654,-6.2330331],[106.8697864,-6.2332853],[106.8692387,-6.2333443],[106.8688879,-6.233367],[106.8687013,-6.2333783],[106.8684568,-6.2333932],[106.8683223,-6.2333982],[106.8676756,-6.2334416],[106.8674732,-6.2334542],[106.8674674,-6.2332604],[106.8674339,-6.232975],[106.8674253,-6.2329017],[106.8673967,-6.2326546],[106.8673812,-6.2325209],[106.867366,-6.2323894],[106.8673566,-6.2322976],[106.8673124,-6.2318651],[106.8673026,-6.2317696],[106.8672658,-6.2314112],[106.8672565,-6.2313184],[106.8672508,-6.2311185],[106.8672428,-6.2308377],[106.8672458,-6.2307061]]]},"properties":{"rw_name":"RW 09","kelurahan":"BIDARA CINA","rw_key":"BIDARA CINA|RW 09","event_count_all":0,"max_depth_all":null,"latest_date":null,"years_active":[],"osm_id":5801698,"rw_source":"OSM admin_level=10 (community-verified, Q3)"}},{"type":"Feature","geometry":{"type":"Polygon","coordinates":[[[106.877899,-6.221162],[106.878066,-6.221152],[106.878198,-6.221174],[106.878241,-6.22136],[106.87872,-6.221355],[106.879612,-6.22126],[106.879986,-6.221225],[106.880095,-6.221211],[106.880329,-6.221236],[106.880668,-6.22122],[106.880963,-6.221291],[106.881013,-6.22132],[106.880997,-6.221512],[106.880985,-6.221762],[106.8809121,-6.2220846],[106.880878,-6.222196],[106.880463,-6.222329],[106.8800421,-6.2227087],[106.879982,-6.222767],[106.879844,-6.222837],[106.879815,-6.222926],[106.879811,-6.222972],[106.879904,-6.223218],[106.879898,-6.223334],[106.879726,-6.22337],[106.879599,-6.223373],[106.879227,-6.223342],[106.879118,-6.223341],[106.879008,-6.223161],[106.878968,-6.223032],[106.878882,-6.222897],[106.878792,-6.222812],[106.878673,-6.222783],[106.878581,-6.222751],[106.878489,-6.222766],[106.878409,-6.222767],[106.878392,-6.222583],[106.87841,-6.222525],[106.878433,-6.222413],[106.878271,-6.222359],[106.877888,-6.222354],[106.877998,-6.22172],[106.877638,-6.221685],[106.877648,-6.221162],[106.877899,-6.221162]]]},"properties":{"rw_name":"RW 04","kelurahan":"CIPINANG BESAR UTARA","rw_key":"CIPINANG BESAR UTARA|RW 04","event_count_all":0,"max_depth_all":null,"latest_date":null,"years_active":[],"osm_id":5801920,"rw_source":"OSM admin_level=10 (community-verified, Q3)"}},{"type":"Feature","geometry":{"type":"Polygon","coordinates":[[[106.877638,-6.220997],[106.877606,-6.220664],[106.877603,-6.219598],[106.877675,-6.219396],[106.8778115,-6.2192509],[106.878022,-6.218824],[106.878582,-6.218872],[106.879908,-6.21903],[106.879928,-6.219194],[106.879963,-6.220019],[106.880086,-6.220609],[106.88009,-6.221102],[106.880095,-6.221211],[106.879986,-6.221225],[106.879612,-6.22126],[106.87872,-6.221355],[106.878241,-6.22136],[106.878198,-6.221174],[106.878066,-6.221152],[106.877899,-6.221162],[106.877648,-6.221162],[106.877638,-6.220997]]]},"properties":{"rw_name":"RW 05","kelurahan":"CIPINANG BESAR UTARA","rw_key":"CIPINANG BESAR UTARA|RW 05","event_count_all":0,"max_depth_all":null,"latest_date":null,"years_active":[],"osm_id":5801921,"rw_source":"OSM admin_level=10 (community-verified, Q3)"}},{"type":"Feature","geometry":{"type":"Polygon","coordinates":[[[106.87555,-6.221064],[106.875694,-6.220957],[106.8758,-6.220965],[106.875927,-6.220897],[106.875929,-6.220438],[106.875969,-6.220435],[106.875966,-6.220355],[106.876004,-6.220333],[106.8760046,-6.2202475],[106.876005,-6.220184],[106.876011,-6.22014],[106.876012,-6.220109],[106.876015,-6.22008],[106.87604,-6.219496],[106.875962,-6.219491],[106.875939,-6.219106],[106.876687,-6.219214],[106.8766854,-6.2192058],[106.8774115,-6.2192235],[106.8778115,-6.2192509],[106.877675,-6.219396],[106.877603,-6.219598],[106.877606,-6.220664],[106.877638,-6.220997],[106.877648,-6.221162],[106.877203,-6.221175],[106.87675,-6.221227],[106.875531,-6.221268],[106.87555,-6.221064]]]},"properties":{"rw_name":"RW 06","kelurahan":"CIPINANG BESAR UTARA","rw_key":"CIPINANG BESAR UTARA|RW 06","event_count_all":0,"max_depth_all":null,"latest_date":null,"years_active":[],"osm_id":5801922,"rw_source":"OSM admin_level=10 (community-verified, Q3)"}},{"type":"Feature","geometry":{"type":"Polygon","coordinates":[[[106.87479,-6.222636],[106.875034,-6.222651],[106.875063,-6.222471],[106.87558,-6.222465],[106.875605,-6.222638],[106.875593,-6.222819],[106.875591,-6.222992],[106.875745,-6.223088],[106.876001,-6.223081],[106.876182,-6.223043],[106.876345,-6.223048],[106.876331,-6.223434],[106.876549,-6.223453],[106.876747,-6.223502],[106.876958,-6.223598],[106.876822,-6.224019],[106.876971,-6.224062],[106.876936,-6.22418],[106.877046,-6.224223],[106.877067,-6.224157],[106.877239,-6.224155],[106.877391,-6.224195],[106.877377,-6.224241],[106.877408,-6.224355],[106.877419,-6.224432],[106.877402,-6.224468],[106.8773081,-6.2246635],[106.8772871,-6.2247072],[106.8772638,-6.2247556],[106.877252,-6.22478],[106.877222,-6.224842],[106.877184,-6.22494],[106.877061,-6.225034],[106.876967,-6.225109],[106.876772,-6.225196],[106.876597,-6.225277],[106.876535,-6.225357],[106.876492,-6.225445],[106.876416,-6.225758],[106.876389,-6.225996],[106.876358,-6.226085],[106.87638,-6.226195],[106.876286,-6.226195],[106.876066,-6.226187],[106.875246,-6.226051],[106.875082,-6.226023],[106.875019,-6.225515],[106.874985,-6.224417],[106.874976,-6.22418],[106.874844,-6.223685],[106.874696,-6.223205],[106.874706,-6.22264],[106.87479,-6.222636]]]},"properties":{"rw_name":"RW 01","kelurahan":"CIPINANG BESAR UTARA","rw_key":"CIPINANG BESAR UTARA|RW 01","event_count_all":0,"max_depth_all":null,"latest_date":null,"years_active":[],"osm_id":5801928,"rw_source":"OSM admin_level=10 (community-verified, Q3)"}},{"type":"Feature","geometry":{"type":"Polygon","coordinates":[[[106.874648,-6.218979],[106.874856,-6.218972],[106.874942,-6.219356],[106.874981,-6.219598],[106.875243,-6.219777],[106.875366,-6.21992],[106.875597,-6.220021],[106.875766,-6.220072],[106.876012,-6.220109],[106.876011,-6.22014],[106.876005,-6.220184],[106.8760046,-6.2202475],[106.876004,-6.220333],[106.875966,-6.220355],[106.875969,-6.220435],[106.875929,-6.220438],[106.875927,-6.220897],[106.8758,-6.220965],[106.875694,-6.220957],[106.87555,-6.221064],[106.875531,-6.221268],[106.87567,-6.22159],[106.875574,-6.221883],[106.875504,-6.222066],[106.875555,-6.222237],[106.87558,-6.222465],[106.875063,-6.222471],[106.875034,-6.222651],[106.87479,-6.222636],[106.874706,-6.22264],[106.874641,-6.221972],[106.874674,-6.221776],[106.874653,-6.221529],[106.874626,-6.221064],[106.874609,-6.220847],[106.8749624,-6.219884],[106.874378,-6.218989],[106.874396,-6.218748],[106.874648,-6.218979]]]},"properties":{"rw_name":"RW 03","kelurahan":"CIPINANG BESAR UTARA","rw_key":"CIPINANG BESAR UTARA|RW 03","event_count_all":0,"max_depth_all":null,"latest_date":null,"years_active":[],"osm_id":5801929,"rw_source":"OSM admin_level=10 (community-verified, Q3)"}},{"type":"Feature","geometry":{"type":"Polygon","coordinates":[[[106.871961,-6.245112],[106.872056,-6.244941],[106.872306,-6.24429],[106.873174,-6.243402],[106.874335,-6.242072],[106.8746,-6.241673],[106.874777,-6.241239],[106.874795,-6.240864],[106.874765,-6.240237],[106.876424,-6.240137],[106.877032,-6.240137],[106.8778299,-6.2404459],[106.877649,-6.240943],[106.8774984,-6.241469],[106.8773684,-6.2417911],[106.87724,-6.242461],[106.87716497169676,-6.243077372867839],[106.87714546859591,-6.243101909923835],[106.87697832384652,-6.243312195768786],[106.87697784172767,-6.243312805074879],[106.87692577901868,-6.243378302700841],[106.87687477411471,-6.243442472881891],[106.87681986405526,-6.243505343262543],[106.87668471101705,-6.243696838030357],[106.87644746428047,-6.243838662239265],[106.87625055902859,-6.244133539439631],[106.87623538281125,-6.244168390558557],[106.87620562544808,-6.244236726316921],[106.87593784479897,-6.244851672086741],[106.87574193541528,-6.2453015636149],[106.87568075236896,-6.245446549305266],[106.87538431792555,-6.246149004856245],[106.87529651544322,-6.246357074705489],[106.87528626423244,-6.2463802384415725],[106.8752804748966,-6.2463933185879865],[106.8752438385495,-6.246386210584814],[106.87520864975,-6.246379382225203],[106.8751742023607,-6.246372698596143],[106.8751573389726,-6.2463694269239785],[106.87511761764799,-6.246361719608121],[106.8750771178469,-6.246353861358629],[106.87489800118945,-6.246319106917678],[106.87406892341838,-6.246145634741999],[106.8731692558259,-6.245945517636245],[106.87298392977821,-6.245904294592676],[106.87181291910272,-6.245621395833429],[106.87181291899033,-6.245621395806276],[106.871961,-6.245112]]]},"properties":{"rw_name":"RW 11","kelurahan":"CIPINANG CEMPEDAK","rw_key":"CIPINANG CEMPEDAK|RW 11","event_count_all":0,"max_depth_all":null,"latest_date":null,"years_active":[],"osm_id":5801930,"rw_source":"OSM admin_level=10 (community-verified, Q3)"}},{"type":"Feature","geometry":{"type":"Polygon","coordinates":[[[106.869767,-6.243714],[106.8699107,-6.2433324],[106.870054,-6.242952],[106.870247,-6.242356],[106.870307,-6.24237],[106.872425,-6.242804],[106.873174,-6.243402],[106.872306,-6.24429],[106.872056,-6.244941],[106.871961,-6.245112],[106.87181291899033,-6.245621395806276],[106.87180315620645,-6.245619037284775],[106.87179985121695,-6.245618055383155],[106.87179712509972,-6.245617245922819],[106.87133574378329,-6.245480231361826],[106.87083333156606,-6.2453310314280825],[106.87033732340713,-6.245165960219923],[106.87033192204605,-6.245164162982906],[106.87023742157785,-6.245130252404762],[106.87019490600389,-6.245114995903766],[106.87004899604098,-6.245062637096108],[106.86985498864411,-6.244993018957641],[106.86938046420953,-6.2448091290781],[106.86937727126082,-6.244807891789833],[106.8692874895978,-6.244773099870618],[106.8692828818396,-6.244771314062308],[106.869767,-6.243714]]]},"properties":{"rw_name":"RW 10","kelurahan":"CIPINANG CEMPEDAK","rw_key":"CIPINANG CEMPEDAK|RW 10","event_count_all":0,"max_depth_all":null,"latest_date":null,"years_active":[],"osm_id":5801931,"rw_source":"OSM admin_level=10 (community-verified, Q3)"}},{"type":"Feature","geometry":{"type":"Polygon","coordinates":[[[106.8914851,-6.22853],[106.8912675,-6.2285856],[106.8912213,-6.2284712],[106.8910228,-6.2283166],[106.8906527,-6.2281593],[106.8904462,-6.2280899],[106.8903657,-6.2279326],[106.8902836,-6.2278417],[106.890077,-6.227799],[106.889628,-6.227692],[106.889573,-6.227762],[106.889425,-6.227942],[106.889229,-6.227944],[106.8891241,-6.2278924],[106.8889615,-6.2278124],[106.888918,-6.227791],[106.8887968,-6.2277556],[106.8885781,-6.2276918],[106.888565,-6.227688],[106.888054,-6.227711],[106.887482,-6.227684],[106.887272,-6.227668],[106.886703,-6.227577],[106.886001,-6.227574],[106.88561,-6.227517],[106.885394,-6.227486],[106.884876,-6.227326],[106.8844196,-6.2271819],[106.883787,-6.226988],[106.883722,-6.2269867],[106.883938,-6.226421],[106.884601,-6.224841],[106.884892,-6.224162],[106.885098,-6.223682],[106.885526,-6.222674],[106.885633,-6.222407],[106.88574,-6.222149],[106.885764,-6.222162],[106.886394,-6.222415],[106.887268,-6.222777],[106.887339,-6.22283],[106.88723,-6.223162],[106.887491,-6.223259],[106.887549,-6.22316],[106.88813,-6.223387],[106.889036,-6.223614],[106.889095,-6.223238],[106.889002,-6.222765],[106.888975,-6.222465],[106.888926,-6.222274],[106.888945,-6.222024],[106.888996,-6.221794],[106.889025,-6.221528],[106.889097,-6.221083],[106.889564,-6.221072],[106.889542,-6.220845],[106.889618,-6.22064],[106.889933,-6.219647],[106.890107,-6.21874],[106.8902656,-6.2183909],[106.890248,-6.218222],[106.8903537,-6.2176657],[106.890633,-6.217665],[106.890737,-6.217765],[106.890721,-6.217952],[106.891604,-6.218112],[106.891662,-6.21815],[106.8916604,-6.2181299],[106.89189,-6.217647],[106.8919887,-6.2173604],[106.892054,-6.217118],[106.89218,-6.216719],[106.892295,-6.216658],[106.89238,-6.2162718],[106.8930137,-6.2163728],[106.8931231,-6.2159459],[106.8938832,-6.2160813],[106.8939503,-6.2157093],[106.8940085,-6.2157207],[106.8942099,-6.2157758],[106.8942833,-6.2157846],[106.8942511,-6.2160592],[106.8950467,-6.21605],[106.8955827,-6.2160323],[106.8958514,-6.2160313],[106.8960093,-6.2160017],[106.8961254,-6.21599],[106.8961355,-6.216059],[106.896143,-6.216123],[106.89614413221106,-6.216140973850753],[106.89614045532772,-6.216183937195806],[106.89611913111193,-6.216264236040828],[106.89610308601817,-6.216306242886988],[106.89608948715892,-6.2163418450862045],[106.89605185195657,-6.2164159042220835],[106.89600664176457,-6.216485590997048],[106.8959543597598,-6.216550134183301],[106.89591382127078,-6.216629626753546],[106.89590074414343,-6.216673929410411],[106.89588855697102,-6.216715216287269],[106.89588849457165,-6.216715823068927],[106.895865,-6.21674],[106.89588156940536,-6.216899930782243],[106.89583848781744,-6.216958166897576],[106.89575890381812,-6.216973776617061],[106.89568751916593,-6.216963256256508],[106.89561620600671,-6.216952264573049],[106.89554496614757,-6.216940801560158],[106.89547380410923,-6.216928868105729],[106.89540742506382,-6.216947216063286],[106.89536428625172,-6.216967389696109],[106.895291,-6.216981],[106.89528098369959,-6.21702279879206],[106.89524643772639,-6.217056486207954],[106.89523906675984,-6.217063674321336],[106.89521649769169,-6.217139003074522],[106.89519653142492,-6.217215062983616],[106.89518341037477,-6.217273105087958],[106.89517919204008,-6.217291766260814],[106.89516449909074,-6.217369022422073],[106.89515247211106,-6.217446735558584],[106.89512920872103,-6.217520174444131],[106.89510664810501,-6.2175938314198635],[106.89508479385775,-6.217667701048044],[106.8950636477638,-6.21774177699332],[106.89504814025874,-6.217830494226099],[106.89503689220219,-6.217919851684391],[106.89502992997495,-6.218009646746236],[106.89502726909699,-6.2180996714036585],[106.89502891696662,-6.218189720390111],[106.89503406537737,-6.218222384720073],[106.89504140201676,-6.218268929671396],[106.8950454487605,-6.218279551441609],[106.89506995443192,-6.218343853572974],[106.89511334388877,-6.218411268729377],[106.89516970424769,-6.2184682686958],[106.8952366063216,-6.218512401117034],[106.89532097584734,-6.218534003936512],[106.89540418202208,-6.218559731071475],[106.89548602495323,-6.218589519045271],[106.89556630562238,-6.218623296240966],[106.89564168994933,-6.218659474296689],[106.89564483039615,-6.218660981076976],[106.89572140922253,-6.218702482917656],[106.89579585743444,-6.218747701162635],[106.8958547953591,-6.2188051664458355],[106.89590172556382,-6.218872806577593],[106.89593493704491,-6.218948148555575],[106.89595321199083,-6.21902843913338],[106.89595588305369,-6.21911074316536],[106.89596208937041,-6.219188749800206],[106.89597714527794,-6.21924811842119],[106.89597597204579,-6.219275200656872],[106.89599053994255,-6.2192853678449636],[106.89601305567822,-6.219336120380608],[106.89605636768133,-6.2194012744258815],[106.896097368573,-6.219462132159204],[106.8961121264525,-6.2194937954399725],[106.89612837204889,-6.219528650411154],[106.89614861875492,-6.219599195420521],[106.89615761190902,-6.219672039357288],[106.8961551300798,-6.219745396441973],[106.89614177689323,-6.219833413361098],[106.89612557603995,-6.2199209495558625],[106.89610654526366,-6.2200079145489395],[106.89610164644546,-6.220027273448792],[106.89608470501516,-6.220094216949102],[106.8960600766423,-6.220179763553599],[106.89603268692669,-6.220264464756594],[106.89601117184124,-6.220347720856412],[106.8959880415888,-6.220430542439695],[106.89596330508648,-6.22051289692553],[106.89593697126121,-6.220594754445257],[106.89590904903335,-6.220676083322015],[106.89589123296973,-6.220724864933807],[106.89587955094044,-6.22075685277008],[106.89584356715571,-6.2208223483902945],[106.89581144559483,-6.220889824675563],[106.89578329476518,-6.220959054298125],[106.89575920959959,-6.221029803649889],[106.89573927055294,-6.221101832845617],[106.89572235011923,-6.221178931558024],[106.8957045896778,-6.221255841609088],[106.89569928124575,-6.221277741089979],[106.89566641055953,-6.221364473227597],[106.8956605392853,-6.221374042588032],[106.895408,-6.2213788],[106.89537088158023,-6.221405749711445],[106.89534085767258,-6.221411537713596],[106.89533990329977,-6.221411957946384],[106.89527838243114,-6.2214390750346],[106.89526159823977,-6.221447816803459],[106.8952178260557,-6.221470615316864],[106.89515944465694,-6.221506025638118],[106.89512573775615,-6.221529596536213],[106.894815,-6.2216362],[106.89477877725874,-6.221659889494283],[106.89473932429355,-6.221680109622135],[106.89472510977468,-6.221687394633476],[106.8946767015903,-6.22171492844664],[106.89465938107074,-6.221724779695718],[106.89463183816146,-6.221742074321849],[106.8945953402407,-6.2217649913629405],[106.89453310898021,-6.221807953251726],[106.89449469869378,-6.221838270290134],[106.89447043842682,-6.221857419276654],[106.89441127413973,-6.221904329377398],[106.89436926933888,-6.221921149666485],[106.89436402312108,-6.2219295516595405],[106.8943486204462,-6.221954221183341],[106.89434542402338,-6.221956766950382],[106.8942830819803,-6.222006648592802],[106.89422084973641,-6.222056667266516],[106.89416658355799,-6.222105201698552],[106.89411252689924,-6.222153966835902],[106.8940917783573,-6.222172844633149],[106.89405679923605,-6.222193269823108],[106.8940073423222,-6.222222149102305],[106.89398580928022,-6.222259870155507],[106.89397854956663,-6.222276699614122],[106.89395160497747,-6.222301638375662],[106.89391864957746,-6.2223356699204135],[106.89390013979173,-6.222354785610235],[106.8938495122755,-6.22240873271374],[106.89379973593563,-6.222463466979989],[106.89375082156536,-6.22251897480842],[106.89370278266513,-6.222575241684615],[106.89365660341014,-6.222639159042907],[106.89361870071129,-6.222708314231659],[106.89358965981293,-6.222781638269093],[106.89356992840953,-6.222858000280592],[106.89355886721987,-6.222934730827979],[106.89355394023903,-6.223012099397787],[106.8935551800403,-6.223089614020954],[106.89355989865831,-6.223138838043506],[106.893558,-6.2231476],[106.8935762801139,-6.223257615075768],[106.89357673079562,-6.223291442719358],[106.89357711230532,-6.223320016663544],[106.8935768954007,-6.223322772352969],[106.8935738731918,-6.2233613519530815],[106.89357332973218,-6.223368285031689],[106.89357148428815,-6.223391848991752],[106.89357110587902,-6.223396683875967],[106.89356957485207,-6.223405617739648],[106.89356571456058,-6.223428149166462],[106.89356145777158,-6.223452987569843],[106.89356117458041,-6.223454641351617],[106.89355811874061,-6.223472478316068],[106.89354902597292,-6.223506498417324],[106.8935428137347,-6.223529735371191],[106.89353826155723,-6.223546767594111],[106.89352273808062,-6.223588937161752],[106.89351169833319,-6.223618928170167],[106.89348989890233,-6.223676456677754],[106.8934483,-6.223759],[106.8934483,-6.2237969357210465],[106.8934311785635,-6.223851367317038],[106.89341871719031,-6.223895362210124],[106.89340882625393,-6.223930283890317],[106.89339976613347,-6.22396989055183],[106.8933907051155,-6.224009499025035],[106.8933822081924,-6.22409031703762],[106.89338322591225,-6.224156269427355],[106.89338346141845,-6.224171572944436],[106.89338695940702,-6.224197220768555],[106.8933921971347,-6.224235630604132],[106.89339444160916,-6.224252089638163],[106.89339625569838,-6.224259123662172],[106.89341379744394,-6.224327154166438],[106.89341454660989,-6.224335780582208],[106.89341957490508,-6.224393660897399],[106.89342050686443,-6.224404386068246],[106.89341897256091,-6.224423756421368],[106.8934182196947,-6.224433267951999],[106.89341451397858,-6.224480064162434],[106.8932585,-6.2248036],[106.89326756422764,-6.224898477896784],[106.8932672097654,-6.224901228711124],[106.89327511462434,-6.224974961831976],[106.89332326521448,-6.225026502252907],[106.89335823041606,-6.2250601491341335],[106.89336736994963,-6.225068945266646],[106.89342743586208,-6.22512153693778],[106.89342837835862,-6.225126878826502],[106.89343536872418,-6.2251665065736415],[106.89344050351075,-6.225195615677818],[106.8934271437657,-6.225238377925929],[106.89342360065729,-6.225246909531807],[106.8931063,-6.2254517],[106.89307828885863,-6.225563022305085],[106.89305048226417,-6.225625304743619],[106.89303801575484,-6.225656271019872],[106.89301910241781,-6.225703253738523],[106.8929906430082,-6.225782317008016],[106.89296514159412,-6.22586238592085],[106.89295410696583,-6.225908953409128],[106.89294764444739,-6.225936229153903],[106.89293208759932,-6.2260081983804945],[106.8929316103285,-6.226010404383854],[106.89291704907926,-6.226084884451193],[106.89291050889717,-6.226122260614548],[106.89290396781794,-6.226159638589561],[106.89289237004908,-6.226234636045616],[106.89288131406978,-6.226305260949707],[106.89287301594693,-6.22633766070822],[106.89286357910552,-6.226374510204149],[106.89283932822578,-6.226441751230729],[106.89279951609913,-6.226501289656124],[106.8927521108539,-6.22655496936979],[106.89271883736177,-6.226583764399161],[106.89270088837408,-6.226599297883727],[106.8921105,-6.2266861],[106.89208540001383,-6.226700778354486],[106.89205362657577,-6.226709411333255],[106.89197869982054,-6.22674232756805],[106.89193029178364,-6.226772846774721],[106.89190946641318,-6.22678597722002],[106.89189826834424,-6.226797014421086],[106.89186533729931,-6.226829470000404],[106.8918369,-6.2268461],[106.8916178,-6.227144],[106.8914667,-6.227214],[106.8914497415306,-6.227283436252659],[106.89143775008912,-6.227296673785907],[106.89140116264291,-6.22736312541858],[106.89139012206671,-6.227442901100934],[106.89138164581973,-6.2275229921774296],[106.89137985824509,-6.2275473425544865],[106.89137574805464,-6.227603313607979],[106.89137243028829,-6.227683784014265],[106.89135471124233,-6.227727755284995],[106.89133940964655,-6.227761803090531],[106.89133676541289,-6.227767686767299],[106.89132382472104,-6.227795196410358],[106.89130808259104,-6.227872507086343],[106.89130864843017,-6.22793744220122],[106.89130876887418,-6.227951401691073],[106.89130943558403,-6.227954411895457],[106.89132251690596,-6.228013381833697],[106.89132585405119,-6.22802842741749],[106.89137601010023,-6.2280921883839815],[106.89143322800376,-6.228149684553606],[106.89149673610967,-6.228200139322134],[106.89156567184034,-6.228242867729952],[106.89161902402321,-6.228275713698489],[106.8916399897698,-6.2282989960694515],[106.89166095822873,-6.228322278429282],[106.89168807465045,-6.228378784866376],[106.89168332730297,-6.228455242528342],[106.8914851,-6.22853]]]},"properties":{"rw_name":"RW 03","kelurahan":"CIPINANG MUARA","rw_key":"CIPINANG MUARA|RW 03","event_count_all":0,"max_depth_all":null,"latest_date":null,"years_active":[],"osm_id":5802056,"rw_source":"OSM admin_level=10 (community-verified, Q3)"}},{"type":"Feature","geometry":{"type":"Polygon","coordinates":[[[106.864744,-6.2226356],[106.8650245,-6.2224198],[106.8650084,-6.222359],[106.8651441,-6.2223018],[106.8656697,-6.2221097],[106.8658455,-6.2226841],[106.8659306,-6.2230652],[106.8653829,-6.2233591],[106.8651567,-6.223118],[106.86510405076345,-6.223056456191487],[106.86509154327715,-6.223039695658151],[106.86507703957692,-6.223020259671233],[106.8650234448005,-6.222952282140626],[106.86496806442022,-6.222885753032258],[106.86494631308075,-6.222860990953559],[106.86491093745158,-6.222820719223686],[106.86485210471699,-6.222757227586101],[106.86481960733795,-6.2227239730973976],[106.864744,-6.2226356]]]},"properties":{"rw_name":"RW 09","kelurahan":"KAMPUNG MELAYU","rw_key":"KAMPUNG MELAYU|RW 09","event_count_all":0,"max_depth_all":null,"latest_date":null,"years_active":[],"osm_id":7237565,"rw_source":"OSM admin_level=10 (community-verified, Q3)"}}]}