rn,tahun,nama_provinsi,nama_kota,nama_kecamatan,nama_kelurahan,jenis_disabilitas,jenis_kelamin,jumlah,periode_data
1,2015,DKI Jakarta,JAKARTA UTARA,TANJUNG PRIOK,SUNGAI BAMBU,Cacat Lainnya,Laki-laki,2,2015
2,2015,DKI Jakarta,JAKARTA UTARA,TANJUNG PRIOK,KEBON BAWANG,Cacat Fisik,Laki-laki,7,2015
3,2015,DKI Jakarta,JAKARTA UTARA,TANJUNG PRIOK,KEBON BAWANG,Cacat Netra/Buta,Laki-laki,1,2015
4,2015,DKI Jakarta,JAKARTA UTARA,TANJUNG PRIOK,KEBON BAWANG,Cacat Rungu/Wicara,Laki-laki,1,2015
5,2015,DKI Jakarta,JAKARTA UTARA,TANJUNG PRIOK,KEBON BAWANG,Cacat Mental/Jiwa,Laki-laki,1,2015
6,2015,DKI Jakarta,JAKARTA UTARA,TANJUNG PRIOK,KEBON BAWANG,Cacat Fisik dan Mental,Laki-laki,0,2015
7,2015,DKI Jakarta,JAKARTA UTARA,TANJUNG PRIOK,KEBON BAWANG,Cacat Lainnya,Laki-laki,0,2015
8,2015,DKI Jakarta,JAKARTA UTARA,TANJUNG PRIOK,SUNTER AGUNG,Cacat Rungu/Wicara,Laki-laki,1,2015
9,2015,DKI Jakarta,JAKARTA UTARA,TANJUNG PRIOK,SUNTER AGUNG,Cacat Mental/Jiwa,Laki-laki,1,2015
10,2015,DKI Jakarta,JAKARTA UTARA,TANJUNG PRIOK,SUNTER AGUNG,Cacat Fisik dan Mental,Laki-laki,1,2015
11,2015,DKI Jakarta,JAKARTA UTARA,TANJUNG PRIOK,SUNTER AGUNG,Cacat Lainnya,Laki-laki,1,2015
12,2015,DKI Jakarta,JAKARTA UTARA,TANJUNG PRIOK,WARAKAS,Cacat Lainnya,Laki-laki,1,2015
13,2015,DKI Jakarta,JAKARTA UTARA,KOJA,KOJA,Cacat Mental/Jiwa,Laki-laki,2,2015
14,2015,DKI Jakarta,JAKARTA UTARA,KOJA,KOJA,Cacat Lainnya,Laki-laki,1,2015
15,2015,DKI Jakarta,JAKARTA UTARA,KOJA,TUGU UTARA,Cacat Fisik,Laki-laki,2,2015
16,2015,DKI Jakarta,JAKARTA UTARA,KOJA,TUGU UTARA,Cacat Netra/Buta,Laki-laki,0,2015
17,2015,DKI Jakarta,JAKARTA UTARA,KOJA,TUGU UTARA,Cacat Mental/Jiwa,Laki-laki,1,2015
18,2015,DKI Jakarta,JAKARTA UTARA,KOJA,TUGU UTARA,Cacat Lainnya,Laki-laki,0,2015
19,2015,DKI Jakarta,JAKARTA UTARA,KOJA,LAGOA,Cacat Fisik,Laki-laki,1,2015
20,2015,DKI Jakarta,JAKARTA UTARA,KOJA,LAGOA,Cacat Rungu/Wicara,Laki-laki,1,2015
21,2015,DKI Jakarta,JAKARTA UTARA,KOJA,LAGOA,Cacat Mental/Jiwa,Laki-laki,1,2015
22,2015,DKI Jakarta,JAKARTA UTARA,KOJA,LAGOA,Cacat Fisik dan Mental,Laki-laki,0,2015
23,2015,DKI Jakarta,JAKARTA UTARA,KOJA,RAWA BADAK UTARA,Cacat Lainnya,Laki-laki,0,2015
24,2015,DKI Jakarta,JAKARTA UTARA,KOJA,TUGU SELATAN,Cacat Fisik,Laki-laki,14,2015
25,2015,DKI Jakarta,JAKARTA UTARA,KOJA,TUGU SELATAN,Cacat Lainnya,Laki-laki,3,2015
26,2015,DKI Jakarta,JAKARTA UTARA,KOJA,RAWA BADAK SELATAN,Cacat Fisik,Laki-laki,0,2015
27,2015,DKI Jakarta,JAKARTA UTARA,KOJA,RAWA BADAK SELATAN,Cacat Rungu/Wicara,Laki-laki,3,2015
28,2015,DKI Jakarta,JAKARTA UTARA,KOJA,RAWA BADAK SELATAN,Cacat Fisik dan Mental,Laki-laki,0,2015
29,2015,DKI Jakarta,JAKARTA UTARA,KOJA,RAWA BADAK SELATAN,Cacat Lainnya,Laki-laki,71,2015
30,2015,DKI Jakarta,JAKARTA UTARA,CILINCING,CILINCING,Cacat Fisik,Laki-laki,1,2015
31,2015,DKI Jakarta,JAKARTA UTARA,CILINCING,CILINCING,Cacat Lainnya,Laki-laki,5,2015
32,2015,DKI Jakarta,JAKARTA UTARA,CILINCING,SUKAPURA,Cacat Fisik,Laki-laki,0,2015
33,2015,DKI Jakarta,JAKARTA UTARA,CILINCING,SUKAPURA,Cacat Lainnya,Laki-laki,2,2015
34,2015,DKI Jakarta,JAKARTA UTARA,CILINCING,MARUNDA,Cacat Fisik,Laki-laki,1,2015
35,2015,DKI Jakarta,JAKARTA UTARA,CILINCING,MARUNDA,Cacat Rungu/Wicara,Laki-laki,1,2015
36,2015,DKI Jakarta,JAKARTA UTARA,CILINCING,MARUNDA,Cacat Fisik dan Mental,Laki-laki,1,2015
37,2015,DKI Jakarta,JAKARTA UTARA,CILINCING,MARUNDA,Cacat Lainnya,Laki-laki,1,2015
38,2015,DKI Jakarta,JAKARTA UTARA,CILINCING,KALI BARU,Cacat Fisik,Laki-laki,1,2015
39,2015,DKI Jakarta,JAKARTA UTARA,CILINCING,KALI BARU,Cacat Lainnya,Laki-laki,3,2015
40,2015,DKI Jakarta,JAKARTA UTARA,CILINCING,SEMPER TIMUR,Cacat Lainnya,Laki-laki,0,2015
41,2015,DKI Jakarta,JAKARTA UTARA,CILINCING,ROROTAN,Cacat Fisik,Laki-laki,4,2015
42,2015,DKI Jakarta,JAKARTA UTARA,CILINCING,ROROTAN,Cacat Netra/Buta,Laki-laki,0,2015
43,2015,DKI Jakarta,JAKARTA UTARA,CILINCING,ROROTAN,Cacat Rungu/Wicara,Laki-laki,1,2015
44,2015,DKI Jakarta,JAKARTA UTARA,CILINCING,ROROTAN,Cacat Mental/Jiwa,Laki-laki,0,2015
45,2015,DKI Jakarta,JAKARTA UTARA,CILINCING,ROROTAN,Cacat Lainnya,Laki-laki,0,2015
46,2015,DKI Jakarta,JAKARTA UTARA,CILINCING,SEMPER BARAT,Cacat Lainnya,Laki-laki,3,2015
47,2015,DKI Jakarta,JAKARTA UTARA,PADEMANGAN,PADEMANGAN TIMUR,Cacat Fisik,Laki-laki,4,2015
48,2015,DKI Jakarta,JAKARTA UTARA,PADEMANGAN,PADEMANGAN TIMUR,Cacat Netra/Buta,Laki-laki,1,2015
49,2015,DKI Jakarta,JAKARTA UTARA,PADEMANGAN,PADEMANGAN TIMUR,Cacat Rungu/Wicara,Laki-laki,2,2015
50,2015,DKI Jakarta,JAKARTA UTARA,PADEMANGAN,PADEMANGAN TIMUR,Cacat Mental/Jiwa,Laki-laki,1,2015
51,2015,DKI Jakarta,JAKARTA UTARA,PADEMANGAN,PADEMANGAN TIMUR,Cacat Fisik dan Mental,Laki-laki,1,2015
52,2015,DKI Jakarta,JAKARTA UTARA,PADEMANGAN,PADEMANGAN TIMUR,Cacat Lainnya,Laki-laki,4,2015
53,2015,DKI Jakarta,JAKARTA UTARA,PADEMANGAN,PADEMANGAN BARAT,Cacat Fisik,Laki-laki,1,2015
54,2015,DKI Jakarta,JAKARTA UTARA,PADEMANGAN,PADEMANGAN BARAT,Cacat Mental/Jiwa,Laki-laki,0,2015
55,2015,DKI Jakarta,JAKARTA UTARA,PADEMANGAN,PADEMANGAN BARAT,Cacat Lainnya,Laki-laki,2,2015
56,2015,DKI Jakarta,JAKARTA UTARA,PADEMANGAN,ANCOL,Cacat Fisik,Laki-laki,3,2015
57,2015,DKI Jakarta,JAKARTA UTARA,PADEMANGAN,ANCOL,Cacat Netra/Buta,Laki-laki,2,2015
58,2015,DKI Jakarta,JAKARTA UTARA,PADEMANGAN,ANCOL,Cacat Mental/Jiwa,Laki-laki,2,2015
59,2015,DKI Jakarta,JAKARTA UTARA,PADEMANGAN,ANCOL,Cacat Fisik dan Mental,Laki-laki,0,2015
60,2015,DKI Jakarta,JAKARTA UTARA,PADEMANGAN,ANCOL,Cacat Lainnya,Laki-laki,1,2015
61,2015,DKI Jakarta,JAKARTA UTARA,KELAPA GADING,KELAPA GADING TIMUR,Cacat Fisik,Laki-laki,1,2015
62,2015,DKI Jakarta,JAKARTA UTARA,KELAPA GADING,KELAPA GADING TIMUR,Cacat Mental/Jiwa,Laki-laki,0,2015
63,2015,DKI Jakarta,JAKARTA UTARA,KELAPA GADING,KELAPA GADING TIMUR,Cacat Lainnya,Laki-laki,1,2015
64,2015,DKI Jakarta,JAKARTA UTARA,KELAPA GADING,PEGANGSAAN DUA,Cacat Lainnya,Laki-laki,0,2015
65,2015,DKI Jakarta,JAKARTA UTARA,KELAPA GADING,KELAPA GADING BARAT,Cacat Mental/Jiwa,Laki-laki,1,2015
66,2015,DKI Jakarta,JAKARTA UTARA,KELAPA GADING,KELAPA GADING BARAT,Cacat Fisik dan Mental,Laki-laki,1,2015
67,2015,DKI Jakarta,JAKARTA BARAT,CENGKARENG,CENGKARENG BARAT,Cacat Fisik,Laki-laki,1,2015
68,2015,DKI Jakarta,JAKARTA BARAT,CENGKARENG,CENGKARENG BARAT,Cacat Netra/Buta,Laki-laki,1,2015
69,2015,DKI Jakarta,JAKARTA BARAT,CENGKARENG,CENGKARENG BARAT,Cacat Rungu/Wicara,Laki-laki,4,2015
70,2015,DKI Jakarta,JAKARTA BARAT,CENGKARENG,CENGKARENG BARAT,Cacat Mental/Jiwa,Laki-laki,461,2015
71,2015,DKI Jakarta,JAKARTA BARAT,CENGKARENG,CENGKARENG BARAT,Cacat Fisik dan Mental,Laki-laki,1,2015
72,2015,DKI Jakarta,JAKARTA BARAT,CENGKARENG,CENGKARENG BARAT,Cacat Lainnya,Laki-laki,1,2015
73,2015,DKI Jakarta,JAKARTA BARAT,CENGKARENG,DURI KOSAMBI,Cacat Fisik,Laki-laki,5,2015
74,2015,DKI Jakarta,JAKARTA BARAT,CENGKARENG,DURI KOSAMBI,Cacat Netra/Buta,Laki-laki,0,2015
75,2015,DKI Jakarta,JAKARTA BARAT,CENGKARENG,DURI KOSAMBI,Cacat Rungu/Wicara,Laki-laki,1,2015
76,2015,DKI Jakarta,JAKARTA BARAT,CENGKARENG,DURI KOSAMBI,Cacat Lainnya,Laki-laki,8,2015
77,2015,DKI Jakarta,JAKARTA BARAT,CENGKARENG,RAWA BUAYA,Cacat Fisik,Laki-laki,3,2015
78,2015,DKI Jakarta,JAKARTA BARAT,CENGKARENG,RAWA BUAYA,Cacat Rungu/Wicara,Laki-laki,2,2015
79,2015,DKI Jakarta,JAKARTA BARAT,CENGKARENG,RAWA BUAYA,Cacat Mental/Jiwa,Laki-laki,1,2015
80,2015,DKI Jakarta,JAKARTA BARAT,CENGKARENG,RAWA BUAYA,Cacat Fisik dan Mental,Laki-laki,1,2015
81,2015,DKI Jakarta,JAKARTA BARAT,CENGKARENG,RAWA BUAYA,Cacat Lainnya,Laki-laki,3,2015
82,2015,DKI Jakarta,JAKARTA BARAT,CENGKARENG,KEDAUNG KALI ANGKE,Cacat Fisik,Laki-laki,0,2015
83,2015,DKI Jakarta,JAKARTA BARAT,CENGKARENG,KEDAUNG KALI ANGKE,Cacat Rungu/Wicara,Laki-laki,1,2015
84,2015,DKI Jakarta,JAKARTA BARAT,CENGKARENG,KEDAUNG KALI ANGKE,Cacat Lainnya,Laki-laki,1,2015
85,2015,DKI Jakarta,JAKARTA BARAT,CENGKARENG,KAPUK,Cacat Fisik,Laki-laki,16,2015
86,2015,DKI Jakarta,JAKARTA PUSAT,GAMBIR,GAMBIR,Cacat Fisik dan Mental,Laki-laki,1,2015
87,2015,DKI Jakarta,JAKARTA PUSAT,GAMBIR,CIDENG,Cacat Fisik,Laki-laki,0,2015
88,2015,DKI Jakarta,JAKARTA PUSAT,GAMBIR,CIDENG,Cacat Netra/Buta,Laki-laki,2,2015
89,2015,DKI Jakarta,JAKARTA PUSAT,GAMBIR,CIDENG,Cacat Mental/Jiwa,Laki-laki,2,2015
90,2015,DKI Jakarta,JAKARTA PUSAT,GAMBIR,CIDENG,Cacat Fisik dan Mental,Laki-laki,1,2015
91,2015,DKI Jakarta,JAKARTA PUSAT,GAMBIR,CIDENG,Cacat Lainnya,Laki-laki,0,2015
92,2015,DKI Jakarta,JAKARTA PUSAT,GAMBIR,PETOJO UTARA,Cacat Fisik,Laki-laki,1,2015
93,2015,DKI Jakarta,JAKARTA PUSAT,GAMBIR,PETOJO UTARA,Cacat Mental/Jiwa,Laki-laki,0,2015
94,2015,DKI Jakarta,JAKARTA PUSAT,GAMBIR,PETOJO UTARA,Cacat Lainnya,Laki-laki,1,2015
95,2015,DKI Jakarta,JAKARTA PUSAT,GAMBIR,PETOJO SELATAN,Cacat Rungu/Wicara,Laki-laki,1,2015
96,2015,DKI Jakarta,JAKARTA PUSAT,GAMBIR,PETOJO SELATAN,Cacat Fisik dan Mental,Laki-laki,1,2015
97,2015,DKI Jakarta,JAKARTA PUSAT,GAMBIR,PETOJO SELATAN,Cacat Lainnya,Laki-laki,1,2015
98,2015,DKI Jakarta,JAKARTA PUSAT,GAMBIR,KEBON KELAPA,Cacat Mental/Jiwa,Laki-laki,0,2015
99,2015,DKI Jakarta,JAKARTA PUSAT,GAMBIR,DURI PULO,Cacat Mental/Jiwa,Laki-laki,0,2015
100,2015,DKI Jakarta,JAKARTA PUSAT,SAWAH BESAR,PASAR BARU,Cacat Fisik,Laki-laki,1,2015
101,2015,DKI Jakarta,JAKARTA PUSAT,SAWAH BESAR,PASAR BARU,Cacat Lainnya,Laki-laki,1,2015
102,2015,DKI Jakarta,JAKARTA PUSAT,SAWAH BESAR,KARANG ANYAR,Cacat Mental/Jiwa,Laki-laki,0,2015
103,2015,DKI Jakarta,JAKARTA PUSAT,SAWAH BESAR,KARTINI,Cacat Fisik,Laki-laki,1,2015
104,2015,DKI Jakarta,JAKARTA PUSAT,SAWAH BESAR,GUNUNG SAHARI UTARA,Cacat Fisik,Laki-laki,2,2015
105,2015,DKI Jakarta,JAKARTA PUSAT,SAWAH BESAR,MANGGA DUA SELATAN,Cacat Fisik,Laki-laki,1,2015
106,2015,DKI Jakarta,JAKARTA PUSAT,KEMAYORAN,KEMAYORAN,Cacat Fisik,Laki-laki,1,2015
107,2015,DKI Jakarta,JAKARTA PUSAT,KEMAYORAN,KEMAYORAN,Cacat Lainnya,Laki-laki,1,2015
108,2015,DKI Jakarta,JAKARTA PUSAT,KEMAYORAN,KEBON KOSONG,Cacat Fisik,Laki-laki,1,2015
109,2015,DKI Jakarta,JAKARTA PUSAT,KEMAYORAN,KEBON KOSONG,Cacat Mental/Jiwa,Laki-laki,0,2015
110,2015,DKI Jakarta,JAKARTA PUSAT,KEMAYORAN,KEBON KOSONG,Cacat Lainnya,Laki-laki,1,2015
111,2015,DKI Jakarta,JAKARTA PUSAT,KEMAYORAN,HARAPAN MULIA,Cacat Fisik,Laki-laki,2,2015
112,2015,DKI Jakarta,JAKARTA PUSAT,KEMAYORAN,HARAPAN MULIA,Cacat Netra/Buta,Laki-laki,0,2015
113,2015,DKI Jakarta,JAKARTA PUSAT,KEMAYORAN,HARAPAN MULIA,Cacat Rungu/Wicara,Laki-laki,2,2015
114,2015,DKI Jakarta,JAKARTA PUSAT,KEMAYORAN,HARAPAN MULIA,Cacat Mental/Jiwa,Laki-laki,1,2015
115,2015,DKI Jakarta,JAKARTA PUSAT,KEMAYORAN,HARAPAN MULIA,Cacat Fisik dan Mental,Laki-laki,0,2015
116,2015,DKI Jakarta,JAKARTA PUSAT,KEMAYORAN,HARAPAN MULIA,Cacat Lainnya,Laki-laki,3,2015
117,2015,DKI Jakarta,JAKARTA PUSAT,KEMAYORAN,SERDANG,Cacat Fisik,Laki-laki,1,2015
118,2015,DKI Jakarta,JAKARTA PUSAT,KEMAYORAN,SERDANG,Cacat Mental/Jiwa,Laki-laki,0,2015
119,2015,DKI Jakarta,JAKARTA PUSAT,KEMAYORAN,GUNUNG SAHARI SELATAN,Cacat Fisik,Laki-laki,5,2015
120,2015,DKI Jakarta,JAKARTA PUSAT,KEMAYORAN,GUNUNG SAHARI SELATAN,Cacat Netra/Buta,Laki-laki,1,2015
121,2015,DKI Jakarta,JAKARTA PUSAT,KEMAYORAN,GUNUNG SAHARI SELATAN,Cacat Rungu/Wicara,Laki-laki,1,2015
122,2015,DKI Jakarta,JAKARTA PUSAT,KEMAYORAN,GUNUNG SAHARI SELATAN,Cacat Mental/Jiwa,Laki-laki,7,2015
123,2015,DKI Jakarta,JAKARTA PUSAT,KEMAYORAN,GUNUNG SAHARI SELATAN,Cacat Fisik dan Mental,Laki-laki,1,2015
124,2015,DKI Jakarta,JAKARTA PUSAT,KEMAYORAN,GUNUNG SAHARI SELATAN,Cacat Lainnya,Laki-laki,1,2015
125,2015,DKI Jakarta,JAKARTA PUSAT,KEMAYORAN,CEMPAKA BARU,Cacat Fisik,Laki-laki,3,2015
126,2015,DKI Jakarta,JAKARTA PUSAT,KEMAYORAN,CEMPAKA BARU,Cacat Netra/Buta,Laki-laki,1,2015
127,2015,DKI Jakarta,JAKARTA PUSAT,KEMAYORAN,CEMPAKA BARU,Cacat Mental/Jiwa,Laki-laki,1,2015
128,2015,DKI Jakarta,JAKARTA PUSAT,KEMAYORAN,CEMPAKA BARU,Cacat Fisik dan Mental,Laki-laki,1,2015
129,2015,DKI Jakarta,JAKARTA PUSAT,KEMAYORAN,CEMPAKA BARU,Cacat Lainnya,Laki-laki,4,2015
130,2015,DKI Jakarta,JAKARTA PUSAT,KEMAYORAN,SUMUR BATU,Cacat Fisik,Laki-laki,1,2015
131,2015,DKI Jakarta,JAKARTA PUSAT,KEMAYORAN,SUMUR BATU,Cacat Fisik dan Mental,Laki-laki,1,2015
132,2015,DKI Jakarta,JAKARTA PUSAT,KEMAYORAN,SUMUR BATU,Cacat Lainnya,Laki-laki,0,2015
133,2015,DKI Jakarta,JAKARTA PUSAT,KEMAYORAN,UTAN PANJANG,Cacat Fisik dan Mental,Laki-laki,0,2015
134,2015,DKI Jakarta,JAKARTA PUSAT,SENEN,SENEN,Cacat Mental/Jiwa,Laki-laki,1,2015
135,2015,DKI Jakarta,JAKARTA PUSAT,SENEN,PASEBAN,Cacat Lainnya,Laki-laki,1,2015
136,2015,DKI Jakarta,JAKARTA PUSAT,SENEN,KRAMAT,Cacat Fisik,Laki-laki,5,2015
137,2015,DKI Jakarta,JAKARTA PUSAT,SENEN,KRAMAT,Cacat Rungu/Wicara,Laki-laki,1,2015
138,2015,DKI Jakarta,JAKARTA PUSAT,SENEN,KRAMAT,Cacat Mental/Jiwa,Laki-laki,1,2015
139,2015,DKI Jakarta,JAKARTA PUSAT,SENEN,KRAMAT,Cacat Lainnya,Laki-laki,1,2015
140,2015,DKI Jakarta,JAKARTA PUSAT,SENEN,KWITANG,Cacat Fisik,Laki-laki,0,2015
141,2015,DKI Jakarta,JAKARTA PUSAT,SENEN,KWITANG,Cacat Mental/Jiwa,Laki-laki,1,2015
142,2015,DKI Jakarta,JAKARTA PUSAT,SENEN,KWITANG,Cacat Lainnya,Laki-laki,1,2015
143,2015,DKI Jakarta,JAKARTA PUSAT,SENEN,BUNGUR,Cacat Fisik,Laki-laki,2,2015
144,2015,DKI Jakarta,JAKARTA PUSAT,SENEN,BUNGUR,Cacat Rungu/Wicara,Laki-laki,0,2015
145,2015,DKI Jakarta,JAKARTA PUSAT,SENEN,BUNGUR,Cacat Lainnya,Laki-laki,1,2015
146,2015,DKI Jakarta,JAKARTA PUSAT,CEMPAKA PUTIH,CEMPAKA PUTIH TIMUR,Cacat Fisik dan Mental,Laki-laki,0,2015
147,2015,DKI Jakarta,JAKARTA PUSAT,CEMPAKA PUTIH,CEMPAKA PUTIH BARAT,Cacat Fisik,Laki-laki,1,2015
148,2015,DKI Jakarta,JAKARTA PUSAT,CEMPAKA PUTIH,CEMPAKA PUTIH BARAT,Cacat Mental/Jiwa,Laki-laki,1,2015
149,2015,DKI Jakarta,JAKARTA PUSAT,CEMPAKA PUTIH,RAWASARI,Cacat Fisik,Laki-laki,0,2015
150,2015,DKI Jakarta,JAKARTA PUSAT,CEMPAKA PUTIH,RAWASARI,Cacat Mental/Jiwa,Laki-laki,1,2015
151,2015,DKI Jakarta,JAKARTA PUSAT,CEMPAKA PUTIH,RAWASARI,Cacat Fisik dan Mental,Laki-laki,1,2015
152,2015,DKI Jakarta,JAKARTA PUSAT,CEMPAKA PUTIH,RAWASARI,Cacat Lainnya,Laki-laki,1,2015
153,2015,DKI Jakarta,JAKARTA PUSAT,MENTENG,MENTENG,Cacat Rungu/Wicara,Laki-laki,0,2015
154,2015,DKI Jakarta,JAKARTA PUSAT,MENTENG,MENTENG,Cacat Fisik dan Mental,Laki-laki,1,2015
155,2015,DKI Jakarta,JAKARTA PUSAT,MENTENG,PEGANGSAAN,Cacat Fisik,Laki-laki,1,2015
156,2015,DKI Jakarta,JAKARTA PUSAT,MENTENG,PEGANGSAAN,Cacat Netra/Buta,Laki-laki,3,2015
157,2015,DKI Jakarta,JAKARTA PUSAT,MENTENG,PEGANGSAAN,Cacat Mental/Jiwa,Laki-laki,1,2015
158,2015,DKI Jakarta,JAKARTA PUSAT,MENTENG,PEGANGSAAN,Cacat Lainnya,Laki-laki,0,2015
159,2015,DKI Jakarta,JAKARTA PUSAT,MENTENG,CIKINI,Cacat Mental/Jiwa,Laki-laki,1,2015
160,2015,DKI Jakarta,JAKARTA PUSAT,MENTENG,GONDANGDIA,Cacat Fisik dan Mental,Laki-laki,1,2015
161,2015,DKI Jakarta,JAKARTA PUSAT,MENTENG,KEBON SIRIH,Cacat Lainnya,Laki-laki,1,2015
162,2015,DKI Jakarta,JAKARTA PUSAT,TANAH ABANG,BENDUNGAN HILIR,Cacat Netra/Buta,Laki-laki,1,2015
163,2015,DKI Jakarta,JAKARTA PUSAT,TANAH ABANG,BENDUNGAN HILIR,Cacat Mental/Jiwa,Laki-laki,1,2015
164,2015,DKI Jakarta,JAKARTA PUSAT,TANAH ABANG,KARET TENGSIN,Cacat Fisik,Laki-laki,1,2015
165,2015,DKI Jakarta,JAKARTA PUSAT,TANAH ABANG,KARET TENGSIN,Cacat Lainnya,Laki-laki,1,2015
166,2015,DKI Jakarta,JAKARTA PUSAT,TANAH ABANG,PETAMBURAN,Cacat Rungu/Wicara,Laki-laki,0,2015
167,2015,DKI Jakarta,JAKARTA PUSAT,TANAH ABANG,PETAMBURAN,Cacat Mental/Jiwa,Laki-laki,0,2015
168,2015,DKI Jakarta,JAKARTA PUSAT,TANAH ABANG,PETAMBURAN,Cacat Fisik dan Mental,Laki-laki,1,2015
169,2015,DKI Jakarta,JAKARTA PUSAT,TANAH ABANG,KEBON MELATI,Cacat Fisik,Laki-laki,2,2015
170,2015,DKI Jakarta,JAKARTA PUSAT,TANAH ABANG,KEBON MELATI,Cacat Rungu/Wicara,Laki-laki,1,2015
171,2015,DKI Jakarta,JAKARTA PUSAT,TANAH ABANG,KEBON KACANG,Cacat Fisik,Laki-laki,1,2015
172,2015,DKI Jakarta,JAKARTA PUSAT,TANAH ABANG,KEBON KACANG,Cacat Mental/Jiwa,Laki-laki,1,2015
173,2015,DKI Jakarta,JAKARTA PUSAT,TANAH ABANG,KEBON KACANG,Cacat Fisik dan Mental,Laki-laki,0,2015
174,2015,DKI Jakarta,JAKARTA PUSAT,TANAH ABANG,KEBON KACANG,Cacat Lainnya,Laki-laki,0,2015
175,2015,DKI Jakarta,JAKARTA PUSAT,TANAH ABANG,KAMPUNG BALI,Cacat Fisik,Laki-laki,1,2015
176,2015,DKI Jakarta,JAKARTA PUSAT,TANAH ABANG,KAMPUNG BALI,Cacat Lainnya,Laki-laki,3,2015
177,2015,DKI Jakarta,JAKARTA PUSAT,JOHAR BARU,JOHAR BARU,Cacat Fisik,Laki-laki,4,2015
178,2015,DKI Jakarta,JAKARTA PUSAT,JOHAR BARU,JOHAR BARU,Cacat Rungu/Wicara,Laki-laki,2,2015
179,2015,DKI Jakarta,JAKARTA PUSAT,JOHAR BARU,JOHAR BARU,Cacat Mental/Jiwa,Laki-laki,3,2015
180,2015,DKI Jakarta,JAKARTA PUSAT,JOHAR BARU,JOHAR BARU,Cacat Lainnya,Laki-laki,2,2015
181,2015,DKI Jakarta,JAKARTA PUSAT,JOHAR BARU,KAMPUNG RAWA,Cacat Fisik,Laki-laki,2,2015
182,2015,DKI Jakarta,JAKARTA PUSAT,JOHAR BARU,KAMPUNG RAWA,Cacat Netra/Buta,Laki-laki,2,2015
183,2015,DKI Jakarta,JAKARTA PUSAT,JOHAR BARU,KAMPUNG RAWA,Cacat Fisik dan Mental,Laki-laki,0,2015
184,2015,DKI Jakarta,JAKARTA PUSAT,JOHAR BARU,GALUR,Cacat Netra/Buta,Laki-laki,4,2015
185,2015,DKI Jakarta,JAKARTA PUSAT,JOHAR BARU,GALUR,Cacat Lainnya,Laki-laki,2,2015
186,2015,DKI Jakarta,JAKARTA PUSAT,JOHAR BARU,TANAH TINGGI,Cacat Fisik,Laki-laki,1,2015
187,2015,DKI Jakarta,JAKARTA PUSAT,JOHAR BARU,TANAH TINGGI,Cacat Fisik dan Mental,Laki-laki,0,2015
188,2015,DKI Jakarta,JAKARTA PUSAT,JOHAR BARU,TANAH TINGGI,Cacat Lainnya,Laki-laki,1,2015
189,2015,DKI Jakarta,JAKARTA UTARA,PENJARINGAN,PENJARINGAN,Cacat Fisik,Laki-laki,7,2015
190,2015,DKI Jakarta,JAKARTA UTARA,PENJARINGAN,PENJARINGAN,Cacat Netra/Buta,Laki-laki,1,2015
191,2015,DKI Jakarta,JAKARTA UTARA,PENJARINGAN,PENJARINGAN,Cacat Mental/Jiwa,Laki-laki,1,2015
192,2015,DKI Jakarta,JAKARTA UTARA,PENJARINGAN,PENJARINGAN,Cacat Lainnya,Laki-laki,0,2015
193,2015,DKI Jakarta,JAKARTA UTARA,PENJARINGAN,KAPUK MUARA,Cacat Fisik,Laki-laki,19,2015
194,2015,DKI Jakarta,JAKARTA UTARA,PENJARINGAN,KAPUK MUARA,Cacat Netra/Buta,Laki-laki,0,2015
195,2015,DKI Jakarta,JAKARTA UTARA,PENJARINGAN,KAPUK MUARA,Cacat Rungu/Wicara,Laki-laki,3,2015
196,2015,DKI Jakarta,JAKARTA UTARA,PENJARINGAN,KAPUK MUARA,Cacat Fisik dan Mental,Laki-laki,1,2015
197,2015,DKI Jakarta,JAKARTA UTARA,PENJARINGAN,KAPUK MUARA,Cacat Lainnya,Laki-laki,3,2015
198,2015,DKI Jakarta,JAKARTA UTARA,PENJARINGAN,PEJAGALAN,Cacat Fisik,Laki-laki,3,2015
199,2015,DKI Jakarta,JAKARTA UTARA,PENJARINGAN,PEJAGALAN,Cacat Netra/Buta,Laki-laki,3,2015
200,2015,DKI Jakarta,JAKARTA UTARA,PENJARINGAN,PEJAGALAN,Cacat Rungu/Wicara,Laki-laki,3,2015
201,2015,DKI Jakarta,JAKARTA UTARA,PENJARINGAN,PEJAGALAN,Cacat Mental/Jiwa,Laki-laki,11,2015
202,2015,DKI Jakarta,JAKARTA UTARA,PENJARINGAN,PEJAGALAN,Cacat Fisik dan Mental,Laki-laki,1,2015
203,2015,DKI Jakarta,JAKARTA UTARA,PENJARINGAN,PLUIT,Cacat Mental/Jiwa,Laki-laki,1,2015
204,2015,DKI Jakarta,JAKARTA UTARA,TANJUNG PRIOK,TANJUNG PRIOK,Cacat Fisik,Laki-laki,1,2015
205,2015,DKI Jakarta,JAKARTA UTARA,TANJUNG PRIOK,TANJUNG PRIOK,Cacat Mental/Jiwa,Laki-laki,2,2015
206,2015,DKI Jakarta,JAKARTA UTARA,TANJUNG PRIOK,SUNTER JAYA,Cacat Fisik,Laki-laki,2,2015
207,2015,DKI Jakarta,JAKARTA UTARA,TANJUNG PRIOK,PAPANGGO,Cacat Netra/Buta,Laki-laki,0,2015
208,2015,DKI Jakarta,JAKARTA UTARA,TANJUNG PRIOK,PAPANGGO,Cacat Rungu/Wicara,Laki-laki,1,2015
209,2015,DKI Jakarta,JAKARTA UTARA,TANJUNG PRIOK,PAPANGGO,Cacat Mental/Jiwa,Laki-laki,2,2015
210,2015,DKI Jakarta,JAKARTA UTARA,TANJUNG PRIOK,PAPANGGO,Cacat Fisik dan Mental,Laki-laki,1,2015
211,2015,DKI Jakarta,JAKARTA UTARA,TANJUNG PRIOK,PAPANGGO,Cacat Lainnya,Laki-laki,2,2015
212,2015,DKI Jakarta,JAKARTA UTARA,TANJUNG PRIOK,SUNGAI BAMBU,Cacat Fisik,Laki-laki,0,2015
213,2015,DKI Jakarta,JAKARTA UTARA,TANJUNG PRIOK,SUNGAI BAMBU,Cacat Mental/Jiwa,Laki-laki,1,2015
214,2015,DKI Jakarta,JAKARTA BARAT,PALMERAH,KEMANGGISAN,Cacat Fisik dan Mental,Laki-laki,0,2015
215,2015,DKI Jakarta,JAKARTA BARAT,PALMERAH,KEMANGGISAN,Cacat Lainnya,Laki-laki,2,2015
216,2015,DKI Jakarta,JAKARTA BARAT,PALMERAH,KOTA BAMBU SELATAN,Cacat Fisik,Laki-laki,1,2015
217,2015,DKI Jakarta,JAKARTA BARAT,PALMERAH,KOTA BAMBU SELATAN,Cacat Netra/Buta,Laki-laki,1,2015
218,2015,DKI Jakarta,JAKARTA BARAT,PALMERAH,KOTA BAMBU SELATAN,Cacat Mental/Jiwa,Laki-laki,2,2015
219,2015,DKI Jakarta,JAKARTA BARAT,KEMBANGAN,KEMBANGAN UTARA,Cacat Netra/Buta,Laki-laki,2,2015
220,2015,DKI Jakarta,JAKARTA BARAT,KEMBANGAN,KEMBANGAN UTARA,Cacat Rungu/Wicara,Laki-laki,10,2015
221,2015,DKI Jakarta,JAKARTA BARAT,KEMBANGAN,KEMBANGAN UTARA,Cacat Mental/Jiwa,Laki-laki,1,2015
222,2015,DKI Jakarta,JAKARTA BARAT,KEMBANGAN,MERUYA UTARA,Cacat Fisik,Laki-laki,1,2015
223,2015,DKI Jakarta,JAKARTA BARAT,KEMBANGAN,MERUYA UTARA,Cacat Netra/Buta,Laki-laki,4,2015
224,2015,DKI Jakarta,JAKARTA BARAT,KEMBANGAN,MERUYA UTARA,Cacat Rungu/Wicara,Laki-laki,5,2015
225,2015,DKI Jakarta,JAKARTA BARAT,KEMBANGAN,MERUYA UTARA,Cacat Mental/Jiwa,Laki-laki,2,2015
226,2015,DKI Jakarta,JAKARTA BARAT,KEMBANGAN,MERUYA UTARA,Cacat Fisik dan Mental,Laki-laki,1,2015
227,2015,DKI Jakarta,JAKARTA BARAT,KEMBANGAN,MERUYA UTARA,Cacat Lainnya,Laki-laki,1,2015
228,2015,DKI Jakarta,JAKARTA BARAT,KEMBANGAN,MERUYA SELATAN,Cacat Fisik,Laki-laki,1,2015
229,2015,DKI Jakarta,JAKARTA BARAT,KEMBANGAN,MERUYA SELATAN,Cacat Netra/Buta,Laki-laki,3,2015
230,2015,DKI Jakarta,JAKARTA BARAT,KEMBANGAN,MERUYA SELATAN,Cacat Rungu/Wicara,Laki-laki,1,2015
231,2015,DKI Jakarta,JAKARTA BARAT,KEMBANGAN,MERUYA SELATAN,Cacat Mental/Jiwa,Laki-laki,2,2015
232,2015,DKI Jakarta,JAKARTA BARAT,KEMBANGAN,MERUYA SELATAN,Cacat Fisik dan Mental,Laki-laki,1,2015
233,2015,DKI Jakarta,JAKARTA BARAT,KEMBANGAN,MERUYA SELATAN,Cacat Lainnya,Laki-laki,0,2015
234,2015,DKI Jakarta,JAKARTA BARAT,KEMBANGAN,SRENGSENG,Cacat Fisik,Laki-laki,0,2015
235,2015,DKI Jakarta,JAKARTA BARAT,KEMBANGAN,SRENGSENG,Cacat Netra/Buta,Laki-laki,2,2015
236,2015,DKI Jakarta,JAKARTA BARAT,KEMBANGAN,SRENGSENG,Cacat Rungu/Wicara,Laki-laki,2,2015
237,2015,DKI Jakarta,JAKARTA BARAT,KEMBANGAN,SRENGSENG,Cacat Mental/Jiwa,Laki-laki,1,2015
238,2015,DKI Jakarta,JAKARTA BARAT,KEMBANGAN,SRENGSENG,Cacat Lainnya,Laki-laki,3,2015
239,2015,DKI Jakarta,JAKARTA BARAT,KEMBANGAN,JOGLO,Cacat Netra/Buta,Laki-laki,0,2015
240,2015,DKI Jakarta,JAKARTA BARAT,KEMBANGAN,JOGLO,Cacat Rungu/Wicara,Laki-laki,0,2015
241,2015,DKI Jakarta,JAKARTA BARAT,KEMBANGAN,JOGLO,Cacat Mental/Jiwa,Laki-laki,1,2015
242,2015,DKI Jakarta,JAKARTA BARAT,KEMBANGAN,JOGLO,Cacat Lainnya,Laki-laki,1,2015
243,2015,DKI Jakarta,JAKARTA BARAT,KEMBANGAN,KEMBANGAN SELATAN,Cacat Fisik,Laki-laki,0,2015
244,2015,DKI Jakarta,JAKARTA BARAT,KEMBANGAN,KEMBANGAN SELATAN,Cacat Lainnya,Laki-laki,0,2015
245,2015,DKI Jakarta,JAKARTA SELATAN,TEBET,TEBET TIMUR,Cacat Mental/Jiwa,Laki-laki,1,2015
246,2015,DKI Jakarta,JAKARTA SELATAN,TEBET,TEBET TIMUR,Cacat Fisik dan Mental,Laki-laki,1,2015
247,2015,DKI Jakarta,JAKARTA SELATAN,TEBET,TEBET TIMUR,Cacat Lainnya,Laki-laki,1,2015
248,2015,DKI Jakarta,JAKARTA SELATAN,TEBET,TEBET BARAT,Cacat Mental/Jiwa,Laki-laki,1,2015
249,2015,DKI Jakarta,JAKARTA SELATAN,TEBET,TEBET BARAT,Cacat Lainnya,Laki-laki,3,2015
250,2015,DKI Jakarta,JAKARTA SELATAN,TEBET,MENTENG DALAM,Cacat Fisik,Laki-laki,3,2015
251,2015,DKI Jakarta,JAKARTA SELATAN,TEBET,MENTENG DALAM,Cacat Netra/Buta,Laki-laki,3,2015
252,2015,DKI Jakarta,JAKARTA SELATAN,TEBET,MENTENG DALAM,Cacat Rungu/Wicara,Laki-laki,4,2015
253,2015,DKI Jakarta,JAKARTA SELATAN,TEBET,MENTENG DALAM,Cacat Mental/Jiwa,Laki-laki,9,2015
254,2015,DKI Jakarta,JAKARTA SELATAN,TEBET,MENTENG DALAM,Cacat Fisik dan Mental,Laki-laki,0,2015
255,2015,DKI Jakarta,JAKARTA SELATAN,TEBET,MENTENG DALAM,Cacat Lainnya,Laki-laki,1,2015
256,2015,DKI Jakarta,JAKARTA SELATAN,TEBET,KEBON BARU,Cacat Fisik,Laki-laki,3,2015
257,2015,DKI Jakarta,JAKARTA SELATAN,TEBET,KEBON BARU,Cacat Netra/Buta,Laki-laki,0,2015
258,2015,DKI Jakarta,JAKARTA SELATAN,TEBET,KEBON BARU,Cacat Rungu/Wicara,Laki-laki,1,2015
259,2015,DKI Jakarta,JAKARTA SELATAN,TEBET,BUKIT DURI,Cacat Rungu/Wicara,Laki-laki,1,2015
260,2015,DKI Jakarta,JAKARTA SELATAN,TEBET,BUKIT DURI,Cacat Mental/Jiwa,Laki-laki,0,2015
261,2015,DKI Jakarta,JAKARTA SELATAN,TEBET,MANGGARAI,Cacat Fisik,Laki-laki,1,2015
262,2015,DKI Jakarta,JAKARTA SELATAN,TEBET,MANGGARAI,Cacat Mental/Jiwa,Laki-laki,0,2015
263,2015,DKI Jakarta,JAKARTA SELATAN,TEBET,MANGGARAI,Cacat Fisik dan Mental,Laki-laki,1,2015
264,2015,DKI Jakarta,JAKARTA SELATAN,TEBET,MANGGARAI,Cacat Lainnya,Laki-laki,1,2015
265,2015,DKI Jakarta,JAKARTA SELATAN,SETIA BUDI,SETIA BUDI,Cacat Mental/Jiwa,Laki-laki,0,2015
266,2015,DKI Jakarta,JAKARTA SELATAN,SETIA BUDI,KARET SEMANGGI,Cacat Lainnya,Laki-laki,0,2015
267,2015,DKI Jakarta,JAKARTA SELATAN,SETIA BUDI,KARET KUNINGAN,Cacat Fisik,Laki-laki,3,2015
268,2015,DKI Jakarta,JAKARTA SELATAN,SETIA BUDI,KARET KUNINGAN,Cacat Rungu/Wicara,Laki-laki,1,2015
269,2015,DKI Jakarta,JAKARTA SELATAN,SETIA BUDI,KARET,Cacat Fisik,Laki-laki,1,2015
270,2015,DKI Jakarta,JAKARTA SELATAN,SETIA BUDI,MENTENG ATAS,Cacat Rungu/Wicara,Laki-laki,1,2015
271,2015,DKI Jakarta,JAKARTA SELATAN,SETIA BUDI,MENTENG ATAS,Cacat Mental/Jiwa,Laki-laki,2,2015
272,2015,DKI Jakarta,JAKARTA SELATAN,SETIA BUDI,MENTENG ATAS,Cacat Fisik dan Mental,Laki-laki,1,2015
273,2015,DKI Jakarta,JAKARTA SELATAN,SETIA BUDI,MENTENG ATAS,Cacat Lainnya,Laki-laki,0,2015
274,2015,DKI Jakarta,JAKARTA SELATAN,SETIA BUDI,PASAR MANGGIS,Cacat Fisik,Laki-laki,1,2015
275,2015,DKI Jakarta,JAKARTA SELATAN,SETIA BUDI,PASAR MANGGIS,Cacat Netra/Buta,Laki-laki,0,2015
276,2015,DKI Jakarta,JAKARTA SELATAN,SETIA BUDI,PASAR MANGGIS,Cacat Rungu/Wicara,Laki-laki,1,2015
277,2015,DKI Jakarta,JAKARTA SELATAN,SETIA BUDI,PASAR MANGGIS,Cacat Lainnya,Laki-laki,1,2015
278,2015,DKI Jakarta,JAKARTA SELATAN,SETIA BUDI,GUNTUR,Cacat Mental/Jiwa,Laki-laki,0,2015
279,2015,DKI Jakarta,JAKARTA SELATAN,MAMPANG PRAPATAN,MAMPANG PRAPATAN,Cacat Fisik,Laki-laki,5,2015
280,2015,DKI Jakarta,JAKARTA SELATAN,MAMPANG PRAPATAN,MAMPANG PRAPATAN,Cacat Rungu/Wicara,Laki-laki,1,2015
281,2015,DKI Jakarta,JAKARTA SELATAN,MAMPANG PRAPATAN,MAMPANG PRAPATAN,Cacat Mental/Jiwa,Laki-laki,4,2015
282,2015,DKI Jakarta,JAKARTA SELATAN,MAMPANG PRAPATAN,BANGKA,Cacat Netra/Buta,Laki-laki,1,2015
283,2015,DKI Jakarta,JAKARTA SELATAN,MAMPANG PRAPATAN,BANGKA,Cacat Rungu/Wicara,Laki-laki,0,2015
284,2015,DKI Jakarta,JAKARTA SELATAN,MAMPANG PRAPATAN,BANGKA,Cacat Mental/Jiwa,Laki-laki,2,2015
285,2015,DKI Jakarta,JAKARTA SELATAN,MAMPANG PRAPATAN,PELA MAMPANG,Cacat Fisik,Laki-laki,1,2015
286,2015,DKI Jakarta,JAKARTA SELATAN,MAMPANG PRAPATAN,PELA MAMPANG,Cacat Rungu/Wicara,Laki-laki,1,2015
287,2015,DKI Jakarta,JAKARTA SELATAN,MAMPANG PRAPATAN,PELA MAMPANG,Cacat Mental/Jiwa,Laki-laki,5,2015
288,2015,DKI Jakarta,JAKARTA SELATAN,MAMPANG PRAPATAN,PELA MAMPANG,Cacat Fisik dan Mental,Laki-laki,1,2015
289,2015,DKI Jakarta,JAKARTA SELATAN,MAMPANG PRAPATAN,TEGAL PARANG,Cacat Fisik,Laki-laki,0,2015
290,2015,DKI Jakarta,JAKARTA SELATAN,MAMPANG PRAPATAN,TEGAL PARANG,Cacat Netra/Buta,Laki-laki,2,2015
291,2015,DKI Jakarta,JAKARTA SELATAN,MAMPANG PRAPATAN,TEGAL PARANG,Cacat Mental/Jiwa,Laki-laki,0,2015
292,2015,DKI Jakarta,JAKARTA SELATAN,MAMPANG PRAPATAN,TEGAL PARANG,Cacat Lainnya,Laki-laki,0,2015
293,2015,DKI Jakarta,JAKARTA SELATAN,MAMPANG PRAPATAN,KUNINGAN BARAT,Cacat Lainnya,Laki-laki,2,2015
294,2015,DKI Jakarta,JAKARTA SELATAN,PASAR MINGGU,PASAR MINGGU,Cacat Fisik,Laki-laki,3,2015
295,2015,DKI Jakarta,JAKARTA SELATAN,PASAR MINGGU,PASAR MINGGU,Cacat Mental/Jiwa,Laki-laki,1,2015
296,2015,DKI Jakarta,JAKARTA SELATAN,PASAR MINGGU,JATI PADANG,Cacat Fisik,Laki-laki,3,2015
297,2015,DKI Jakarta,JAKARTA SELATAN,PASAR MINGGU,JATI PADANG,Cacat Rungu/Wicara,Laki-laki,0,2015
298,2015,DKI Jakarta,JAKARTA SELATAN,PASAR MINGGU,JATI PADANG,Cacat Mental/Jiwa,Laki-laki,1,2015
299,2015,DKI Jakarta,JAKARTA SELATAN,PASAR MINGGU,JATI PADANG,Cacat Fisik dan Mental,Laki-laki,1,2015
300,2015,DKI Jakarta,JAKARTA SELATAN,PASAR MINGGU,JATI PADANG,Cacat Lainnya,Laki-laki,1,2015
301,2015,DKI Jakarta,JAKARTA SELATAN,PASAR MINGGU,CILANDAK TIMUR,Cacat Mental/Jiwa,Laki-laki,0,2015
302,2015,DKI Jakarta,JAKARTA SELATAN,PASAR MINGGU,CILANDAK TIMUR,Cacat Lainnya,Laki-laki,1,2015
303,2015,DKI Jakarta,JAKARTA SELATAN,PASAR MINGGU,RAGUNAN,Cacat Fisik,Laki-laki,3,2015
304,2015,DKI Jakarta,JAKARTA SELATAN,PASAR MINGGU,RAGUNAN,Cacat Netra/Buta,Laki-laki,2,2015
305,2015,DKI Jakarta,JAKARTA SELATAN,PASAR MINGGU,RAGUNAN,Cacat Lainnya,Laki-laki,1,2015
306,2015,DKI Jakarta,JAKARTA SELATAN,PASAR MINGGU,PEJATEN TIMUR,Cacat Fisik,Laki-laki,17,2015
307,2015,DKI Jakarta,JAKARTA SELATAN,PASAR MINGGU,PEJATEN TIMUR,Cacat Netra/Buta,Laki-laki,4,2015
308,2015,DKI Jakarta,JAKARTA SELATAN,PASAR MINGGU,PEJATEN TIMUR,Cacat Rungu/Wicara,Laki-laki,1,2015
309,2015,DKI Jakarta,JAKARTA SELATAN,PASAR MINGGU,PEJATEN TIMUR,Cacat Mental/Jiwa,Laki-laki,0,2015
310,2015,DKI Jakarta,JAKARTA SELATAN,PASAR MINGGU,PEJATEN BARAT,Cacat Fisik,Laki-laki,1,2015
311,2015,DKI Jakarta,JAKARTA SELATAN,PASAR MINGGU,PEJATEN BARAT,Cacat Mental/Jiwa,Laki-laki,0,2015
312,2015,DKI Jakarta,JAKARTA SELATAN,PASAR MINGGU,KEBAGUSAN,Cacat Fisik,Laki-laki,1,2015
313,2015,DKI Jakarta,JAKARTA SELATAN,PASAR MINGGU,KEBAGUSAN,Cacat Rungu/Wicara,Laki-laki,1,2015
314,2015,DKI Jakarta,JAKARTA SELATAN,PASAR MINGGU,KEBAGUSAN,Cacat Lainnya,Laki-laki,0,2015
315,2015,DKI Jakarta,JAKARTA SELATAN,KEBAYORAN LAMA,KEBAYORAN LAMA UTARA,Cacat Rungu/Wicara,Laki-laki,0,2015
316,2015,DKI Jakarta,JAKARTA SELATAN,KEBAYORAN LAMA,KEBAYORAN LAMA UTARA,Cacat Lainnya,Laki-laki,1,2015
317,2015,DKI Jakarta,JAKARTA SELATAN,KEBAYORAN LAMA,PONDOK PINANG,Cacat Rungu/Wicara,Laki-laki,1,2015
318,2015,DKI Jakarta,JAKARTA SELATAN,KEBAYORAN LAMA,PONDOK PINANG,Cacat Mental/Jiwa,Laki-laki,1,2015
319,2015,DKI Jakarta,JAKARTA SELATAN,KEBAYORAN LAMA,PONDOK PINANG,Cacat Lainnya,Laki-laki,1,2015
320,2015,DKI Jakarta,JAKARTA SELATAN,KEBAYORAN LAMA,CIPULIR,Cacat Fisik,Laki-laki,9,2015
321,2015,DKI Jakarta,JAKARTA SELATAN,KEBAYORAN LAMA,CIPULIR,Cacat Netra/Buta,Laki-laki,1,2015
322,2015,DKI Jakarta,JAKARTA SELATAN,KEBAYORAN LAMA,CIPULIR,Cacat Lainnya,Laki-laki,0,2015
323,2015,DKI Jakarta,JAKARTA SELATAN,KEBAYORAN LAMA,GROGOL UTARA,Cacat Fisik,Laki-laki,1,2015
324,2015,DKI Jakarta,JAKARTA SELATAN,KEBAYORAN LAMA,GROGOL UTARA,Cacat Rungu/Wicara,Laki-laki,0,2015
325,2015,DKI Jakarta,JAKARTA SELATAN,KEBAYORAN LAMA,GROGOL SELATAN,Cacat Fisik,Laki-laki,1,2015
326,2015,DKI Jakarta,JAKARTA SELATAN,KEBAYORAN LAMA,GROGOL SELATAN,Cacat Lainnya,Laki-laki,1,2015
327,2015,DKI Jakarta,JAKARTA SELATAN,KEBAYORAN LAMA,KEBAYORAN LAMA SELATAN,Cacat Fisik,Laki-laki,1,2015
328,2015,DKI Jakarta,JAKARTA SELATAN,KEBAYORAN LAMA,KEBAYORAN LAMA SELATAN,Cacat Rungu/Wicara,Laki-laki,0,2015
329,2015,DKI Jakarta,JAKARTA SELATAN,KEBAYORAN LAMA,KEBAYORAN LAMA SELATAN,Cacat Mental/Jiwa,Laki-laki,4,2015
330,2015,DKI Jakarta,JAKARTA SELATAN,KEBAYORAN LAMA,KEBAYORAN LAMA SELATAN,Cacat Lainnya,Laki-laki,2,2015
331,2015,DKI Jakarta,JAKARTA SELATAN,CILANDAK,CILANDAK BARAT,Cacat Lainnya,Laki-laki,1,2015
332,2015,DKI Jakarta,JAKARTA SELATAN,CILANDAK,LEBAK BULUS,Cacat Mental/Jiwa,Laki-laki,1,2015
333,2015,DKI Jakarta,JAKARTA SELATAN,CILANDAK,LEBAK BULUS,Cacat Lainnya,Laki-laki,1,2015
334,2015,DKI Jakarta,JAKARTA SELATAN,CILANDAK,PONDOK LABU,Cacat Fisik,Laki-laki,2,2015
335,2015,DKI Jakarta,JAKARTA SELATAN,CILANDAK,PONDOK LABU,Cacat Netra/Buta,Laki-laki,1,2015
336,2015,DKI Jakarta,JAKARTA SELATAN,CILANDAK,PONDOK LABU,Cacat Mental/Jiwa,Laki-laki,0,2015
337,2015,DKI Jakarta,JAKARTA SELATAN,CILANDAK,GANDARIA SELATAN,Cacat Fisik,Laki-laki,0,2015
338,2015,DKI Jakarta,JAKARTA SELATAN,CILANDAK,GANDARIA SELATAN,Cacat Netra/Buta,Laki-laki,0,2015
339,2015,DKI Jakarta,JAKARTA SELATAN,CILANDAK,CIPETE SELATAN,Cacat Fisik,Laki-laki,0,2015
340,2015,DKI Jakarta,JAKARTA SELATAN,CILANDAK,CIPETE SELATAN,Cacat Netra/Buta,Laki-laki,1,2015
341,2015,DKI Jakarta,JAKARTA SELATAN,CILANDAK,CIPETE SELATAN,Cacat Rungu/Wicara,Laki-laki,1,2015
342,2015,DKI Jakarta,JAKARTA SELATAN,CILANDAK,CIPETE SELATAN,Cacat Fisik dan Mental,Laki-laki,1,2015
343,2015,DKI Jakarta,JAKARTA SELATAN,CILANDAK,CIPETE SELATAN,Cacat Lainnya,Laki-laki,1,2015
344,2015,DKI Jakarta,JAKARTA SELATAN,KEBAYORAN BARU,MELAWAI,Cacat Fisik,Laki-laki,1,2015
345,2015,DKI Jakarta,JAKARTA SELATAN,KEBAYORAN BARU,MELAWAI,Cacat Mental/Jiwa,Laki-laki,1,2015
346,2015,DKI Jakarta,JAKARTA SELATAN,KEBAYORAN BARU,MELAWAI,Cacat Lainnya,Laki-laki,0,2015
347,2015,DKI Jakarta,JAKARTA SELATAN,KEBAYORAN BARU,GUNUNG,Cacat Fisik,Laki-laki,2,2015
348,2015,DKI Jakarta,JAKARTA SELATAN,KEBAYORAN BARU,GUNUNG,Cacat Netra/Buta,Laki-laki,0,2015
349,2015,DKI Jakarta,JAKARTA SELATAN,KEBAYORAN BARU,GUNUNG,Cacat Rungu/Wicara,Laki-laki,0,2015
350,2015,DKI Jakarta,JAKARTA SELATAN,KEBAYORAN BARU,GUNUNG,Cacat Mental/Jiwa,Laki-laki,1,2015
351,2015,DKI Jakarta,JAKARTA SELATAN,KEBAYORAN BARU,KRAMAT PELA,Cacat Fisik,Laki-laki,2,2015
352,2015,DKI Jakarta,JAKARTA SELATAN,KEBAYORAN BARU,KRAMAT PELA,Cacat Mental/Jiwa,Laki-laki,0,2015
353,2015,DKI Jakarta,JAKARTA SELATAN,KEBAYORAN BARU,KRAMAT PELA,Cacat Fisik dan Mental,Laki-laki,1,2015
354,2015,DKI Jakarta,JAKARTA SELATAN,KEBAYORAN BARU,KRAMAT PELA,Cacat Lainnya,Laki-laki,1,2015
355,2015,DKI Jakarta,JAKARTA SELATAN,KEBAYORAN BARU,SELONG,Cacat Mental/Jiwa,Laki-laki,0,2015
356,2015,DKI Jakarta,JAKARTA SELATAN,KEBAYORAN BARU,RAWA BARAT,Cacat Lainnya,Laki-laki,3,2015
357,2015,DKI Jakarta,JAKARTA SELATAN,KEBAYORAN BARU,SENAYAN,Cacat Lainnya,Laki-laki,0,2015
358,2015,DKI Jakarta,JAKARTA SELATAN,KEBAYORAN BARU,PULO,Cacat Mental/Jiwa,Laki-laki,0,2015
359,2015,DKI Jakarta,JAKARTA SELATAN,KEBAYORAN BARU,GANDARIA UTARA,Cacat Fisik,Laki-laki,1,2015
360,2015,DKI Jakarta,JAKARTA SELATAN,KEBAYORAN BARU,CIPETE UTARA,Cacat Rungu/Wicara,Laki-laki,0,2015
361,2015,DKI Jakarta,JAKARTA SELATAN,KEBAYORAN BARU,CIPETE UTARA,Cacat Mental/Jiwa,Laki-laki,1,2015
362,2015,DKI Jakarta,JAKARTA SELATAN,KEBAYORAN BARU,CIPETE UTARA,Cacat Fisik dan Mental,Laki-laki,0,2015
363,2015,DKI Jakarta,JAKARTA SELATAN,KEBAYORAN BARU,CIPETE UTARA,Cacat Lainnya,Laki-laki,1,2015
364,2015,DKI Jakarta,JAKARTA SELATAN,PANCORAN,PANCORAN,Cacat Lainnya,Laki-laki,1,2015
365,2015,DKI Jakarta,JAKARTA SELATAN,PANCORAN,KALIBATA,Cacat Fisik,Laki-laki,3,2015
366,2015,DKI Jakarta,JAKARTA SELATAN,PANCORAN,KALIBATA,Cacat Netra/Buta,Laki-laki,1,2015
367,2015,DKI Jakarta,JAKARTA SELATAN,PANCORAN,KALIBATA,Cacat Rungu/Wicara,Laki-laki,1,2015
368,2015,DKI Jakarta,JAKARTA SELATAN,PANCORAN,KALIBATA,Cacat Mental/Jiwa,Laki-laki,1,2015
369,2015,DKI Jakarta,JAKARTA SELATAN,PANCORAN,KALIBATA,Cacat Fisik dan Mental,Laki-laki,1,2015
370,2015,DKI Jakarta,JAKARTA SELATAN,PANCORAN,KALIBATA,Cacat Lainnya,Laki-laki,1,2015
371,2015,DKI Jakarta,JAKARTA SELATAN,PANCORAN,RAWA JATI,Cacat Fisik,Laki-laki,1,2015
372,2015,DKI Jakarta,JAKARTA SELATAN,PANCORAN,RAWA JATI,Cacat Mental/Jiwa,Laki-laki,3,2015
373,2015,DKI Jakarta,JAKARTA SELATAN,PANCORAN,RAWA JATI,Cacat Fisik dan Mental,Laki-laki,1,2015
374,2015,DKI Jakarta,JAKARTA SELATAN,PANCORAN,RAWA JATI,Cacat Lainnya,Laki-laki,5,2015
375,2015,DKI Jakarta,JAKARTA SELATAN,PANCORAN,DUREN TIGA,Cacat Fisik,Laki-laki,0,2015
376,2015,DKI Jakarta,JAKARTA SELATAN,PANCORAN,DUREN TIGA,Cacat Netra/Buta,Laki-laki,1,2015
377,2015,DKI Jakarta,JAKARTA SELATAN,PANCORAN,DUREN TIGA,Cacat Rungu/Wicara,Laki-laki,0,2015
378,2015,DKI Jakarta,JAKARTA SELATAN,PANCORAN,DUREN TIGA,Cacat Mental/Jiwa,Laki-laki,1,2015
379,2015,DKI Jakarta,JAKARTA SELATAN,PANCORAN,PENGADEGAN,Cacat Fisik,Laki-laki,2,2015
380,2015,DKI Jakarta,JAKARTA SELATAN,PANCORAN,PENGADEGAN,Cacat Netra/Buta,Laki-laki,1,2015
381,2015,DKI Jakarta,JAKARTA SELATAN,PANCORAN,PENGADEGAN,Cacat Rungu/Wicara,Laki-laki,1,2015
382,2015,DKI Jakarta,JAKARTA BARAT,CENGKARENG,KAPUK,Cacat Netra/Buta,Laki-laki,2,2015
383,2015,DKI Jakarta,JAKARTA BARAT,CENGKARENG,KAPUK,Cacat Rungu/Wicara,Laki-laki,9,2015
384,2015,DKI Jakarta,JAKARTA BARAT,CENGKARENG,KAPUK,Cacat Mental/Jiwa,Laki-laki,3,2015
385,2015,DKI Jakarta,JAKARTA BARAT,CENGKARENG,KAPUK,Cacat Fisik dan Mental,Laki-laki,0,2015
386,2015,DKI Jakarta,JAKARTA BARAT,CENGKARENG,KAPUK,Cacat Lainnya,Laki-laki,7,2015
387,2015,DKI Jakarta,JAKARTA BARAT,CENGKARENG,CENGKARENG TIMUR,Cacat Fisik,Laki-laki,7,2015
388,2015,DKI Jakarta,JAKARTA BARAT,CENGKARENG,CENGKARENG TIMUR,Cacat Mental/Jiwa,Laki-laki,1,2015
389,2015,DKI Jakarta,JAKARTA BARAT,CENGKARENG,CENGKARENG TIMUR,Cacat Fisik dan Mental,Laki-laki,1,2015
390,2015,DKI Jakarta,JAKARTA BARAT,CENGKARENG,CENGKARENG TIMUR,Cacat Lainnya,Laki-laki,1,2015
391,2015,DKI Jakarta,JAKARTA BARAT,GROGOL PETAMBURAN,GROGOL,Cacat Fisik,Laki-laki,2,2015
392,2015,DKI Jakarta,JAKARTA BARAT,GROGOL PETAMBURAN,GROGOL,Cacat Rungu/Wicara,Laki-laki,1,2015
393,2015,DKI Jakarta,JAKARTA BARAT,GROGOL PETAMBURAN,GROGOL,Cacat Mental/Jiwa,Laki-laki,2,2015
394,2015,DKI Jakarta,JAKARTA BARAT,GROGOL PETAMBURAN,GROGOL,Cacat Fisik dan Mental,Laki-laki,1,2015
395,2015,DKI Jakarta,JAKARTA BARAT,GROGOL PETAMBURAN,GROGOL,Cacat Lainnya,Laki-laki,1,2015
396,2015,DKI Jakarta,JAKARTA BARAT,GROGOL PETAMBURAN,TANJUNG DUREN UTARA,Cacat Fisik,Laki-laki,0,2015
397,2015,DKI Jakarta,JAKARTA BARAT,GROGOL PETAMBURAN,TANJUNG DUREN UTARA,Cacat Lainnya,Laki-laki,0,2015
398,2015,DKI Jakarta,JAKARTA BARAT,GROGOL PETAMBURAN,TOMANG,Cacat Fisik,Laki-laki,5,2015
399,2015,DKI Jakarta,JAKARTA BARAT,GROGOL PETAMBURAN,TOMANG,Cacat Netra/Buta,Laki-laki,0,2015
400,2015,DKI Jakarta,JAKARTA BARAT,GROGOL PETAMBURAN,TOMANG,Cacat Rungu/Wicara,Laki-laki,3,2015
401,2015,DKI Jakarta,JAKARTA BARAT,GROGOL PETAMBURAN,TOMANG,Cacat Mental/Jiwa,Laki-laki,6,2015
402,2015,DKI Jakarta,JAKARTA BARAT,GROGOL PETAMBURAN,TOMANG,Cacat Lainnya,Laki-laki,6,2015
403,2015,DKI Jakarta,JAKARTA BARAT,GROGOL PETAMBURAN,JELAMBAR,Cacat Fisik,Laki-laki,0,2015
404,2015,DKI Jakarta,JAKARTA BARAT,GROGOL PETAMBURAN,JELAMBAR,Cacat Rungu/Wicara,Laki-laki,0,2015
405,2015,DKI Jakarta,JAKARTA BARAT,GROGOL PETAMBURAN,JELAMBAR,Cacat Mental/Jiwa,Laki-laki,2,2015
406,2015,DKI Jakarta,JAKARTA BARAT,GROGOL PETAMBURAN,JELAMBAR,Cacat Fisik dan Mental,Laki-laki,0,2015
407,2015,DKI Jakarta,JAKARTA BARAT,GROGOL PETAMBURAN,JELAMBAR,Cacat Lainnya,Laki-laki,4,2015
408,2015,DKI Jakarta,JAKARTA BARAT,GROGOL PETAMBURAN,TANJUNG DUREN SELATAN,Cacat Fisik,Laki-laki,2,2015
409,2015,DKI Jakarta,JAKARTA BARAT,GROGOL PETAMBURAN,JELAMBAR BARU,Cacat Fisik,Laki-laki,18,2015
410,2015,DKI Jakarta,JAKARTA BARAT,GROGOL PETAMBURAN,JELAMBAR BARU,Cacat Netra/Buta,Laki-laki,1,2015
411,2015,DKI Jakarta,JAKARTA BARAT,GROGOL PETAMBURAN,JELAMBAR BARU,Cacat Rungu/Wicara,Laki-laki,1,2015
412,2015,DKI Jakarta,JAKARTA BARAT,GROGOL PETAMBURAN,JELAMBAR BARU,Cacat Mental/Jiwa,Laki-laki,1,2015
413,2015,DKI Jakarta,JAKARTA BARAT,GROGOL PETAMBURAN,WIJAYA KUSUMA,Cacat Fisik,Laki-laki,18,2015
414,2015,DKI Jakarta,JAKARTA BARAT,GROGOL PETAMBURAN,WIJAYA KUSUMA,Cacat Netra/Buta,Laki-laki,1,2015
415,2015,DKI Jakarta,JAKARTA BARAT,GROGOL PETAMBURAN,WIJAYA KUSUMA,Cacat Rungu/Wicara,Laki-laki,2,2015
416,2015,DKI Jakarta,JAKARTA BARAT,GROGOL PETAMBURAN,WIJAYA KUSUMA,Cacat Mental/Jiwa,Laki-laki,48,2015
417,2015,DKI Jakarta,JAKARTA BARAT,GROGOL PETAMBURAN,WIJAYA KUSUMA,Cacat Lainnya,Laki-laki,2,2015
418,2015,DKI Jakarta,JAKARTA BARAT,TAMAN SARI,TAMAN SARI,Cacat Fisik,Laki-laki,0,2015
419,2015,DKI Jakarta,JAKARTA BARAT,TAMAN SARI,TAMAN SARI,Cacat Rungu/Wicara,Laki-laki,0,2015
420,2015,DKI Jakarta,JAKARTA BARAT,TAMAN SARI,TAMAN SARI,Cacat Fisik dan Mental,Laki-laki,0,2015
421,2015,DKI Jakarta,JAKARTA BARAT,TAMAN SARI,KRUKUT,Cacat Netra/Buta,Laki-laki,1,2015
422,2015,DKI Jakarta,JAKARTA BARAT,TAMAN SARI,KRUKUT,Cacat Mental/Jiwa,Laki-laki,2,2015
423,2015,DKI Jakarta,JAKARTA BARAT,TAMAN SARI,KRUKUT,Cacat Lainnya,Laki-laki,1,2015
424,2015,DKI Jakarta,JAKARTA BARAT,TAMAN SARI,MAPHAR,Cacat Fisik,Laki-laki,1,2015
425,2015,DKI Jakarta,JAKARTA BARAT,TAMAN SARI,MAPHAR,Cacat Netra/Buta,Laki-laki,5,2015
426,2015,DKI Jakarta,JAKARTA BARAT,TAMAN SARI,MAPHAR,Cacat Lainnya,Laki-laki,1,2015
427,2015,DKI Jakarta,JAKARTA BARAT,TAMAN SARI,TANGKI,Cacat Fisik,Laki-laki,1,2015
428,2015,DKI Jakarta,JAKARTA BARAT,TAMAN SARI,TANGKI,Cacat Lainnya,Laki-laki,1,2015
429,2015,DKI Jakarta,JAKARTA BARAT,TAMAN SARI,MANGGA BESAR,Cacat Rungu/Wicara,Laki-laki,1,2015
430,2015,DKI Jakarta,JAKARTA BARAT,TAMAN SARI,MANGGA BESAR,Cacat Mental/Jiwa,Laki-laki,1,2015
431,2015,DKI Jakarta,JAKARTA BARAT,TAMAN SARI,MANGGA BESAR,Cacat Fisik dan Mental,Laki-laki,1,2015
432,2015,DKI Jakarta,JAKARTA BARAT,TAMAN SARI,MANGGA BESAR,Cacat Lainnya,Laki-laki,1,2015
433,2015,DKI Jakarta,JAKARTA BARAT,TAMAN SARI,KEAGUNGAN,Cacat Fisik,Laki-laki,1,2015
434,2015,DKI Jakarta,JAKARTA BARAT,TAMAN SARI,KEAGUNGAN,Cacat Netra/Buta,Laki-laki,1,2015
435,2015,DKI Jakarta,JAKARTA BARAT,TAMAN SARI,KEAGUNGAN,Cacat Rungu/Wicara,Laki-laki,2,2015
436,2015,DKI Jakarta,JAKARTA BARAT,TAMAN SARI,KEAGUNGAN,Cacat Mental/Jiwa,Laki-laki,3,2015
437,2015,DKI Jakarta,JAKARTA BARAT,TAMAN SARI,KEAGUNGAN,Cacat Fisik dan Mental,Laki-laki,1,2015
438,2015,DKI Jakarta,JAKARTA BARAT,TAMAN SARI,GLODOK,Cacat Fisik,Laki-laki,0,2015
439,2015,DKI Jakarta,JAKARTA BARAT,TAMAN SARI,GLODOK,Cacat Rungu/Wicara,Laki-laki,0,2015
440,2015,DKI Jakarta,JAKARTA BARAT,TAMAN SARI,GLODOK,Cacat Lainnya,Laki-laki,0,2015
441,2015,DKI Jakarta,JAKARTA BARAT,TAMAN SARI,PINANGSIA,Cacat Fisik,Laki-laki,0,2015
442,2015,DKI Jakarta,JAKARTA BARAT,TAMAN SARI,PINANGSIA,Cacat Fisik dan Mental,Laki-laki,1,2015
443,2015,DKI Jakarta,JAKARTA BARAT,TAMAN SARI,PINANGSIA,Cacat Lainnya,Laki-laki,4,2015
444,2015,DKI Jakarta,JAKARTA BARAT,TAMBORA,TAMBORA,Cacat Fisik,Laki-laki,1,2015
445,2015,DKI Jakarta,JAKARTA BARAT,TAMBORA,TAMBORA,Cacat Mental/Jiwa,Laki-laki,1,2015
446,2015,DKI Jakarta,JAKARTA BARAT,TAMBORA,TAMBORA,Cacat Lainnya,Laki-laki,2,2015
447,2015,DKI Jakarta,JAKARTA BARAT,TAMBORA,KALI ANYAR,Cacat Fisik,Laki-laki,1,2015
448,2015,DKI Jakarta,JAKARTA BARAT,TAMBORA,KALI ANYAR,Cacat Netra/Buta,Laki-laki,1,2015
449,2015,DKI Jakarta,JAKARTA BARAT,TAMBORA,KALI ANYAR,Cacat Rungu/Wicara,Laki-laki,1,2015
450,2015,DKI Jakarta,JAKARTA BARAT,TAMBORA,KALI ANYAR,Cacat Mental/Jiwa,Laki-laki,3,2015
451,2015,DKI Jakarta,JAKARTA BARAT,TAMBORA,DURI UTARA,Cacat Netra/Buta,Laki-laki,0,2015
452,2015,DKI Jakarta,JAKARTA BARAT,TAMBORA,DURI UTARA,Cacat Mental/Jiwa,Laki-laki,0,2015
453,2015,DKI Jakarta,JAKARTA BARAT,TAMBORA,TANAH SEREAL,Cacat Fisik,Laki-laki,13,2015
454,2015,DKI Jakarta,JAKARTA BARAT,TAMBORA,TANAH SEREAL,Cacat Netra/Buta,Laki-laki,1,2015
455,2015,DKI Jakarta,JAKARTA BARAT,TAMBORA,TANAH SEREAL,Cacat Rungu/Wicara,Laki-laki,3,2015
456,2015,DKI Jakarta,JAKARTA BARAT,TAMBORA,TANAH SEREAL,Cacat Mental/Jiwa,Laki-laki,5,2015
457,2015,DKI Jakarta,JAKARTA BARAT,TAMBORA,TANAH SEREAL,Cacat Fisik dan Mental,Laki-laki,0,2015
458,2015,DKI Jakarta,JAKARTA BARAT,TAMBORA,TANAH SEREAL,Cacat Lainnya,Laki-laki,1,2015
459,2015,DKI Jakarta,JAKARTA BARAT,TAMBORA,KERENDANG,Cacat Fisik,Laki-laki,1,2015
460,2015,DKI Jakarta,JAKARTA BARAT,TAMBORA,KERENDANG,Cacat Mental/Jiwa,Laki-laki,0,2015
461,2015,DKI Jakarta,JAKARTA BARAT,TAMBORA,KERENDANG,Cacat Lainnya,Laki-laki,1,2015
462,2015,DKI Jakarta,JAKARTA BARAT,TAMBORA,JEMBATAN BESI,Cacat Fisik,Laki-laki,5,2015
463,2015,DKI Jakarta,JAKARTA BARAT,TAMBORA,JEMBATAN BESI,Cacat Rungu/Wicara,Laki-laki,1,2015
464,2015,DKI Jakarta,JAKARTA BARAT,TAMBORA,JEMBATAN BESI,Cacat Mental/Jiwa,Laki-laki,1,2015
465,2015,DKI Jakarta,JAKARTA BARAT,TAMBORA,JEMBATAN BESI,Cacat Fisik dan Mental,Laki-laki,1,2015
466,2015,DKI Jakarta,JAKARTA BARAT,TAMBORA,JEMBATAN BESI,Cacat Lainnya,Laki-laki,0,2015
467,2015,DKI Jakarta,JAKARTA BARAT,TAMBORA,ANGKE,Cacat Fisik,Laki-laki,10,2015
468,2015,DKI Jakarta,JAKARTA BARAT,TAMBORA,ANGKE,Cacat Netra/Buta,Laki-laki,3,2015
469,2015,DKI Jakarta,JAKARTA BARAT,TAMBORA,ANGKE,Cacat Rungu/Wicara,Laki-laki,3,2015
470,2015,DKI Jakarta,JAKARTA BARAT,TAMBORA,ANGKE,Cacat Mental/Jiwa,Laki-laki,2,2015
471,2015,DKI Jakarta,JAKARTA BARAT,TAMBORA,ANGKE,Cacat Fisik dan Mental,Laki-laki,1,2015
472,2015,DKI Jakarta,JAKARTA BARAT,TAMBORA,ANGKE,Cacat Lainnya,Laki-laki,1,2015
473,2015,DKI Jakarta,JAKARTA BARAT,TAMBORA,JEMBATAN LIMA,Cacat Fisik,Laki-laki,4,2015
474,2015,DKI Jakarta,JAKARTA BARAT,TAMBORA,JEMBATAN LIMA,Cacat Rungu/Wicara,Laki-laki,3,2015
475,2015,DKI Jakarta,JAKARTA BARAT,TAMBORA,JEMBATAN LIMA,Cacat Mental/Jiwa,Laki-laki,2,2015
476,2015,DKI Jakarta,JAKARTA BARAT,TAMBORA,JEMBATAN LIMA,Cacat Fisik dan Mental,Laki-laki,0,2015
477,2015,DKI Jakarta,JAKARTA BARAT,TAMBORA,JEMBATAN LIMA,Cacat Lainnya,Laki-laki,0,2015
478,2015,DKI Jakarta,JAKARTA BARAT,TAMBORA,PEKOJAN,Cacat Fisik,Laki-laki,3,2015
479,2015,DKI Jakarta,JAKARTA BARAT,TAMBORA,PEKOJAN,Cacat Netra/Buta,Laki-laki,7,2015
480,2015,DKI Jakarta,JAKARTA BARAT,TAMBORA,PEKOJAN,Cacat Rungu/Wicara,Laki-laki,4,2015
481,2015,DKI Jakarta,JAKARTA BARAT,TAMBORA,PEKOJAN,Cacat Mental/Jiwa,Laki-laki,8,2015
482,2015,DKI Jakarta,JAKARTA BARAT,TAMBORA,PEKOJAN,Cacat Fisik dan Mental,Laki-laki,1,2015
483,2015,DKI Jakarta,JAKARTA BARAT,TAMBORA,PEKOJAN,Cacat Lainnya,Laki-laki,4,2015
484,2015,DKI Jakarta,JAKARTA BARAT,TAMBORA,ROA MALAKA,Cacat Fisik,Laki-laki,0,2015
485,2015,DKI Jakarta,JAKARTA BARAT,TAMBORA,ROA MALAKA,Cacat Fisik dan Mental,Laki-laki,0,2015
486,2015,DKI Jakarta,JAKARTA BARAT,TAMBORA,DURI SELATAN,Cacat Fisik,Laki-laki,1,2015
487,2015,DKI Jakarta,JAKARTA BARAT,TAMBORA,DURI SELATAN,Cacat Rungu/Wicara,Laki-laki,1,2015
488,2015,DKI Jakarta,JAKARTA BARAT,KEBON JERUK,KEBON JERUK,Cacat Fisik,Laki-laki,2,2015
489,2015,DKI Jakarta,JAKARTA BARAT,KEBON JERUK,KEBON JERUK,Cacat Netra/Buta,Laki-laki,4,2015
490,2015,DKI Jakarta,JAKARTA BARAT,KEBON JERUK,KEBON JERUK,Cacat Rungu/Wicara,Laki-laki,1,2015
491,2015,DKI Jakarta,JAKARTA BARAT,KEBON JERUK,KEBON JERUK,Cacat Mental/Jiwa,Laki-laki,1,2015
492,2015,DKI Jakarta,JAKARTA BARAT,KEBON JERUK,KEBON JERUK,Cacat Fisik dan Mental,Laki-laki,0,2015
493,2015,DKI Jakarta,JAKARTA BARAT,KEBON JERUK,SUKABUMI UTARA,Cacat Fisik,Laki-laki,2,2015
494,2015,DKI Jakarta,JAKARTA BARAT,KEBON JERUK,SUKABUMI UTARA,Cacat Netra/Buta,Laki-laki,1,2015
495,2015,DKI Jakarta,JAKARTA BARAT,KEBON JERUK,SUKABUMI UTARA,Cacat Mental/Jiwa,Laki-laki,4,2015
496,2015,DKI Jakarta,JAKARTA BARAT,KEBON JERUK,SUKABUMI UTARA,Cacat Lainnya,Laki-laki,5,2015
497,2015,DKI Jakarta,JAKARTA BARAT,KEBON JERUK,SUKABUMI SELATAN,Cacat Netra/Buta,Laki-laki,2,2015
498,2015,DKI Jakarta,JAKARTA BARAT,KEBON JERUK,SUKABUMI SELATAN,Cacat Mental/Jiwa,Laki-laki,2,2015
499,2015,DKI Jakarta,JAKARTA BARAT,KEBON JERUK,SUKABUMI SELATAN,Cacat Lainnya,Laki-laki,0,2015
500,2015,DKI Jakarta,JAKARTA BARAT,KEBON JERUK,DURI KEPA,Cacat Fisik,Laki-laki,2,2015
501,2015,DKI Jakarta,JAKARTA BARAT,KEBON JERUK,DURI KEPA,Cacat Rungu/Wicara,Laki-laki,0,2015
502,2015,DKI Jakarta,JAKARTA BARAT,KEBON JERUK,DURI KEPA,Cacat Mental/Jiwa,Laki-laki,0,2015
503,2015,DKI Jakarta,JAKARTA BARAT,KEBON JERUK,DURI KEPA,Cacat Lainnya,Laki-laki,0,2015
504,2015,DKI Jakarta,JAKARTA BARAT,KEBON JERUK,KEDOYA UTARA,Cacat Fisik,Laki-laki,4,2015
505,2015,DKI Jakarta,JAKARTA BARAT,KEBON JERUK,KEDOYA UTARA,Cacat Netra/Buta,Laki-laki,0,2015
506,2015,DKI Jakarta,JAKARTA BARAT,KEBON JERUK,KEDOYA UTARA,Cacat Mental/Jiwa,Laki-laki,3,2015
507,2015,DKI Jakarta,JAKARTA BARAT,KEBON JERUK,KEDOYA UTARA,Cacat Lainnya,Laki-laki,2,2015
508,2015,DKI Jakarta,JAKARTA BARAT,KEBON JERUK,KEDOYA SELATAN,Cacat Fisik,Laki-laki,0,2015
509,2015,DKI Jakarta,JAKARTA BARAT,KEBON JERUK,KEDOYA SELATAN,Cacat Rungu/Wicara,Laki-laki,1,2015
510,2015,DKI Jakarta,JAKARTA BARAT,KEBON JERUK,KEDOYA SELATAN,Cacat Mental/Jiwa,Laki-laki,8,2015
511,2015,DKI Jakarta,JAKARTA BARAT,KEBON JERUK,KEDOYA SELATAN,Cacat Lainnya,Laki-laki,2,2015
512,2015,DKI Jakarta,JAKARTA BARAT,KALI DERES,KALIDERES,Cacat Fisik,Laki-laki,0,2015
513,2015,DKI Jakarta,JAKARTA BARAT,KALI DERES,KALIDERES,Cacat Mental/Jiwa,Laki-laki,1,2015
514,2015,DKI Jakarta,JAKARTA BARAT,KALI DERES,KALIDERES,Cacat Lainnya,Laki-laki,0,2015
515,2015,DKI Jakarta,JAKARTA BARAT,KALI DERES,SEMANAN,Cacat Fisik,Laki-laki,0,2015
516,2015,DKI Jakarta,JAKARTA BARAT,KALI DERES,SEMANAN,Cacat Netra/Buta,Laki-laki,1,2015
517,2015,DKI Jakarta,JAKARTA BARAT,KALI DERES,SEMANAN,Cacat Mental/Jiwa,Laki-laki,0,2015
518,2015,DKI Jakarta,JAKARTA BARAT,KALI DERES,SEMANAN,Cacat Fisik dan Mental,Laki-laki,1,2015
519,2015,DKI Jakarta,JAKARTA BARAT,KALI DERES,SEMANAN,Cacat Lainnya,Laki-laki,2,2015
520,2015,DKI Jakarta,JAKARTA BARAT,KALI DERES,TEGAL ALUR,Cacat Fisik,Laki-laki,1,2015
521,2015,DKI Jakarta,JAKARTA BARAT,KALI DERES,TEGAL ALUR,Cacat Rungu/Wicara,Laki-laki,1,2015
522,2015,DKI Jakarta,JAKARTA BARAT,KALI DERES,TEGAL ALUR,Cacat Mental/Jiwa,Laki-laki,3,2015
523,2015,DKI Jakarta,JAKARTA BARAT,KALI DERES,TEGAL ALUR,Cacat Lainnya,Laki-laki,2,2015
524,2015,DKI Jakarta,JAKARTA BARAT,KALI DERES,KAMAL,Cacat Fisik,Laki-laki,5,2015
525,2015,DKI Jakarta,JAKARTA BARAT,KALI DERES,KAMAL,Cacat Netra/Buta,Laki-laki,1,2015
526,2015,DKI Jakarta,JAKARTA BARAT,KALI DERES,KAMAL,Cacat Mental/Jiwa,Laki-laki,1,2015
527,2015,DKI Jakarta,JAKARTA BARAT,KALI DERES,KAMAL,Cacat Lainnya,Laki-laki,4,2015
528,2015,DKI Jakarta,JAKARTA BARAT,KALI DERES,PEGADUNGAN,Cacat Fisik,Laki-laki,2,2015
529,2015,DKI Jakarta,JAKARTA BARAT,KALI DERES,PEGADUNGAN,Cacat Netra/Buta,Laki-laki,1,2015
530,2015,DKI Jakarta,JAKARTA BARAT,KALI DERES,PEGADUNGAN,Cacat Mental/Jiwa,Laki-laki,0,2015
531,2015,DKI Jakarta,JAKARTA BARAT,KALI DERES,PEGADUNGAN,Cacat Fisik dan Mental,Laki-laki,0,2015
532,2015,DKI Jakarta,JAKARTA BARAT,PALMERAH,PALMERAH,Cacat Fisik,Laki-laki,1,2015
533,2015,DKI Jakarta,JAKARTA BARAT,PALMERAH,PALMERAH,Cacat Netra/Buta,Laki-laki,0,2015
534,2015,DKI Jakarta,JAKARTA BARAT,PALMERAH,PALMERAH,Cacat Rungu/Wicara,Laki-laki,1,2015
535,2015,DKI Jakarta,JAKARTA BARAT,PALMERAH,PALMERAH,Cacat Mental/Jiwa,Laki-laki,2,2015
536,2015,DKI Jakarta,JAKARTA BARAT,PALMERAH,PALMERAH,Cacat Fisik dan Mental,Laki-laki,0,2015
537,2015,DKI Jakarta,JAKARTA BARAT,PALMERAH,PALMERAH,Cacat Lainnya,Laki-laki,1,2015
538,2015,DKI Jakarta,JAKARTA BARAT,PALMERAH,SLIPI,Cacat Fisik,Laki-laki,0,2015
539,2015,DKI Jakarta,JAKARTA BARAT,PALMERAH,SLIPI,Cacat Fisik dan Mental,Laki-laki,1,2015
540,2015,DKI Jakarta,JAKARTA BARAT,PALMERAH,KOTA BAMBU UTARA,Cacat Fisik,Laki-laki,1,2015
541,2015,DKI Jakarta,JAKARTA BARAT,PALMERAH,KOTA BAMBU UTARA,Cacat Netra/Buta,Laki-laki,0,2015
542,2015,DKI Jakarta,JAKARTA BARAT,PALMERAH,KOTA BAMBU UTARA,Cacat Rungu/Wicara,Laki-laki,1,2015
543,2015,DKI Jakarta,JAKARTA BARAT,PALMERAH,KOTA BAMBU UTARA,Cacat Mental/Jiwa,Laki-laki,0,2015
544,2015,DKI Jakarta,JAKARTA BARAT,PALMERAH,KOTA BAMBU UTARA,Cacat Fisik dan Mental,Laki-laki,1,2015
545,2015,DKI Jakarta,JAKARTA BARAT,PALMERAH,KOTA BAMBU UTARA,Cacat Lainnya,Laki-laki,0,2015
546,2015,DKI Jakarta,JAKARTA BARAT,PALMERAH,JATI PULO,Cacat Fisik,Laki-laki,0,2015
547,2015,DKI Jakarta,JAKARTA BARAT,PALMERAH,JATI PULO,Cacat Fisik dan Mental,Laki-laki,1,2015
548,2015,DKI Jakarta,JAKARTA BARAT,PALMERAH,JATI PULO,Cacat Lainnya,Laki-laki,1,2015
549,2015,DKI Jakarta,JAKARTA BARAT,PALMERAH,KEMANGGISAN,Cacat Fisik,Laki-laki,2,2015
550,2015,DKI Jakarta,JAKARTA BARAT,PALMERAH,KEMANGGISAN,Cacat Netra/Buta,Laki-laki,2,2015
551,2015,DKI Jakarta,JAKARTA BARAT,PALMERAH,KEMANGGISAN,Cacat Rungu/Wicara,Laki-laki,1,2015
552,2015,DKI Jakarta,JAKARTA BARAT,PALMERAH,KEMANGGISAN,Cacat Mental/Jiwa,Laki-laki,3,2015
553,2015,DKI Jakarta,JAKARTA TIMUR,CIPAYUNG,SETU,Cacat Lainnya,Laki-laki,2,2015
554,2015,DKI Jakarta,JAKARTA TIMUR,CIPAYUNG,BAMBU APUS,Cacat Lainnya,Laki-laki,1,2015
555,2015,DKI Jakarta,JAKARTA TIMUR,CIPAYUNG,LUBANG BUAYA,Cacat Rungu/Wicara,Laki-laki,0,2015
556,2015,DKI Jakarta,JAKARTA TIMUR,CIPAYUNG,LUBANG BUAYA,Cacat Mental/Jiwa,Laki-laki,1,2015
557,2015,DKI Jakarta,JAKARTA TIMUR,CIPAYUNG,LUBANG BUAYA,Cacat Lainnya,Laki-laki,1,2015
558,2015,DKI Jakarta,JAKARTA TIMUR,CIPAYUNG,CEGER,Cacat Mental/Jiwa,Laki-laki,31,2015
559,2015,DKI Jakarta,JAKARTA PUSAT,GAMBIR,GAMBIR,Cacat Fisik dan Mental,Perempuan,0,2015
560,2015,DKI Jakarta,JAKARTA PUSAT,GAMBIR,CIDENG,Cacat Fisik,Perempuan,1,2015
561,2015,DKI Jakarta,JAKARTA PUSAT,GAMBIR,CIDENG,Cacat Netra/Buta,Perempuan,0,2015
562,2015,DKI Jakarta,JAKARTA PUSAT,GAMBIR,CIDENG,Cacat Mental/Jiwa,Perempuan,0,2015
563,2015,DKI Jakarta,JAKARTA PUSAT,GAMBIR,CIDENG,Cacat Fisik dan Mental,Perempuan,0,2015
564,2015,DKI Jakarta,JAKARTA PUSAT,GAMBIR,CIDENG,Cacat Lainnya,Perempuan,2,2015
565,2015,DKI Jakarta,JAKARTA PUSAT,GAMBIR,PETOJO UTARA,Cacat Fisik,Perempuan,0,2015
566,2015,DKI Jakarta,JAKARTA PUSAT,GAMBIR,PETOJO UTARA,Cacat Mental/Jiwa,Perempuan,1,2015
567,2015,DKI Jakarta,JAKARTA PUSAT,GAMBIR,PETOJO UTARA,Cacat Lainnya,Perempuan,0,2015
568,2015,DKI Jakarta,JAKARTA PUSAT,GAMBIR,PETOJO SELATAN,Cacat Rungu/Wicara,Perempuan,1,2015
569,2015,DKI Jakarta,JAKARTA PUSAT,GAMBIR,PETOJO SELATAN,Cacat Fisik dan Mental,Perempuan,0,2015
570,2015,DKI Jakarta,JAKARTA PUSAT,GAMBIR,PETOJO SELATAN,Cacat Lainnya,Perempuan,0,2015
571,2015,DKI Jakarta,JAKARTA PUSAT,GAMBIR,KEBON KELAPA,Cacat Mental/Jiwa,Perempuan,1,2015
572,2015,DKI Jakarta,JAKARTA PUSAT,GAMBIR,DURI PULO,Cacat Mental/Jiwa,Perempuan,1,2015
573,2015,DKI Jakarta,JAKARTA PUSAT,SAWAH BESAR,PASAR BARU,Cacat Fisik,Perempuan,0,2015
574,2015,DKI Jakarta,JAKARTA PUSAT,SAWAH BESAR,PASAR BARU,Cacat Lainnya,Perempuan,0,2015
575,2015,DKI Jakarta,JAKARTA PUSAT,SAWAH BESAR,KARANG ANYAR,Cacat Mental/Jiwa,Perempuan,1,2015
576,2015,DKI Jakarta,JAKARTA PUSAT,SAWAH BESAR,KARTINI,Cacat Fisik,Perempuan,0,2015
577,2015,DKI Jakarta,JAKARTA PUSAT,SAWAH BESAR,GUNUNG SAHARI UTARA,Cacat Fisik,Perempuan,0,2015
578,2015,DKI Jakarta,JAKARTA PUSAT,SAWAH BESAR,MANGGA DUA SELATAN,Cacat Fisik,Perempuan,0,2015
579,2015,DKI Jakarta,JAKARTA PUSAT,KEMAYORAN,KEMAYORAN,Cacat Fisik,Perempuan,0,2015
580,2015,DKI Jakarta,JAKARTA PUSAT,KEMAYORAN,KEMAYORAN,Cacat Lainnya,Perempuan,3,2015
581,2015,DKI Jakarta,JAKARTA PUSAT,KEMAYORAN,KEBON KOSONG,Cacat Fisik,Perempuan,0,2015
582,2015,DKI Jakarta,JAKARTA PUSAT,KEMAYORAN,KEBON KOSONG,Cacat Mental/Jiwa,Perempuan,5,2015
583,2015,DKI Jakarta,JAKARTA PUSAT,KEMAYORAN,KEBON KOSONG,Cacat Lainnya,Perempuan,1,2015
584,2015,DKI Jakarta,JAKARTA PUSAT,KEMAYORAN,HARAPAN MULIA,Cacat Fisik,Perempuan,1,2015
585,2015,DKI Jakarta,JAKARTA PUSAT,KEMAYORAN,HARAPAN MULIA,Cacat Netra/Buta,Perempuan,1,2015
586,2015,DKI Jakarta,JAKARTA PUSAT,KEMAYORAN,HARAPAN MULIA,Cacat Rungu/Wicara,Perempuan,4,2015
587,2015,DKI Jakarta,JAKARTA PUSAT,KEMAYORAN,HARAPAN MULIA,Cacat Mental/Jiwa,Perempuan,0,2015
588,2015,DKI Jakarta,JAKARTA PUSAT,KEMAYORAN,HARAPAN MULIA,Cacat Fisik dan Mental,Perempuan,1,2015
589,2015,DKI Jakarta,JAKARTA PUSAT,KEMAYORAN,HARAPAN MULIA,Cacat Lainnya,Perempuan,2,2015
590,2015,DKI Jakarta,JAKARTA PUSAT,KEMAYORAN,SERDANG,Cacat Fisik,Perempuan,0,2015
591,2015,DKI Jakarta,JAKARTA PUSAT,KEMAYORAN,SERDANG,Cacat Mental/Jiwa,Perempuan,1,2015
592,2015,DKI Jakarta,JAKARTA PUSAT,KEMAYORAN,GUNUNG SAHARI SELATAN,Cacat Fisik,Perempuan,0,2015
593,2015,DKI Jakarta,JAKARTA PUSAT,KEMAYORAN,GUNUNG SAHARI SELATAN,Cacat Netra/Buta,Perempuan,0,2015
594,2015,DKI Jakarta,JAKARTA PUSAT,KEMAYORAN,GUNUNG SAHARI SELATAN,Cacat Rungu/Wicara,Perempuan,2,2015
595,2015,DKI Jakarta,JAKARTA PUSAT,KEMAYORAN,GUNUNG SAHARI SELATAN,Cacat Mental/Jiwa,Perempuan,1,2015
596,2015,DKI Jakarta,JAKARTA SELATAN,PANCORAN,PENGADEGAN,Cacat Mental/Jiwa,Laki-laki,2,2015
597,2015,DKI Jakarta,JAKARTA SELATAN,PANCORAN,CIKOKO,Cacat Fisik,Laki-laki,1,2015
598,2015,DKI Jakarta,JAKARTA SELATAN,PANCORAN,CIKOKO,Cacat Mental/Jiwa,Laki-laki,1,2015
599,2015,DKI Jakarta,JAKARTA SELATAN,JAGAKARSA,JAGAKARSA,Cacat Fisik,Laki-laki,1,2015
600,2015,DKI Jakarta,JAKARTA SELATAN,JAGAKARSA,JAGAKARSA,Cacat Netra/Buta,Laki-laki,0,2015
601,2015,DKI Jakarta,JAKARTA SELATAN,JAGAKARSA,JAGAKARSA,Cacat Rungu/Wicara,Laki-laki,2,2015
602,2015,DKI Jakarta,JAKARTA SELATAN,JAGAKARSA,JAGAKARSA,Cacat Mental/Jiwa,Laki-laki,2,2015
603,2015,DKI Jakarta,JAKARTA SELATAN,JAGAKARSA,JAGAKARSA,Cacat Fisik dan Mental,Laki-laki,1,2015
604,2015,DKI Jakarta,JAKARTA SELATAN,JAGAKARSA,JAGAKARSA,Cacat Lainnya,Laki-laki,2,2015
605,2015,DKI Jakarta,JAKARTA SELATAN,JAGAKARSA,SRENGSENG SAWAH,Cacat Mental/Jiwa,Laki-laki,0,2015
606,2015,DKI Jakarta,JAKARTA SELATAN,JAGAKARSA,SRENGSENG SAWAH,Cacat Lainnya,Laki-laki,2,2015
607,2015,DKI Jakarta,JAKARTA SELATAN,JAGAKARSA,CIGANJUR,Cacat Fisik,Laki-laki,38,2015
608,2015,DKI Jakarta,JAKARTA SELATAN,JAGAKARSA,CIGANJUR,Cacat Netra/Buta,Laki-laki,1,2015
609,2015,DKI Jakarta,JAKARTA SELATAN,JAGAKARSA,CIGANJUR,Cacat Rungu/Wicara,Laki-laki,2,2015
610,2015,DKI Jakarta,JAKARTA SELATAN,JAGAKARSA,CIGANJUR,Cacat Mental/Jiwa,Laki-laki,1,2015
611,2015,DKI Jakarta,JAKARTA SELATAN,JAGAKARSA,CIGANJUR,Cacat Fisik dan Mental,Laki-laki,1,2015
612,2015,DKI Jakarta,JAKARTA SELATAN,JAGAKARSA,CIGANJUR,Cacat Lainnya,Laki-laki,4,2015
613,2015,DKI Jakarta,JAKARTA SELATAN,JAGAKARSA,LENTENG AGUNG,Cacat Fisik,Laki-laki,0,2015
614,2015,DKI Jakarta,JAKARTA SELATAN,JAGAKARSA,LENTENG AGUNG,Cacat Mental/Jiwa,Laki-laki,1,2015
615,2015,DKI Jakarta,JAKARTA SELATAN,JAGAKARSA,LENTENG AGUNG,Cacat Lainnya,Laki-laki,1,2015
616,2015,DKI Jakarta,JAKARTA SELATAN,JAGAKARSA,TANJUNG BARAT,Cacat Fisik,Laki-laki,1,2015
617,2015,DKI Jakarta,JAKARTA SELATAN,JAGAKARSA,TANJUNG BARAT,Cacat Mental/Jiwa,Laki-laki,4,2015
618,2015,DKI Jakarta,JAKARTA SELATAN,JAGAKARSA,TANJUNG BARAT,Cacat Fisik dan Mental,Laki-laki,2,2015
619,2015,DKI Jakarta,JAKARTA SELATAN,JAGAKARSA,TANJUNG BARAT,Cacat Lainnya,Laki-laki,1,2015
620,2015,DKI Jakarta,JAKARTA SELATAN,JAGAKARSA,CIPEDAK,Cacat Fisik,Laki-laki,1,2015
621,2015,DKI Jakarta,JAKARTA SELATAN,JAGAKARSA,CIPEDAK,Cacat Mental/Jiwa,Laki-laki,1,2015
622,2015,DKI Jakarta,JAKARTA SELATAN,JAGAKARSA,CIPEDAK,Cacat Lainnya,Laki-laki,1,2015
623,2015,DKI Jakarta,JAKARTA SELATAN,PESANGGRAHAN,PESANGGRAHAN,Cacat Fisik,Laki-laki,0,2015
624,2015,DKI Jakarta,JAKARTA SELATAN,PESANGGRAHAN,PESANGGRAHAN,Cacat Rungu/Wicara,Laki-laki,1,2015
625,2015,DKI Jakarta,JAKARTA SELATAN,PESANGGRAHAN,BINTARO,Cacat Mental/Jiwa,Laki-laki,0,2015
626,2015,DKI Jakarta,JAKARTA SELATAN,PESANGGRAHAN,PETUKANGAN UTARA,Cacat Fisik,Laki-laki,6,2015
627,2015,DKI Jakarta,JAKARTA SELATAN,PESANGGRAHAN,PETUKANGAN UTARA,Cacat Netra/Buta,Laki-laki,4,2015
628,2015,DKI Jakarta,JAKARTA SELATAN,PESANGGRAHAN,PETUKANGAN UTARA,Cacat Mental/Jiwa,Laki-laki,1,2015
629,2015,DKI Jakarta,JAKARTA SELATAN,PESANGGRAHAN,PETUKANGAN UTARA,Cacat Lainnya,Laki-laki,6,2015
630,2015,DKI Jakarta,JAKARTA SELATAN,PESANGGRAHAN,PETUKANGAN SELATAN,Cacat Rungu/Wicara,Laki-laki,0,2015
631,2015,DKI Jakarta,JAKARTA SELATAN,PESANGGRAHAN,PETUKANGAN SELATAN,Cacat Mental/Jiwa,Laki-laki,0,2015
632,2015,DKI Jakarta,JAKARTA SELATAN,PESANGGRAHAN,PETUKANGAN SELATAN,Cacat Fisik dan Mental,Laki-laki,1,2015
633,2015,DKI Jakarta,JAKARTA SELATAN,PESANGGRAHAN,PETUKANGAN SELATAN,Cacat Lainnya,Laki-laki,3,2015
634,2015,DKI Jakarta,JAKARTA SELATAN,PESANGGRAHAN,ULUJAMI,Cacat Fisik dan Mental,Laki-laki,1,2015
635,2015,DKI Jakarta,JAKARTA SELATAN,PESANGGRAHAN,ULUJAMI,Cacat Lainnya,Laki-laki,1,2015
636,2015,DKI Jakarta,JAKARTA TIMUR,MATRAMAN,PISANGAN BARU,Cacat Fisik,Laki-laki,17,2015
637,2015,DKI Jakarta,JAKARTA TIMUR,MATRAMAN,PISANGAN BARU,Cacat Netra/Buta,Laki-laki,1,2015
638,2015,DKI Jakarta,JAKARTA TIMUR,MATRAMAN,PISANGAN BARU,Cacat Rungu/Wicara,Laki-laki,0,2015
639,2015,DKI Jakarta,JAKARTA TIMUR,MATRAMAN,PISANGAN BARU,Cacat Mental/Jiwa,Laki-laki,10,2015
640,2015,DKI Jakarta,JAKARTA TIMUR,MATRAMAN,PISANGAN BARU,Cacat Fisik dan Mental,Laki-laki,2,2015
641,2015,DKI Jakarta,JAKARTA TIMUR,MATRAMAN,PISANGAN BARU,Cacat Lainnya,Laki-laki,4,2015
642,2015,DKI Jakarta,JAKARTA TIMUR,MATRAMAN,UTAN KAYU UTARA,Cacat Fisik,Laki-laki,2,2015
643,2015,DKI Jakarta,JAKARTA TIMUR,MATRAMAN,UTAN KAYU UTARA,Cacat Netra/Buta,Laki-laki,1,2015
644,2015,DKI Jakarta,JAKARTA TIMUR,MATRAMAN,UTAN KAYU UTARA,Cacat Rungu/Wicara,Laki-laki,2,2015
645,2015,DKI Jakarta,JAKARTA TIMUR,MATRAMAN,UTAN KAYU UTARA,Cacat Fisik dan Mental,Laki-laki,1,2015
646,2015,DKI Jakarta,JAKARTA TIMUR,MATRAMAN,UTAN KAYU UTARA,Cacat Lainnya,Laki-laki,1,2015
647,2015,DKI Jakarta,JAKARTA TIMUR,MATRAMAN,KAYU MANIS,Cacat Fisik,Laki-laki,1,2015
648,2015,DKI Jakarta,JAKARTA TIMUR,MATRAMAN,PAL MERIAM,Cacat Fisik,Laki-laki,0,2015
649,2015,DKI Jakarta,JAKARTA TIMUR,MATRAMAN,PAL MERIAM,Cacat Netra/Buta,Laki-laki,2,2015
650,2015,DKI Jakarta,JAKARTA TIMUR,MATRAMAN,PAL MERIAM,Cacat Rungu/Wicara,Laki-laki,1,2015
651,2015,DKI Jakarta,JAKARTA TIMUR,MATRAMAN,PAL MERIAM,Cacat Mental/Jiwa,Laki-laki,1,2015
652,2015,DKI Jakarta,JAKARTA TIMUR,MATRAMAN,PAL MERIAM,Cacat Fisik dan Mental,Laki-laki,0,2015
653,2015,DKI Jakarta,JAKARTA TIMUR,MATRAMAN,KEBON MANGGIS,Cacat Fisik,Laki-laki,1,2015
654,2015,DKI Jakarta,JAKARTA TIMUR,MATRAMAN,KEBON MANGGIS,Cacat Fisik dan Mental,Laki-laki,1,2015
655,2015,DKI Jakarta,JAKARTA TIMUR,MATRAMAN,UTAN KAYU SELATAN,Cacat Fisik,Laki-laki,1,2015
656,2015,DKI Jakarta,JAKARTA TIMUR,MATRAMAN,UTAN KAYU SELATAN,Cacat Mental/Jiwa,Laki-laki,1,2015
657,2015,DKI Jakarta,JAKARTA TIMUR,MATRAMAN,UTAN KAYU SELATAN,Cacat Lainnya,Laki-laki,1,2015
658,2015,DKI Jakarta,JAKARTA TIMUR,PULO GADUNG,PULO GADUNG,Cacat Fisik,Laki-laki,0,2015
659,2015,DKI Jakarta,JAKARTA TIMUR,PULO GADUNG,PULO GADUNG,Cacat Lainnya,Laki-laki,2,2015
660,2015,DKI Jakarta,JAKARTA TIMUR,PULO GADUNG,PISANGAN TIMUR,Cacat Netra/Buta,Laki-laki,1,2015
661,2015,DKI Jakarta,JAKARTA TIMUR,PULO GADUNG,PISANGAN TIMUR,Cacat Mental/Jiwa,Laki-laki,1,2015
662,2015,DKI Jakarta,JAKARTA TIMUR,PULO GADUNG,PISANGAN TIMUR,Cacat Lainnya,Laki-laki,1,2015
663,2015,DKI Jakarta,JAKARTA TIMUR,PULO GADUNG,CIPINANG,Cacat Netra/Buta,Laki-laki,1,2015
664,2015,DKI Jakarta,JAKARTA TIMUR,PULO GADUNG,CIPINANG,Cacat Rungu/Wicara,Laki-laki,1,2015
665,2015,DKI Jakarta,JAKARTA TIMUR,PULO GADUNG,JATINEGARA KAUM,Cacat Fisik,Laki-laki,3,2015
666,2015,DKI Jakarta,JAKARTA TIMUR,PULO GADUNG,JATINEGARA KAUM,Cacat Mental/Jiwa,Laki-laki,0,2015
667,2015,DKI Jakarta,JAKARTA TIMUR,PULO GADUNG,JATINEGARA KAUM,Cacat Fisik dan Mental,Laki-laki,1,2015
668,2015,DKI Jakarta,JAKARTA TIMUR,PULO GADUNG,JATINEGARA KAUM,Cacat Lainnya,Laki-laki,1,2015
669,2015,DKI Jakarta,JAKARTA TIMUR,PULO GADUNG,RAWAMANGUN,Cacat Fisik,Laki-laki,2,2015
670,2015,DKI Jakarta,JAKARTA TIMUR,PULO GADUNG,RAWAMANGUN,Cacat Mental/Jiwa,Laki-laki,1,2015
671,2015,DKI Jakarta,JAKARTA TIMUR,PULO GADUNG,KAYU PUTIH,Cacat Fisik,Laki-laki,1,2015
672,2015,DKI Jakarta,JAKARTA TIMUR,PULO GADUNG,KAYU PUTIH,Cacat Mental/Jiwa,Laki-laki,0,2015
673,2015,DKI Jakarta,JAKARTA TIMUR,PULO GADUNG,JATI,Cacat Fisik,Laki-laki,2,2015
674,2015,DKI Jakarta,JAKARTA TIMUR,PULO GADUNG,JATI,Cacat Fisik dan Mental,Laki-laki,0,2015
675,2015,DKI Jakarta,JAKARTA TIMUR,PULO GADUNG,JATI,Cacat Lainnya,Laki-laki,1,2015
676,2015,DKI Jakarta,JAKARTA TIMUR,JATINEGARA,KAMPUNG MELAYU,Cacat Mental/Jiwa,Laki-laki,1,2015
677,2015,DKI Jakarta,JAKARTA TIMUR,JATINEGARA,KAMPUNG MELAYU,Cacat Fisik dan Mental,Laki-laki,1,2015
678,2015,DKI Jakarta,JAKARTA TIMUR,JATINEGARA,BIDARA CINA,Cacat Fisik,Laki-laki,6,2015
679,2015,DKI Jakarta,JAKARTA TIMUR,JATINEGARA,BIDARA CINA,Cacat Rungu/Wicara,Laki-laki,1,2015
680,2015,DKI Jakarta,JAKARTA TIMUR,JATINEGARA,BIDARA CINA,Cacat Fisik dan Mental,Laki-laki,1,2015
681,2015,DKI Jakarta,JAKARTA TIMUR,JATINEGARA,BIDARA CINA,Cacat Lainnya,Laki-laki,7,2015
682,2015,DKI Jakarta,JAKARTA TIMUR,JATINEGARA,BALI MESTER,Cacat Mental/Jiwa,Laki-laki,0,2015
683,2015,DKI Jakarta,JAKARTA TIMUR,JATINEGARA,BALI MESTER,Cacat Fisik dan Mental,Laki-laki,1,2015
684,2015,DKI Jakarta,JAKARTA TIMUR,JATINEGARA,BALI MESTER,Cacat Lainnya,Laki-laki,2,2015
685,2015,DKI Jakarta,JAKARTA TIMUR,JATINEGARA,RAWA BUNGA,Cacat Fisik,Laki-laki,2,2015
686,2015,DKI Jakarta,JAKARTA TIMUR,JATINEGARA,RAWA BUNGA,Cacat Mental/Jiwa,Laki-laki,1,2015
687,2015,DKI Jakarta,JAKARTA TIMUR,JATINEGARA,RAWA BUNGA,Cacat Lainnya,Laki-laki,1,2015
688,2015,DKI Jakarta,JAKARTA TIMUR,JATINEGARA,CIPINANG CEMPEDAK,Cacat Fisik,Laki-laki,1,2015
689,2015,DKI Jakarta,JAKARTA TIMUR,JATINEGARA,CIPINANG CEMPEDAK,Cacat Rungu/Wicara,Laki-laki,1,2015
690,2015,DKI Jakarta,JAKARTA TIMUR,JATINEGARA,CIPINANG CEMPEDAK,Cacat Mental/Jiwa,Laki-laki,0,2015
691,2015,DKI Jakarta,JAKARTA TIMUR,JATINEGARA,CIPINANG CEMPEDAK,Cacat Fisik dan Mental,Laki-laki,3,2015
692,2015,DKI Jakarta,JAKARTA TIMUR,JATINEGARA,CIPINANG MUARA,Cacat Mental/Jiwa,Laki-laki,0,2015
693,2015,DKI Jakarta,JAKARTA TIMUR,JATINEGARA,CIPINANG MUARA,Cacat Fisik dan Mental,Laki-laki,2,2015
694,2015,DKI Jakarta,JAKARTA TIMUR,JATINEGARA,CIPINANG BESAR SELATAN,Cacat Fisik,Laki-laki,1,2015
695,2015,DKI Jakarta,JAKARTA TIMUR,JATINEGARA,CIPINANG BESAR SELATAN,Cacat Netra/Buta,Laki-laki,3,2015
696,2015,DKI Jakarta,JAKARTA TIMUR,JATINEGARA,CIPINANG BESAR SELATAN,Cacat Rungu/Wicara,Laki-laki,3,2015
697,2015,DKI Jakarta,JAKARTA TIMUR,JATINEGARA,CIPINANG BESAR SELATAN,Cacat Fisik dan Mental,Laki-laki,0,2015
698,2015,DKI Jakarta,JAKARTA TIMUR,JATINEGARA,CIPINANG BESAR SELATAN,Cacat Lainnya,Laki-laki,0,2015
699,2015,DKI Jakarta,JAKARTA TIMUR,JATINEGARA,CIPINANG BESAR UTARA,Cacat Fisik,Laki-laki,1,2015
700,2015,DKI Jakarta,JAKARTA TIMUR,JATINEGARA,CIPINANG BESAR UTARA,Cacat Lainnya,Laki-laki,0,2015
701,2015,DKI Jakarta,JAKARTA TIMUR,KRAMAT JATI,KRAMAT JATI,Cacat Netra/Buta,Laki-laki,0,2015
702,2015,DKI Jakarta,JAKARTA TIMUR,KRAMAT JATI,KRAMAT JATI,Cacat Rungu/Wicara,Laki-laki,1,2015
703,2015,DKI Jakarta,JAKARTA TIMUR,KRAMAT JATI,KRAMAT JATI,Cacat Lainnya,Laki-laki,1,2015
704,2015,DKI Jakarta,JAKARTA TIMUR,KRAMAT JATI,KAMPUNG TENGAH,Cacat Mental/Jiwa,Laki-laki,0,2015
705,2015,DKI Jakarta,JAKARTA TIMUR,KRAMAT JATI,KAMPUNG TENGAH,Cacat Lainnya,Laki-laki,1,2015
706,2015,DKI Jakarta,JAKARTA TIMUR,KRAMAT JATI,DUKUH,Cacat Rungu/Wicara,Laki-laki,1,2015
707,2015,DKI Jakarta,JAKARTA TIMUR,KRAMAT JATI,DUKUH,Cacat Mental/Jiwa,Laki-laki,2,2015
708,2015,DKI Jakarta,JAKARTA TIMUR,KRAMAT JATI,DUKUH,Cacat Lainnya,Laki-laki,2,2015
709,2015,DKI Jakarta,JAKARTA TIMUR,KRAMAT JATI,BATU AMPAR,Cacat Fisik,Laki-laki,0,2015
710,2015,DKI Jakarta,JAKARTA TIMUR,KRAMAT JATI,BATU AMPAR,Cacat Netra/Buta,Laki-laki,2,2015
711,2015,DKI Jakarta,JAKARTA TIMUR,KRAMAT JATI,BATU AMPAR,Cacat Rungu/Wicara,Laki-laki,5,2015
712,2015,DKI Jakarta,JAKARTA TIMUR,KRAMAT JATI,BATU AMPAR,Cacat Mental/Jiwa,Laki-laki,1,2015
713,2015,DKI Jakarta,JAKARTA TIMUR,KRAMAT JATI,BATU AMPAR,Cacat Fisik dan Mental,Laki-laki,1,2015
714,2015,DKI Jakarta,JAKARTA TIMUR,KRAMAT JATI,BATU AMPAR,Cacat Lainnya,Laki-laki,3,2015
715,2015,DKI Jakarta,JAKARTA TIMUR,KRAMAT JATI,BALE KAMBANG,Cacat Fisik,Laki-laki,0,2015
716,2015,DKI Jakarta,JAKARTA TIMUR,KRAMAT JATI,BALE KAMBANG,Cacat Netra/Buta,Laki-laki,2,2015
717,2015,DKI Jakarta,JAKARTA TIMUR,KRAMAT JATI,BALE KAMBANG,Cacat Rungu/Wicara,Laki-laki,1,2015
718,2015,DKI Jakarta,JAKARTA TIMUR,KRAMAT JATI,BALE KAMBANG,Cacat Mental/Jiwa,Laki-laki,0,2015
719,2015,DKI Jakarta,JAKARTA TIMUR,KRAMAT JATI,BALE KAMBANG,Cacat Fisik dan Mental,Laki-laki,1,2015
720,2015,DKI Jakarta,JAKARTA TIMUR,KRAMAT JATI,BALE KAMBANG,Cacat Lainnya,Laki-laki,0,2015
721,2015,DKI Jakarta,JAKARTA TIMUR,KRAMAT JATI,CILILITAN,Cacat Rungu/Wicara,Laki-laki,0,2015
722,2015,DKI Jakarta,JAKARTA TIMUR,KRAMAT JATI,CILILITAN,Cacat Mental/Jiwa,Laki-laki,0,2015
723,2015,DKI Jakarta,JAKARTA TIMUR,KRAMAT JATI,CILILITAN,Cacat Fisik dan Mental,Laki-laki,0,2015
724,2015,DKI Jakarta,JAKARTA TIMUR,KRAMAT JATI,CAWANG,Cacat Fisik,Laki-laki,3,2015
725,2015,DKI Jakarta,JAKARTA TIMUR,KRAMAT JATI,CAWANG,Cacat Lainnya,Laki-laki,4,2015
726,2015,DKI Jakarta,JAKARTA TIMUR,PASAR REBO,GEDONG,Cacat Mental/Jiwa,Laki-laki,5,2015
727,2015,DKI Jakarta,JAKARTA TIMUR,PASAR REBO,GEDONG,Cacat Lainnya,Laki-laki,1,2015
728,2015,DKI Jakarta,JAKARTA TIMUR,PASAR REBO,BARU,Cacat Fisik,Laki-laki,1,2015
729,2015,DKI Jakarta,JAKARTA TIMUR,PASAR REBO,BARU,Cacat Netra/Buta,Laki-laki,2,2015
730,2015,DKI Jakarta,JAKARTA TIMUR,PASAR REBO,BARU,Cacat Fisik dan Mental,Laki-laki,0,2015
731,2015,DKI Jakarta,JAKARTA TIMUR,PASAR REBO,BARU,Cacat Lainnya,Laki-laki,1,2015
732,2015,DKI Jakarta,JAKARTA TIMUR,PASAR REBO,CIJANTUNG,Cacat Fisik,Laki-laki,10,2015
733,2015,DKI Jakarta,JAKARTA TIMUR,PASAR REBO,CIJANTUNG,Cacat Netra/Buta,Laki-laki,1,2015
734,2015,DKI Jakarta,JAKARTA TIMUR,PASAR REBO,CIJANTUNG,Cacat Rungu/Wicara,Laki-laki,1,2015
735,2015,DKI Jakarta,JAKARTA TIMUR,PASAR REBO,CIJANTUNG,Cacat Mental/Jiwa,Laki-laki,3,2015
736,2015,DKI Jakarta,JAKARTA TIMUR,PASAR REBO,CIJANTUNG,Cacat Fisik dan Mental,Laki-laki,1,2015
737,2015,DKI Jakarta,JAKARTA TIMUR,PASAR REBO,CIJANTUNG,Cacat Lainnya,Laki-laki,7,2015
738,2015,DKI Jakarta,JAKARTA TIMUR,PASAR REBO,KALISARI,Cacat Fisik,Laki-laki,4,2015
739,2015,DKI Jakarta,JAKARTA TIMUR,PASAR REBO,KALISARI,Cacat Netra/Buta,Laki-laki,3,2015
740,2015,DKI Jakarta,JAKARTA TIMUR,PASAR REBO,KALISARI,Cacat Rungu/Wicara,Laki-laki,4,2015
741,2015,DKI Jakarta,JAKARTA TIMUR,PASAR REBO,KALISARI,Cacat Mental/Jiwa,Laki-laki,2,2015
742,2015,DKI Jakarta,JAKARTA TIMUR,PASAR REBO,KALISARI,Cacat Fisik dan Mental,Laki-laki,0,2015
743,2015,DKI Jakarta,JAKARTA TIMUR,PASAR REBO,PEKAYON,Cacat Netra/Buta,Laki-laki,1,2015
744,2015,DKI Jakarta,JAKARTA TIMUR,PASAR REBO,PEKAYON,Cacat Rungu/Wicara,Laki-laki,0,2015
745,2015,DKI Jakarta,JAKARTA TIMUR,PASAR REBO,PEKAYON,Cacat Fisik dan Mental,Laki-laki,0,2015
746,2015,DKI Jakarta,JAKARTA TIMUR,PASAR REBO,PEKAYON,Cacat Lainnya,Laki-laki,1,2015
747,2015,DKI Jakarta,JAKARTA TIMUR,CAKUNG,JATINEGARA,Cacat Fisik,Laki-laki,1,2015
748,2015,DKI Jakarta,JAKARTA TIMUR,CAKUNG,JATINEGARA,Cacat Netra/Buta,Laki-laki,1,2015
749,2015,DKI Jakarta,JAKARTA TIMUR,CAKUNG,JATINEGARA,Cacat Mental/Jiwa,Laki-laki,1,2015
750,2015,DKI Jakarta,JAKARTA TIMUR,CAKUNG,JATINEGARA,Cacat Lainnya,Laki-laki,1,2015
751,2015,DKI Jakarta,JAKARTA TIMUR,CAKUNG,RAWA TERATE,Cacat Netra/Buta,Laki-laki,1,2015
752,2015,DKI Jakarta,JAKARTA TIMUR,CAKUNG,RAWA TERATE,Cacat Rungu/Wicara,Laki-laki,1,2015
753,2015,DKI Jakarta,JAKARTA TIMUR,CAKUNG,RAWA TERATE,Cacat Lainnya,Laki-laki,1,2015
754,2015,DKI Jakarta,JAKARTA TIMUR,CAKUNG,PENGGILINGAN,Cacat Fisik,Laki-laki,16,2015
755,2015,DKI Jakarta,JAKARTA TIMUR,CAKUNG,PENGGILINGAN,Cacat Netra/Buta,Laki-laki,12,2015
756,2015,DKI Jakarta,JAKARTA TIMUR,CAKUNG,PENGGILINGAN,Cacat Rungu/Wicara,Laki-laki,13,2015
757,2015,DKI Jakarta,JAKARTA TIMUR,CAKUNG,PENGGILINGAN,Cacat Mental/Jiwa,Laki-laki,10,2015
758,2015,DKI Jakarta,JAKARTA TIMUR,CAKUNG,PENGGILINGAN,Cacat Fisik dan Mental,Laki-laki,4,2015
759,2015,DKI Jakarta,JAKARTA TIMUR,CAKUNG,PENGGILINGAN,Cacat Lainnya,Laki-laki,1,2015
760,2015,DKI Jakarta,JAKARTA TIMUR,CAKUNG,CAKUNG TIMUR,Cacat Mental/Jiwa,Laki-laki,0,2015
761,2015,DKI Jakarta,JAKARTA TIMUR,CAKUNG,CAKUNG TIMUR,Cacat Lainnya,Laki-laki,3,2015
762,2015,DKI Jakarta,JAKARTA TIMUR,CAKUNG,PULO GEBANG,Cacat Fisik,Laki-laki,1,2015
763,2015,DKI Jakarta,JAKARTA TIMUR,CAKUNG,PULO GEBANG,Cacat Netra/Buta,Laki-laki,0,2015
764,2015,DKI Jakarta,JAKARTA TIMUR,CAKUNG,PULO GEBANG,Cacat Lainnya,Laki-laki,1,2015
765,2015,DKI Jakarta,JAKARTA TIMUR,CAKUNG,UJUNG MENTENG,Cacat Fisik,Laki-laki,1,2015
766,2015,DKI Jakarta,JAKARTA TIMUR,CAKUNG,UJUNG MENTENG,Cacat Mental/Jiwa,Laki-laki,2,2015
767,2015,DKI Jakarta,JAKARTA TIMUR,CAKUNG,CAKUNG BARAT,Cacat Fisik,Laki-laki,1,2015
768,2015,DKI Jakarta,JAKARTA TIMUR,CAKUNG,CAKUNG BARAT,Cacat Netra/Buta,Laki-laki,0,2015
769,2015,DKI Jakarta,JAKARTA TIMUR,CAKUNG,CAKUNG BARAT,Cacat Mental/Jiwa,Laki-laki,1,2015
770,2015,DKI Jakarta,JAKARTA TIMUR,CAKUNG,CAKUNG BARAT,Cacat Lainnya,Laki-laki,2,2015
771,2015,DKI Jakarta,JAKARTA TIMUR,DUREN SAWIT,DUREN SAWIT,Cacat Fisik,Laki-laki,1,2015
772,2015,DKI Jakarta,JAKARTA TIMUR,DUREN SAWIT,DUREN SAWIT,Cacat Netra/Buta,Laki-laki,2,2015
773,2015,DKI Jakarta,JAKARTA TIMUR,DUREN SAWIT,DUREN SAWIT,Cacat Rungu/Wicara,Laki-laki,2,2015
774,2015,DKI Jakarta,JAKARTA TIMUR,DUREN SAWIT,DUREN SAWIT,Cacat Mental/Jiwa,Laki-laki,0,2015
775,2015,DKI Jakarta,JAKARTA TIMUR,DUREN SAWIT,DUREN SAWIT,Cacat Lainnya,Laki-laki,3,2015
776,2015,DKI Jakarta,JAKARTA TIMUR,DUREN SAWIT,PONDOK BAMBU,Cacat Fisik,Laki-laki,15,2015
777,2015,DKI Jakarta,JAKARTA TIMUR,DUREN SAWIT,PONDOK BAMBU,Cacat Netra/Buta,Laki-laki,0,2015
778,2015,DKI Jakarta,JAKARTA TIMUR,DUREN SAWIT,PONDOK BAMBU,Cacat Mental/Jiwa,Laki-laki,4,2015
779,2015,DKI Jakarta,JAKARTA TIMUR,DUREN SAWIT,PONDOK BAMBU,Cacat Fisik dan Mental,Laki-laki,0,2015
780,2015,DKI Jakarta,JAKARTA TIMUR,DUREN SAWIT,PONDOK BAMBU,Cacat Lainnya,Laki-laki,3,2015
781,2015,DKI Jakarta,JAKARTA TIMUR,DUREN SAWIT,KLENDER,Cacat Fisik,Laki-laki,0,2015
782,2015,DKI Jakarta,JAKARTA TIMUR,DUREN SAWIT,KLENDER,Cacat Netra/Buta,Laki-laki,0,2015
783,2015,DKI Jakarta,JAKARTA TIMUR,DUREN SAWIT,KLENDER,Cacat Rungu/Wicara,Laki-laki,0,2015
784,2015,DKI Jakarta,JAKARTA TIMUR,DUREN SAWIT,KLENDER,Cacat Mental/Jiwa,Laki-laki,3,2015
785,2015,DKI Jakarta,JAKARTA TIMUR,DUREN SAWIT,KLENDER,Cacat Lainnya,Laki-laki,0,2015
786,2015,DKI Jakarta,JAKARTA TIMUR,DUREN SAWIT,PONDOK KELAPA,Cacat Fisik,Laki-laki,1,2015
787,2015,DKI Jakarta,JAKARTA TIMUR,DUREN SAWIT,PONDOK KELAPA,Cacat Netra/Buta,Laki-laki,2,2015
788,2015,DKI Jakarta,JAKARTA TIMUR,DUREN SAWIT,PONDOK KELAPA,Cacat Rungu/Wicara,Laki-laki,2,2015
789,2015,DKI Jakarta,JAKARTA TIMUR,DUREN SAWIT,PONDOK KELAPA,Cacat Lainnya,Laki-laki,3,2015
790,2015,DKI Jakarta,JAKARTA TIMUR,DUREN SAWIT,MALAKA SARI,Cacat Fisik,Laki-laki,2,2015
791,2015,DKI Jakarta,JAKARTA TIMUR,DUREN SAWIT,MALAKA SARI,Cacat Netra/Buta,Laki-laki,1,2015
792,2015,DKI Jakarta,JAKARTA TIMUR,DUREN SAWIT,MALAKA SARI,Cacat Rungu/Wicara,Laki-laki,0,2015
793,2015,DKI Jakarta,JAKARTA TIMUR,DUREN SAWIT,MALAKA SARI,Cacat Mental/Jiwa,Laki-laki,0,2015
794,2015,DKI Jakarta,JAKARTA TIMUR,DUREN SAWIT,MALAKA SARI,Cacat Fisik dan Mental,Laki-laki,1,2015
795,2015,DKI Jakarta,JAKARTA TIMUR,DUREN SAWIT,MALAKA JAYA,Cacat Fisik,Laki-laki,7,2015
796,2015,DKI Jakarta,JAKARTA TIMUR,DUREN SAWIT,MALAKA JAYA,Cacat Netra/Buta,Laki-laki,2,2015
797,2015,DKI Jakarta,JAKARTA TIMUR,DUREN SAWIT,MALAKA JAYA,Cacat Rungu/Wicara,Laki-laki,0,2015
798,2015,DKI Jakarta,JAKARTA TIMUR,DUREN SAWIT,MALAKA JAYA,Cacat Mental/Jiwa,Laki-laki,3,2015
799,2015,DKI Jakarta,JAKARTA TIMUR,DUREN SAWIT,MALAKA JAYA,Cacat Fisik dan Mental,Laki-laki,1,2015
800,2015,DKI Jakarta,JAKARTA TIMUR,DUREN SAWIT,MALAKA JAYA,Cacat Lainnya,Laki-laki,1,2015
801,2015,DKI Jakarta,JAKARTA TIMUR,DUREN SAWIT,PONDOK KOPI,Cacat Rungu/Wicara,Laki-laki,0,2015
802,2015,DKI Jakarta,JAKARTA TIMUR,DUREN SAWIT,PONDOK KOPI,Cacat Mental/Jiwa,Laki-laki,0,2015
803,2015,DKI Jakarta,JAKARTA TIMUR,MAKASAR,MAKASAR,Cacat Netra/Buta,Laki-laki,0,2015
804,2015,DKI Jakarta,JAKARTA TIMUR,MAKASAR,MAKASAR,Cacat Rungu/Wicara,Laki-laki,0,2015
805,2015,DKI Jakarta,JAKARTA TIMUR,MAKASAR,MAKASAR,Cacat Mental/Jiwa,Laki-laki,0,2015
806,2015,DKI Jakarta,JAKARTA TIMUR,MAKASAR,MAKASAR,Cacat Fisik dan Mental,Laki-laki,0,2015
807,2015,DKI Jakarta,JAKARTA TIMUR,MAKASAR,MAKASAR,Cacat Lainnya,Laki-laki,0,2015
808,2015,DKI Jakarta,JAKARTA TIMUR,MAKASAR,PINANG RANTI,Cacat Fisik,Laki-laki,5,2015
809,2015,DKI Jakarta,JAKARTA TIMUR,MAKASAR,PINANG RANTI,Cacat Netra/Buta,Laki-laki,1,2015
810,2015,DKI Jakarta,JAKARTA TIMUR,MAKASAR,PINANG RANTI,Cacat Rungu/Wicara,Laki-laki,1,2015
811,2015,DKI Jakarta,JAKARTA TIMUR,MAKASAR,PINANG RANTI,Cacat Mental/Jiwa,Laki-laki,1,2015
812,2015,DKI Jakarta,JAKARTA TIMUR,MAKASAR,PINANG RANTI,Cacat Lainnya,Laki-laki,2,2015
813,2015,DKI Jakarta,JAKARTA TIMUR,MAKASAR,KEBON PALA,Cacat Fisik,Laki-laki,0,2015
814,2015,DKI Jakarta,JAKARTA TIMUR,MAKASAR,KEBON PALA,Cacat Lainnya,Laki-laki,2,2015
815,2015,DKI Jakarta,JAKARTA TIMUR,MAKASAR,HALIM PERDANA KUSUMAH,Cacat Fisik,Laki-laki,1,2015
816,2015,DKI Jakarta,JAKARTA TIMUR,MAKASAR,HALIM PERDANA KUSUMAH,Cacat Rungu/Wicara,Laki-laki,2,2015
817,2015,DKI Jakarta,JAKARTA TIMUR,MAKASAR,HALIM PERDANA KUSUMAH,Cacat Mental/Jiwa,Laki-laki,1,2015
818,2015,DKI Jakarta,JAKARTA TIMUR,MAKASAR,HALIM PERDANA KUSUMAH,Cacat Fisik dan Mental,Laki-laki,1,2015
819,2015,DKI Jakarta,JAKARTA TIMUR,MAKASAR,HALIM PERDANA KUSUMAH,Cacat Lainnya,Laki-laki,2,2015
820,2015,DKI Jakarta,JAKARTA TIMUR,MAKASAR,CIPINANG MELAYU,Cacat Fisik,Laki-laki,0,2015
821,2015,DKI Jakarta,JAKARTA TIMUR,MAKASAR,CIPINANG MELAYU,Cacat Mental/Jiwa,Laki-laki,0,2015
822,2015,DKI Jakarta,JAKARTA TIMUR,CIRACAS,CIRACAS,Cacat Fisik,Laki-laki,1,2015
823,2015,DKI Jakarta,JAKARTA TIMUR,CIRACAS,CIRACAS,Cacat Mental/Jiwa,Laki-laki,0,2015
824,2015,DKI Jakarta,JAKARTA TIMUR,CIRACAS,CIRACAS,Cacat Fisik dan Mental,Laki-laki,0,2015
825,2015,DKI Jakarta,JAKARTA TIMUR,CIRACAS,CIRACAS,Cacat Lainnya,Laki-laki,2,2015
826,2015,DKI Jakarta,JAKARTA TIMUR,CIRACAS,CIBUBUR,Cacat Netra/Buta,Laki-laki,1,2015
827,2015,DKI Jakarta,JAKARTA TIMUR,CIRACAS,CIBUBUR,Cacat Rungu/Wicara,Laki-laki,4,2015
828,2015,DKI Jakarta,JAKARTA TIMUR,CIRACAS,CIBUBUR,Cacat Mental/Jiwa,Laki-laki,1,2015
829,2015,DKI Jakarta,JAKARTA TIMUR,CIRACAS,CIBUBUR,Cacat Lainnya,Laki-laki,5,2015
830,2015,DKI Jakarta,JAKARTA TIMUR,CIRACAS,KELAPA DUA WETAN,Cacat Lainnya,Laki-laki,2,2015
831,2015,DKI Jakarta,JAKARTA TIMUR,CIRACAS,SUSUKAN,Cacat Fisik,Laki-laki,0,2015
832,2015,DKI Jakarta,JAKARTA TIMUR,CIRACAS,SUSUKAN,Cacat Netra/Buta,Laki-laki,1,2015
833,2015,DKI Jakarta,JAKARTA TIMUR,CIRACAS,SUSUKAN,Cacat Fisik dan Mental,Laki-laki,1,2015
834,2015,DKI Jakarta,JAKARTA TIMUR,CIRACAS,SUSUKAN,Cacat Lainnya,Laki-laki,0,2015
835,2015,DKI Jakarta,JAKARTA TIMUR,CIRACAS,RAMBUTAN,Cacat Fisik,Laki-laki,7,2015
836,2015,DKI Jakarta,JAKARTA TIMUR,CIRACAS,RAMBUTAN,Cacat Netra/Buta,Laki-laki,1,2015
837,2015,DKI Jakarta,JAKARTA TIMUR,CIRACAS,RAMBUTAN,Cacat Rungu/Wicara,Laki-laki,2,2015
838,2015,DKI Jakarta,JAKARTA TIMUR,CIRACAS,RAMBUTAN,Cacat Lainnya,Laki-laki,2,2015
839,2015,DKI Jakarta,JAKARTA TIMUR,CIPAYUNG,CIPAYUNG,Cacat Fisik,Laki-laki,4,2015
840,2015,DKI Jakarta,JAKARTA TIMUR,CIPAYUNG,CIPAYUNG,Cacat Netra/Buta,Laki-laki,1,2015
841,2015,DKI Jakarta,JAKARTA TIMUR,CIPAYUNG,CIPAYUNG,Cacat Rungu/Wicara,Laki-laki,0,2015
842,2015,DKI Jakarta,JAKARTA TIMUR,CIPAYUNG,CIPAYUNG,Cacat Mental/Jiwa,Laki-laki,39,2015
843,2015,DKI Jakarta,JAKARTA TIMUR,CIPAYUNG,CIPAYUNG,Cacat Fisik dan Mental,Laki-laki,1,2015
844,2015,DKI Jakarta,JAKARTA TIMUR,CIPAYUNG,CILANGKAP,Cacat Fisik,Laki-laki,1,2015
845,2015,DKI Jakarta,JAKARTA TIMUR,CIPAYUNG,CILANGKAP,Cacat Lainnya,Laki-laki,2,2015
846,2015,DKI Jakarta,JAKARTA TIMUR,CIPAYUNG,PONDOK RANGGON,Cacat Fisik,Laki-laki,0,2015
847,2015,DKI Jakarta,JAKARTA TIMUR,CIPAYUNG,PONDOK RANGGON,Cacat Mental/Jiwa,Laki-laki,1,2015
848,2015,DKI Jakarta,JAKARTA TIMUR,CIPAYUNG,PONDOK RANGGON,Cacat Lainnya,Laki-laki,0,2015
849,2015,DKI Jakarta,JAKARTA TIMUR,CIPAYUNG,MUNJUL,Cacat Fisik,Laki-laki,3,2015
850,2015,DKI Jakarta,JAKARTA TIMUR,CIPAYUNG,MUNJUL,Cacat Lainnya,Laki-laki,0,2015
851,2015,DKI Jakarta,JAKARTA TIMUR,CIPAYUNG,SETU,Cacat Fisik,Laki-laki,1,2015
852,2015,DKI Jakarta,JAKARTA TIMUR,CIPAYUNG,SETU,Cacat Rungu/Wicara,Laki-laki,0,2015
853,2015,DKI Jakarta,JAKARTA BARAT,CENGKARENG,RAWA BUAYA,Cacat Fisik dan Mental,Perempuan,0,2015
854,2015,DKI Jakarta,JAKARTA BARAT,CENGKARENG,RAWA BUAYA,Cacat Lainnya,Perempuan,2,2015
855,2015,DKI Jakarta,JAKARTA BARAT,CENGKARENG,KEDAUNG KALI ANGKE,Cacat Fisik,Perempuan,1,2015
856,2015,DKI Jakarta,JAKARTA BARAT,CENGKARENG,KEDAUNG KALI ANGKE,Cacat Rungu/Wicara,Perempuan,0,2015
857,2015,DKI Jakarta,JAKARTA BARAT,CENGKARENG,KEDAUNG KALI ANGKE,Cacat Lainnya,Perempuan,0,2015
858,2015,DKI Jakarta,JAKARTA BARAT,CENGKARENG,KAPUK,Cacat Fisik,Perempuan,5,2015
859,2015,DKI Jakarta,JAKARTA BARAT,CENGKARENG,KAPUK,Cacat Netra/Buta,Perempuan,1,2015
860,2015,DKI Jakarta,JAKARTA BARAT,CENGKARENG,KAPUK,Cacat Rungu/Wicara,Perempuan,4,2015
861,2015,DKI Jakarta,JAKARTA BARAT,CENGKARENG,KAPUK,Cacat Mental/Jiwa,Perempuan,1,2015
862,2015,DKI Jakarta,JAKARTA BARAT,CENGKARENG,KAPUK,Cacat Fisik dan Mental,Perempuan,1,2015
863,2015,DKI Jakarta,JAKARTA BARAT,CENGKARENG,KAPUK,Cacat Lainnya,Perempuan,4,2015
864,2015,DKI Jakarta,JAKARTA BARAT,CENGKARENG,CENGKARENG TIMUR,Cacat Fisik,Perempuan,13,2015
865,2015,DKI Jakarta,JAKARTA BARAT,CENGKARENG,CENGKARENG TIMUR,Cacat Mental/Jiwa,Perempuan,2,2015
866,2015,DKI Jakarta,JAKARTA BARAT,CENGKARENG,CENGKARENG TIMUR,Cacat Fisik dan Mental,Perempuan,1,2015
867,2015,DKI Jakarta,JAKARTA BARAT,CENGKARENG,CENGKARENG TIMUR,Cacat Lainnya,Perempuan,6,2015
868,2015,DKI Jakarta,JAKARTA BARAT,GROGOL PETAMBURAN,GROGOL,Cacat Fisik,Perempuan,1,2015
869,2015,DKI Jakarta,JAKARTA BARAT,GROGOL PETAMBURAN,GROGOL,Cacat Rungu/Wicara,Perempuan,0,2015
870,2015,DKI Jakarta,JAKARTA BARAT,GROGOL PETAMBURAN,GROGOL,Cacat Mental/Jiwa,Perempuan,1,2015
871,2015,DKI Jakarta,JAKARTA BARAT,GROGOL PETAMBURAN,GROGOL,Cacat Fisik dan Mental,Perempuan,0,2015
872,2015,DKI Jakarta,JAKARTA BARAT,GROGOL PETAMBURAN,GROGOL,Cacat Lainnya,Perempuan,2,2015
873,2015,DKI Jakarta,JAKARTA BARAT,GROGOL PETAMBURAN,TANJUNG DUREN UTARA,Cacat Fisik,Perempuan,1,2015
874,2015,DKI Jakarta,JAKARTA BARAT,GROGOL PETAMBURAN,TANJUNG DUREN UTARA,Cacat Lainnya,Perempuan,1,2015
875,2015,DKI Jakarta,JAKARTA BARAT,GROGOL PETAMBURAN,TOMANG,Cacat Fisik,Perempuan,0,2015
876,2015,DKI Jakarta,JAKARTA BARAT,GROGOL PETAMBURAN,TOMANG,Cacat Netra/Buta,Perempuan,1,2015
877,2015,DKI Jakarta,JAKARTA BARAT,GROGOL PETAMBURAN,TOMANG,Cacat Rungu/Wicara,Perempuan,3,2015
878,2015,DKI Jakarta,JAKARTA BARAT,GROGOL PETAMBURAN,TOMANG,Cacat Mental/Jiwa,Perempuan,2,2015
879,2015,DKI Jakarta,JAKARTA BARAT,GROGOL PETAMBURAN,TOMANG,Cacat Lainnya,Perempuan,6,2015
880,2015,DKI Jakarta,JAKARTA BARAT,GROGOL PETAMBURAN,JELAMBAR,Cacat Fisik,Perempuan,1,2015
881,2015,DKI Jakarta,JAKARTA BARAT,GROGOL PETAMBURAN,JELAMBAR,Cacat Rungu/Wicara,Perempuan,2,2015
882,2015,DKI Jakarta,JAKARTA BARAT,GROGOL PETAMBURAN,JELAMBAR,Cacat Mental/Jiwa,Perempuan,0,2015
883,2015,DKI Jakarta,JAKARTA BARAT,GROGOL PETAMBURAN,JELAMBAR,Cacat Fisik dan Mental,Perempuan,1,2015
884,2015,DKI Jakarta,JAKARTA BARAT,GROGOL PETAMBURAN,JELAMBAR,Cacat Lainnya,Perempuan,2,2015
885,2015,DKI Jakarta,JAKARTA BARAT,GROGOL PETAMBURAN,TANJUNG DUREN SELATAN,Cacat Fisik,Perempuan,0,2015
886,2015,DKI Jakarta,JAKARTA BARAT,GROGOL PETAMBURAN,JELAMBAR BARU,Cacat Fisik,Perempuan,6,2015
887,2015,DKI Jakarta,JAKARTA BARAT,GROGOL PETAMBURAN,JELAMBAR BARU,Cacat Netra/Buta,Perempuan,0,2015
888,2015,DKI Jakarta,JAKARTA BARAT,GROGOL PETAMBURAN,JELAMBAR BARU,Cacat Rungu/Wicara,Perempuan,0,2015
889,2015,DKI Jakarta,JAKARTA BARAT,GROGOL PETAMBURAN,JELAMBAR BARU,Cacat Mental/Jiwa,Perempuan,2,2015
890,2015,DKI Jakarta,JAKARTA BARAT,GROGOL PETAMBURAN,WIJAYA KUSUMA,Cacat Fisik,Perempuan,5,2015
891,2015,DKI Jakarta,JAKARTA BARAT,GROGOL PETAMBURAN,WIJAYA KUSUMA,Cacat Netra/Buta,Perempuan,2,2015
892,2015,DKI Jakarta,JAKARTA BARAT,GROGOL PETAMBURAN,WIJAYA KUSUMA,Cacat Rungu/Wicara,Perempuan,0,2015
893,2015,DKI Jakarta,JAKARTA BARAT,GROGOL PETAMBURAN,WIJAYA KUSUMA,Cacat Mental/Jiwa,Perempuan,22,2015
894,2015,DKI Jakarta,JAKARTA BARAT,GROGOL PETAMBURAN,WIJAYA KUSUMA,Cacat Lainnya,Perempuan,1,2015
895,2015,DKI Jakarta,JAKARTA BARAT,TAMAN SARI,TAMAN SARI,Cacat Fisik,Perempuan,2,2015
896,2015,DKI Jakarta,JAKARTA BARAT,TAMAN SARI,TAMAN SARI,Cacat Rungu/Wicara,Perempuan,1,2015
897,2015,DKI Jakarta,JAKARTA BARAT,TAMAN SARI,TAMAN SARI,Cacat Fisik dan Mental,Perempuan,1,2015
898,2015,DKI Jakarta,JAKARTA BARAT,TAMAN SARI,KRUKUT,Cacat Netra/Buta,Perempuan,0,2015
899,2015,DKI Jakarta,JAKARTA BARAT,TAMAN SARI,KRUKUT,Cacat Mental/Jiwa,Perempuan,2,2015
900,2015,DKI Jakarta,JAKARTA BARAT,TAMAN SARI,KRUKUT,Cacat Lainnya,Perempuan,0,2015
901,2015,DKI Jakarta,JAKARTA BARAT,TAMAN SARI,MAPHAR,Cacat Fisik,Perempuan,1,2015
902,2015,DKI Jakarta,JAKARTA BARAT,TAMAN SARI,MAPHAR,Cacat Netra/Buta,Perempuan,1,2015
903,2015,DKI Jakarta,JAKARTA BARAT,TAMAN SARI,MAPHAR,Cacat Lainnya,Perempuan,0,2015
904,2015,DKI Jakarta,JAKARTA BARAT,TAMAN SARI,TANGKI,Cacat Fisik,Perempuan,0,2015
905,2015,DKI Jakarta,JAKARTA BARAT,TAMAN SARI,TANGKI,Cacat Lainnya,Perempuan,2,2015
906,2015,DKI Jakarta,JAKARTA BARAT,TAMAN SARI,MANGGA BESAR,Cacat Rungu/Wicara,Perempuan,0,2015
907,2015,DKI Jakarta,JAKARTA BARAT,TAMAN SARI,MANGGA BESAR,Cacat Mental/Jiwa,Perempuan,0,2015
908,2015,DKI Jakarta,JAKARTA BARAT,TAMAN SARI,MANGGA BESAR,Cacat Fisik dan Mental,Perempuan,0,2015
909,2015,DKI Jakarta,JAKARTA BARAT,TAMAN SARI,MANGGA BESAR,Cacat Lainnya,Perempuan,0,2015
910,2015,DKI Jakarta,JAKARTA BARAT,TAMAN SARI,KEAGUNGAN,Cacat Fisik,Perempuan,0,2015
911,2015,DKI Jakarta,JAKARTA BARAT,TAMAN SARI,KEAGUNGAN,Cacat Netra/Buta,Perempuan,0,2015
912,2015,DKI Jakarta,JAKARTA BARAT,TAMAN SARI,KEAGUNGAN,Cacat Rungu/Wicara,Perempuan,1,2015
913,2015,DKI Jakarta,JAKARTA BARAT,TAMAN SARI,KEAGUNGAN,Cacat Mental/Jiwa,Perempuan,1,2015
914,2015,DKI Jakarta,JAKARTA BARAT,TAMAN SARI,KEAGUNGAN,Cacat Fisik dan Mental,Perempuan,0,2015
915,2015,DKI Jakarta,JAKARTA BARAT,TAMAN SARI,GLODOK,Cacat Fisik,Perempuan,1,2015
916,2015,DKI Jakarta,JAKARTA BARAT,TAMAN SARI,GLODOK,Cacat Rungu/Wicara,Perempuan,1,2015
917,2015,DKI Jakarta,JAKARTA BARAT,TAMAN SARI,GLODOK,Cacat Lainnya,Perempuan,1,2015
918,2015,DKI Jakarta,JAKARTA BARAT,TAMAN SARI,PINANGSIA,Cacat Fisik,Perempuan,1,2015
919,2015,DKI Jakarta,JAKARTA BARAT,TAMAN SARI,PINANGSIA,Cacat Fisik dan Mental,Perempuan,0,2015
920,2015,DKI Jakarta,JAKARTA BARAT,TAMAN SARI,PINANGSIA,Cacat Lainnya,Perempuan,0,2015
921,2015,DKI Jakarta,JAKARTA BARAT,TAMBORA,TAMBORA,Cacat Fisik,Perempuan,0,2015
922,2015,DKI Jakarta,JAKARTA BARAT,TAMBORA,TAMBORA,Cacat Mental/Jiwa,Perempuan,0,2015
923,2015,DKI Jakarta,JAKARTA BARAT,TAMBORA,TAMBORA,Cacat Lainnya,Perempuan,0,2015
924,2015,DKI Jakarta,JAKARTA BARAT,TAMBORA,KALI ANYAR,Cacat Fisik,Perempuan,0,2015
925,2015,DKI Jakarta,JAKARTA BARAT,TAMBORA,KALI ANYAR,Cacat Netra/Buta,Perempuan,0,2015
926,2015,DKI Jakarta,JAKARTA BARAT,TAMBORA,KALI ANYAR,Cacat Rungu/Wicara,Perempuan,2,2015
927,2015,DKI Jakarta,JAKARTA BARAT,TAMBORA,KALI ANYAR,Cacat Mental/Jiwa,Perempuan,0,2015
928,2015,DKI Jakarta,JAKARTA BARAT,TAMBORA,DURI UTARA,Cacat Netra/Buta,Perempuan,1,2015
929,2015,DKI Jakarta,JAKARTA BARAT,TAMBORA,DURI UTARA,Cacat Mental/Jiwa,Perempuan,1,2015
930,2015,DKI Jakarta,JAKARTA BARAT,TAMBORA,TANAH SEREAL,Cacat Fisik,Perempuan,6,2015
931,2015,DKI Jakarta,JAKARTA BARAT,TAMBORA,TANAH SEREAL,Cacat Netra/Buta,Perempuan,0,2015
932,2015,DKI Jakarta,JAKARTA BARAT,TAMBORA,TANAH SEREAL,Cacat Rungu/Wicara,Perempuan,1,2015
933,2015,DKI Jakarta,JAKARTA BARAT,TAMBORA,TANAH SEREAL,Cacat Mental/Jiwa,Perempuan,3,2015
934,2015,DKI Jakarta,JAKARTA BARAT,TAMBORA,TANAH SEREAL,Cacat Fisik dan Mental,Perempuan,1,2015
935,2015,DKI Jakarta,JAKARTA BARAT,TAMBORA,TANAH SEREAL,Cacat Lainnya,Perempuan,0,2015
936,2015,DKI Jakarta,JAKARTA BARAT,TAMBORA,KERENDANG,Cacat Fisik,Perempuan,0,2015
937,2015,DKI Jakarta,JAKARTA BARAT,TAMBORA,KERENDANG,Cacat Mental/Jiwa,Perempuan,1,2015
938,2015,DKI Jakarta,JAKARTA BARAT,TAMBORA,KERENDANG,Cacat Lainnya,Perempuan,2,2015
939,2015,DKI Jakarta,JAKARTA BARAT,TAMBORA,JEMBATAN BESI,Cacat Fisik,Perempuan,5,2015
940,2015,DKI Jakarta,JAKARTA BARAT,TAMBORA,JEMBATAN BESI,Cacat Rungu/Wicara,Perempuan,1,2015
941,2015,DKI Jakarta,JAKARTA BARAT,TAMBORA,JEMBATAN BESI,Cacat Mental/Jiwa,Perempuan,2,2015
942,2015,DKI Jakarta,JAKARTA BARAT,TAMBORA,JEMBATAN BESI,Cacat Fisik dan Mental,Perempuan,0,2015
943,2015,DKI Jakarta,JAKARTA BARAT,TAMBORA,JEMBATAN BESI,Cacat Lainnya,Perempuan,1,2015
944,2015,DKI Jakarta,JAKARTA BARAT,TAMBORA,ANGKE,Cacat Fisik,Perempuan,1,2015
945,2015,DKI Jakarta,JAKARTA BARAT,TAMBORA,ANGKE,Cacat Netra/Buta,Perempuan,0,2015
946,2015,DKI Jakarta,JAKARTA BARAT,TAMBORA,ANGKE,Cacat Rungu/Wicara,Perempuan,0,2015
947,2015,DKI Jakarta,JAKARTA BARAT,TAMBORA,ANGKE,Cacat Mental/Jiwa,Perempuan,0,2015
948,2015,DKI Jakarta,JAKARTA BARAT,TAMBORA,ANGKE,Cacat Fisik dan Mental,Perempuan,0,2015
949,2015,DKI Jakarta,JAKARTA BARAT,TAMBORA,ANGKE,Cacat Lainnya,Perempuan,0,2015
950,2015,DKI Jakarta,JAKARTA BARAT,TAMBORA,JEMBATAN LIMA,Cacat Fisik,Perempuan,0,2015
951,2015,DKI Jakarta,JAKARTA BARAT,TAMBORA,JEMBATAN LIMA,Cacat Rungu/Wicara,Perempuan,3,2015
952,2015,DKI Jakarta,JAKARTA BARAT,TAMBORA,JEMBATAN LIMA,Cacat Mental/Jiwa,Perempuan,0,2015
953,2015,DKI Jakarta,JAKARTA BARAT,TAMBORA,JEMBATAN LIMA,Cacat Fisik dan Mental,Perempuan,2,2015
954,2015,DKI Jakarta,JAKARTA BARAT,TAMBORA,JEMBATAN LIMA,Cacat Lainnya,Perempuan,1,2015
955,2015,DKI Jakarta,JAKARTA BARAT,TAMBORA,PEKOJAN,Cacat Fisik,Perempuan,1,2015
956,2015,DKI Jakarta,JAKARTA BARAT,TAMBORA,PEKOJAN,Cacat Netra/Buta,Perempuan,4,2015
957,2015,DKI Jakarta,JAKARTA BARAT,TAMBORA,PEKOJAN,Cacat Rungu/Wicara,Perempuan,4,2015
958,2015,DKI Jakarta,JAKARTA BARAT,TAMBORA,PEKOJAN,Cacat Mental/Jiwa,Perempuan,3,2015
959,2015,DKI Jakarta,JAKARTA BARAT,TAMBORA,PEKOJAN,Cacat Fisik dan Mental,Perempuan,3,2015
960,2015,DKI Jakarta,JAKARTA BARAT,TAMBORA,PEKOJAN,Cacat Lainnya,Perempuan,1,2015
961,2015,DKI Jakarta,JAKARTA BARAT,TAMBORA,ROA MALAKA,Cacat Fisik,Perempuan,1,2015
962,2015,DKI Jakarta,JAKARTA BARAT,TAMBORA,ROA MALAKA,Cacat Fisik dan Mental,Perempuan,1,2015
963,2015,DKI Jakarta,JAKARTA BARAT,TAMBORA,DURI SELATAN,Cacat Fisik,Perempuan,0,2015
964,2015,DKI Jakarta,JAKARTA BARAT,TAMBORA,DURI SELATAN,Cacat Rungu/Wicara,Perempuan,0,2015
965,2015,DKI Jakarta,JAKARTA BARAT,KEBON JERUK,KEBON JERUK,Cacat Fisik,Perempuan,0,2015
966,2015,DKI Jakarta,JAKARTA BARAT,KEBON JERUK,KEBON JERUK,Cacat Netra/Buta,Perempuan,1,2015
967,2015,DKI Jakarta,JAKARTA BARAT,KEBON JERUK,KEBON JERUK,Cacat Rungu/Wicara,Perempuan,1,2015
968,2015,DKI Jakarta,JAKARTA BARAT,KEBON JERUK,KEBON JERUK,Cacat Mental/Jiwa,Perempuan,0,2015
969,2015,DKI Jakarta,JAKARTA BARAT,KEBON JERUK,KEBON JERUK,Cacat Fisik dan Mental,Perempuan,2,2015
970,2015,DKI Jakarta,JAKARTA BARAT,KEBON JERUK,SUKABUMI UTARA,Cacat Fisik,Perempuan,0,2015
971,2015,DKI Jakarta,JAKARTA BARAT,KEBON JERUK,SUKABUMI UTARA,Cacat Netra/Buta,Perempuan,0,2015
972,2015,DKI Jakarta,JAKARTA BARAT,KEBON JERUK,SUKABUMI UTARA,Cacat Mental/Jiwa,Perempuan,2,2015
973,2015,DKI Jakarta,JAKARTA BARAT,KEBON JERUK,SUKABUMI UTARA,Cacat Lainnya,Perempuan,3,2015
974,2015,DKI Jakarta,JAKARTA BARAT,KEBON JERUK,SUKABUMI SELATAN,Cacat Netra/Buta,Perempuan,2,2015
975,2015,DKI Jakarta,JAKARTA BARAT,KEBON JERUK,SUKABUMI SELATAN,Cacat Mental/Jiwa,Perempuan,1,2015
976,2015,DKI Jakarta,JAKARTA BARAT,KEBON JERUK,SUKABUMI SELATAN,Cacat Lainnya,Perempuan,1,2015
977,2015,DKI Jakarta,JAKARTA BARAT,KEBON JERUK,DURI KEPA,Cacat Fisik,Perempuan,1,2015
978,2015,DKI Jakarta,JAKARTA BARAT,KEBON JERUK,DURI KEPA,Cacat Rungu/Wicara,Perempuan,1,2015
979,2015,DKI Jakarta,JAKARTA BARAT,KEBON JERUK,DURI KEPA,Cacat Mental/Jiwa,Perempuan,1,2015
980,2015,DKI Jakarta,JAKARTA BARAT,KEBON JERUK,DURI KEPA,Cacat Lainnya,Perempuan,4,2015
981,2015,DKI Jakarta,JAKARTA BARAT,KEBON JERUK,KEDOYA UTARA,Cacat Fisik,Perempuan,3,2015
982,2015,DKI Jakarta,JAKARTA BARAT,KEBON JERUK,KEDOYA UTARA,Cacat Netra/Buta,Perempuan,1,2015
983,2015,DKI Jakarta,JAKARTA BARAT,KEBON JERUK,KEDOYA UTARA,Cacat Mental/Jiwa,Perempuan,0,2015
984,2015,DKI Jakarta,JAKARTA BARAT,KEBON JERUK,KEDOYA UTARA,Cacat Lainnya,Perempuan,0,2015
985,2015,DKI Jakarta,JAKARTA BARAT,KEBON JERUK,KEDOYA SELATAN,Cacat Fisik,Perempuan,1,2015
986,2015,DKI Jakarta,JAKARTA BARAT,KEBON JERUK,KEDOYA SELATAN,Cacat Rungu/Wicara,Perempuan,0,2015
987,2015,DKI Jakarta,JAKARTA BARAT,KEBON JERUK,KEDOYA SELATAN,Cacat Mental/Jiwa,Perempuan,4,2015
988,2015,DKI Jakarta,JAKARTA BARAT,KEBON JERUK,KEDOYA SELATAN,Cacat Lainnya,Perempuan,1,2015
989,2015,DKI Jakarta,JAKARTA BARAT,KALI DERES,KALIDERES,Cacat Fisik,Perempuan,1,2015
990,2015,DKI Jakarta,JAKARTA BARAT,KALI DERES,KALIDERES,Cacat Mental/Jiwa,Perempuan,0,2015
991,2015,DKI Jakarta,JAKARTA BARAT,KALI DERES,KALIDERES,Cacat Lainnya,Perempuan,3,2015
992,2015,DKI Jakarta,JAKARTA BARAT,KALI DERES,SEMANAN,Cacat Fisik,Perempuan,1,2015
993,2015,DKI Jakarta,JAKARTA BARAT,KALI DERES,SEMANAN,Cacat Netra/Buta,Perempuan,0,2015
994,2015,DKI Jakarta,JAKARTA BARAT,KALI DERES,SEMANAN,Cacat Mental/Jiwa,Perempuan,3,2015
995,2015,DKI Jakarta,JAKARTA BARAT,KALI DERES,SEMANAN,Cacat Fisik dan Mental,Perempuan,0,2015
996,2015,DKI Jakarta,JAKARTA BARAT,KALI DERES,SEMANAN,Cacat Lainnya,Perempuan,1,2015
997,2015,DKI Jakarta,JAKARTA BARAT,KALI DERES,TEGAL ALUR,Cacat Fisik,Perempuan,2,2015
998,2015,DKI Jakarta,JAKARTA BARAT,KALI DERES,TEGAL ALUR,Cacat Rungu/Wicara,Perempuan,2,2015
999,2015,DKI Jakarta,JAKARTA BARAT,KALI DERES,TEGAL ALUR,Cacat Mental/Jiwa,Perempuan,0,2015
1000,2015,DKI Jakarta,JAKARTA BARAT,KALI DERES,TEGAL ALUR,Cacat Lainnya,Perempuan,2,2015
1001,2015,DKI Jakarta,JAKARTA BARAT,KALI DERES,KAMAL,Cacat Fisik,Perempuan,2,2015
1002,2015,DKI Jakarta,JAKARTA BARAT,KALI DERES,KAMAL,Cacat Netra/Buta,Perempuan,1,2015
1003,2015,DKI Jakarta,JAKARTA BARAT,KALI DERES,KAMAL,Cacat Mental/Jiwa,Perempuan,1,2015
1004,2015,DKI Jakarta,JAKARTA BARAT,KALI DERES,KAMAL,Cacat Lainnya,Perempuan,5,2015
1005,2015,DKI Jakarta,JAKARTA BARAT,KALI DERES,PEGADUNGAN,Cacat Fisik,Perempuan,1,2015
1006,2015,DKI Jakarta,JAKARTA BARAT,KALI DERES,PEGADUNGAN,Cacat Netra/Buta,Perempuan,1,2015
1007,2015,DKI Jakarta,JAKARTA BARAT,KALI DERES,PEGADUNGAN,Cacat Mental/Jiwa,Perempuan,1,2015
1008,2015,DKI Jakarta,JAKARTA BARAT,KALI DERES,PEGADUNGAN,Cacat Fisik dan Mental,Perempuan,1,2015
1009,2015,DKI Jakarta,JAKARTA BARAT,PALMERAH,PALMERAH,Cacat Fisik,Perempuan,2,2015
1010,2015,DKI Jakarta,JAKARTA BARAT,PALMERAH,PALMERAH,Cacat Netra/Buta,Perempuan,1,2015
1011,2015,DKI Jakarta,JAKARTA BARAT,PALMERAH,PALMERAH,Cacat Rungu/Wicara,Perempuan,1,2015
1012,2015,DKI Jakarta,JAKARTA BARAT,PALMERAH,PALMERAH,Cacat Mental/Jiwa,Perempuan,0,2015
1013,2015,DKI Jakarta,JAKARTA BARAT,PALMERAH,PALMERAH,Cacat Fisik dan Mental,Perempuan,1,2015
1014,2015,DKI Jakarta,JAKARTA BARAT,PALMERAH,PALMERAH,Cacat Lainnya,Perempuan,0,2015
1015,2015,DKI Jakarta,JAKARTA BARAT,PALMERAH,SLIPI,Cacat Fisik,Perempuan,1,2015
1016,2015,DKI Jakarta,JAKARTA BARAT,PALMERAH,SLIPI,Cacat Fisik dan Mental,Perempuan,0,2015
1017,2015,DKI Jakarta,JAKARTA BARAT,PALMERAH,KOTA BAMBU UTARA,Cacat Fisik,Perempuan,0,2015
1018,2015,DKI Jakarta,JAKARTA BARAT,PALMERAH,KOTA BAMBU UTARA,Cacat Netra/Buta,Perempuan,1,2015
1019,2015,DKI Jakarta,JAKARTA BARAT,PALMERAH,KOTA BAMBU UTARA,Cacat Rungu/Wicara,Perempuan,0,2015
1020,2015,DKI Jakarta,JAKARTA BARAT,PALMERAH,KOTA BAMBU UTARA,Cacat Mental/Jiwa,Perempuan,1,2015
1021,2015,DKI Jakarta,JAKARTA BARAT,PALMERAH,KOTA BAMBU UTARA,Cacat Fisik dan Mental,Perempuan,1,2015
1022,2015,DKI Jakarta,JAKARTA BARAT,PALMERAH,KOTA BAMBU UTARA,Cacat Lainnya,Perempuan,1,2015
1023,2015,DKI Jakarta,JAKARTA BARAT,PALMERAH,JATI PULO,Cacat Fisik,Perempuan,1,2015
1024,2015,DKI Jakarta,JAKARTA PUSAT,KEMAYORAN,GUNUNG SAHARI SELATAN,Cacat Fisik dan Mental,Perempuan,0,2015
1025,2015,DKI Jakarta,JAKARTA PUSAT,KEMAYORAN,GUNUNG SAHARI SELATAN,Cacat Lainnya,Perempuan,1,2015
1026,2015,DKI Jakarta,JAKARTA PUSAT,KEMAYORAN,CEMPAKA BARU,Cacat Fisik,Perempuan,2,2015
1027,2015,DKI Jakarta,JAKARTA PUSAT,KEMAYORAN,CEMPAKA BARU,Cacat Netra/Buta,Perempuan,0,2015
1028,2015,DKI Jakarta,JAKARTA PUSAT,KEMAYORAN,CEMPAKA BARU,Cacat Mental/Jiwa,Perempuan,2,2015
1029,2015,DKI Jakarta,JAKARTA PUSAT,KEMAYORAN,CEMPAKA BARU,Cacat Fisik dan Mental,Perempuan,0,2015
1030,2015,DKI Jakarta,JAKARTA PUSAT,KEMAYORAN,CEMPAKA BARU,Cacat Lainnya,Perempuan,1,2015
1031,2015,DKI Jakarta,JAKARTA PUSAT,KEMAYORAN,SUMUR BATU,Cacat Fisik,Perempuan,0,2015
1032,2015,DKI Jakarta,JAKARTA PUSAT,KEMAYORAN,SUMUR BATU,Cacat Fisik dan Mental,Perempuan,0,2015
1033,2015,DKI Jakarta,JAKARTA PUSAT,KEMAYORAN,SUMUR BATU,Cacat Lainnya,Perempuan,1,2015
1034,2015,DKI Jakarta,JAKARTA PUSAT,KEMAYORAN,UTAN PANJANG,Cacat Fisik dan Mental,Perempuan,1,2015
1035,2015,DKI Jakarta,JAKARTA PUSAT,SENEN,SENEN,Cacat Mental/Jiwa,Perempuan,0,2015
1036,2015,DKI Jakarta,JAKARTA PUSAT,SENEN,PASEBAN,Cacat Lainnya,Perempuan,0,2015
1037,2015,DKI Jakarta,JAKARTA PUSAT,SENEN,KRAMAT,Cacat Fisik,Perempuan,6,2015
1038,2015,DKI Jakarta,JAKARTA PUSAT,SENEN,KRAMAT,Cacat Rungu/Wicara,Perempuan,0,2015
1039,2015,DKI Jakarta,JAKARTA PUSAT,SENEN,KRAMAT,Cacat Mental/Jiwa,Perempuan,1,2015
1040,2015,DKI Jakarta,JAKARTA PUSAT,SENEN,KRAMAT,Cacat Lainnya,Perempuan,1,2015
1041,2015,DKI Jakarta,JAKARTA PUSAT,SENEN,KWITANG,Cacat Fisik,Perempuan,1,2015
1042,2015,DKI Jakarta,JAKARTA PUSAT,SENEN,KWITANG,Cacat Mental/Jiwa,Perempuan,1,2015
1043,2015,DKI Jakarta,JAKARTA PUSAT,SENEN,KWITANG,Cacat Lainnya,Perempuan,0,2015
1044,2015,DKI Jakarta,JAKARTA PUSAT,SENEN,BUNGUR,Cacat Fisik,Perempuan,0,2015
1045,2015,DKI Jakarta,JAKARTA PUSAT,SENEN,BUNGUR,Cacat Rungu/Wicara,Perempuan,1,2015
1046,2015,DKI Jakarta,JAKARTA PUSAT,SENEN,BUNGUR,Cacat Lainnya,Perempuan,1,2015
1047,2015,DKI Jakarta,JAKARTA PUSAT,CEMPAKA PUTIH,CEMPAKA PUTIH TIMUR,Cacat Fisik dan Mental,Perempuan,1,2015
1048,2015,DKI Jakarta,JAKARTA PUSAT,CEMPAKA PUTIH,CEMPAKA PUTIH BARAT,Cacat Fisik,Perempuan,0,2015
1049,2015,DKI Jakarta,JAKARTA PUSAT,CEMPAKA PUTIH,CEMPAKA PUTIH BARAT,Cacat Mental/Jiwa,Perempuan,0,2015
1050,2015,DKI Jakarta,JAKARTA PUSAT,CEMPAKA PUTIH,RAWASARI,Cacat Fisik,Perempuan,1,2015
1051,2015,DKI Jakarta,JAKARTA PUSAT,CEMPAKA PUTIH,RAWASARI,Cacat Mental/Jiwa,Perempuan,1,2015
1052,2015,DKI Jakarta,JAKARTA PUSAT,CEMPAKA PUTIH,RAWASARI,Cacat Fisik dan Mental,Perempuan,0,2015
1053,2015,DKI Jakarta,JAKARTA PUSAT,CEMPAKA PUTIH,RAWASARI,Cacat Lainnya,Perempuan,0,2015
1054,2015,DKI Jakarta,JAKARTA PUSAT,MENTENG,MENTENG,Cacat Rungu/Wicara,Perempuan,1,2015
1055,2015,DKI Jakarta,JAKARTA PUSAT,MENTENG,MENTENG,Cacat Fisik dan Mental,Perempuan,0,2015
1056,2015,DKI Jakarta,JAKARTA PUSAT,MENTENG,PEGANGSAAN,Cacat Fisik,Perempuan,2,2015
1057,2015,DKI Jakarta,JAKARTA PUSAT,MENTENG,PEGANGSAAN,Cacat Netra/Buta,Perempuan,0,2015
1058,2015,DKI Jakarta,JAKARTA PUSAT,MENTENG,PEGANGSAAN,Cacat Mental/Jiwa,Perempuan,1,2015
1059,2015,DKI Jakarta,JAKARTA PUSAT,MENTENG,PEGANGSAAN,Cacat Lainnya,Perempuan,2,2015
1060,2015,DKI Jakarta,JAKARTA PUSAT,MENTENG,CIKINI,Cacat Mental/Jiwa,Perempuan,1,2015
1061,2015,DKI Jakarta,JAKARTA PUSAT,MENTENG,GONDANGDIA,Cacat Fisik dan Mental,Perempuan,0,2015
1062,2015,DKI Jakarta,JAKARTA PUSAT,MENTENG,KEBON SIRIH,Cacat Lainnya,Perempuan,1,2015
1063,2015,DKI Jakarta,JAKARTA PUSAT,TANAH ABANG,BENDUNGAN HILIR,Cacat Netra/Buta,Perempuan,0,2015
1064,2015,DKI Jakarta,JAKARTA PUSAT,TANAH ABANG,BENDUNGAN HILIR,Cacat Mental/Jiwa,Perempuan,0,2015
1065,2015,DKI Jakarta,JAKARTA PUSAT,TANAH ABANG,KARET TENGSIN,Cacat Fisik,Perempuan,1,2015
1066,2015,DKI Jakarta,JAKARTA PUSAT,TANAH ABANG,KARET TENGSIN,Cacat Lainnya,Perempuan,0,2015
1067,2015,DKI Jakarta,JAKARTA PUSAT,TANAH ABANG,PETAMBURAN,Cacat Rungu/Wicara,Perempuan,1,2015
1068,2015,DKI Jakarta,JAKARTA PUSAT,TANAH ABANG,PETAMBURAN,Cacat Mental/Jiwa,Perempuan,1,2015
1069,2015,DKI Jakarta,JAKARTA PUSAT,TANAH ABANG,PETAMBURAN,Cacat Fisik dan Mental,Perempuan,2,2015
1070,2015,DKI Jakarta,JAKARTA PUSAT,TANAH ABANG,KEBON MELATI,Cacat Fisik,Perempuan,1,2015
1071,2015,DKI Jakarta,JAKARTA PUSAT,TANAH ABANG,KEBON MELATI,Cacat Rungu/Wicara,Perempuan,0,2015
1072,2015,DKI Jakarta,JAKARTA PUSAT,TANAH ABANG,KEBON KACANG,Cacat Fisik,Perempuan,0,2015
1073,2015,DKI Jakarta,JAKARTA PUSAT,TANAH ABANG,KEBON KACANG,Cacat Mental/Jiwa,Perempuan,0,2015
1074,2015,DKI Jakarta,JAKARTA PUSAT,TANAH ABANG,KEBON KACANG,Cacat Fisik dan Mental,Perempuan,1,2015
1075,2015,DKI Jakarta,JAKARTA PUSAT,TANAH ABANG,KEBON KACANG,Cacat Lainnya,Perempuan,2,2015
1076,2015,DKI Jakarta,JAKARTA PUSAT,TANAH ABANG,KAMPUNG BALI,Cacat Fisik,Perempuan,0,2015
1077,2015,DKI Jakarta,JAKARTA PUSAT,TANAH ABANG,KAMPUNG BALI,Cacat Lainnya,Perempuan,2,2015
1078,2015,DKI Jakarta,JAKARTA PUSAT,JOHAR BARU,JOHAR BARU,Cacat Fisik,Perempuan,0,2015
1079,2015,DKI Jakarta,JAKARTA PUSAT,JOHAR BARU,JOHAR BARU,Cacat Rungu/Wicara,Perempuan,5,2015
1080,2015,DKI Jakarta,JAKARTA PUSAT,JOHAR BARU,JOHAR BARU,Cacat Mental/Jiwa,Perempuan,0,2015
1081,2015,DKI Jakarta,JAKARTA PUSAT,JOHAR BARU,JOHAR BARU,Cacat Lainnya,Perempuan,2,2015
1082,2015,DKI Jakarta,JAKARTA PUSAT,JOHAR BARU,KAMPUNG RAWA,Cacat Fisik,Perempuan,0,2015
1083,2015,DKI Jakarta,JAKARTA PUSAT,JOHAR BARU,KAMPUNG RAWA,Cacat Netra/Buta,Perempuan,1,2015
1084,2015,DKI Jakarta,JAKARTA PUSAT,JOHAR BARU,KAMPUNG RAWA,Cacat Fisik dan Mental,Perempuan,1,2015
1085,2015,DKI Jakarta,JAKARTA PUSAT,JOHAR BARU,GALUR,Cacat Netra/Buta,Perempuan,0,2015
1086,2015,DKI Jakarta,JAKARTA PUSAT,JOHAR BARU,GALUR,Cacat Lainnya,Perempuan,0,2015
1087,2015,DKI Jakarta,JAKARTA PUSAT,JOHAR BARU,TANAH TINGGI,Cacat Fisik,Perempuan,1,2015
1088,2015,DKI Jakarta,JAKARTA PUSAT,JOHAR BARU,TANAH TINGGI,Cacat Fisik dan Mental,Perempuan,1,2015
1089,2015,DKI Jakarta,JAKARTA PUSAT,JOHAR BARU,TANAH TINGGI,Cacat Lainnya,Perempuan,0,2015
1090,2015,DKI Jakarta,JAKARTA UTARA,PENJARINGAN,PENJARINGAN,Cacat Fisik,Perempuan,1,2015
1091,2015,DKI Jakarta,JAKARTA UTARA,PENJARINGAN,PENJARINGAN,Cacat Netra/Buta,Perempuan,1,2015
1092,2015,DKI Jakarta,JAKARTA UTARA,PENJARINGAN,PENJARINGAN,Cacat Mental/Jiwa,Perempuan,0,2015
1093,2015,DKI Jakarta,JAKARTA UTARA,PENJARINGAN,PENJARINGAN,Cacat Lainnya,Perempuan,2,2015
1094,2015,DKI Jakarta,JAKARTA UTARA,PENJARINGAN,KAPUK MUARA,Cacat Fisik,Perempuan,2,2015
1095,2015,DKI Jakarta,JAKARTA UTARA,PENJARINGAN,KAPUK MUARA,Cacat Netra/Buta,Perempuan,1,2015
1096,2015,DKI Jakarta,JAKARTA UTARA,PENJARINGAN,KAPUK MUARA,Cacat Rungu/Wicara,Perempuan,0,2015
1097,2015,DKI Jakarta,JAKARTA UTARA,PENJARINGAN,KAPUK MUARA,Cacat Fisik dan Mental,Perempuan,2,2015
1098,2015,DKI Jakarta,JAKARTA UTARA,PENJARINGAN,KAPUK MUARA,Cacat Lainnya,Perempuan,2,2015
1099,2015,DKI Jakarta,JAKARTA UTARA,PENJARINGAN,PEJAGALAN,Cacat Fisik,Perempuan,3,2015
1100,2015,DKI Jakarta,JAKARTA UTARA,PENJARINGAN,PEJAGALAN,Cacat Netra/Buta,Perempuan,2,2015
1101,2015,DKI Jakarta,JAKARTA UTARA,PENJARINGAN,PEJAGALAN,Cacat Rungu/Wicara,Perempuan,5,2015
1102,2015,DKI Jakarta,JAKARTA UTARA,PENJARINGAN,PEJAGALAN,Cacat Mental/Jiwa,Perempuan,3,2015
1103,2015,DKI Jakarta,JAKARTA UTARA,PENJARINGAN,PEJAGALAN,Cacat Fisik dan Mental,Perempuan,0,2015
1104,2015,DKI Jakarta,JAKARTA UTARA,PENJARINGAN,PLUIT,Cacat Mental/Jiwa,Perempuan,1,2015
1105,2015,DKI Jakarta,JAKARTA UTARA,TANJUNG PRIOK,TANJUNG PRIOK,Cacat Fisik,Perempuan,0,2015
1106,2015,DKI Jakarta,JAKARTA UTARA,TANJUNG PRIOK,TANJUNG PRIOK,Cacat Mental/Jiwa,Perempuan,0,2015
1107,2015,DKI Jakarta,JAKARTA UTARA,TANJUNG PRIOK,SUNTER JAYA,Cacat Fisik,Perempuan,1,2015
1108,2015,DKI Jakarta,JAKARTA UTARA,TANJUNG PRIOK,PAPANGGO,Cacat Netra/Buta,Perempuan,2,2015
1109,2015,DKI Jakarta,JAKARTA UTARA,TANJUNG PRIOK,PAPANGGO,Cacat Rungu/Wicara,Perempuan,1,2015
1110,2015,DKI Jakarta,JAKARTA UTARA,TANJUNG PRIOK,PAPANGGO,Cacat Mental/Jiwa,Perempuan,0,2015
1111,2015,DKI Jakarta,JAKARTA UTARA,TANJUNG PRIOK,PAPANGGO,Cacat Fisik dan Mental,Perempuan,0,2015
1112,2015,DKI Jakarta,JAKARTA UTARA,TANJUNG PRIOK,PAPANGGO,Cacat Lainnya,Perempuan,2,2015
1113,2015,DKI Jakarta,JAKARTA UTARA,TANJUNG PRIOK,SUNGAI BAMBU,Cacat Fisik,Perempuan,1,2015
1114,2015,DKI Jakarta,JAKARTA UTARA,TANJUNG PRIOK,SUNGAI BAMBU,Cacat Mental/Jiwa,Perempuan,0,2015
1115,2015,DKI Jakarta,JAKARTA UTARA,TANJUNG PRIOK,SUNGAI BAMBU,Cacat Lainnya,Perempuan,2,2015
1116,2015,DKI Jakarta,JAKARTA UTARA,TANJUNG PRIOK,KEBON BAWANG,Cacat Fisik,Perempuan,10,2015
1117,2015,DKI Jakarta,JAKARTA UTARA,TANJUNG PRIOK,KEBON BAWANG,Cacat Netra/Buta,Perempuan,0,2015
1118,2015,DKI Jakarta,JAKARTA UTARA,TANJUNG PRIOK,KEBON BAWANG,Cacat Rungu/Wicara,Perempuan,3,2015
1119,2015,DKI Jakarta,JAKARTA UTARA,TANJUNG PRIOK,KEBON BAWANG,Cacat Mental/Jiwa,Perempuan,0,2015
1120,2015,DKI Jakarta,JAKARTA UTARA,TANJUNG PRIOK,KEBON BAWANG,Cacat Fisik dan Mental,Perempuan,1,2015
1121,2015,DKI Jakarta,JAKARTA UTARA,TANJUNG PRIOK,KEBON BAWANG,Cacat Lainnya,Perempuan,1,2015
1122,2015,DKI Jakarta,JAKARTA UTARA,TANJUNG PRIOK,SUNTER AGUNG,Cacat Rungu/Wicara,Perempuan,0,2015
1123,2015,DKI Jakarta,JAKARTA UTARA,TANJUNG PRIOK,SUNTER AGUNG,Cacat Mental/Jiwa,Perempuan,0,2015
1124,2015,DKI Jakarta,JAKARTA UTARA,TANJUNG PRIOK,SUNTER AGUNG,Cacat Fisik dan Mental,Perempuan,0,2015
1125,2015,DKI Jakarta,JAKARTA UTARA,TANJUNG PRIOK,SUNTER AGUNG,Cacat Lainnya,Perempuan,0,2015
1126,2015,DKI Jakarta,JAKARTA UTARA,TANJUNG PRIOK,WARAKAS,Cacat Lainnya,Perempuan,0,2015
1127,2015,DKI Jakarta,JAKARTA UTARA,KOJA,KOJA,Cacat Mental/Jiwa,Perempuan,0,2015
1128,2015,DKI Jakarta,JAKARTA UTARA,KOJA,KOJA,Cacat Lainnya,Perempuan,0,2015
1129,2015,DKI Jakarta,JAKARTA UTARA,KOJA,TUGU UTARA,Cacat Fisik,Perempuan,2,2015
1130,2015,DKI Jakarta,JAKARTA UTARA,KOJA,TUGU UTARA,Cacat Netra/Buta,Perempuan,1,2015
1131,2015,DKI Jakarta,JAKARTA UTARA,KOJA,TUGU UTARA,Cacat Mental/Jiwa,Perempuan,0,2015
1132,2015,DKI Jakarta,JAKARTA UTARA,KOJA,TUGU UTARA,Cacat Lainnya,Perempuan,5,2015
1133,2015,DKI Jakarta,JAKARTA UTARA,KOJA,LAGOA,Cacat Fisik,Perempuan,0,2015
1134,2015,DKI Jakarta,JAKARTA UTARA,KOJA,LAGOA,Cacat Rungu/Wicara,Perempuan,0,2015
1135,2015,DKI Jakarta,JAKARTA UTARA,KOJA,LAGOA,Cacat Mental/Jiwa,Perempuan,0,2015
1136,2015,DKI Jakarta,JAKARTA UTARA,KOJA,LAGOA,Cacat Fisik dan Mental,Perempuan,2,2015
1137,2015,DKI Jakarta,JAKARTA UTARA,KOJA,RAWA BADAK UTARA,Cacat Lainnya,Perempuan,1,2015
1138,2015,DKI Jakarta,JAKARTA UTARA,KOJA,TUGU SELATAN,Cacat Fisik,Perempuan,13,2015
1139,2015,DKI Jakarta,JAKARTA UTARA,KOJA,TUGU SELATAN,Cacat Lainnya,Perempuan,2,2015
1140,2015,DKI Jakarta,JAKARTA UTARA,KOJA,RAWA BADAK SELATAN,Cacat Fisik,Perempuan,1,2015
1141,2015,DKI Jakarta,JAKARTA UTARA,KOJA,RAWA BADAK SELATAN,Cacat Rungu/Wicara,Perempuan,0,2015
1142,2015,DKI Jakarta,JAKARTA UTARA,KOJA,RAWA BADAK SELATAN,Cacat Fisik dan Mental,Perempuan,1,2015
1143,2015,DKI Jakarta,JAKARTA UTARA,KOJA,RAWA BADAK SELATAN,Cacat Lainnya,Perempuan,86,2015
1144,2015,DKI Jakarta,JAKARTA UTARA,CILINCING,CILINCING,Cacat Fisik,Perempuan,1,2015
1145,2015,DKI Jakarta,JAKARTA UTARA,CILINCING,CILINCING,Cacat Lainnya,Perempuan,1,2015
1146,2015,DKI Jakarta,JAKARTA UTARA,CILINCING,SUKAPURA,Cacat Fisik,Perempuan,1,2015
1147,2015,DKI Jakarta,JAKARTA UTARA,CILINCING,SUKAPURA,Cacat Lainnya,Perempuan,0,2015
1148,2015,DKI Jakarta,JAKARTA UTARA,CILINCING,MARUNDA,Cacat Fisik,Perempuan,2,2015
1149,2015,DKI Jakarta,JAKARTA UTARA,CILINCING,MARUNDA,Cacat Rungu/Wicara,Perempuan,0,2015
1150,2015,DKI Jakarta,JAKARTA UTARA,CILINCING,MARUNDA,Cacat Fisik dan Mental,Perempuan,0,2015
1151,2015,DKI Jakarta,JAKARTA UTARA,CILINCING,MARUNDA,Cacat Lainnya,Perempuan,0,2015
1152,2015,DKI Jakarta,JAKARTA UTARA,CILINCING,KALI BARU,Cacat Fisik,Perempuan,0,2015
1153,2015,DKI Jakarta,JAKARTA UTARA,CILINCING,KALI BARU,Cacat Lainnya,Perempuan,0,2015
1154,2015,DKI Jakarta,JAKARTA UTARA,CILINCING,SEMPER TIMUR,Cacat Lainnya,Perempuan,2,2015
1155,2015,DKI Jakarta,JAKARTA UTARA,CILINCING,ROROTAN,Cacat Fisik,Perempuan,0,2015
1156,2015,DKI Jakarta,JAKARTA UTARA,CILINCING,ROROTAN,Cacat Netra/Buta,Perempuan,3,2015
1157,2015,DKI Jakarta,JAKARTA UTARA,CILINCING,ROROTAN,Cacat Rungu/Wicara,Perempuan,1,2015
1158,2015,DKI Jakarta,JAKARTA UTARA,CILINCING,ROROTAN,Cacat Mental/Jiwa,Perempuan,2,2015
1159,2015,DKI Jakarta,JAKARTA UTARA,CILINCING,ROROTAN,Cacat Lainnya,Perempuan,1,2015
1160,2015,DKI Jakarta,JAKARTA UTARA,CILINCING,SEMPER BARAT,Cacat Lainnya,Perempuan,2,2015
1161,2015,DKI Jakarta,JAKARTA UTARA,PADEMANGAN,PADEMANGAN TIMUR,Cacat Fisik,Perempuan,4,2015
1162,2015,DKI Jakarta,JAKARTA UTARA,PADEMANGAN,PADEMANGAN TIMUR,Cacat Netra/Buta,Perempuan,1,2015
1163,2015,DKI Jakarta,JAKARTA UTARA,PADEMANGAN,PADEMANGAN TIMUR,Cacat Rungu/Wicara,Perempuan,1,2015
1164,2015,DKI Jakarta,JAKARTA UTARA,PADEMANGAN,PADEMANGAN TIMUR,Cacat Mental/Jiwa,Perempuan,1,2015
1165,2015,DKI Jakarta,JAKARTA UTARA,PADEMANGAN,PADEMANGAN TIMUR,Cacat Fisik dan Mental,Perempuan,0,2015
1166,2015,DKI Jakarta,JAKARTA UTARA,PADEMANGAN,PADEMANGAN TIMUR,Cacat Lainnya,Perempuan,1,2015
1167,2015,DKI Jakarta,JAKARTA UTARA,PADEMANGAN,PADEMANGAN BARAT,Cacat Fisik,Perempuan,0,2015
1168,2015,DKI Jakarta,JAKARTA UTARA,PADEMANGAN,PADEMANGAN BARAT,Cacat Mental/Jiwa,Perempuan,1,2015
1169,2015,DKI Jakarta,JAKARTA UTARA,PADEMANGAN,PADEMANGAN BARAT,Cacat Lainnya,Perempuan,1,2015
1170,2015,DKI Jakarta,JAKARTA UTARA,PADEMANGAN,ANCOL,Cacat Fisik,Perempuan,2,2015
1171,2015,DKI Jakarta,JAKARTA UTARA,PADEMANGAN,ANCOL,Cacat Netra/Buta,Perempuan,0,2015
1172,2015,DKI Jakarta,JAKARTA UTARA,PADEMANGAN,ANCOL,Cacat Mental/Jiwa,Perempuan,2,2015
1173,2015,DKI Jakarta,JAKARTA UTARA,PADEMANGAN,ANCOL,Cacat Fisik dan Mental,Perempuan,1,2015
1174,2015,DKI Jakarta,JAKARTA UTARA,PADEMANGAN,ANCOL,Cacat Lainnya,Perempuan,0,2015
1175,2015,DKI Jakarta,JAKARTA UTARA,KELAPA GADING,KELAPA GADING TIMUR,Cacat Fisik,Perempuan,0,2015
1176,2015,DKI Jakarta,JAKARTA UTARA,KELAPA GADING,KELAPA GADING TIMUR,Cacat Mental/Jiwa,Perempuan,1,2015
1177,2015,DKI Jakarta,JAKARTA UTARA,KELAPA GADING,KELAPA GADING TIMUR,Cacat Lainnya,Perempuan,1,2015
1178,2015,DKI Jakarta,JAKARTA UTARA,KELAPA GADING,PEGANGSAAN DUA,Cacat Lainnya,Perempuan,1,2015
1179,2015,DKI Jakarta,JAKARTA UTARA,KELAPA GADING,KELAPA GADING BARAT,Cacat Mental/Jiwa,Perempuan,0,2015
1180,2015,DKI Jakarta,JAKARTA UTARA,KELAPA GADING,KELAPA GADING BARAT,Cacat Fisik dan Mental,Perempuan,0,2015
1181,2015,DKI Jakarta,JAKARTA BARAT,CENGKARENG,CENGKARENG BARAT,Cacat Fisik,Perempuan,0,2015
1182,2015,DKI Jakarta,JAKARTA BARAT,CENGKARENG,CENGKARENG BARAT,Cacat Netra/Buta,Perempuan,0,2015
1183,2015,DKI Jakarta,JAKARTA BARAT,CENGKARENG,CENGKARENG BARAT,Cacat Rungu/Wicara,Perempuan,0,2015
1184,2015,DKI Jakarta,JAKARTA BARAT,CENGKARENG,CENGKARENG BARAT,Cacat Mental/Jiwa,Perempuan,61,2015
1185,2015,DKI Jakarta,JAKARTA BARAT,CENGKARENG,CENGKARENG BARAT,Cacat Fisik dan Mental,Perempuan,5,2015
1186,2015,DKI Jakarta,JAKARTA BARAT,CENGKARENG,CENGKARENG BARAT,Cacat Lainnya,Perempuan,1,2015
1187,2015,DKI Jakarta,JAKARTA BARAT,CENGKARENG,DURI KOSAMBI,Cacat Fisik,Perempuan,1,2015
1188,2015,DKI Jakarta,JAKARTA BARAT,CENGKARENG,DURI KOSAMBI,Cacat Netra/Buta,Perempuan,1,2015
1189,2015,DKI Jakarta,JAKARTA BARAT,CENGKARENG,DURI KOSAMBI,Cacat Rungu/Wicara,Perempuan,0,2015
1190,2015,DKI Jakarta,JAKARTA BARAT,CENGKARENG,DURI KOSAMBI,Cacat Lainnya,Perempuan,11,2015
1191,2015,DKI Jakarta,JAKARTA BARAT,CENGKARENG,RAWA BUAYA,Cacat Fisik,Perempuan,3,2015
1192,2015,DKI Jakarta,JAKARTA BARAT,CENGKARENG,RAWA BUAYA,Cacat Rungu/Wicara,Perempuan,2,2015
1193,2015,DKI Jakarta,JAKARTA BARAT,CENGKARENG,RAWA BUAYA,Cacat Mental/Jiwa,Perempuan,0,2015
1194,2015,DKI Jakarta,JAKARTA TIMUR,PULO GADUNG,JATI,Cacat Fisik dan Mental,Perempuan,1,2015
1195,2015,DKI Jakarta,JAKARTA TIMUR,PULO GADUNG,JATI,Cacat Lainnya,Perempuan,2,2015
1196,2015,DKI Jakarta,JAKARTA TIMUR,JATINEGARA,KAMPUNG MELAYU,Cacat Mental/Jiwa,Perempuan,0,2015
1197,2015,DKI Jakarta,JAKARTA TIMUR,JATINEGARA,KAMPUNG MELAYU,Cacat Fisik dan Mental,Perempuan,0,2015
1198,2015,DKI Jakarta,JAKARTA TIMUR,JATINEGARA,BIDARA CINA,Cacat Fisik,Perempuan,1,2015
1199,2015,DKI Jakarta,JAKARTA TIMUR,JATINEGARA,BIDARA CINA,Cacat Rungu/Wicara,Perempuan,0,2015
1200,2015,DKI Jakarta,JAKARTA TIMUR,JATINEGARA,BIDARA CINA,Cacat Fisik dan Mental,Perempuan,0,2015
1201,2015,DKI Jakarta,JAKARTA TIMUR,JATINEGARA,BIDARA CINA,Cacat Lainnya,Perempuan,6,2015
1202,2015,DKI Jakarta,JAKARTA TIMUR,JATINEGARA,BALI MESTER,Cacat Mental/Jiwa,Perempuan,1,2015
1203,2015,DKI Jakarta,JAKARTA TIMUR,JATINEGARA,BALI MESTER,Cacat Fisik dan Mental,Perempuan,0,2015
1204,2015,DKI Jakarta,JAKARTA TIMUR,JATINEGARA,BALI MESTER,Cacat Lainnya,Perempuan,0,2015
1205,2015,DKI Jakarta,JAKARTA TIMUR,JATINEGARA,RAWA BUNGA,Cacat Fisik,Perempuan,1,2015
1206,2015,DKI Jakarta,JAKARTA TIMUR,JATINEGARA,RAWA BUNGA,Cacat Mental/Jiwa,Perempuan,1,2015
1207,2015,DKI Jakarta,JAKARTA TIMUR,JATINEGARA,RAWA BUNGA,Cacat Lainnya,Perempuan,1,2015
1208,2015,DKI Jakarta,JAKARTA TIMUR,JATINEGARA,CIPINANG CEMPEDAK,Cacat Fisik,Perempuan,2,2015
1209,2015,DKI Jakarta,JAKARTA TIMUR,JATINEGARA,CIPINANG CEMPEDAK,Cacat Rungu/Wicara,Perempuan,0,2015
1210,2015,DKI Jakarta,JAKARTA TIMUR,JATINEGARA,CIPINANG CEMPEDAK,Cacat Mental/Jiwa,Perempuan,1,2015
1211,2015,DKI Jakarta,JAKARTA TIMUR,JATINEGARA,CIPINANG CEMPEDAK,Cacat Fisik dan Mental,Perempuan,1,2015
1212,2015,DKI Jakarta,JAKARTA TIMUR,JATINEGARA,CIPINANG MUARA,Cacat Mental/Jiwa,Perempuan,1,2015
1213,2015,DKI Jakarta,JAKARTA TIMUR,JATINEGARA,CIPINANG MUARA,Cacat Fisik dan Mental,Perempuan,0,2015
1214,2015,DKI Jakarta,JAKARTA TIMUR,JATINEGARA,CIPINANG BESAR SELATAN,Cacat Fisik,Perempuan,1,2015
1215,2015,DKI Jakarta,JAKARTA TIMUR,JATINEGARA,CIPINANG BESAR SELATAN,Cacat Netra/Buta,Perempuan,1,2015
1216,2015,DKI Jakarta,JAKARTA TIMUR,JATINEGARA,CIPINANG BESAR SELATAN,Cacat Rungu/Wicara,Perempuan,2,2015
1217,2015,DKI Jakarta,JAKARTA TIMUR,JATINEGARA,CIPINANG BESAR SELATAN,Cacat Fisik dan Mental,Perempuan,1,2015
1218,2015,DKI Jakarta,JAKARTA TIMUR,JATINEGARA,CIPINANG BESAR SELATAN,Cacat Lainnya,Perempuan,2,2015
1219,2015,DKI Jakarta,JAKARTA TIMUR,JATINEGARA,CIPINANG BESAR UTARA,Cacat Fisik,Perempuan,1,2015
1220,2015,DKI Jakarta,JAKARTA TIMUR,JATINEGARA,CIPINANG BESAR UTARA,Cacat Lainnya,Perempuan,2,2015
1221,2015,DKI Jakarta,JAKARTA TIMUR,KRAMAT JATI,KRAMAT JATI,Cacat Netra/Buta,Perempuan,1,2015
1222,2015,DKI Jakarta,JAKARTA TIMUR,KRAMAT JATI,KRAMAT JATI,Cacat Rungu/Wicara,Perempuan,2,2015
1223,2015,DKI Jakarta,JAKARTA TIMUR,KRAMAT JATI,KRAMAT JATI,Cacat Lainnya,Perempuan,1,2015
1224,2015,DKI Jakarta,JAKARTA TIMUR,KRAMAT JATI,KAMPUNG TENGAH,Cacat Mental/Jiwa,Perempuan,1,2015
1225,2015,DKI Jakarta,JAKARTA TIMUR,KRAMAT JATI,KAMPUNG TENGAH,Cacat Lainnya,Perempuan,0,2015
1226,2015,DKI Jakarta,JAKARTA TIMUR,KRAMAT JATI,DUKUH,Cacat Rungu/Wicara,Perempuan,0,2015
1227,2015,DKI Jakarta,JAKARTA TIMUR,KRAMAT JATI,DUKUH,Cacat Mental/Jiwa,Perempuan,1,2015
1228,2015,DKI Jakarta,JAKARTA TIMUR,KRAMAT JATI,DUKUH,Cacat Lainnya,Perempuan,0,2015
1229,2015,DKI Jakarta,JAKARTA TIMUR,KRAMAT JATI,BATU AMPAR,Cacat Fisik,Perempuan,2,2015
1230,2015,DKI Jakarta,JAKARTA TIMUR,KRAMAT JATI,BATU AMPAR,Cacat Netra/Buta,Perempuan,0,2015
1231,2015,DKI Jakarta,JAKARTA TIMUR,KRAMAT JATI,BATU AMPAR,Cacat Rungu/Wicara,Perempuan,2,2015
1232,2015,DKI Jakarta,JAKARTA TIMUR,KRAMAT JATI,BATU AMPAR,Cacat Mental/Jiwa,Perempuan,4,2015
1233,2015,DKI Jakarta,JAKARTA TIMUR,KRAMAT JATI,BATU AMPAR,Cacat Fisik dan Mental,Perempuan,0,2015
1234,2015,DKI Jakarta,JAKARTA TIMUR,KRAMAT JATI,BATU AMPAR,Cacat Lainnya,Perempuan,3,2015
1235,2015,DKI Jakarta,JAKARTA TIMUR,KRAMAT JATI,BALE KAMBANG,Cacat Fisik,Perempuan,3,2015
1236,2015,DKI Jakarta,JAKARTA BARAT,PALMERAH,JATI PULO,Cacat Fisik dan Mental,Perempuan,0,2015
1237,2015,DKI Jakarta,JAKARTA BARAT,PALMERAH,JATI PULO,Cacat Lainnya,Perempuan,0,2015
1238,2015,DKI Jakarta,JAKARTA BARAT,PALMERAH,KEMANGGISAN,Cacat Fisik,Perempuan,1,2015
1239,2015,DKI Jakarta,JAKARTA BARAT,PALMERAH,KEMANGGISAN,Cacat Netra/Buta,Perempuan,2,2015
1240,2015,DKI Jakarta,JAKARTA BARAT,PALMERAH,KEMANGGISAN,Cacat Rungu/Wicara,Perempuan,0,2015
1241,2015,DKI Jakarta,JAKARTA BARAT,PALMERAH,KEMANGGISAN,Cacat Mental/Jiwa,Perempuan,0,2015
1242,2015,DKI Jakarta,JAKARTA BARAT,PALMERAH,KEMANGGISAN,Cacat Fisik dan Mental,Perempuan,2,2015
1243,2015,DKI Jakarta,JAKARTA BARAT,PALMERAH,KEMANGGISAN,Cacat Lainnya,Perempuan,1,2015
1244,2015,DKI Jakarta,JAKARTA BARAT,PALMERAH,KOTA BAMBU SELATAN,Cacat Fisik,Perempuan,2,2015
1245,2015,DKI Jakarta,JAKARTA BARAT,PALMERAH,KOTA BAMBU SELATAN,Cacat Netra/Buta,Perempuan,2,2015
1246,2015,DKI Jakarta,JAKARTA BARAT,PALMERAH,KOTA BAMBU SELATAN,Cacat Mental/Jiwa,Perempuan,2,2015
1247,2015,DKI Jakarta,JAKARTA BARAT,KEMBANGAN,KEMBANGAN UTARA,Cacat Netra/Buta,Perempuan,1,2015
1248,2015,DKI Jakarta,JAKARTA BARAT,KEMBANGAN,KEMBANGAN UTARA,Cacat Rungu/Wicara,Perempuan,4,2015
1249,2015,DKI Jakarta,JAKARTA BARAT,KEMBANGAN,KEMBANGAN UTARA,Cacat Mental/Jiwa,Perempuan,1,2015
1250,2015,DKI Jakarta,JAKARTA BARAT,KEMBANGAN,MERUYA UTARA,Cacat Fisik,Perempuan,2,2015
1251,2015,DKI Jakarta,JAKARTA BARAT,KEMBANGAN,MERUYA UTARA,Cacat Netra/Buta,Perempuan,3,2015
1252,2015,DKI Jakarta,JAKARTA BARAT,KEMBANGAN,MERUYA UTARA,Cacat Rungu/Wicara,Perempuan,3,2015
1253,2015,DKI Jakarta,JAKARTA BARAT,KEMBANGAN,MERUYA UTARA,Cacat Mental/Jiwa,Perempuan,4,2015
1254,2015,DKI Jakarta,JAKARTA BARAT,KEMBANGAN,MERUYA UTARA,Cacat Fisik dan Mental,Perempuan,1,2015
1255,2015,DKI Jakarta,JAKARTA BARAT,KEMBANGAN,MERUYA UTARA,Cacat Lainnya,Perempuan,0,2015
1256,2015,DKI Jakarta,JAKARTA BARAT,KEMBANGAN,MERUYA SELATAN,Cacat Fisik,Perempuan,0,2015
1257,2015,DKI Jakarta,JAKARTA BARAT,KEMBANGAN,MERUYA SELATAN,Cacat Netra/Buta,Perempuan,3,2015
1258,2015,DKI Jakarta,JAKARTA BARAT,KEMBANGAN,MERUYA SELATAN,Cacat Rungu/Wicara,Perempuan,0,2015
1259,2015,DKI Jakarta,JAKARTA BARAT,KEMBANGAN,MERUYA SELATAN,Cacat Mental/Jiwa,Perempuan,5,2015
1260,2015,DKI Jakarta,JAKARTA BARAT,KEMBANGAN,MERUYA SELATAN,Cacat Fisik dan Mental,Perempuan,3,2015
1261,2015,DKI Jakarta,JAKARTA BARAT,KEMBANGAN,MERUYA SELATAN,Cacat Lainnya,Perempuan,2,2015
1262,2015,DKI Jakarta,JAKARTA BARAT,KEMBANGAN,SRENGSENG,Cacat Fisik,Perempuan,2,2015
1263,2015,DKI Jakarta,JAKARTA BARAT,KEMBANGAN,SRENGSENG,Cacat Netra/Buta,Perempuan,1,2015
1264,2015,DKI Jakarta,JAKARTA BARAT,KEMBANGAN,SRENGSENG,Cacat Rungu/Wicara,Perempuan,1,2015
1265,2015,DKI Jakarta,JAKARTA BARAT,KEMBANGAN,SRENGSENG,Cacat Mental/Jiwa,Perempuan,0,2015
1266,2015,DKI Jakarta,JAKARTA BARAT,KEMBANGAN,SRENGSENG,Cacat Lainnya,Perempuan,4,2015
1267,2015,DKI Jakarta,JAKARTA BARAT,KEMBANGAN,JOGLO,Cacat Netra/Buta,Perempuan,2,2015
1268,2015,DKI Jakarta,JAKARTA BARAT,KEMBANGAN,JOGLO,Cacat Rungu/Wicara,Perempuan,1,2015
1269,2015,DKI Jakarta,JAKARTA BARAT,KEMBANGAN,JOGLO,Cacat Mental/Jiwa,Perempuan,0,2015
1270,2015,DKI Jakarta,JAKARTA BARAT,KEMBANGAN,JOGLO,Cacat Lainnya,Perempuan,0,2015
1271,2015,DKI Jakarta,JAKARTA BARAT,KEMBANGAN,KEMBANGAN SELATAN,Cacat Fisik,Perempuan,1,2015
1272,2015,DKI Jakarta,JAKARTA BARAT,KEMBANGAN,KEMBANGAN SELATAN,Cacat Lainnya,Perempuan,1,2015
1273,2015,DKI Jakarta,JAKARTA SELATAN,TEBET,TEBET TIMUR,Cacat Mental/Jiwa,Perempuan,3,2015
1274,2015,DKI Jakarta,JAKARTA SELATAN,TEBET,TEBET TIMUR,Cacat Fisik dan Mental,Perempuan,0,2015
1275,2015,DKI Jakarta,JAKARTA SELATAN,TEBET,TEBET TIMUR,Cacat Lainnya,Perempuan,0,2015
1276,2015,DKI Jakarta,JAKARTA SELATAN,TEBET,TEBET BARAT,Cacat Mental/Jiwa,Perempuan,0,2015
1277,2015,DKI Jakarta,JAKARTA SELATAN,TEBET,TEBET BARAT,Cacat Lainnya,Perempuan,0,2015
1278,2015,DKI Jakarta,JAKARTA SELATAN,TEBET,MENTENG DALAM,Cacat Fisik,Perempuan,3,2015
1279,2015,DKI Jakarta,JAKARTA SELATAN,TEBET,MENTENG DALAM,Cacat Netra/Buta,Perempuan,0,2015
1280,2015,DKI Jakarta,JAKARTA SELATAN,TEBET,MENTENG DALAM,Cacat Rungu/Wicara,Perempuan,4,2015
1281,2015,DKI Jakarta,JAKARTA SELATAN,TEBET,MENTENG DALAM,Cacat Mental/Jiwa,Perempuan,2,2015
1282,2015,DKI Jakarta,JAKARTA SELATAN,TEBET,MENTENG DALAM,Cacat Fisik dan Mental,Perempuan,3,2015
1283,2015,DKI Jakarta,JAKARTA SELATAN,TEBET,MENTENG DALAM,Cacat Lainnya,Perempuan,1,2015
1284,2015,DKI Jakarta,JAKARTA SELATAN,TEBET,KEBON BARU,Cacat Fisik,Perempuan,1,2015
1285,2015,DKI Jakarta,JAKARTA SELATAN,TEBET,KEBON BARU,Cacat Netra/Buta,Perempuan,1,2015
1286,2015,DKI Jakarta,JAKARTA SELATAN,TEBET,KEBON BARU,Cacat Rungu/Wicara,Perempuan,0,2015
1287,2015,DKI Jakarta,JAKARTA SELATAN,TEBET,BUKIT DURI,Cacat Rungu/Wicara,Perempuan,1,2015
1288,2015,DKI Jakarta,JAKARTA SELATAN,TEBET,BUKIT DURI,Cacat Mental/Jiwa,Perempuan,1,2015
1289,2015,DKI Jakarta,JAKARTA SELATAN,TEBET,MANGGARAI,Cacat Fisik,Perempuan,3,2015
1290,2015,DKI Jakarta,JAKARTA SELATAN,TEBET,MANGGARAI,Cacat Mental/Jiwa,Perempuan,2,2015
1291,2015,DKI Jakarta,JAKARTA SELATAN,TEBET,MANGGARAI,Cacat Fisik dan Mental,Perempuan,0,2015
1292,2015,DKI Jakarta,JAKARTA SELATAN,TEBET,MANGGARAI,Cacat Lainnya,Perempuan,0,2015
1293,2015,DKI Jakarta,JAKARTA SELATAN,SETIA BUDI,SETIA BUDI,Cacat Mental/Jiwa,Perempuan,1,2015
1294,2015,DKI Jakarta,JAKARTA SELATAN,SETIA BUDI,KARET SEMANGGI,Cacat Lainnya,Perempuan,1,2015
1295,2015,DKI Jakarta,JAKARTA SELATAN,SETIA BUDI,KARET KUNINGAN,Cacat Fisik,Perempuan,1,2015
1296,2015,DKI Jakarta,JAKARTA SELATAN,SETIA BUDI,KARET KUNINGAN,Cacat Rungu/Wicara,Perempuan,0,2015
1297,2015,DKI Jakarta,JAKARTA SELATAN,SETIA BUDI,KARET,Cacat Fisik,Perempuan,0,2015
1298,2015,DKI Jakarta,JAKARTA SELATAN,SETIA BUDI,MENTENG ATAS,Cacat Rungu/Wicara,Perempuan,1,2015
1299,2015,DKI Jakarta,JAKARTA SELATAN,SETIA BUDI,MENTENG ATAS,Cacat Mental/Jiwa,Perempuan,2,2015
1300,2015,DKI Jakarta,JAKARTA SELATAN,SETIA BUDI,MENTENG ATAS,Cacat Fisik dan Mental,Perempuan,1,2015
1301,2015,DKI Jakarta,JAKARTA SELATAN,SETIA BUDI,MENTENG ATAS,Cacat Lainnya,Perempuan,1,2015
1302,2015,DKI Jakarta,JAKARTA SELATAN,SETIA BUDI,PASAR MANGGIS,Cacat Fisik,Perempuan,2,2015
1303,2015,DKI Jakarta,JAKARTA SELATAN,SETIA BUDI,PASAR MANGGIS,Cacat Netra/Buta,Perempuan,2,2015
1304,2015,DKI Jakarta,JAKARTA SELATAN,SETIA BUDI,PASAR MANGGIS,Cacat Rungu/Wicara,Perempuan,2,2015
1305,2015,DKI Jakarta,JAKARTA SELATAN,SETIA BUDI,PASAR MANGGIS,Cacat Lainnya,Perempuan,1,2015
1306,2015,DKI Jakarta,JAKARTA SELATAN,SETIA BUDI,GUNTUR,Cacat Mental/Jiwa,Perempuan,1,2015
1307,2015,DKI Jakarta,JAKARTA SELATAN,MAMPANG PRAPATAN,MAMPANG PRAPATAN,Cacat Fisik,Perempuan,0,2015
1308,2015,DKI Jakarta,JAKARTA SELATAN,MAMPANG PRAPATAN,MAMPANG PRAPATAN,Cacat Rungu/Wicara,Perempuan,1,2015
1309,2015,DKI Jakarta,JAKARTA SELATAN,MAMPANG PRAPATAN,MAMPANG PRAPATAN,Cacat Mental/Jiwa,Perempuan,3,2015
1310,2015,DKI Jakarta,JAKARTA SELATAN,MAMPANG PRAPATAN,BANGKA,Cacat Netra/Buta,Perempuan,0,2015
1311,2015,DKI Jakarta,JAKARTA SELATAN,MAMPANG PRAPATAN,BANGKA,Cacat Rungu/Wicara,Perempuan,1,2015
1312,2015,DKI Jakarta,JAKARTA SELATAN,MAMPANG PRAPATAN,BANGKA,Cacat Mental/Jiwa,Perempuan,0,2015
1313,2015,DKI Jakarta,JAKARTA SELATAN,MAMPANG PRAPATAN,PELA MAMPANG,Cacat Fisik,Perempuan,1,2015
1314,2015,DKI Jakarta,JAKARTA SELATAN,MAMPANG PRAPATAN,PELA MAMPANG,Cacat Rungu/Wicara,Perempuan,3,2015
1315,2015,DKI Jakarta,JAKARTA SELATAN,MAMPANG PRAPATAN,PELA MAMPANG,Cacat Mental/Jiwa,Perempuan,3,2015
1316,2015,DKI Jakarta,JAKARTA SELATAN,MAMPANG PRAPATAN,PELA MAMPANG,Cacat Fisik dan Mental,Perempuan,3,2015
1317,2015,DKI Jakarta,JAKARTA SELATAN,MAMPANG PRAPATAN,TEGAL PARANG,Cacat Fisik,Perempuan,1,2015
1318,2015,DKI Jakarta,JAKARTA SELATAN,MAMPANG PRAPATAN,TEGAL PARANG,Cacat Netra/Buta,Perempuan,1,2015
1319,2015,DKI Jakarta,JAKARTA SELATAN,MAMPANG PRAPATAN,TEGAL PARANG,Cacat Mental/Jiwa,Perempuan,1,2015
1320,2015,DKI Jakarta,JAKARTA SELATAN,MAMPANG PRAPATAN,TEGAL PARANG,Cacat Lainnya,Perempuan,2,2015
1321,2015,DKI Jakarta,JAKARTA SELATAN,MAMPANG PRAPATAN,KUNINGAN BARAT,Cacat Lainnya,Perempuan,1,2015
1322,2015,DKI Jakarta,JAKARTA SELATAN,PASAR MINGGU,PASAR MINGGU,Cacat Fisik,Perempuan,0,2015
1323,2015,DKI Jakarta,JAKARTA SELATAN,PASAR MINGGU,PASAR MINGGU,Cacat Mental/Jiwa,Perempuan,0,2015
1324,2015,DKI Jakarta,JAKARTA SELATAN,PASAR MINGGU,JATI PADANG,Cacat Fisik,Perempuan,2,2015
1325,2015,DKI Jakarta,JAKARTA SELATAN,PASAR MINGGU,JATI PADANG,Cacat Rungu/Wicara,Perempuan,1,2015
1326,2015,DKI Jakarta,JAKARTA SELATAN,PASAR MINGGU,JATI PADANG,Cacat Mental/Jiwa,Perempuan,7,2015
1327,2015,DKI Jakarta,JAKARTA SELATAN,PASAR MINGGU,JATI PADANG,Cacat Fisik dan Mental,Perempuan,0,2015
1328,2015,DKI Jakarta,JAKARTA SELATAN,PASAR MINGGU,JATI PADANG,Cacat Lainnya,Perempuan,0,2015
1329,2015,DKI Jakarta,JAKARTA SELATAN,PASAR MINGGU,CILANDAK TIMUR,Cacat Mental/Jiwa,Perempuan,1,2015
1330,2015,DKI Jakarta,JAKARTA SELATAN,PASAR MINGGU,CILANDAK TIMUR,Cacat Lainnya,Perempuan,2,2015
1331,2015,DKI Jakarta,JAKARTA SELATAN,PASAR MINGGU,RAGUNAN,Cacat Fisik,Perempuan,3,2015
1332,2015,DKI Jakarta,JAKARTA SELATAN,PASAR MINGGU,RAGUNAN,Cacat Netra/Buta,Perempuan,0,2015
1333,2015,DKI Jakarta,JAKARTA SELATAN,PASAR MINGGU,RAGUNAN,Cacat Lainnya,Perempuan,1,2015
1334,2015,DKI Jakarta,JAKARTA SELATAN,PASAR MINGGU,PEJATEN TIMUR,Cacat Fisik,Perempuan,11,2015
1335,2015,DKI Jakarta,JAKARTA SELATAN,PASAR MINGGU,PEJATEN TIMUR,Cacat Netra/Buta,Perempuan,2,2015
1336,2015,DKI Jakarta,JAKARTA SELATAN,PASAR MINGGU,PEJATEN TIMUR,Cacat Rungu/Wicara,Perempuan,2,2015
1337,2015,DKI Jakarta,JAKARTA SELATAN,PASAR MINGGU,PEJATEN TIMUR,Cacat Mental/Jiwa,Perempuan,2,2015
1338,2015,DKI Jakarta,JAKARTA SELATAN,PASAR MINGGU,PEJATEN BARAT,Cacat Fisik,Perempuan,1,2015
1339,2015,DKI Jakarta,JAKARTA SELATAN,PASAR MINGGU,PEJATEN BARAT,Cacat Mental/Jiwa,Perempuan,1,2015
1340,2015,DKI Jakarta,JAKARTA SELATAN,PASAR MINGGU,KEBAGUSAN,Cacat Fisik,Perempuan,0,2015
1341,2015,DKI Jakarta,JAKARTA SELATAN,PASAR MINGGU,KEBAGUSAN,Cacat Rungu/Wicara,Perempuan,0,2015
1342,2015,DKI Jakarta,JAKARTA SELATAN,PASAR MINGGU,KEBAGUSAN,Cacat Lainnya,Perempuan,1,2015
1343,2015,DKI Jakarta,JAKARTA SELATAN,KEBAYORAN LAMA,KEBAYORAN LAMA UTARA,Cacat Rungu/Wicara,Perempuan,1,2015
1344,2015,DKI Jakarta,JAKARTA SELATAN,KEBAYORAN LAMA,KEBAYORAN LAMA UTARA,Cacat Lainnya,Perempuan,0,2015
1345,2015,DKI Jakarta,JAKARTA SELATAN,KEBAYORAN LAMA,PONDOK PINANG,Cacat Rungu/Wicara,Perempuan,0,2015
1346,2015,DKI Jakarta,JAKARTA SELATAN,KEBAYORAN LAMA,PONDOK PINANG,Cacat Mental/Jiwa,Perempuan,0,2015
1347,2015,DKI Jakarta,JAKARTA SELATAN,KEBAYORAN LAMA,PONDOK PINANG,Cacat Lainnya,Perempuan,0,2015
1348,2015,DKI Jakarta,JAKARTA SELATAN,KEBAYORAN LAMA,CIPULIR,Cacat Fisik,Perempuan,5,2015
1349,2015,DKI Jakarta,JAKARTA SELATAN,KEBAYORAN LAMA,CIPULIR,Cacat Netra/Buta,Perempuan,0,2015
1350,2015,DKI Jakarta,JAKARTA SELATAN,KEBAYORAN LAMA,CIPULIR,Cacat Lainnya,Perempuan,2,2015
1351,2015,DKI Jakarta,JAKARTA SELATAN,KEBAYORAN LAMA,GROGOL UTARA,Cacat Fisik,Perempuan,0,2015
1352,2015,DKI Jakarta,JAKARTA SELATAN,KEBAYORAN LAMA,GROGOL UTARA,Cacat Rungu/Wicara,Perempuan,1,2015
1353,2015,DKI Jakarta,JAKARTA SELATAN,KEBAYORAN LAMA,GROGOL SELATAN,Cacat Fisik,Perempuan,1,2015
1354,2015,DKI Jakarta,JAKARTA SELATAN,KEBAYORAN LAMA,GROGOL SELATAN,Cacat Lainnya,Perempuan,0,2015
1355,2015,DKI Jakarta,JAKARTA SELATAN,KEBAYORAN LAMA,KEBAYORAN LAMA SELATAN,Cacat Fisik,Perempuan,0,2015
1356,2015,DKI Jakarta,JAKARTA SELATAN,KEBAYORAN LAMA,KEBAYORAN LAMA SELATAN,Cacat Rungu/Wicara,Perempuan,1,2015
1357,2015,DKI Jakarta,JAKARTA SELATAN,KEBAYORAN LAMA,KEBAYORAN LAMA SELATAN,Cacat Mental/Jiwa,Perempuan,1,2015
1358,2015,DKI Jakarta,JAKARTA SELATAN,KEBAYORAN LAMA,KEBAYORAN LAMA SELATAN,Cacat Lainnya,Perempuan,1,2015
1359,2015,DKI Jakarta,JAKARTA SELATAN,CILANDAK,CILANDAK BARAT,Cacat Lainnya,Perempuan,0,2015
1360,2015,DKI Jakarta,JAKARTA SELATAN,CILANDAK,LEBAK BULUS,Cacat Mental/Jiwa,Perempuan,0,2015
1361,2015,DKI Jakarta,JAKARTA SELATAN,CILANDAK,LEBAK BULUS,Cacat Lainnya,Perempuan,1,2015
1362,2015,DKI Jakarta,JAKARTA SELATAN,CILANDAK,PONDOK LABU,Cacat Fisik,Perempuan,2,2015
1363,2015,DKI Jakarta,JAKARTA SELATAN,CILANDAK,PONDOK LABU,Cacat Netra/Buta,Perempuan,1,2015
1364,2015,DKI Jakarta,JAKARTA SELATAN,CILANDAK,PONDOK LABU,Cacat Mental/Jiwa,Perempuan,1,2015
1365,2015,DKI Jakarta,JAKARTA SELATAN,CILANDAK,GANDARIA SELATAN,Cacat Fisik,Perempuan,1,2015
1366,2015,DKI Jakarta,JAKARTA SELATAN,CILANDAK,GANDARIA SELATAN,Cacat Netra/Buta,Perempuan,1,2015
1367,2015,DKI Jakarta,JAKARTA SELATAN,CILANDAK,CIPETE SELATAN,Cacat Fisik,Perempuan,1,2015
1368,2015,DKI Jakarta,JAKARTA SELATAN,CILANDAK,CIPETE SELATAN,Cacat Netra/Buta,Perempuan,0,2015
1369,2015,DKI Jakarta,JAKARTA SELATAN,CILANDAK,CIPETE SELATAN,Cacat Rungu/Wicara,Perempuan,0,2015
1370,2015,DKI Jakarta,JAKARTA SELATAN,CILANDAK,CIPETE SELATAN,Cacat Fisik dan Mental,Perempuan,1,2015
1371,2015,DKI Jakarta,JAKARTA SELATAN,CILANDAK,CIPETE SELATAN,Cacat Lainnya,Perempuan,1,2015
1372,2015,DKI Jakarta,JAKARTA SELATAN,KEBAYORAN BARU,MELAWAI,Cacat Fisik,Perempuan,0,2015
1373,2015,DKI Jakarta,JAKARTA SELATAN,KEBAYORAN BARU,MELAWAI,Cacat Mental/Jiwa,Perempuan,0,2015
1374,2015,DKI Jakarta,JAKARTA SELATAN,KEBAYORAN BARU,MELAWAI,Cacat Lainnya,Perempuan,1,2015
1375,2015,DKI Jakarta,JAKARTA SELATAN,KEBAYORAN BARU,GUNUNG,Cacat Fisik,Perempuan,0,2015
1376,2015,DKI Jakarta,JAKARTA SELATAN,KEBAYORAN BARU,GUNUNG,Cacat Netra/Buta,Perempuan,1,2015
1377,2015,DKI Jakarta,JAKARTA SELATAN,KEBAYORAN BARU,GUNUNG,Cacat Rungu/Wicara,Perempuan,2,2015
1378,2015,DKI Jakarta,JAKARTA SELATAN,KEBAYORAN BARU,GUNUNG,Cacat Mental/Jiwa,Perempuan,0,2015
1379,2015,DKI Jakarta,JAKARTA SELATAN,KEBAYORAN BARU,KRAMAT PELA,Cacat Fisik,Perempuan,0,2015
1380,2015,DKI Jakarta,JAKARTA SELATAN,KEBAYORAN BARU,KRAMAT PELA,Cacat Mental/Jiwa,Perempuan,1,2015
1381,2015,DKI Jakarta,JAKARTA SELATAN,KEBAYORAN BARU,KRAMAT PELA,Cacat Fisik dan Mental,Perempuan,0,2015
1382,2015,DKI Jakarta,JAKARTA SELATAN,KEBAYORAN BARU,KRAMAT PELA,Cacat Lainnya,Perempuan,0,2015
1383,2015,DKI Jakarta,JAKARTA SELATAN,KEBAYORAN BARU,SELONG,Cacat Mental/Jiwa,Perempuan,1,2015
1384,2015,DKI Jakarta,JAKARTA SELATAN,KEBAYORAN BARU,RAWA BARAT,Cacat Lainnya,Perempuan,1,2015
1385,2015,DKI Jakarta,JAKARTA SELATAN,KEBAYORAN BARU,SENAYAN,Cacat Lainnya,Perempuan,1,2015
1386,2015,DKI Jakarta,JAKARTA SELATAN,KEBAYORAN BARU,PULO,Cacat Mental/Jiwa,Perempuan,1,2015
1387,2015,DKI Jakarta,JAKARTA SELATAN,KEBAYORAN BARU,GANDARIA UTARA,Cacat Fisik,Perempuan,0,2015
1388,2015,DKI Jakarta,JAKARTA SELATAN,KEBAYORAN BARU,CIPETE UTARA,Cacat Rungu/Wicara,Perempuan,1,2015
1389,2015,DKI Jakarta,JAKARTA SELATAN,KEBAYORAN BARU,CIPETE UTARA,Cacat Mental/Jiwa,Perempuan,1,2015
1390,2015,DKI Jakarta,JAKARTA SELATAN,KEBAYORAN BARU,CIPETE UTARA,Cacat Fisik dan Mental,Perempuan,1,2015
1391,2015,DKI Jakarta,JAKARTA SELATAN,KEBAYORAN BARU,CIPETE UTARA,Cacat Lainnya,Perempuan,0,2015
1392,2015,DKI Jakarta,JAKARTA SELATAN,PANCORAN,PANCORAN,Cacat Lainnya,Perempuan,0,2015
1393,2015,DKI Jakarta,JAKARTA SELATAN,PANCORAN,KALIBATA,Cacat Fisik,Perempuan,0,2015
1394,2015,DKI Jakarta,JAKARTA SELATAN,PANCORAN,KALIBATA,Cacat Netra/Buta,Perempuan,0,2015
1395,2015,DKI Jakarta,JAKARTA SELATAN,PANCORAN,KALIBATA,Cacat Rungu/Wicara,Perempuan,1,2015
1396,2015,DKI Jakarta,JAKARTA SELATAN,PANCORAN,KALIBATA,Cacat Mental/Jiwa,Perempuan,0,2015
1397,2015,DKI Jakarta,JAKARTA SELATAN,PANCORAN,KALIBATA,Cacat Fisik dan Mental,Perempuan,0,2015
1398,2015,DKI Jakarta,JAKARTA SELATAN,PANCORAN,KALIBATA,Cacat Lainnya,Perempuan,1,2015
1399,2015,DKI Jakarta,JAKARTA SELATAN,PANCORAN,RAWA JATI,Cacat Fisik,Perempuan,1,2015
1400,2015,DKI Jakarta,JAKARTA SELATAN,PANCORAN,RAWA JATI,Cacat Mental/Jiwa,Perempuan,1,2015
1401,2015,DKI Jakarta,JAKARTA SELATAN,PANCORAN,RAWA JATI,Cacat Fisik dan Mental,Perempuan,0,2015
1402,2015,DKI Jakarta,JAKARTA SELATAN,PANCORAN,RAWA JATI,Cacat Lainnya,Perempuan,6,2015
1403,2015,DKI Jakarta,JAKARTA SELATAN,PANCORAN,DUREN TIGA,Cacat Fisik,Perempuan,1,2015
1404,2015,DKI Jakarta,JAKARTA SELATAN,PANCORAN,DUREN TIGA,Cacat Netra/Buta,Perempuan,1,2015
1405,2015,DKI Jakarta,JAKARTA SELATAN,PANCORAN,DUREN TIGA,Cacat Rungu/Wicara,Perempuan,1,2015
1406,2015,DKI Jakarta,JAKARTA SELATAN,PANCORAN,DUREN TIGA,Cacat Mental/Jiwa,Perempuan,1,2015
1407,2015,DKI Jakarta,JAKARTA SELATAN,PANCORAN,PENGADEGAN,Cacat Fisik,Perempuan,0,2015
1408,2015,DKI Jakarta,JAKARTA SELATAN,PANCORAN,PENGADEGAN,Cacat Netra/Buta,Perempuan,0,2015
1409,2015,DKI Jakarta,JAKARTA SELATAN,PANCORAN,PENGADEGAN,Cacat Rungu/Wicara,Perempuan,1,2015
1410,2015,DKI Jakarta,JAKARTA SELATAN,PANCORAN,PENGADEGAN,Cacat Mental/Jiwa,Perempuan,0,2015
1411,2015,DKI Jakarta,JAKARTA SELATAN,PANCORAN,CIKOKO,Cacat Fisik,Perempuan,1,2015
1412,2015,DKI Jakarta,JAKARTA SELATAN,PANCORAN,CIKOKO,Cacat Mental/Jiwa,Perempuan,0,2015
1413,2015,DKI Jakarta,JAKARTA SELATAN,JAGAKARSA,JAGAKARSA,Cacat Fisik,Perempuan,2,2015
1414,2015,DKI Jakarta,JAKARTA SELATAN,JAGAKARSA,JAGAKARSA,Cacat Netra/Buta,Perempuan,1,2015
1415,2015,DKI Jakarta,JAKARTA SELATAN,JAGAKARSA,JAGAKARSA,Cacat Rungu/Wicara,Perempuan,2,2015
1416,2015,DKI Jakarta,JAKARTA SELATAN,JAGAKARSA,JAGAKARSA,Cacat Mental/Jiwa,Perempuan,2,2015
1417,2015,DKI Jakarta,JAKARTA SELATAN,JAGAKARSA,JAGAKARSA,Cacat Fisik dan Mental,Perempuan,0,2015
1418,2015,DKI Jakarta,JAKARTA SELATAN,JAGAKARSA,JAGAKARSA,Cacat Lainnya,Perempuan,2,2015
1419,2015,DKI Jakarta,JAKARTA SELATAN,JAGAKARSA,SRENGSENG SAWAH,Cacat Mental/Jiwa,Perempuan,2,2015
1420,2015,DKI Jakarta,JAKARTA SELATAN,JAGAKARSA,SRENGSENG SAWAH,Cacat Lainnya,Perempuan,1,2015
1421,2015,DKI Jakarta,JAKARTA SELATAN,JAGAKARSA,CIGANJUR,Cacat Fisik,Perempuan,26,2015
1422,2015,DKI Jakarta,JAKARTA SELATAN,JAGAKARSA,CIGANJUR,Cacat Netra/Buta,Perempuan,1,2015
1423,2015,DKI Jakarta,JAKARTA SELATAN,JAGAKARSA,CIGANJUR,Cacat Rungu/Wicara,Perempuan,1,2015
1424,2015,DKI Jakarta,JAKARTA SELATAN,JAGAKARSA,CIGANJUR,Cacat Mental/Jiwa,Perempuan,0,2015
1425,2015,DKI Jakarta,JAKARTA SELATAN,JAGAKARSA,CIGANJUR,Cacat Fisik dan Mental,Perempuan,0,2015
1426,2015,DKI Jakarta,JAKARTA SELATAN,JAGAKARSA,CIGANJUR,Cacat Lainnya,Perempuan,3,2015
1427,2015,DKI Jakarta,JAKARTA SELATAN,JAGAKARSA,LENTENG AGUNG,Cacat Fisik,Perempuan,2,2015
1428,2015,DKI Jakarta,JAKARTA SELATAN,JAGAKARSA,LENTENG AGUNG,Cacat Mental/Jiwa,Perempuan,0,2015
1429,2015,DKI Jakarta,JAKARTA SELATAN,JAGAKARSA,LENTENG AGUNG,Cacat Lainnya,Perempuan,3,2015
1430,2015,DKI Jakarta,JAKARTA SELATAN,JAGAKARSA,TANJUNG BARAT,Cacat Fisik,Perempuan,0,2015
1431,2015,DKI Jakarta,JAKARTA SELATAN,JAGAKARSA,TANJUNG BARAT,Cacat Mental/Jiwa,Perempuan,0,2015
1432,2015,DKI Jakarta,JAKARTA SELATAN,JAGAKARSA,TANJUNG BARAT,Cacat Fisik dan Mental,Perempuan,1,2015
1433,2015,DKI Jakarta,JAKARTA SELATAN,JAGAKARSA,TANJUNG BARAT,Cacat Lainnya,Perempuan,1,2015
1434,2015,DKI Jakarta,JAKARTA SELATAN,JAGAKARSA,CIPEDAK,Cacat Fisik,Perempuan,0,2015
1435,2015,DKI Jakarta,JAKARTA SELATAN,JAGAKARSA,CIPEDAK,Cacat Mental/Jiwa,Perempuan,3,2015
1436,2015,DKI Jakarta,JAKARTA SELATAN,JAGAKARSA,CIPEDAK,Cacat Lainnya,Perempuan,0,2015
1437,2015,DKI Jakarta,JAKARTA SELATAN,PESANGGRAHAN,PESANGGRAHAN,Cacat Fisik,Perempuan,1,2015
1438,2015,DKI Jakarta,JAKARTA SELATAN,PESANGGRAHAN,PESANGGRAHAN,Cacat Rungu/Wicara,Perempuan,0,2015
1439,2015,DKI Jakarta,JAKARTA SELATAN,PESANGGRAHAN,BINTARO,Cacat Mental/Jiwa,Perempuan,1,2015
1440,2015,DKI Jakarta,JAKARTA SELATAN,PESANGGRAHAN,PETUKANGAN UTARA,Cacat Fisik,Perempuan,3,2015
1441,2015,DKI Jakarta,JAKARTA SELATAN,PESANGGRAHAN,PETUKANGAN UTARA,Cacat Netra/Buta,Perempuan,1,2015
1442,2015,DKI Jakarta,JAKARTA SELATAN,PESANGGRAHAN,PETUKANGAN UTARA,Cacat Mental/Jiwa,Perempuan,0,2015
1443,2015,DKI Jakarta,JAKARTA SELATAN,PESANGGRAHAN,PETUKANGAN UTARA,Cacat Lainnya,Perempuan,6,2015
1444,2015,DKI Jakarta,JAKARTA SELATAN,PESANGGRAHAN,PETUKANGAN SELATAN,Cacat Rungu/Wicara,Perempuan,1,2015
1445,2015,DKI Jakarta,JAKARTA SELATAN,PESANGGRAHAN,PETUKANGAN SELATAN,Cacat Mental/Jiwa,Perempuan,1,2015
1446,2015,DKI Jakarta,JAKARTA SELATAN,PESANGGRAHAN,PETUKANGAN SELATAN,Cacat Fisik dan Mental,Perempuan,1,2015
1447,2015,DKI Jakarta,JAKARTA SELATAN,PESANGGRAHAN,PETUKANGAN SELATAN,Cacat Lainnya,Perempuan,1,2015
1448,2015,DKI Jakarta,JAKARTA SELATAN,PESANGGRAHAN,ULUJAMI,Cacat Fisik dan Mental,Perempuan,0,2015
1449,2015,DKI Jakarta,JAKARTA SELATAN,PESANGGRAHAN,ULUJAMI,Cacat Lainnya,Perempuan,2,2015
1450,2015,DKI Jakarta,JAKARTA TIMUR,MATRAMAN,PISANGAN BARU,Cacat Fisik,Perempuan,5,2015
1451,2015,DKI Jakarta,JAKARTA TIMUR,MATRAMAN,PISANGAN BARU,Cacat Netra/Buta,Perempuan,0,2015
1452,2015,DKI Jakarta,JAKARTA TIMUR,MATRAMAN,PISANGAN BARU,Cacat Rungu/Wicara,Perempuan,1,2015
1453,2015,DKI Jakarta,JAKARTA TIMUR,MATRAMAN,PISANGAN BARU,Cacat Mental/Jiwa,Perempuan,0,2015
1454,2015,DKI Jakarta,JAKARTA TIMUR,MATRAMAN,PISANGAN BARU,Cacat Fisik dan Mental,Perempuan,0,2015
1455,2015,DKI Jakarta,JAKARTA TIMUR,MATRAMAN,PISANGAN BARU,Cacat Lainnya,Perempuan,4,2015
1456,2015,DKI Jakarta,JAKARTA TIMUR,MATRAMAN,UTAN KAYU UTARA,Cacat Fisik,Perempuan,0,2015
1457,2015,DKI Jakarta,JAKARTA TIMUR,MATRAMAN,UTAN KAYU UTARA,Cacat Netra/Buta,Perempuan,0,2015
1458,2015,DKI Jakarta,JAKARTA TIMUR,MATRAMAN,UTAN KAYU UTARA,Cacat Rungu/Wicara,Perempuan,0,2015
1459,2015,DKI Jakarta,JAKARTA TIMUR,MATRAMAN,UTAN KAYU UTARA,Cacat Fisik dan Mental,Perempuan,0,2015
1460,2015,DKI Jakarta,JAKARTA TIMUR,MATRAMAN,UTAN KAYU UTARA,Cacat Lainnya,Perempuan,3,2015
1461,2015,DKI Jakarta,JAKARTA TIMUR,MATRAMAN,KAYU MANIS,Cacat Fisik,Perempuan,0,2015
1462,2015,DKI Jakarta,JAKARTA TIMUR,MATRAMAN,PAL MERIAM,Cacat Fisik,Perempuan,1,2015
1463,2015,DKI Jakarta,JAKARTA TIMUR,MATRAMAN,PAL MERIAM,Cacat Netra/Buta,Perempuan,0,2015
1464,2015,DKI Jakarta,JAKARTA TIMUR,MATRAMAN,PAL MERIAM,Cacat Rungu/Wicara,Perempuan,0,2015
1465,2015,DKI Jakarta,JAKARTA TIMUR,MATRAMAN,PAL MERIAM,Cacat Mental/Jiwa,Perempuan,1,2015
1466,2015,DKI Jakarta,JAKARTA TIMUR,MATRAMAN,PAL MERIAM,Cacat Fisik dan Mental,Perempuan,1,2015
1467,2015,DKI Jakarta,JAKARTA TIMUR,MATRAMAN,KEBON MANGGIS,Cacat Fisik,Perempuan,0,2015
1468,2015,DKI Jakarta,JAKARTA TIMUR,MATRAMAN,KEBON MANGGIS,Cacat Fisik dan Mental,Perempuan,1,2015
1469,2015,DKI Jakarta,JAKARTA TIMUR,MATRAMAN,UTAN KAYU SELATAN,Cacat Fisik,Perempuan,2,2015
1470,2015,DKI Jakarta,JAKARTA TIMUR,MATRAMAN,UTAN KAYU SELATAN,Cacat Mental/Jiwa,Perempuan,0,2015
1471,2015,DKI Jakarta,JAKARTA TIMUR,MATRAMAN,UTAN KAYU SELATAN,Cacat Lainnya,Perempuan,0,2015
1472,2015,DKI Jakarta,JAKARTA TIMUR,PULO GADUNG,PULO GADUNG,Cacat Fisik,Perempuan,2,2015
1473,2015,DKI Jakarta,JAKARTA TIMUR,PULO GADUNG,PULO GADUNG,Cacat Lainnya,Perempuan,1,2015
1474,2015,DKI Jakarta,JAKARTA TIMUR,PULO GADUNG,PISANGAN TIMUR,Cacat Netra/Buta,Perempuan,0,2015
1475,2015,DKI Jakarta,JAKARTA TIMUR,PULO GADUNG,PISANGAN TIMUR,Cacat Mental/Jiwa,Perempuan,0,2015
1476,2015,DKI Jakarta,JAKARTA TIMUR,PULO GADUNG,PISANGAN TIMUR,Cacat Lainnya,Perempuan,3,2015
1477,2015,DKI Jakarta,JAKARTA TIMUR,PULO GADUNG,CIPINANG,Cacat Netra/Buta,Perempuan,0,2015
1478,2015,DKI Jakarta,JAKARTA TIMUR,PULO GADUNG,CIPINANG,Cacat Rungu/Wicara,Perempuan,1,2015
1479,2015,DKI Jakarta,JAKARTA TIMUR,PULO GADUNG,JATINEGARA KAUM,Cacat Fisik,Perempuan,1,2015
1480,2015,DKI Jakarta,JAKARTA TIMUR,PULO GADUNG,JATINEGARA KAUM,Cacat Mental/Jiwa,Perempuan,2,2015
1481,2015,DKI Jakarta,JAKARTA TIMUR,PULO GADUNG,JATINEGARA KAUM,Cacat Fisik dan Mental,Perempuan,0,2015
1482,2015,DKI Jakarta,JAKARTA TIMUR,PULO GADUNG,JATINEGARA KAUM,Cacat Lainnya,Perempuan,1,2015
1483,2015,DKI Jakarta,JAKARTA TIMUR,PULO GADUNG,RAWAMANGUN,Cacat Fisik,Perempuan,0,2015
1484,2015,DKI Jakarta,JAKARTA TIMUR,PULO GADUNG,RAWAMANGUN,Cacat Mental/Jiwa,Perempuan,1,2015
1485,2015,DKI Jakarta,JAKARTA TIMUR,PULO GADUNG,KAYU PUTIH,Cacat Fisik,Perempuan,0,2015
1486,2015,DKI Jakarta,JAKARTA TIMUR,PULO GADUNG,KAYU PUTIH,Cacat Mental/Jiwa,Perempuan,1,2015
1487,2015,DKI Jakarta,JAKARTA TIMUR,PULO GADUNG,JATI,Cacat Fisik,Perempuan,1,2015
1488,2015,DKI Jakarta,JAKARTA PUSAT,GAMBIR,GAMBIR,Cacat Fisik dan Mental,Laki-laki,1,2015
1489,2015,DKI Jakarta,JAKARTA PUSAT,GAMBIR,CIDENG,Cacat Fisik,Laki-laki,0,2015
1490,2015,DKI Jakarta,JAKARTA PUSAT,GAMBIR,CIDENG,Cacat Netra-Buta,Laki-laki,2,2015
1491,2015,DKI Jakarta,JAKARTA PUSAT,GAMBIR,CIDENG,Cacat Mental-Jiwa,Laki-laki,2,2015
1492,2015,DKI Jakarta,JAKARTA PUSAT,GAMBIR,CIDENG,Cacat Fisik dan Mental,Laki-laki,1,2015
1493,2015,DKI Jakarta,JAKARTA PUSAT,GAMBIR,CIDENG,Cacat Lainnya,Laki-laki,0,2015
1494,2015,DKI Jakarta,JAKARTA PUSAT,GAMBIR,PETOJO UTARA,Cacat Fisik,Laki-laki,1,2015
1495,2015,DKI Jakarta,JAKARTA PUSAT,GAMBIR,PETOJO UTARA,Cacat Mental-Jiwa,Laki-laki,0,2015
1496,2015,DKI Jakarta,JAKARTA PUSAT,GAMBIR,PETOJO UTARA,Cacat Lainnya,Laki-laki,1,2015
1497,2015,DKI Jakarta,JAKARTA PUSAT,GAMBIR,PETOJO SELATAN,Cacat Rungu-Wicara,Laki-laki,1,2015
1498,2015,DKI Jakarta,JAKARTA PUSAT,GAMBIR,PETOJO SELATAN,Cacat Fisik dan Mental,Laki-laki,1,2015
1499,2015,DKI Jakarta,JAKARTA PUSAT,GAMBIR,PETOJO SELATAN,Cacat Lainnya,Laki-laki,1,2015
1500,2015,DKI Jakarta,JAKARTA PUSAT,GAMBIR,KEBON KELAPA,Cacat Mental-Jiwa,Laki-laki,0,2015
1501,2015,DKI Jakarta,JAKARTA PUSAT,GAMBIR,DURI PULO,Cacat Mental-Jiwa,Laki-laki,0,2015
1502,2015,DKI Jakarta,JAKARTA PUSAT,SAWAH BESAR,PASAR BARU,Cacat Fisik,Laki-laki,1,2015
1503,2015,DKI Jakarta,JAKARTA PUSAT,SAWAH BESAR,PASAR BARU,Cacat Lainnya,Laki-laki,1,2015
1504,2015,DKI Jakarta,JAKARTA PUSAT,SAWAH BESAR,KARANG ANYAR,Cacat Mental-Jiwa,Laki-laki,0,2015
1505,2015,DKI Jakarta,JAKARTA PUSAT,SAWAH BESAR,KARTINI,Cacat Fisik,Laki-laki,1,2015
1506,2015,DKI Jakarta,JAKARTA PUSAT,SAWAH BESAR,GUNUNG SAHARI UTARA,Cacat Fisik,Laki-laki,2,2015
1507,2015,DKI Jakarta,JAKARTA PUSAT,SAWAH BESAR,MANGGA DUA SELATAN,Cacat Fisik,Laki-laki,1,2015
1508,2015,DKI Jakarta,JAKARTA PUSAT,KEMAYORAN,KEMAYORAN,Cacat Fisik,Laki-laki,1,2015
1509,2015,DKI Jakarta,JAKARTA PUSAT,KEMAYORAN,KEMAYORAN,Cacat Lainnya,Laki-laki,1,2015
1510,2015,DKI Jakarta,JAKARTA PUSAT,KEMAYORAN,KEBON KOSONG,Cacat Fisik,Laki-laki,1,2015
1511,2015,DKI Jakarta,JAKARTA PUSAT,KEMAYORAN,KEBON KOSONG,Cacat Mental-Jiwa,Laki-laki,0,2015
1512,2015,DKI Jakarta,JAKARTA PUSAT,KEMAYORAN,KEBON KOSONG,Cacat Lainnya,Laki-laki,1,2015
1513,2015,DKI Jakarta,JAKARTA PUSAT,KEMAYORAN,HARAPAN MULIA,Cacat Fisik,Laki-laki,2,2015
1514,2015,DKI Jakarta,JAKARTA PUSAT,KEMAYORAN,HARAPAN MULIA,Cacat Netra-Buta,Laki-laki,0,2015
1515,2015,DKI Jakarta,JAKARTA PUSAT,KEMAYORAN,HARAPAN MULIA,Cacat Rungu-Wicara,Laki-laki,2,2015
1516,2015,DKI Jakarta,JAKARTA PUSAT,KEMAYORAN,HARAPAN MULIA,Cacat Mental-Jiwa,Laki-laki,1,2015
1517,2015,DKI Jakarta,JAKARTA PUSAT,KEMAYORAN,HARAPAN MULIA,Cacat Fisik dan Mental,Laki-laki,0,2015
1518,2015,DKI Jakarta,JAKARTA PUSAT,KEMAYORAN,HARAPAN MULIA,Cacat Lainnya,Laki-laki,3,2015
1519,2015,DKI Jakarta,JAKARTA PUSAT,KEMAYORAN,SERDANG,Cacat Fisik,Laki-laki,1,2015
1520,2015,DKI Jakarta,JAKARTA PUSAT,KEMAYORAN,SERDANG,Cacat Mental-Jiwa,Laki-laki,0,2015
1521,2015,DKI Jakarta,JAKARTA PUSAT,KEMAYORAN,GUNUNG SAHARI SELATAN,Cacat Fisik,Laki-laki,5,2015
1522,2015,DKI Jakarta,JAKARTA PUSAT,KEMAYORAN,GUNUNG SAHARI SELATAN,Cacat Netra-Buta,Laki-laki,1,2015
1523,2015,DKI Jakarta,JAKARTA PUSAT,KEMAYORAN,GUNUNG SAHARI SELATAN,Cacat Rungu-Wicara,Laki-laki,1,2015
1524,2015,DKI Jakarta,JAKARTA PUSAT,KEMAYORAN,GUNUNG SAHARI SELATAN,Cacat Mental-Jiwa,Laki-laki,7,2015
1525,2015,DKI Jakarta,JAKARTA PUSAT,KEMAYORAN,GUNUNG SAHARI SELATAN,Cacat Fisik dan Mental,Laki-laki,1,2015
1526,2015,DKI Jakarta,JAKARTA PUSAT,KEMAYORAN,GUNUNG SAHARI SELATAN,Cacat Lainnya,Laki-laki,1,2015
1527,2015,DKI Jakarta,JAKARTA PUSAT,KEMAYORAN,CEMPAKA BARU,Cacat Fisik,Laki-laki,3,2015
1528,2015,DKI Jakarta,JAKARTA PUSAT,KEMAYORAN,CEMPAKA BARU,Cacat Netra-Buta,Laki-laki,1,2015
1529,2015,DKI Jakarta,JAKARTA PUSAT,KEMAYORAN,CEMPAKA BARU,Cacat Mental-Jiwa,Laki-laki,1,2015
1530,2015,DKI Jakarta,JAKARTA PUSAT,KEMAYORAN,CEMPAKA BARU,Cacat Fisik dan Mental,Laki-laki,1,2015
1531,2015,DKI Jakarta,JAKARTA PUSAT,KEMAYORAN,CEMPAKA BARU,Cacat Lainnya,Laki-laki,4,2015
1532,2015,DKI Jakarta,JAKARTA PUSAT,KEMAYORAN,SUMUR BATU,Cacat Fisik,Laki-laki,1,2015
1533,2015,DKI Jakarta,JAKARTA PUSAT,KEMAYORAN,SUMUR BATU,Cacat Fisik dan Mental,Laki-laki,1,2015
1534,2015,DKI Jakarta,JAKARTA PUSAT,KEMAYORAN,SUMUR BATU,Cacat Lainnya,Laki-laki,0,2015
1535,2015,DKI Jakarta,JAKARTA PUSAT,KEMAYORAN,UTAN PANJANG,Cacat Fisik dan Mental,Laki-laki,0,2015
1536,2015,DKI Jakarta,JAKARTA PUSAT,SENEN,SENEN,Cacat Mental-Jiwa,Laki-laki,1,2015
1537,2015,DKI Jakarta,JAKARTA PUSAT,SENEN,PASEBAN,Cacat Lainnya,Laki-laki,1,2015
1538,2015,DKI Jakarta,JAKARTA PUSAT,SENEN,KRAMAT,Cacat Fisik,Laki-laki,5,2015
1539,2015,DKI Jakarta,JAKARTA PUSAT,SENEN,KRAMAT,Cacat Rungu-Wicara,Laki-laki,1,2015
1540,2015,DKI Jakarta,JAKARTA PUSAT,SENEN,KRAMAT,Cacat Mental-Jiwa,Laki-laki,1,2015
1541,2015,DKI Jakarta,JAKARTA PUSAT,SENEN,KRAMAT,Cacat Lainnya,Laki-laki,1,2015
1542,2015,DKI Jakarta,JAKARTA PUSAT,SENEN,KWITANG,Cacat Fisik,Laki-laki,0,2015
1543,2015,DKI Jakarta,JAKARTA PUSAT,SENEN,KWITANG,Cacat Mental-Jiwa,Laki-laki,1,2015
1544,2015,DKI Jakarta,JAKARTA PUSAT,SENEN,KWITANG,Cacat Lainnya,Laki-laki,1,2015
1545,2015,DKI Jakarta,JAKARTA PUSAT,SENEN,BUNGUR,Cacat Fisik,Laki-laki,2,2015
1546,2015,DKI Jakarta,JAKARTA PUSAT,SENEN,BUNGUR,Cacat Rungu-Wicara,Laki-laki,0,2015
1547,2015,DKI Jakarta,JAKARTA PUSAT,SENEN,BUNGUR,Cacat Lainnya,Laki-laki,1,2015
1548,2015,DKI Jakarta,JAKARTA PUSAT,CEMPAKA PUTIH,CEMPAKA PUTIH TIMUR,Cacat Fisik dan Mental,Laki-laki,0,2015
1549,2015,DKI Jakarta,JAKARTA PUSAT,CEMPAKA PUTIH,CEMPAKA PUTIH BARAT,Cacat Fisik,Laki-laki,1,2015
1550,2015,DKI Jakarta,JAKARTA PUSAT,CEMPAKA PUTIH,CEMPAKA PUTIH BARAT,Cacat Mental-Jiwa,Laki-laki,1,2015
1551,2015,DKI Jakarta,JAKARTA PUSAT,CEMPAKA PUTIH,RAWASARI,Cacat Fisik,Laki-laki,0,2015
1552,2015,DKI Jakarta,JAKARTA PUSAT,CEMPAKA PUTIH,RAWASARI,Cacat Mental-Jiwa,Laki-laki,1,2015
1553,2015,DKI Jakarta,JAKARTA PUSAT,CEMPAKA PUTIH,RAWASARI,Cacat Fisik dan Mental,Laki-laki,1,2015
1554,2015,DKI Jakarta,JAKARTA PUSAT,CEMPAKA PUTIH,RAWASARI,Cacat Lainnya,Laki-laki,1,2015
1555,2015,DKI Jakarta,JAKARTA PUSAT,MENTENG,MENTENG,Cacat Rungu-Wicara,Laki-laki,0,2015
1556,2015,DKI Jakarta,JAKARTA PUSAT,MENTENG,MENTENG,Cacat Fisik dan Mental,Laki-laki,1,2015
1557,2015,DKI Jakarta,JAKARTA PUSAT,MENTENG,PEGANGSAAN,Cacat Fisik,Laki-laki,1,2015
1558,2015,DKI Jakarta,JAKARTA PUSAT,MENTENG,PEGANGSAAN,Cacat Netra-Buta,Laki-laki,3,2015
1559,2015,DKI Jakarta,JAKARTA PUSAT,MENTENG,PEGANGSAAN,Cacat Mental-Jiwa,Laki-laki,1,2015
1560,2015,DKI Jakarta,JAKARTA PUSAT,MENTENG,PEGANGSAAN,Cacat Lainnya,Laki-laki,0,2015
1561,2015,DKI Jakarta,JAKARTA PUSAT,MENTENG,CIKINI,Cacat Mental-Jiwa,Laki-laki,1,2015
1562,2015,DKI Jakarta,JAKARTA PUSAT,MENTENG,GONDANGDIA,Cacat Fisik dan Mental,Laki-laki,1,2015
1563,2015,DKI Jakarta,JAKARTA PUSAT,MENTENG,KEBON SIRIH,Cacat Lainnya,Laki-laki,1,2015
1564,2015,DKI Jakarta,JAKARTA PUSAT,TANAH ABANG,BENDUNGAN HILIR,Cacat Netra-Buta,Laki-laki,1,2015
1565,2015,DKI Jakarta,JAKARTA PUSAT,TANAH ABANG,BENDUNGAN HILIR,Cacat Mental-Jiwa,Laki-laki,1,2015
1566,2015,DKI Jakarta,JAKARTA PUSAT,TANAH ABANG,KARET TENGSIN,Cacat Fisik,Laki-laki,1,2015
1567,2015,DKI Jakarta,JAKARTA PUSAT,TANAH ABANG,KARET TENGSIN,Cacat Lainnya,Laki-laki,1,2015
1568,2015,DKI Jakarta,JAKARTA PUSAT,TANAH ABANG,PETAMBURAN,Cacat Rungu-Wicara,Laki-laki,0,2015
1569,2015,DKI Jakarta,JAKARTA PUSAT,TANAH ABANG,PETAMBURAN,Cacat Mental-Jiwa,Laki-laki,0,2015
1570,2015,DKI Jakarta,JAKARTA PUSAT,TANAH ABANG,PETAMBURAN,Cacat Fisik dan Mental,Laki-laki,1,2015
1571,2015,DKI Jakarta,JAKARTA PUSAT,TANAH ABANG,KEBON MELATI,Cacat Fisik,Laki-laki,2,2015
1572,2015,DKI Jakarta,JAKARTA PUSAT,TANAH ABANG,KEBON MELATI,Cacat Rungu-Wicara,Laki-laki,1,2015
1573,2015,DKI Jakarta,JAKARTA PUSAT,TANAH ABANG,KEBON KACANG,Cacat Fisik,Laki-laki,1,2015
1574,2015,DKI Jakarta,JAKARTA UTARA,PENJARINGAN,PEJAGALAN,Cacat Mental-Jiwa,Laki-laki,11,2015
1575,2015,DKI Jakarta,JAKARTA UTARA,PENJARINGAN,PEJAGALAN,Cacat Fisik dan Mental,Laki-laki,1,2015
1576,2015,DKI Jakarta,JAKARTA UTARA,PENJARINGAN,PLUIT,Cacat Mental-Jiwa,Laki-laki,1,2015
1577,2015,DKI Jakarta,JAKARTA UTARA,TANJUNG PRIOK,TANJUNG PRIOK,Cacat Fisik,Laki-laki,1,2015
1578,2015,DKI Jakarta,JAKARTA UTARA,TANJUNG PRIOK,TANJUNG PRIOK,Cacat Mental-Jiwa,Laki-laki,2,2015
1579,2015,DKI Jakarta,JAKARTA UTARA,TANJUNG PRIOK,SUNTER JAYA,Cacat Fisik,Laki-laki,2,2015
1580,2015,DKI Jakarta,JAKARTA UTARA,TANJUNG PRIOK,PAPANGGO,Cacat Netra-Buta,Laki-laki,0,2015
1581,2015,DKI Jakarta,JAKARTA UTARA,TANJUNG PRIOK,PAPANGGO,Cacat Rungu-Wicara,Laki-laki,1,2015
1582,2015,DKI Jakarta,JAKARTA UTARA,TANJUNG PRIOK,PAPANGGO,Cacat Mental-Jiwa,Laki-laki,2,2015
1583,2015,DKI Jakarta,JAKARTA UTARA,TANJUNG PRIOK,PAPANGGO,Cacat Fisik dan Mental,Laki-laki,1,2015
1584,2015,DKI Jakarta,JAKARTA UTARA,TANJUNG PRIOK,PAPANGGO,Cacat Lainnya,Laki-laki,2,2015
1585,2015,DKI Jakarta,JAKARTA UTARA,TANJUNG PRIOK,SUNGAI BAMBU,Cacat Fisik,Laki-laki,0,2015
1586,2015,DKI Jakarta,JAKARTA UTARA,TANJUNG PRIOK,SUNGAI BAMBU,Cacat Mental-Jiwa,Laki-laki,1,2015
1587,2015,DKI Jakarta,JAKARTA UTARA,TANJUNG PRIOK,SUNGAI BAMBU,Cacat Lainnya,Laki-laki,2,2015
1588,2015,DKI Jakarta,JAKARTA UTARA,TANJUNG PRIOK,KEBON BAWANG,Cacat Fisik,Laki-laki,7,2015
1589,2015,DKI Jakarta,JAKARTA UTARA,TANJUNG PRIOK,KEBON BAWANG,Cacat Netra-Buta,Laki-laki,1,2015
1590,2015,DKI Jakarta,JAKARTA UTARA,TANJUNG PRIOK,KEBON BAWANG,Cacat Rungu-Wicara,Laki-laki,1,2015
1591,2015,DKI Jakarta,JAKARTA UTARA,TANJUNG PRIOK,KEBON BAWANG,Cacat Mental-Jiwa,Laki-laki,1,2015
1592,2015,DKI Jakarta,JAKARTA UTARA,TANJUNG PRIOK,KEBON BAWANG,Cacat Fisik dan Mental,Laki-laki,0,2015
1593,2015,DKI Jakarta,JAKARTA UTARA,TANJUNG PRIOK,KEBON BAWANG,Cacat Lainnya,Laki-laki,0,2015
1594,2015,DKI Jakarta,JAKARTA UTARA,TANJUNG PRIOK,SUNTER AGUNG,Cacat Rungu-Wicara,Laki-laki,1,2015
1595,2015,DKI Jakarta,JAKARTA UTARA,TANJUNG PRIOK,SUNTER AGUNG,Cacat Mental-Jiwa,Laki-laki,1,2015
1596,2015,DKI Jakarta,JAKARTA UTARA,TANJUNG PRIOK,SUNTER AGUNG,Cacat Fisik dan Mental,Laki-laki,1,2015
1597,2015,DKI Jakarta,JAKARTA UTARA,TANJUNG PRIOK,SUNTER AGUNG,Cacat Lainnya,Laki-laki,1,2015
1598,2015,DKI Jakarta,JAKARTA UTARA,TANJUNG PRIOK,WARAKAS,Cacat Lainnya,Laki-laki,1,2015
1599,2015,DKI Jakarta,JAKARTA UTARA,KOJA,KOJA,Cacat Mental-Jiwa,Laki-laki,2,2015
1600,2015,DKI Jakarta,JAKARTA UTARA,KOJA,KOJA,Cacat Lainnya,Laki-laki,1,2015
1601,2015,DKI Jakarta,JAKARTA UTARA,KOJA,TUGU UTARA,Cacat Fisik,Laki-laki,2,2015
1602,2015,DKI Jakarta,JAKARTA UTARA,KOJA,TUGU UTARA,Cacat Netra-Buta,Laki-laki,0,2015
1603,2015,DKI Jakarta,JAKARTA UTARA,KOJA,TUGU UTARA,Cacat Mental-Jiwa,Laki-laki,1,2015
1604,2015,DKI Jakarta,JAKARTA UTARA,KOJA,TUGU UTARA,Cacat Lainnya,Laki-laki,0,2015
1605,2015,DKI Jakarta,JAKARTA UTARA,KOJA,LAGOA,Cacat Fisik,Laki-laki,1,2015
1606,2015,DKI Jakarta,JAKARTA UTARA,KOJA,LAGOA,Cacat Rungu-Wicara,Laki-laki,1,2015
1607,2015,DKI Jakarta,JAKARTA UTARA,KOJA,LAGOA,Cacat Mental-Jiwa,Laki-laki,1,2015
1608,2015,DKI Jakarta,JAKARTA UTARA,KOJA,LAGOA,Cacat Fisik dan Mental,Laki-laki,0,2015
1609,2015,DKI Jakarta,JAKARTA UTARA,KOJA,RAWA BADAK UTARA,Cacat Lainnya,Laki-laki,0,2015
1610,2015,DKI Jakarta,JAKARTA UTARA,KOJA,TUGU SELATAN,Cacat Fisik,Laki-laki,14,2015
1611,2015,DKI Jakarta,JAKARTA UTARA,KOJA,TUGU SELATAN,Cacat Lainnya,Laki-laki,3,2015
1612,2015,DKI Jakarta,JAKARTA UTARA,KOJA,RAWA BADAK SELATAN,Cacat Fisik,Laki-laki,0,2015
1613,2015,DKI Jakarta,JAKARTA UTARA,KOJA,RAWA BADAK SELATAN,Cacat Rungu-Wicara,Laki-laki,3,2015
1614,2015,DKI Jakarta,JAKARTA UTARA,KOJA,RAWA BADAK SELATAN,Cacat Fisik dan Mental,Laki-laki,0,2015
1615,2015,DKI Jakarta,JAKARTA UTARA,KOJA,RAWA BADAK SELATAN,Cacat Lainnya,Laki-laki,71,2015
1616,2015,DKI Jakarta,JAKARTA UTARA,CILINCING,CILINCING,Cacat Fisik,Laki-laki,1,2015
1617,2015,DKI Jakarta,JAKARTA UTARA,CILINCING,CILINCING,Cacat Lainnya,Laki-laki,5,2015
1618,2015,DKI Jakarta,JAKARTA UTARA,CILINCING,SUKAPURA,Cacat Fisik,Laki-laki,0,2015
1619,2015,DKI Jakarta,JAKARTA UTARA,CILINCING,SUKAPURA,Cacat Lainnya,Laki-laki,2,2015
1620,2015,DKI Jakarta,JAKARTA UTARA,CILINCING,MARUNDA,Cacat Fisik,Laki-laki,1,2015
1621,2015,DKI Jakarta,JAKARTA UTARA,CILINCING,MARUNDA,Cacat Rungu-Wicara,Laki-laki,1,2015
1622,2015,DKI Jakarta,JAKARTA UTARA,CILINCING,MARUNDA,Cacat Fisik dan Mental,Laki-laki,1,2015
1623,2015,DKI Jakarta,JAKARTA UTARA,CILINCING,MARUNDA,Cacat Lainnya,Laki-laki,1,2015
1624,2015,DKI Jakarta,JAKARTA UTARA,CILINCING,KALI BARU,Cacat Fisik,Laki-laki,1,2015
1625,2015,DKI Jakarta,JAKARTA UTARA,CILINCING,KALI BARU,Cacat Lainnya,Laki-laki,3,2015
1626,2015,DKI Jakarta,JAKARTA UTARA,CILINCING,SEMPER TIMUR,Cacat Lainnya,Laki-laki,0,2015
1627,2015,DKI Jakarta,JAKARTA UTARA,CILINCING,ROROTAN,Cacat Fisik,Laki-laki,4,2015
1628,2015,DKI Jakarta,JAKARTA UTARA,CILINCING,ROROTAN,Cacat Netra-Buta,Laki-laki,0,2015
1629,2015,DKI Jakarta,JAKARTA UTARA,CILINCING,ROROTAN,Cacat Rungu-Wicara,Laki-laki,1,2015
1630,2015,DKI Jakarta,JAKARTA UTARA,CILINCING,ROROTAN,Cacat Mental-Jiwa,Laki-laki,0,2015
1631,2015,DKI Jakarta,JAKARTA UTARA,CILINCING,ROROTAN,Cacat Lainnya,Laki-laki,0,2015
1632,2015,DKI Jakarta,JAKARTA UTARA,CILINCING,SEMPER BARAT,Cacat Lainnya,Laki-laki,3,2015
1633,2015,DKI Jakarta,JAKARTA UTARA,PADEMANGAN,PADEMANGAN TIMUR,Cacat Fisik,Laki-laki,4,2015
1634,2015,DKI Jakarta,JAKARTA UTARA,PADEMANGAN,PADEMANGAN TIMUR,Cacat Netra-Buta,Laki-laki,1,2015
1635,2015,DKI Jakarta,JAKARTA UTARA,PADEMANGAN,PADEMANGAN TIMUR,Cacat Rungu-Wicara,Laki-laki,2,2015
1636,2015,DKI Jakarta,JAKARTA UTARA,PADEMANGAN,PADEMANGAN TIMUR,Cacat Mental-Jiwa,Laki-laki,1,2015
1637,2015,DKI Jakarta,JAKARTA UTARA,PADEMANGAN,PADEMANGAN TIMUR,Cacat Fisik dan Mental,Laki-laki,1,2015
1638,2015,DKI Jakarta,JAKARTA UTARA,PADEMANGAN,PADEMANGAN TIMUR,Cacat Lainnya,Laki-laki,4,2015
1639,2015,DKI Jakarta,JAKARTA UTARA,PADEMANGAN,PADEMANGAN BARAT,Cacat Fisik,Laki-laki,1,2015
1640,2015,DKI Jakarta,JAKARTA UTARA,PADEMANGAN,PADEMANGAN BARAT,Cacat Mental-Jiwa,Laki-laki,0,2015
1641,2015,DKI Jakarta,JAKARTA UTARA,PADEMANGAN,PADEMANGAN BARAT,Cacat Lainnya,Laki-laki,2,2015
1642,2015,DKI Jakarta,JAKARTA UTARA,PADEMANGAN,ANCOL,Cacat Fisik,Laki-laki,3,2015
1643,2015,DKI Jakarta,JAKARTA UTARA,PADEMANGAN,ANCOL,Cacat Netra-Buta,Laki-laki,2,2015
1644,2015,DKI Jakarta,JAKARTA UTARA,PADEMANGAN,ANCOL,Cacat Mental-Jiwa,Laki-laki,2,2015
1645,2015,DKI Jakarta,JAKARTA UTARA,PADEMANGAN,ANCOL,Cacat Fisik dan Mental,Laki-laki,0,2015
1646,2015,DKI Jakarta,JAKARTA UTARA,PADEMANGAN,ANCOL,Cacat Lainnya,Laki-laki,1,2015
1647,2015,DKI Jakarta,JAKARTA UTARA,KELAPA GADING,KELAPA GADING TIMUR,Cacat Fisik,Laki-laki,1,2015
1648,2015,DKI Jakarta,JAKARTA UTARA,KELAPA GADING,KELAPA GADING TIMUR,Cacat Mental-Jiwa,Laki-laki,0,2015
1649,2015,DKI Jakarta,JAKARTA UTARA,KELAPA GADING,KELAPA GADING TIMUR,Cacat Lainnya,Laki-laki,1,2015
1650,2015,DKI Jakarta,JAKARTA UTARA,KELAPA GADING,PEGANGSAAN DUA,Cacat Lainnya,Laki-laki,0,2015
1651,2015,DKI Jakarta,JAKARTA UTARA,KELAPA GADING,KELAPA GADING BARAT,Cacat Mental-Jiwa,Laki-laki,1,2015
1652,2015,DKI Jakarta,JAKARTA UTARA,KELAPA GADING,KELAPA GADING BARAT,Cacat Fisik dan Mental,Laki-laki,1,2015
1653,2015,DKI Jakarta,JAKARTA BARAT,CENGKARENG,CENGKARENG BARAT,Cacat Fisik,Laki-laki,1,2015
1654,2015,DKI Jakarta,JAKARTA BARAT,CENGKARENG,CENGKARENG BARAT,Cacat Netra-Buta,Laki-laki,1,2015
1655,2015,DKI Jakarta,JAKARTA BARAT,CENGKARENG,CENGKARENG BARAT,Cacat Rungu-Wicara,Laki-laki,4,2015
1656,2015,DKI Jakarta,JAKARTA BARAT,CENGKARENG,CENGKARENG BARAT,Cacat Mental-Jiwa,Laki-laki,461,2015
1657,2015,DKI Jakarta,JAKARTA BARAT,CENGKARENG,CENGKARENG BARAT,Cacat Fisik dan Mental,Laki-laki,1,2015
1658,2015,DKI Jakarta,JAKARTA BARAT,CENGKARENG,CENGKARENG BARAT,Cacat Lainnya,Laki-laki,1,2015
1659,2015,DKI Jakarta,JAKARTA TIMUR,KRAMAT JATI,BALE KAMBANG,Cacat Netra/Buta,Perempuan,1,2015
1660,2015,DKI Jakarta,JAKARTA TIMUR,KRAMAT JATI,BALE KAMBANG,Cacat Rungu/Wicara,Perempuan,0,2015
1661,2015,DKI Jakarta,JAKARTA TIMUR,KRAMAT JATI,BALE KAMBANG,Cacat Mental/Jiwa,Perempuan,1,2015
1662,2015,DKI Jakarta,JAKARTA TIMUR,KRAMAT JATI,BALE KAMBANG,Cacat Fisik dan Mental,Perempuan,0,2015
1663,2015,DKI Jakarta,JAKARTA TIMUR,KRAMAT JATI,BALE KAMBANG,Cacat Lainnya,Perempuan,1,2015
1664,2015,DKI Jakarta,JAKARTA TIMUR,KRAMAT JATI,CILILITAN,Cacat Rungu/Wicara,Perempuan,1,2015
1665,2015,DKI Jakarta,JAKARTA TIMUR,KRAMAT JATI,CILILITAN,Cacat Mental/Jiwa,Perempuan,2,2015
1666,2015,DKI Jakarta,JAKARTA TIMUR,KRAMAT JATI,CILILITAN,Cacat Fisik dan Mental,Perempuan,1,2015
1667,2015,DKI Jakarta,JAKARTA TIMUR,KRAMAT JATI,CAWANG,Cacat Fisik,Perempuan,0,2015
1668,2015,DKI Jakarta,JAKARTA TIMUR,KRAMAT JATI,CAWANG,Cacat Lainnya,Perempuan,1,2015
1669,2015,DKI Jakarta,JAKARTA TIMUR,PASAR REBO,GEDONG,Cacat Mental/Jiwa,Perempuan,2,2015
1670,2015,DKI Jakarta,JAKARTA TIMUR,PASAR REBO,GEDONG,Cacat Lainnya,Perempuan,0,2015
1671,2015,DKI Jakarta,JAKARTA TIMUR,PASAR REBO,BARU,Cacat Fisik,Perempuan,1,2015
1672,2015,DKI Jakarta,JAKARTA TIMUR,PASAR REBO,BARU,Cacat Netra/Buta,Perempuan,0,2015
1673,2015,DKI Jakarta,JAKARTA TIMUR,PASAR REBO,BARU,Cacat Fisik dan Mental,Perempuan,1,2015
1674,2015,DKI Jakarta,JAKARTA TIMUR,PASAR REBO,BARU,Cacat Lainnya,Perempuan,0,2015
1675,2015,DKI Jakarta,JAKARTA TIMUR,PASAR REBO,CIJANTUNG,Cacat Fisik,Perempuan,5,2015
1676,2015,DKI Jakarta,JAKARTA TIMUR,PASAR REBO,CIJANTUNG,Cacat Netra/Buta,Perempuan,2,2015
1677,2015,DKI Jakarta,JAKARTA TIMUR,PASAR REBO,CIJANTUNG,Cacat Rungu/Wicara,Perempuan,1,2015
1678,2015,DKI Jakarta,JAKARTA TIMUR,PASAR REBO,CIJANTUNG,Cacat Mental/Jiwa,Perempuan,1,2015
1679,2015,DKI Jakarta,JAKARTA TIMUR,PASAR REBO,CIJANTUNG,Cacat Fisik dan Mental,Perempuan,0,2015
1680,2015,DKI Jakarta,JAKARTA TIMUR,PASAR REBO,CIJANTUNG,Cacat Lainnya,Perempuan,2,2015
1681,2015,DKI Jakarta,JAKARTA TIMUR,PASAR REBO,KALISARI,Cacat Fisik,Perempuan,1,2015
1682,2015,DKI Jakarta,JAKARTA TIMUR,PASAR REBO,KALISARI,Cacat Netra/Buta,Perempuan,2,2015
1683,2015,DKI Jakarta,JAKARTA TIMUR,PASAR REBO,KALISARI,Cacat Rungu/Wicara,Perempuan,1,2015
1684,2015,DKI Jakarta,JAKARTA TIMUR,PASAR REBO,KALISARI,Cacat Mental/Jiwa,Perempuan,1,2015
1685,2015,DKI Jakarta,JAKARTA TIMUR,PASAR REBO,KALISARI,Cacat Fisik dan Mental,Perempuan,1,2015
1686,2015,DKI Jakarta,JAKARTA TIMUR,PASAR REBO,PEKAYON,Cacat Netra/Buta,Perempuan,2,2015
1687,2015,DKI Jakarta,JAKARTA TIMUR,PASAR REBO,PEKAYON,Cacat Rungu/Wicara,Perempuan,1,2015
1688,2015,DKI Jakarta,JAKARTA TIMUR,PASAR REBO,PEKAYON,Cacat Fisik dan Mental,Perempuan,1,2015
1689,2015,DKI Jakarta,JAKARTA TIMUR,PASAR REBO,PEKAYON,Cacat Lainnya,Perempuan,4,2015
1690,2015,DKI Jakarta,JAKARTA TIMUR,CAKUNG,JATINEGARA,Cacat Fisik,Perempuan,0,2015
1691,2015,DKI Jakarta,JAKARTA TIMUR,CAKUNG,JATINEGARA,Cacat Netra/Buta,Perempuan,0,2015
1692,2015,DKI Jakarta,JAKARTA TIMUR,CAKUNG,JATINEGARA,Cacat Mental/Jiwa,Perempuan,1,2015
1693,2015,DKI Jakarta,JAKARTA TIMUR,CAKUNG,JATINEGARA,Cacat Lainnya,Perempuan,0,2015
1694,2015,DKI Jakarta,JAKARTA TIMUR,CAKUNG,RAWA TERATE,Cacat Netra/Buta,Perempuan,0,2015
1695,2015,DKI Jakarta,JAKARTA TIMUR,CAKUNG,RAWA TERATE,Cacat Rungu/Wicara,Perempuan,0,2015
1696,2015,DKI Jakarta,JAKARTA TIMUR,CAKUNG,RAWA TERATE,Cacat Lainnya,Perempuan,0,2015
1697,2015,DKI Jakarta,JAKARTA TIMUR,CAKUNG,PENGGILINGAN,Cacat Fisik,Perempuan,5,2015
1698,2015,DKI Jakarta,JAKARTA TIMUR,CAKUNG,PENGGILINGAN,Cacat Netra/Buta,Perempuan,5,2015
1699,2015,DKI Jakarta,JAKARTA TIMUR,CAKUNG,PENGGILINGAN,Cacat Rungu/Wicara,Perempuan,9,2015
1700,2015,DKI Jakarta,JAKARTA TIMUR,CAKUNG,PENGGILINGAN,Cacat Mental/Jiwa,Perempuan,9,2015
1701,2015,DKI Jakarta,JAKARTA TIMUR,CAKUNG,PENGGILINGAN,Cacat Fisik dan Mental,Perempuan,2,2015
1702,2015,DKI Jakarta,JAKARTA TIMUR,CAKUNG,PENGGILINGAN,Cacat Lainnya,Perempuan,4,2015
1703,2015,DKI Jakarta,JAKARTA TIMUR,CAKUNG,CAKUNG TIMUR,Cacat Mental/Jiwa,Perempuan,1,2015
1704,2015,DKI Jakarta,JAKARTA TIMUR,CAKUNG,CAKUNG TIMUR,Cacat Lainnya,Perempuan,1,2015
1705,2015,DKI Jakarta,JAKARTA TIMUR,CAKUNG,PULO GEBANG,Cacat Fisik,Perempuan,0,2015
1706,2015,DKI Jakarta,JAKARTA TIMUR,CAKUNG,PULO GEBANG,Cacat Netra/Buta,Perempuan,1,2015
1707,2015,DKI Jakarta,JAKARTA TIMUR,CAKUNG,PULO GEBANG,Cacat Lainnya,Perempuan,1,2015
1708,2015,DKI Jakarta,JAKARTA TIMUR,CAKUNG,UJUNG MENTENG,Cacat Fisik,Perempuan,1,2015
1709,2015,DKI Jakarta,JAKARTA TIMUR,CAKUNG,UJUNG MENTENG,Cacat Mental/Jiwa,Perempuan,1,2015
1710,2015,DKI Jakarta,JAKARTA TIMUR,CAKUNG,CAKUNG BARAT,Cacat Fisik,Perempuan,2,2015
1711,2015,DKI Jakarta,JAKARTA TIMUR,CAKUNG,CAKUNG BARAT,Cacat Netra/Buta,Perempuan,1,2015
1712,2015,DKI Jakarta,JAKARTA TIMUR,CAKUNG,CAKUNG BARAT,Cacat Mental/Jiwa,Perempuan,1,2015
1713,2015,DKI Jakarta,JAKARTA TIMUR,CAKUNG,CAKUNG BARAT,Cacat Lainnya,Perempuan,0,2015
1714,2015,DKI Jakarta,JAKARTA TIMUR,DUREN SAWIT,DUREN SAWIT,Cacat Fisik,Perempuan,0,2015
1715,2015,DKI Jakarta,JAKARTA TIMUR,DUREN SAWIT,DUREN SAWIT,Cacat Netra/Buta,Perempuan,0,2015
1716,2015,DKI Jakarta,JAKARTA TIMUR,DUREN SAWIT,DUREN SAWIT,Cacat Rungu/Wicara,Perempuan,1,2015
1717,2015,DKI Jakarta,JAKARTA TIMUR,DUREN SAWIT,DUREN SAWIT,Cacat Mental/Jiwa,Perempuan,1,2015
1718,2015,DKI Jakarta,JAKARTA TIMUR,DUREN SAWIT,DUREN SAWIT,Cacat Lainnya,Perempuan,1,2015
1719,2015,DKI Jakarta,JAKARTA TIMUR,DUREN SAWIT,PONDOK BAMBU,Cacat Fisik,Perempuan,4,2015
1720,2015,DKI Jakarta,JAKARTA TIMUR,DUREN SAWIT,PONDOK BAMBU,Cacat Netra/Buta,Perempuan,3,2015
1721,2015,DKI Jakarta,JAKARTA TIMUR,DUREN SAWIT,PONDOK BAMBU,Cacat Mental/Jiwa,Perempuan,0,2015
1722,2015,DKI Jakarta,JAKARTA TIMUR,DUREN SAWIT,PONDOK BAMBU,Cacat Fisik dan Mental,Perempuan,1,2015
1723,2015,DKI Jakarta,JAKARTA TIMUR,DUREN SAWIT,PONDOK BAMBU,Cacat Lainnya,Perempuan,4,2015
1724,2015,DKI Jakarta,JAKARTA TIMUR,DUREN SAWIT,KLENDER,Cacat Fisik,Perempuan,1,2015
1725,2015,DKI Jakarta,JAKARTA TIMUR,DUREN SAWIT,KLENDER,Cacat Netra/Buta,Perempuan,1,2015
1726,2015,DKI Jakarta,JAKARTA TIMUR,DUREN SAWIT,KLENDER,Cacat Rungu/Wicara,Perempuan,2,2015
1727,2015,DKI Jakarta,JAKARTA TIMUR,DUREN SAWIT,KLENDER,Cacat Mental/Jiwa,Perempuan,3,2015
1728,2015,DKI Jakarta,JAKARTA TIMUR,DUREN SAWIT,KLENDER,Cacat Lainnya,Perempuan,2,2015
1729,2015,DKI Jakarta,JAKARTA TIMUR,DUREN SAWIT,PONDOK KELAPA,Cacat Fisik,Perempuan,3,2015
1730,2015,DKI Jakarta,JAKARTA TIMUR,DUREN SAWIT,PONDOK KELAPA,Cacat Netra/Buta,Perempuan,1,2015
1731,2015,DKI Jakarta,JAKARTA TIMUR,DUREN SAWIT,PONDOK KELAPA,Cacat Rungu/Wicara,Perempuan,1,2015
1732,2015,DKI Jakarta,JAKARTA TIMUR,DUREN SAWIT,PONDOK KELAPA,Cacat Lainnya,Perempuan,3,2015
1733,2015,DKI Jakarta,JAKARTA TIMUR,DUREN SAWIT,MALAKA SARI,Cacat Fisik,Perempuan,1,2015
1734,2015,DKI Jakarta,JAKARTA TIMUR,DUREN SAWIT,MALAKA SARI,Cacat Netra/Buta,Perempuan,1,2015
1735,2015,DKI Jakarta,JAKARTA TIMUR,DUREN SAWIT,MALAKA SARI,Cacat Rungu/Wicara,Perempuan,1,2015
1736,2015,DKI Jakarta,JAKARTA TIMUR,DUREN SAWIT,MALAKA SARI,Cacat Mental/Jiwa,Perempuan,1,2015
1737,2015,DKI Jakarta,JAKARTA TIMUR,DUREN SAWIT,MALAKA SARI,Cacat Fisik dan Mental,Perempuan,0,2015
1738,2015,DKI Jakarta,JAKARTA TIMUR,DUREN SAWIT,MALAKA JAYA,Cacat Fisik,Perempuan,3,2015
1739,2015,DKI Jakarta,JAKARTA TIMUR,DUREN SAWIT,MALAKA JAYA,Cacat Netra/Buta,Perempuan,1,2015
1740,2015,DKI Jakarta,JAKARTA TIMUR,DUREN SAWIT,MALAKA JAYA,Cacat Rungu/Wicara,Perempuan,4,2015
1741,2015,DKI Jakarta,JAKARTA TIMUR,DUREN SAWIT,MALAKA JAYA,Cacat Mental/Jiwa,Perempuan,1,2015
1742,2015,DKI Jakarta,JAKARTA TIMUR,DUREN SAWIT,MALAKA JAYA,Cacat Fisik dan Mental,Perempuan,1,2015
1743,2015,DKI Jakarta,JAKARTA TIMUR,DUREN SAWIT,MALAKA JAYA,Cacat Lainnya,Perempuan,2,2015
1744,2015,DKI Jakarta,JAKARTA TIMUR,DUREN SAWIT,PONDOK KOPI,Cacat Rungu/Wicara,Perempuan,1,2015
1745,2015,DKI Jakarta,JAKARTA TIMUR,DUREN SAWIT,PONDOK KOPI,Cacat Mental/Jiwa,Perempuan,1,2015
1746,2015,DKI Jakarta,JAKARTA TIMUR,MAKASAR,MAKASAR,Cacat Netra/Buta,Perempuan,1,2015
1747,2015,DKI Jakarta,JAKARTA TIMUR,MAKASAR,MAKASAR,Cacat Rungu/Wicara,Perempuan,2,2015
1748,2015,DKI Jakarta,JAKARTA TIMUR,MAKASAR,MAKASAR,Cacat Mental/Jiwa,Perempuan,1,2015
1749,2015,DKI Jakarta,JAKARTA TIMUR,MAKASAR,MAKASAR,Cacat Fisik dan Mental,Perempuan,1,2015
1750,2015,DKI Jakarta,JAKARTA TIMUR,MAKASAR,MAKASAR,Cacat Lainnya,Perempuan,1,2015
1751,2015,DKI Jakarta,JAKARTA TIMUR,MAKASAR,PINANG RANTI,Cacat Fisik,Perempuan,0,2015
1752,2015,DKI Jakarta,JAKARTA TIMUR,MAKASAR,PINANG RANTI,Cacat Netra/Buta,Perempuan,0,2015
1753,2015,DKI Jakarta,JAKARTA TIMUR,MAKASAR,PINANG RANTI,Cacat Rungu/Wicara,Perempuan,0,2015
1754,2015,DKI Jakarta,JAKARTA TIMUR,MAKASAR,PINANG RANTI,Cacat Mental/Jiwa,Perempuan,2,2015
1755,2015,DKI Jakarta,JAKARTA TIMUR,MAKASAR,PINANG RANTI,Cacat Lainnya,Perempuan,1,2015
1756,2015,DKI Jakarta,JAKARTA TIMUR,MAKASAR,KEBON PALA,Cacat Fisik,Perempuan,1,2015
1757,2015,DKI Jakarta,JAKARTA TIMUR,MAKASAR,KEBON PALA,Cacat Lainnya,Perempuan,3,2015
1758,2015,DKI Jakarta,JAKARTA TIMUR,MAKASAR,HALIM PERDANA KUSUMAH,Cacat Fisik,Perempuan,3,2015
1759,2015,DKI Jakarta,JAKARTA TIMUR,MAKASAR,HALIM PERDANA KUSUMAH,Cacat Rungu/Wicara,Perempuan,3,2015
1760,2015,DKI Jakarta,JAKARTA TIMUR,MAKASAR,HALIM PERDANA KUSUMAH,Cacat Mental/Jiwa,Perempuan,2,2015
1761,2015,DKI Jakarta,JAKARTA TIMUR,MAKASAR,HALIM PERDANA KUSUMAH,Cacat Fisik dan Mental,Perempuan,1,2015
1762,2015,DKI Jakarta,JAKARTA TIMUR,MAKASAR,HALIM PERDANA KUSUMAH,Cacat Lainnya,Perempuan,1,2015
1763,2015,DKI Jakarta,JAKARTA TIMUR,MAKASAR,CIPINANG MELAYU,Cacat Fisik,Perempuan,1,2015
1764,2015,DKI Jakarta,JAKARTA TIMUR,MAKASAR,CIPINANG MELAYU,Cacat Mental/Jiwa,Perempuan,1,2015
1765,2015,DKI Jakarta,JAKARTA TIMUR,CIRACAS,CIRACAS,Cacat Fisik,Perempuan,1,2015
1766,2015,DKI Jakarta,JAKARTA TIMUR,CIRACAS,CIRACAS,Cacat Mental/Jiwa,Perempuan,1,2015
1767,2015,DKI Jakarta,JAKARTA TIMUR,CIRACAS,CIRACAS,Cacat Fisik dan Mental,Perempuan,1,2015
1768,2015,DKI Jakarta,JAKARTA TIMUR,CIRACAS,CIRACAS,Cacat Lainnya,Perempuan,2,2015
1769,2015,DKI Jakarta,JAKARTA TIMUR,CIRACAS,CIBUBUR,Cacat Netra/Buta,Perempuan,0,2015
1770,2015,DKI Jakarta,JAKARTA TIMUR,CIRACAS,CIBUBUR,Cacat Rungu/Wicara,Perempuan,2,2015
1771,2015,DKI Jakarta,JAKARTA TIMUR,CIRACAS,CIBUBUR,Cacat Mental/Jiwa,Perempuan,0,2015
1772,2015,DKI Jakarta,JAKARTA TIMUR,CIRACAS,CIBUBUR,Cacat Lainnya,Perempuan,1,2015
1773,2015,DKI Jakarta,JAKARTA TIMUR,CIRACAS,KELAPA DUA WETAN,Cacat Lainnya,Perempuan,0,2015
1774,2015,DKI Jakarta,JAKARTA TIMUR,CIRACAS,SUSUKAN,Cacat Fisik,Perempuan,1,2015
1775,2015,DKI Jakarta,JAKARTA TIMUR,CIRACAS,SUSUKAN,Cacat Netra/Buta,Perempuan,0,2015
1776,2015,DKI Jakarta,JAKARTA TIMUR,CIRACAS,SUSUKAN,Cacat Fisik dan Mental,Perempuan,1,2015
1777,2015,DKI Jakarta,JAKARTA TIMUR,CIRACAS,SUSUKAN,Cacat Lainnya,Perempuan,1,2015
1778,2015,DKI Jakarta,JAKARTA TIMUR,CIRACAS,RAMBUTAN,Cacat Fisik,Perempuan,7,2015
1779,2015,DKI Jakarta,JAKARTA TIMUR,CIRACAS,RAMBUTAN,Cacat Netra/Buta,Perempuan,2,2015
1780,2015,DKI Jakarta,JAKARTA TIMUR,CIRACAS,RAMBUTAN,Cacat Rungu/Wicara,Perempuan,2,2015
1781,2015,DKI Jakarta,JAKARTA TIMUR,CIRACAS,RAMBUTAN,Cacat Lainnya,Perempuan,1,2015
1782,2015,DKI Jakarta,JAKARTA TIMUR,CIPAYUNG,CIPAYUNG,Cacat Fisik,Perempuan,6,2015
1783,2015,DKI Jakarta,JAKARTA TIMUR,CIPAYUNG,CIPAYUNG,Cacat Netra/Buta,Perempuan,0,2015
1784,2015,DKI Jakarta,JAKARTA TIMUR,CIPAYUNG,CIPAYUNG,Cacat Rungu/Wicara,Perempuan,2,2015
1785,2015,DKI Jakarta,JAKARTA TIMUR,CIPAYUNG,CIPAYUNG,Cacat Mental/Jiwa,Perempuan,34,2015
1786,2015,DKI Jakarta,JAKARTA TIMUR,CIPAYUNG,CIPAYUNG,Cacat Fisik dan Mental,Perempuan,1,2015
1787,2015,DKI Jakarta,JAKARTA TIMUR,CIPAYUNG,CILANGKAP,Cacat Fisik,Perempuan,0,2015
1788,2015,DKI Jakarta,JAKARTA TIMUR,CIPAYUNG,CILANGKAP,Cacat Lainnya,Perempuan,0,2015
1789,2015,DKI Jakarta,JAKARTA TIMUR,CIPAYUNG,PONDOK RANGGON,Cacat Fisik,Perempuan,1,2015
1790,2015,DKI Jakarta,JAKARTA TIMUR,CIPAYUNG,PONDOK RANGGON,Cacat Mental/Jiwa,Perempuan,0,2015
1791,2015,DKI Jakarta,JAKARTA TIMUR,CIPAYUNG,PONDOK RANGGON,Cacat Lainnya,Perempuan,2,2015
1792,2015,DKI Jakarta,JAKARTA TIMUR,CIPAYUNG,MUNJUL,Cacat Fisik,Perempuan,0,2015
1793,2015,DKI Jakarta,JAKARTA TIMUR,CIPAYUNG,MUNJUL,Cacat Lainnya,Perempuan,2,2015
1794,2015,DKI Jakarta,JAKARTA TIMUR,CIPAYUNG,SETU,Cacat Fisik,Perempuan,0,2015
1795,2015,DKI Jakarta,JAKARTA TIMUR,CIPAYUNG,SETU,Cacat Rungu/Wicara,Perempuan,1,2015
1796,2015,DKI Jakarta,JAKARTA TIMUR,CIPAYUNG,SETU,Cacat Lainnya,Perempuan,0,2015
1797,2015,DKI Jakarta,JAKARTA TIMUR,CIPAYUNG,BAMBU APUS,Cacat Lainnya,Perempuan,1,2015
1798,2015,DKI Jakarta,JAKARTA TIMUR,CIPAYUNG,LUBANG BUAYA,Cacat Rungu/Wicara,Perempuan,1,2015
1799,2015,DKI Jakarta,JAKARTA TIMUR,CIPAYUNG,LUBANG BUAYA,Cacat Mental/Jiwa,Perempuan,0,2015
1800,2015,DKI Jakarta,JAKARTA TIMUR,CIPAYUNG,LUBANG BUAYA,Cacat Lainnya,Perempuan,3,2015
1801,2015,DKI Jakarta,JAKARTA TIMUR,CIPAYUNG,CEGER,Cacat Mental/Jiwa,Perempuan,23,2015
1802,2015,DKI Jakarta,JAKARTA PUSAT,TANAH ABANG,KEBON KACANG,Cacat Mental-Jiwa,Laki-laki,1,2015
1803,2015,DKI Jakarta,JAKARTA PUSAT,TANAH ABANG,KEBON KACANG,Cacat Fisik dan Mental,Laki-laki,0,2015
1804,2015,DKI Jakarta,JAKARTA PUSAT,TANAH ABANG,KEBON KACANG,Cacat Lainnya,Laki-laki,0,2015
1805,2015,DKI Jakarta,JAKARTA PUSAT,TANAH ABANG,KAMPUNG BALI,Cacat Fisik,Laki-laki,1,2015
1806,2015,DKI Jakarta,JAKARTA PUSAT,TANAH ABANG,KAMPUNG BALI,Cacat Lainnya,Laki-laki,3,2015
1807,2015,DKI Jakarta,JAKARTA PUSAT,JOHAR BARU,JOHAR BARU,Cacat Fisik,Laki-laki,4,2015
1808,2015,DKI Jakarta,JAKARTA PUSAT,JOHAR BARU,JOHAR BARU,Cacat Rungu-Wicara,Laki-laki,2,2015
1809,2015,DKI Jakarta,JAKARTA PUSAT,JOHAR BARU,JOHAR BARU,Cacat Mental-Jiwa,Laki-laki,3,2015
1810,2015,DKI Jakarta,JAKARTA PUSAT,JOHAR BARU,JOHAR BARU,Cacat Lainnya,Laki-laki,2,2015
1811,2015,DKI Jakarta,JAKARTA PUSAT,JOHAR BARU,KAMPUNG RAWA,Cacat Fisik,Laki-laki,2,2015
1812,2015,DKI Jakarta,JAKARTA PUSAT,JOHAR BARU,KAMPUNG RAWA,Cacat Netra-Buta,Laki-laki,2,2015
1813,2015,DKI Jakarta,JAKARTA PUSAT,JOHAR BARU,KAMPUNG RAWA,Cacat Fisik dan Mental,Laki-laki,0,2015
1814,2015,DKI Jakarta,JAKARTA PUSAT,JOHAR BARU,GALUR,Cacat Netra-Buta,Laki-laki,4,2015
1815,2015,DKI Jakarta,JAKARTA PUSAT,JOHAR BARU,GALUR,Cacat Lainnya,Laki-laki,2,2015
1816,2015,DKI Jakarta,JAKARTA PUSAT,JOHAR BARU,TANAH TINGGI,Cacat Fisik,Laki-laki,1,2015
1817,2015,DKI Jakarta,JAKARTA PUSAT,JOHAR BARU,TANAH TINGGI,Cacat Fisik dan Mental,Laki-laki,0,2015
1818,2015,DKI Jakarta,JAKARTA PUSAT,JOHAR BARU,TANAH TINGGI,Cacat Lainnya,Laki-laki,1,2015
1819,2015,DKI Jakarta,JAKARTA UTARA,PENJARINGAN,PENJARINGAN,Cacat Fisik,Laki-laki,7,2015
1820,2015,DKI Jakarta,JAKARTA UTARA,PENJARINGAN,PENJARINGAN,Cacat Netra-Buta,Laki-laki,1,2015
1821,2015,DKI Jakarta,JAKARTA UTARA,PENJARINGAN,PENJARINGAN,Cacat Mental-Jiwa,Laki-laki,1,2015
1822,2015,DKI Jakarta,JAKARTA UTARA,PENJARINGAN,PENJARINGAN,Cacat Lainnya,Laki-laki,0,2015
1823,2015,DKI Jakarta,JAKARTA UTARA,PENJARINGAN,KAPUK MUARA,Cacat Fisik,Laki-laki,19,2015
1824,2015,DKI Jakarta,JAKARTA UTARA,PENJARINGAN,KAPUK MUARA,Cacat Netra-Buta,Laki-laki,0,2015
1825,2015,DKI Jakarta,JAKARTA UTARA,PENJARINGAN,KAPUK MUARA,Cacat Rungu-Wicara,Laki-laki,3,2015
1826,2015,DKI Jakarta,JAKARTA UTARA,PENJARINGAN,KAPUK MUARA,Cacat Fisik dan Mental,Laki-laki,1,2015
1827,2015,DKI Jakarta,JAKARTA UTARA,PENJARINGAN,KAPUK MUARA,Cacat Lainnya,Laki-laki,3,2015
1828,2015,DKI Jakarta,JAKARTA UTARA,PENJARINGAN,PEJAGALAN,Cacat Fisik,Laki-laki,3,2015
1829,2015,DKI Jakarta,JAKARTA UTARA,PENJARINGAN,PEJAGALAN,Cacat Netra-Buta,Laki-laki,3,2015
1830,2015,DKI Jakarta,JAKARTA UTARA,PENJARINGAN,PEJAGALAN,Cacat Rungu-Wicara,Laki-laki,3,2015
1831,2015,DKI Jakarta,JAKARTA BARAT,TAMBORA,TANAH SEREAL,Cacat Netra-Buta,Laki-laki,1,2015
1832,2015,DKI Jakarta,JAKARTA BARAT,TAMBORA,TANAH SEREAL,Cacat Rungu-Wicara,Laki-laki,3,2015
1833,2015,DKI Jakarta,JAKARTA BARAT,TAMBORA,TANAH SEREAL,Cacat Mental-Jiwa,Laki-laki,5,2015
1834,2015,DKI Jakarta,JAKARTA BARAT,TAMBORA,TANAH SEREAL,Cacat Fisik dan Mental,Laki-laki,0,2015
1835,2015,DKI Jakarta,JAKARTA BARAT,TAMBORA,TANAH SEREAL,Cacat Lainnya,Laki-laki,1,2015
1836,2015,DKI Jakarta,JAKARTA BARAT,TAMBORA,KERENDANG,Cacat Fisik,Laki-laki,1,2015
1837,2015,DKI Jakarta,JAKARTA BARAT,TAMBORA,KERENDANG,Cacat Mental-Jiwa,Laki-laki,0,2015
1838,2015,DKI Jakarta,JAKARTA BARAT,TAMBORA,KERENDANG,Cacat Lainnya,Laki-laki,1,2015
1839,2015,DKI Jakarta,JAKARTA BARAT,TAMBORA,JEMBATAN BESI,Cacat Fisik,Laki-laki,5,2015
1840,2015,DKI Jakarta,JAKARTA BARAT,TAMBORA,JEMBATAN BESI,Cacat Rungu-Wicara,Laki-laki,1,2015
1841,2015,DKI Jakarta,JAKARTA BARAT,TAMBORA,JEMBATAN BESI,Cacat Mental-Jiwa,Laki-laki,1,2015
1842,2015,DKI Jakarta,JAKARTA BARAT,TAMBORA,JEMBATAN BESI,Cacat Fisik dan Mental,Laki-laki,1,2015
1843,2015,DKI Jakarta,JAKARTA BARAT,TAMBORA,JEMBATAN BESI,Cacat Lainnya,Laki-laki,0,2015
1844,2015,DKI Jakarta,JAKARTA BARAT,TAMBORA,ANGKE,Cacat Fisik,Laki-laki,10,2015
1845,2015,DKI Jakarta,JAKARTA BARAT,TAMBORA,ANGKE,Cacat Netra-Buta,Laki-laki,3,2015
1846,2015,DKI Jakarta,JAKARTA BARAT,TAMBORA,ANGKE,Cacat Rungu-Wicara,Laki-laki,3,2015
1847,2015,DKI Jakarta,JAKARTA BARAT,TAMBORA,ANGKE,Cacat Mental-Jiwa,Laki-laki,2,2015
1848,2015,DKI Jakarta,JAKARTA BARAT,TAMBORA,ANGKE,Cacat Fisik dan Mental,Laki-laki,1,2015
1849,2015,DKI Jakarta,JAKARTA BARAT,TAMBORA,ANGKE,Cacat Lainnya,Laki-laki,1,2015
1850,2015,DKI Jakarta,JAKARTA BARAT,TAMBORA,JEMBATAN LIMA,Cacat Fisik,Laki-laki,4,2015
1851,2015,DKI Jakarta,JAKARTA BARAT,TAMBORA,JEMBATAN LIMA,Cacat Rungu-Wicara,Laki-laki,3,2015
1852,2015,DKI Jakarta,JAKARTA BARAT,TAMBORA,JEMBATAN LIMA,Cacat Mental-Jiwa,Laki-laki,2,2015
1853,2015,DKI Jakarta,JAKARTA BARAT,TAMBORA,JEMBATAN LIMA,Cacat Fisik dan Mental,Laki-laki,0,2015
1854,2015,DKI Jakarta,JAKARTA BARAT,TAMBORA,JEMBATAN LIMA,Cacat Lainnya,Laki-laki,0,2015
1855,2015,DKI Jakarta,JAKARTA BARAT,TAMBORA,PEKOJAN,Cacat Fisik,Laki-laki,3,2015
1856,2015,DKI Jakarta,JAKARTA BARAT,TAMBORA,PEKOJAN,Cacat Netra-Buta,Laki-laki,7,2015
1857,2015,DKI Jakarta,JAKARTA BARAT,TAMBORA,PEKOJAN,Cacat Rungu-Wicara,Laki-laki,4,2015
1858,2015,DKI Jakarta,JAKARTA BARAT,TAMBORA,PEKOJAN,Cacat Mental-Jiwa,Laki-laki,8,2015
1859,2015,DKI Jakarta,JAKARTA BARAT,TAMBORA,PEKOJAN,Cacat Fisik dan Mental,Laki-laki,1,2015
1860,2015,DKI Jakarta,JAKARTA BARAT,TAMBORA,PEKOJAN,Cacat Lainnya,Laki-laki,4,2015
1861,2015,DKI Jakarta,JAKARTA BARAT,TAMBORA,ROA MALAKA,Cacat Fisik,Laki-laki,0,2015
1862,2015,DKI Jakarta,JAKARTA BARAT,TAMBORA,ROA MALAKA,Cacat Fisik dan Mental,Laki-laki,0,2015
1863,2015,DKI Jakarta,JAKARTA BARAT,TAMBORA,DURI SELATAN,Cacat Fisik,Laki-laki,1,2015
1864,2015,DKI Jakarta,JAKARTA BARAT,TAMBORA,DURI SELATAN,Cacat Rungu-Wicara,Laki-laki,1,2015
1865,2015,DKI Jakarta,JAKARTA BARAT,KEBON JERUK,KEBON JERUK,Cacat Fisik,Laki-laki,2,2015
1866,2015,DKI Jakarta,JAKARTA BARAT,KEBON JERUK,KEBON JERUK,Cacat Netra-Buta,Laki-laki,4,2015
1867,2015,DKI Jakarta,JAKARTA BARAT,KEBON JERUK,KEBON JERUK,Cacat Rungu-Wicara,Laki-laki,1,2015
1868,2015,DKI Jakarta,JAKARTA BARAT,KEBON JERUK,KEBON JERUK,Cacat Mental-Jiwa,Laki-laki,1,2015
1869,2015,DKI Jakarta,JAKARTA BARAT,KEBON JERUK,KEBON JERUK,Cacat Fisik dan Mental,Laki-laki,0,2015
1870,2015,DKI Jakarta,JAKARTA BARAT,KEBON JERUK,SUKABUMI UTARA,Cacat Fisik,Laki-laki,2,2015
1871,2015,DKI Jakarta,JAKARTA BARAT,KEBON JERUK,SUKABUMI UTARA,Cacat Netra-Buta,Laki-laki,1,2015
1872,2015,DKI Jakarta,JAKARTA BARAT,KEBON JERUK,SUKABUMI UTARA,Cacat Mental-Jiwa,Laki-laki,4,2015
1873,2015,DKI Jakarta,JAKARTA BARAT,KEBON JERUK,SUKABUMI UTARA,Cacat Lainnya,Laki-laki,5,2015
1874,2015,DKI Jakarta,JAKARTA BARAT,KEBON JERUK,SUKABUMI SELATAN,Cacat Netra-Buta,Laki-laki,2,2015
1875,2015,DKI Jakarta,JAKARTA BARAT,KEBON JERUK,SUKABUMI SELATAN,Cacat Mental-Jiwa,Laki-laki,2,2015
1876,2015,DKI Jakarta,JAKARTA BARAT,KEBON JERUK,SUKABUMI SELATAN,Cacat Lainnya,Laki-laki,0,2015
1877,2015,DKI Jakarta,JAKARTA BARAT,KEBON JERUK,DURI KEPA,Cacat Fisik,Laki-laki,2,2015
1878,2015,DKI Jakarta,JAKARTA BARAT,KEBON JERUK,DURI KEPA,Cacat Rungu-Wicara,Laki-laki,0,2015
1879,2015,DKI Jakarta,JAKARTA BARAT,KEBON JERUK,DURI KEPA,Cacat Mental-Jiwa,Laki-laki,0,2015
1880,2015,DKI Jakarta,JAKARTA BARAT,KEBON JERUK,DURI KEPA,Cacat Lainnya,Laki-laki,0,2015
1881,2015,DKI Jakarta,JAKARTA BARAT,KEBON JERUK,KEDOYA UTARA,Cacat Fisik,Laki-laki,4,2015
1882,2015,DKI Jakarta,JAKARTA BARAT,KEBON JERUK,KEDOYA UTARA,Cacat Netra-Buta,Laki-laki,0,2015
1883,2015,DKI Jakarta,JAKARTA BARAT,KEBON JERUK,KEDOYA UTARA,Cacat Mental-Jiwa,Laki-laki,3,2015
1884,2015,DKI Jakarta,JAKARTA BARAT,KEBON JERUK,KEDOYA UTARA,Cacat Lainnya,Laki-laki,2,2015
1885,2015,DKI Jakarta,JAKARTA BARAT,KEBON JERUK,KEDOYA SELATAN,Cacat Fisik,Laki-laki,0,2015
1886,2015,DKI Jakarta,JAKARTA BARAT,KEBON JERUK,KEDOYA SELATAN,Cacat Rungu-Wicara,Laki-laki,1,2015
1887,2015,DKI Jakarta,JAKARTA BARAT,KEBON JERUK,KEDOYA SELATAN,Cacat Mental-Jiwa,Laki-laki,8,2015
1888,2015,DKI Jakarta,JAKARTA BARAT,KEBON JERUK,KEDOYA SELATAN,Cacat Lainnya,Laki-laki,2,2015
1889,2015,DKI Jakarta,JAKARTA BARAT,KALI DERES,KALIDERES,Cacat Fisik,Laki-laki,0,2015
1890,2015,DKI Jakarta,JAKARTA BARAT,KALI DERES,KALIDERES,Cacat Mental-Jiwa,Laki-laki,1,2015
1891,2015,DKI Jakarta,JAKARTA BARAT,KALI DERES,KALIDERES,Cacat Lainnya,Laki-laki,0,2015
1892,2015,DKI Jakarta,JAKARTA BARAT,KALI DERES,SEMANAN,Cacat Fisik,Laki-laki,0,2015
1893,2015,DKI Jakarta,JAKARTA BARAT,KALI DERES,SEMANAN,Cacat Netra-Buta,Laki-laki,1,2015
1894,2015,DKI Jakarta,JAKARTA BARAT,KALI DERES,SEMANAN,Cacat Mental-Jiwa,Laki-laki,0,2015
1895,2015,DKI Jakarta,JAKARTA BARAT,KALI DERES,SEMANAN,Cacat Fisik dan Mental,Laki-laki,1,2015
1896,2015,DKI Jakarta,JAKARTA BARAT,KALI DERES,SEMANAN,Cacat Lainnya,Laki-laki,2,2015
1897,2015,DKI Jakarta,JAKARTA BARAT,KALI DERES,TEGAL ALUR,Cacat Fisik,Laki-laki,1,2015
1898,2015,DKI Jakarta,JAKARTA BARAT,KALI DERES,TEGAL ALUR,Cacat Rungu-Wicara,Laki-laki,1,2015
1899,2015,DKI Jakarta,JAKARTA BARAT,KALI DERES,TEGAL ALUR,Cacat Mental-Jiwa,Laki-laki,3,2015
1900,2015,DKI Jakarta,JAKARTA BARAT,KALI DERES,TEGAL ALUR,Cacat Lainnya,Laki-laki,2,2015
1901,2015,DKI Jakarta,JAKARTA BARAT,KALI DERES,KAMAL,Cacat Fisik,Laki-laki,5,2015
1902,2015,DKI Jakarta,JAKARTA BARAT,KALI DERES,KAMAL,Cacat Netra-Buta,Laki-laki,1,2015
1903,2015,DKI Jakarta,JAKARTA BARAT,KALI DERES,KAMAL,Cacat Mental-Jiwa,Laki-laki,1,2015
1904,2015,DKI Jakarta,JAKARTA BARAT,KALI DERES,KAMAL,Cacat Lainnya,Laki-laki,4,2015
1905,2015,DKI Jakarta,JAKARTA BARAT,KALI DERES,PEGADUNGAN,Cacat Fisik,Laki-laki,2,2015
1906,2015,DKI Jakarta,JAKARTA BARAT,KALI DERES,PEGADUNGAN,Cacat Netra-Buta,Laki-laki,1,2015
1907,2015,DKI Jakarta,JAKARTA BARAT,KALI DERES,PEGADUNGAN,Cacat Mental-Jiwa,Laki-laki,0,2015
1908,2015,DKI Jakarta,JAKARTA BARAT,KALI DERES,PEGADUNGAN,Cacat Fisik dan Mental,Laki-laki,0,2015
1909,2015,DKI Jakarta,JAKARTA BARAT,PALMERAH,PALMERAH,Cacat Fisik,Laki-laki,1,2015
1910,2015,DKI Jakarta,JAKARTA BARAT,PALMERAH,PALMERAH,Cacat Netra-Buta,Laki-laki,0,2015
1911,2015,DKI Jakarta,JAKARTA BARAT,PALMERAH,PALMERAH,Cacat Rungu-Wicara,Laki-laki,1,2015
1912,2015,DKI Jakarta,JAKARTA BARAT,PALMERAH,PALMERAH,Cacat Mental-Jiwa,Laki-laki,2,2015
1913,2015,DKI Jakarta,JAKARTA BARAT,PALMERAH,PALMERAH,Cacat Fisik dan Mental,Laki-laki,0,2015
1914,2015,DKI Jakarta,JAKARTA BARAT,PALMERAH,PALMERAH,Cacat Lainnya,Laki-laki,1,2015
1915,2015,DKI Jakarta,JAKARTA BARAT,PALMERAH,SLIPI,Cacat Fisik,Laki-laki,0,2015
1916,2015,DKI Jakarta,JAKARTA BARAT,PALMERAH,SLIPI,Cacat Fisik dan Mental,Laki-laki,1,2015
1917,2015,DKI Jakarta,JAKARTA BARAT,PALMERAH,KOTA BAMBU UTARA,Cacat Fisik,Laki-laki,1,2015
1918,2015,DKI Jakarta,JAKARTA BARAT,PALMERAH,KOTA BAMBU UTARA,Cacat Netra-Buta,Laki-laki,0,2015
1919,2015,DKI Jakarta,JAKARTA BARAT,PALMERAH,KOTA BAMBU UTARA,Cacat Rungu-Wicara,Laki-laki,1,2015
1920,2015,DKI Jakarta,JAKARTA BARAT,PALMERAH,KOTA BAMBU UTARA,Cacat Mental-Jiwa,Laki-laki,0,2015
1921,2015,DKI Jakarta,JAKARTA BARAT,PALMERAH,KOTA BAMBU UTARA,Cacat Fisik dan Mental,Laki-laki,1,2015
1922,2015,DKI Jakarta,JAKARTA BARAT,PALMERAH,KOTA BAMBU UTARA,Cacat Lainnya,Laki-laki,0,2015
1923,2015,DKI Jakarta,JAKARTA BARAT,PALMERAH,JATI PULO,Cacat Fisik,Laki-laki,0,2015
1924,2015,DKI Jakarta,JAKARTA BARAT,PALMERAH,JATI PULO,Cacat Fisik dan Mental,Laki-laki,1,2015
1925,2015,DKI Jakarta,JAKARTA BARAT,PALMERAH,JATI PULO,Cacat Lainnya,Laki-laki,1,2015
1926,2015,DKI Jakarta,JAKARTA BARAT,PALMERAH,KEMANGGISAN,Cacat Fisik,Laki-laki,2,2015
1927,2015,DKI Jakarta,JAKARTA BARAT,PALMERAH,KEMANGGISAN,Cacat Netra-Buta,Laki-laki,2,2015
1928,2015,DKI Jakarta,JAKARTA BARAT,PALMERAH,KEMANGGISAN,Cacat Rungu-Wicara,Laki-laki,1,2015
1929,2015,DKI Jakarta,JAKARTA BARAT,PALMERAH,KEMANGGISAN,Cacat Mental-Jiwa,Laki-laki,3,2015
1930,2015,DKI Jakarta,JAKARTA BARAT,PALMERAH,KEMANGGISAN,Cacat Fisik dan Mental,Laki-laki,0,2015
1931,2015,DKI Jakarta,JAKARTA BARAT,PALMERAH,KEMANGGISAN,Cacat Lainnya,Laki-laki,2,2015
1932,2015,DKI Jakarta,JAKARTA BARAT,PALMERAH,KOTA BAMBU SELATAN,Cacat Fisik,Laki-laki,1,2015
1933,2015,DKI Jakarta,JAKARTA BARAT,PALMERAH,KOTA BAMBU SELATAN,Cacat Netra-Buta,Laki-laki,1,2015
1934,2015,DKI Jakarta,JAKARTA BARAT,PALMERAH,KOTA BAMBU SELATAN,Cacat Mental-Jiwa,Laki-laki,2,2015
1935,2015,DKI Jakarta,JAKARTA BARAT,KEMBANGAN,KEMBANGAN UTARA,Cacat Netra-Buta,Laki-laki,2,2015
1936,2015,DKI Jakarta,JAKARTA BARAT,KEMBANGAN,KEMBANGAN UTARA,Cacat Rungu-Wicara,Laki-laki,10,2015
1937,2015,DKI Jakarta,JAKARTA BARAT,KEMBANGAN,KEMBANGAN UTARA,Cacat Mental-Jiwa,Laki-laki,1,2015
1938,2015,DKI Jakarta,JAKARTA BARAT,KEMBANGAN,MERUYA UTARA,Cacat Fisik,Laki-laki,1,2015
1939,2015,DKI Jakarta,JAKARTA BARAT,KEMBANGAN,MERUYA UTARA,Cacat Netra-Buta,Laki-laki,4,2015
1940,2015,DKI Jakarta,JAKARTA BARAT,KEMBANGAN,MERUYA UTARA,Cacat Rungu-Wicara,Laki-laki,5,2015
1941,2015,DKI Jakarta,JAKARTA BARAT,KEMBANGAN,MERUYA UTARA,Cacat Mental-Jiwa,Laki-laki,2,2015
1942,2015,DKI Jakarta,JAKARTA BARAT,KEMBANGAN,MERUYA UTARA,Cacat Fisik dan Mental,Laki-laki,1,2015
1943,2015,DKI Jakarta,JAKARTA BARAT,KEMBANGAN,MERUYA UTARA,Cacat Lainnya,Laki-laki,1,2015
1944,2015,DKI Jakarta,JAKARTA BARAT,KEMBANGAN,MERUYA SELATAN,Cacat Fisik,Laki-laki,1,2015
1945,2015,DKI Jakarta,JAKARTA BARAT,KEMBANGAN,MERUYA SELATAN,Cacat Netra-Buta,Laki-laki,3,2015
1946,2015,DKI Jakarta,JAKARTA BARAT,KEMBANGAN,MERUYA SELATAN,Cacat Rungu-Wicara,Laki-laki,1,2015
1947,2015,DKI Jakarta,JAKARTA BARAT,KEMBANGAN,MERUYA SELATAN,Cacat Mental-Jiwa,Laki-laki,2,2015
1948,2015,DKI Jakarta,JAKARTA BARAT,KEMBANGAN,MERUYA SELATAN,Cacat Fisik dan Mental,Laki-laki,1,2015
1949,2015,DKI Jakarta,JAKARTA BARAT,KEMBANGAN,MERUYA SELATAN,Cacat Lainnya,Laki-laki,0,2015
1950,2015,DKI Jakarta,JAKARTA BARAT,KEMBANGAN,SRENGSENG,Cacat Fisik,Laki-laki,0,2015
1951,2015,DKI Jakarta,JAKARTA BARAT,KEMBANGAN,SRENGSENG,Cacat Netra-Buta,Laki-laki,2,2015
1952,2015,DKI Jakarta,JAKARTA BARAT,KEMBANGAN,SRENGSENG,Cacat Rungu-Wicara,Laki-laki,2,2015
1953,2015,DKI Jakarta,JAKARTA BARAT,KEMBANGAN,SRENGSENG,Cacat Mental-Jiwa,Laki-laki,1,2015
1954,2015,DKI Jakarta,JAKARTA BARAT,KEMBANGAN,SRENGSENG,Cacat Lainnya,Laki-laki,3,2015
1955,2015,DKI Jakarta,JAKARTA BARAT,KEMBANGAN,JOGLO,Cacat Netra-Buta,Laki-laki,0,2015
1956,2015,DKI Jakarta,JAKARTA BARAT,KEMBANGAN,JOGLO,Cacat Rungu-Wicara,Laki-laki,0,2015
1957,2015,DKI Jakarta,JAKARTA BARAT,KEMBANGAN,JOGLO,Cacat Mental-Jiwa,Laki-laki,1,2015
1958,2015,DKI Jakarta,JAKARTA BARAT,KEMBANGAN,JOGLO,Cacat Lainnya,Laki-laki,1,2015
1959,2015,DKI Jakarta,JAKARTA SELATAN,MAMPANG PRAPATAN,PELA MAMPANG,Cacat Fisik,Laki-laki,1,2015
1960,2015,DKI Jakarta,JAKARTA SELATAN,MAMPANG PRAPATAN,PELA MAMPANG,Cacat Rungu-Wicara,Laki-laki,1,2015
1961,2015,DKI Jakarta,JAKARTA SELATAN,MAMPANG PRAPATAN,PELA MAMPANG,Cacat Mental-Jiwa,Laki-laki,5,2015
1962,2015,DKI Jakarta,JAKARTA SELATAN,MAMPANG PRAPATAN,PELA MAMPANG,Cacat Fisik dan Mental,Laki-laki,1,2015
1963,2015,DKI Jakarta,JAKARTA SELATAN,MAMPANG PRAPATAN,TEGAL PARANG,Cacat Fisik,Laki-laki,0,2015
1964,2015,DKI Jakarta,JAKARTA SELATAN,MAMPANG PRAPATAN,TEGAL PARANG,Cacat Netra-Buta,Laki-laki,2,2015
1965,2015,DKI Jakarta,JAKARTA SELATAN,MAMPANG PRAPATAN,TEGAL PARANG,Cacat Mental-Jiwa,Laki-laki,0,2015
1966,2015,DKI Jakarta,JAKARTA SELATAN,MAMPANG PRAPATAN,TEGAL PARANG,Cacat Lainnya,Laki-laki,0,2015
1967,2015,DKI Jakarta,JAKARTA SELATAN,MAMPANG PRAPATAN,KUNINGAN BARAT,Cacat Lainnya,Laki-laki,2,2015
1968,2015,DKI Jakarta,JAKARTA SELATAN,PASAR MINGGU,PASAR MINGGU,Cacat Fisik,Laki-laki,3,2015
1969,2015,DKI Jakarta,JAKARTA SELATAN,PASAR MINGGU,PASAR MINGGU,Cacat Mental-Jiwa,Laki-laki,1,2015
1970,2015,DKI Jakarta,JAKARTA SELATAN,PASAR MINGGU,JATI PADANG,Cacat Fisik,Laki-laki,3,2015
1971,2015,DKI Jakarta,JAKARTA SELATAN,PASAR MINGGU,JATI PADANG,Cacat Rungu-Wicara,Laki-laki,0,2015
1972,2015,DKI Jakarta,JAKARTA SELATAN,PASAR MINGGU,JATI PADANG,Cacat Mental-Jiwa,Laki-laki,1,2015
1973,2015,DKI Jakarta,JAKARTA SELATAN,PASAR MINGGU,JATI PADANG,Cacat Fisik dan Mental,Laki-laki,1,2015
1974,2015,DKI Jakarta,JAKARTA SELATAN,PASAR MINGGU,JATI PADANG,Cacat Lainnya,Laki-laki,1,2015
1975,2015,DKI Jakarta,JAKARTA SELATAN,PASAR MINGGU,CILANDAK TIMUR,Cacat Mental-Jiwa,Laki-laki,0,2015
1976,2015,DKI Jakarta,JAKARTA SELATAN,PASAR MINGGU,CILANDAK TIMUR,Cacat Lainnya,Laki-laki,1,2015
1977,2015,DKI Jakarta,JAKARTA SELATAN,PASAR MINGGU,RAGUNAN,Cacat Fisik,Laki-laki,3,2015
1978,2015,DKI Jakarta,JAKARTA SELATAN,PASAR MINGGU,RAGUNAN,Cacat Netra-Buta,Laki-laki,2,2015
1979,2015,DKI Jakarta,JAKARTA SELATAN,PASAR MINGGU,RAGUNAN,Cacat Lainnya,Laki-laki,1,2015
1980,2015,DKI Jakarta,JAKARTA SELATAN,PASAR MINGGU,PEJATEN TIMUR,Cacat Fisik,Laki-laki,17,2015
1981,2015,DKI Jakarta,JAKARTA SELATAN,PASAR MINGGU,PEJATEN TIMUR,Cacat Netra-Buta,Laki-laki,4,2015
1982,2015,DKI Jakarta,JAKARTA SELATAN,PASAR MINGGU,PEJATEN TIMUR,Cacat Rungu-Wicara,Laki-laki,1,2015
1983,2015,DKI Jakarta,JAKARTA SELATAN,PASAR MINGGU,PEJATEN TIMUR,Cacat Mental-Jiwa,Laki-laki,0,2015
1984,2015,DKI Jakarta,JAKARTA SELATAN,PASAR MINGGU,PEJATEN BARAT,Cacat Fisik,Laki-laki,1,2015
1985,2015,DKI Jakarta,JAKARTA SELATAN,PASAR MINGGU,PEJATEN BARAT,Cacat Mental-Jiwa,Laki-laki,0,2015
1986,2015,DKI Jakarta,JAKARTA SELATAN,PASAR MINGGU,KEBAGUSAN,Cacat Fisik,Laki-laki,1,2015
1987,2015,DKI Jakarta,JAKARTA SELATAN,PASAR MINGGU,KEBAGUSAN,Cacat Rungu-Wicara,Laki-laki,1,2015
1988,2015,DKI Jakarta,JAKARTA SELATAN,PASAR MINGGU,KEBAGUSAN,Cacat Lainnya,Laki-laki,0,2015
1989,2015,DKI Jakarta,JAKARTA SELATAN,KEBAYORAN LAMA,KEBAYORAN LAMA UTARA,Cacat Rungu-Wicara,Laki-laki,0,2015
1990,2015,DKI Jakarta,JAKARTA SELATAN,KEBAYORAN LAMA,KEBAYORAN LAMA UTARA,Cacat Lainnya,Laki-laki,1,2015
1991,2015,DKI Jakarta,JAKARTA SELATAN,KEBAYORAN LAMA,PONDOK PINANG,Cacat Rungu-Wicara,Laki-laki,1,2015
1992,2015,DKI Jakarta,JAKARTA SELATAN,KEBAYORAN LAMA,PONDOK PINANG,Cacat Mental-Jiwa,Laki-laki,1,2015
1993,2015,DKI Jakarta,JAKARTA SELATAN,KEBAYORAN LAMA,PONDOK PINANG,Cacat Lainnya,Laki-laki,1,2015
1994,2015,DKI Jakarta,JAKARTA SELATAN,KEBAYORAN LAMA,CIPULIR,Cacat Fisik,Laki-laki,9,2015
1995,2015,DKI Jakarta,JAKARTA SELATAN,KEBAYORAN LAMA,CIPULIR,Cacat Netra-Buta,Laki-laki,1,2015
1996,2015,DKI Jakarta,JAKARTA SELATAN,KEBAYORAN LAMA,CIPULIR,Cacat Lainnya,Laki-laki,0,2015
1997,2015,DKI Jakarta,JAKARTA SELATAN,KEBAYORAN LAMA,GROGOL UTARA,Cacat Fisik,Laki-laki,1,2015
1998,2015,DKI Jakarta,JAKARTA SELATAN,KEBAYORAN LAMA,GROGOL UTARA,Cacat Rungu-Wicara,Laki-laki,0,2015
1999,2015,DKI Jakarta,JAKARTA SELATAN,KEBAYORAN LAMA,GROGOL SELATAN,Cacat Fisik,Laki-laki,1,2015
2000,2015,DKI Jakarta,JAKARTA BARAT,KEMBANGAN,KEMBANGAN SELATAN,Cacat Fisik,Laki-laki,0,2015
2001,2015,DKI Jakarta,JAKARTA BARAT,KEMBANGAN,KEMBANGAN SELATAN,Cacat Lainnya,Laki-laki,0,2015
2002,2015,DKI Jakarta,JAKARTA SELATAN,TEBET,TEBET TIMUR,Cacat Mental-Jiwa,Laki-laki,1,2015
2003,2015,DKI Jakarta,JAKARTA SELATAN,TEBET,TEBET TIMUR,Cacat Fisik dan Mental,Laki-laki,1,2015
2004,2015,DKI Jakarta,JAKARTA SELATAN,TEBET,TEBET TIMUR,Cacat Lainnya,Laki-laki,1,2015
2005,2015,DKI Jakarta,JAKARTA SELATAN,TEBET,TEBET BARAT,Cacat Mental-Jiwa,Laki-laki,1,2015
2006,2015,DKI Jakarta,JAKARTA SELATAN,TEBET,TEBET BARAT,Cacat Lainnya,Laki-laki,3,2015
2007,2015,DKI Jakarta,JAKARTA SELATAN,TEBET,MENTENG DALAM,Cacat Fisik,Laki-laki,3,2015
2008,2015,DKI Jakarta,JAKARTA SELATAN,TEBET,MENTENG DALAM,Cacat Netra-Buta,Laki-laki,3,2015
2009,2015,DKI Jakarta,JAKARTA SELATAN,TEBET,MENTENG DALAM,Cacat Rungu-Wicara,Laki-laki,4,2015
2010,2015,DKI Jakarta,JAKARTA SELATAN,TEBET,MENTENG DALAM,Cacat Mental-Jiwa,Laki-laki,9,2015
2011,2015,DKI Jakarta,JAKARTA SELATAN,TEBET,MENTENG DALAM,Cacat Fisik dan Mental,Laki-laki,0,2015
2012,2015,DKI Jakarta,JAKARTA SELATAN,TEBET,MENTENG DALAM,Cacat Lainnya,Laki-laki,1,2015
2013,2015,DKI Jakarta,JAKARTA SELATAN,TEBET,KEBON BARU,Cacat Fisik,Laki-laki,3,2015
2014,2015,DKI Jakarta,JAKARTA SELATAN,TEBET,KEBON BARU,Cacat Netra-Buta,Laki-laki,0,2015
2015,2015,DKI Jakarta,JAKARTA SELATAN,TEBET,KEBON BARU,Cacat Rungu-Wicara,Laki-laki,1,2015
2016,2015,DKI Jakarta,JAKARTA SELATAN,TEBET,BUKIT DURI,Cacat Rungu-Wicara,Laki-laki,1,2015
2017,2015,DKI Jakarta,JAKARTA SELATAN,TEBET,BUKIT DURI,Cacat Mental-Jiwa,Laki-laki,0,2015
2018,2015,DKI Jakarta,JAKARTA SELATAN,TEBET,MANGGARAI,Cacat Fisik,Laki-laki,1,2015
2019,2015,DKI Jakarta,JAKARTA SELATAN,TEBET,MANGGARAI,Cacat Mental-Jiwa,Laki-laki,0,2015
2020,2015,DKI Jakarta,JAKARTA SELATAN,TEBET,MANGGARAI,Cacat Fisik dan Mental,Laki-laki,1,2015
2021,2015,DKI Jakarta,JAKARTA SELATAN,TEBET,MANGGARAI,Cacat Lainnya,Laki-laki,1,2015
2022,2015,DKI Jakarta,JAKARTA SELATAN,SETIA BUDI,SETIA BUDI,Cacat Mental-Jiwa,Laki-laki,0,2015
2023,2015,DKI Jakarta,JAKARTA SELATAN,SETIA BUDI,KARET SEMANGGI,Cacat Lainnya,Laki-laki,0,2015
2024,2015,DKI Jakarta,JAKARTA SELATAN,SETIA BUDI,KARET KUNINGAN,Cacat Fisik,Laki-laki,3,2015
2025,2015,DKI Jakarta,JAKARTA SELATAN,SETIA BUDI,KARET KUNINGAN,Cacat Rungu-Wicara,Laki-laki,1,2015
2026,2015,DKI Jakarta,JAKARTA SELATAN,SETIA BUDI,KARET,Cacat Fisik,Laki-laki,1,2015
2027,2015,DKI Jakarta,JAKARTA SELATAN,SETIA BUDI,MENTENG ATAS,Cacat Rungu-Wicara,Laki-laki,1,2015
2028,2015,DKI Jakarta,JAKARTA SELATAN,SETIA BUDI,MENTENG ATAS,Cacat Mental-Jiwa,Laki-laki,2,2015
2029,2015,DKI Jakarta,JAKARTA SELATAN,SETIA BUDI,MENTENG ATAS,Cacat Fisik dan Mental,Laki-laki,1,2015
2030,2015,DKI Jakarta,JAKARTA SELATAN,SETIA BUDI,MENTENG ATAS,Cacat Lainnya,Laki-laki,0,2015
2031,2015,DKI Jakarta,JAKARTA SELATAN,SETIA BUDI,PASAR MANGGIS,Cacat Fisik,Laki-laki,1,2015
2032,2015,DKI Jakarta,JAKARTA SELATAN,SETIA BUDI,PASAR MANGGIS,Cacat Netra-Buta,Laki-laki,0,2015
2033,2015,DKI Jakarta,JAKARTA SELATAN,SETIA BUDI,PASAR MANGGIS,Cacat Rungu-Wicara,Laki-laki,1,2015
2034,2015,DKI Jakarta,JAKARTA SELATAN,SETIA BUDI,PASAR MANGGIS,Cacat Lainnya,Laki-laki,1,2015
2035,2015,DKI Jakarta,JAKARTA SELATAN,SETIA BUDI,GUNTUR,Cacat Mental-Jiwa,Laki-laki,0,2015
2036,2015,DKI Jakarta,JAKARTA SELATAN,MAMPANG PRAPATAN,MAMPANG PRAPATAN,Cacat Fisik,Laki-laki,5,2015
2037,2015,DKI Jakarta,JAKARTA SELATAN,MAMPANG PRAPATAN,MAMPANG PRAPATAN,Cacat Rungu-Wicara,Laki-laki,1,2015
2038,2015,DKI Jakarta,JAKARTA SELATAN,MAMPANG PRAPATAN,MAMPANG PRAPATAN,Cacat Mental-Jiwa,Laki-laki,4,2015
2039,2015,DKI Jakarta,JAKARTA SELATAN,MAMPANG PRAPATAN,BANGKA,Cacat Netra-Buta,Laki-laki,1,2015
2040,2015,DKI Jakarta,JAKARTA SELATAN,MAMPANG PRAPATAN,BANGKA,Cacat Rungu-Wicara,Laki-laki,0,2015
2041,2015,DKI Jakarta,JAKARTA SELATAN,MAMPANG PRAPATAN,BANGKA,Cacat Mental-Jiwa,Laki-laki,2,2015
2042,2015,DKI Jakarta,JAKARTA BARAT,CENGKARENG,DURI KOSAMBI,Cacat Fisik,Laki-laki,5,2015
2043,2015,DKI Jakarta,JAKARTA BARAT,CENGKARENG,DURI KOSAMBI,Cacat Netra-Buta,Laki-laki,0,2015
2044,2015,DKI Jakarta,JAKARTA BARAT,CENGKARENG,DURI KOSAMBI,Cacat Rungu-Wicara,Laki-laki,1,2015
2045,2015,DKI Jakarta,JAKARTA BARAT,CENGKARENG,DURI KOSAMBI,Cacat Lainnya,Laki-laki,8,2015
2046,2015,DKI Jakarta,JAKARTA BARAT,CENGKARENG,RAWA BUAYA,Cacat Fisik,Laki-laki,3,2015
2047,2015,DKI Jakarta,JAKARTA BARAT,CENGKARENG,RAWA BUAYA,Cacat Rungu-Wicara,Laki-laki,2,2015
2048,2015,DKI Jakarta,JAKARTA BARAT,CENGKARENG,RAWA BUAYA,Cacat Mental-Jiwa,Laki-laki,1,2015
2049,2015,DKI Jakarta,JAKARTA BARAT,CENGKARENG,RAWA BUAYA,Cacat Fisik dan Mental,Laki-laki,1,2015
2050,2015,DKI Jakarta,JAKARTA BARAT,CENGKARENG,RAWA BUAYA,Cacat Lainnya,Laki-laki,3,2015
2051,2015,DKI Jakarta,JAKARTA BARAT,CENGKARENG,KEDAUNG KALI ANGKE,Cacat Fisik,Laki-laki,0,2015
2052,2015,DKI Jakarta,JAKARTA BARAT,CENGKARENG,KEDAUNG KALI ANGKE,Cacat Rungu-Wicara,Laki-laki,1,2015
2053,2015,DKI Jakarta,JAKARTA BARAT,CENGKARENG,KEDAUNG KALI ANGKE,Cacat Lainnya,Laki-laki,1,2015
2054,2015,DKI Jakarta,JAKARTA BARAT,CENGKARENG,KAPUK,Cacat Fisik,Laki-laki,16,2015
2055,2015,DKI Jakarta,JAKARTA BARAT,CENGKARENG,KAPUK,Cacat Netra-Buta,Laki-laki,2,2015
2056,2015,DKI Jakarta,JAKARTA BARAT,CENGKARENG,KAPUK,Cacat Rungu-Wicara,Laki-laki,9,2015
2057,2015,DKI Jakarta,JAKARTA BARAT,CENGKARENG,KAPUK,Cacat Mental-Jiwa,Laki-laki,3,2015
2058,2015,DKI Jakarta,JAKARTA BARAT,CENGKARENG,KAPUK,Cacat Fisik dan Mental,Laki-laki,0,2015
2059,2015,DKI Jakarta,JAKARTA BARAT,CENGKARENG,KAPUK,Cacat Lainnya,Laki-laki,7,2015
2060,2015,DKI Jakarta,JAKARTA BARAT,CENGKARENG,CENGKARENG TIMUR,Cacat Fisik,Laki-laki,7,2015
2061,2015,DKI Jakarta,JAKARTA BARAT,CENGKARENG,CENGKARENG TIMUR,Cacat Mental-Jiwa,Laki-laki,1,2015
2062,2015,DKI Jakarta,JAKARTA BARAT,CENGKARENG,CENGKARENG TIMUR,Cacat Fisik dan Mental,Laki-laki,1,2015
2063,2015,DKI Jakarta,JAKARTA BARAT,CENGKARENG,CENGKARENG TIMUR,Cacat Lainnya,Laki-laki,1,2015
2064,2015,DKI Jakarta,JAKARTA BARAT,GROGOL PETAMBURAN,GROGOL,Cacat Fisik,Laki-laki,2,2015
2065,2015,DKI Jakarta,JAKARTA BARAT,GROGOL PETAMBURAN,GROGOL,Cacat Rungu-Wicara,Laki-laki,1,2015
2066,2015,DKI Jakarta,JAKARTA BARAT,GROGOL PETAMBURAN,GROGOL,Cacat Mental-Jiwa,Laki-laki,2,2015
2067,2015,DKI Jakarta,JAKARTA BARAT,GROGOL PETAMBURAN,GROGOL,Cacat Fisik dan Mental,Laki-laki,1,2015
2068,2015,DKI Jakarta,JAKARTA BARAT,GROGOL PETAMBURAN,GROGOL,Cacat Lainnya,Laki-laki,1,2015
2069,2015,DKI Jakarta,JAKARTA BARAT,GROGOL PETAMBURAN,TANJUNG DUREN UTARA,Cacat Fisik,Laki-laki,0,2015
2070,2015,DKI Jakarta,JAKARTA BARAT,GROGOL PETAMBURAN,TANJUNG DUREN UTARA,Cacat Lainnya,Laki-laki,0,2015
2071,2015,DKI Jakarta,JAKARTA BARAT,GROGOL PETAMBURAN,TOMANG,Cacat Fisik,Laki-laki,5,2015
2072,2015,DKI Jakarta,JAKARTA BARAT,GROGOL PETAMBURAN,TOMANG,Cacat Netra-Buta,Laki-laki,0,2015
2073,2015,DKI Jakarta,JAKARTA BARAT,GROGOL PETAMBURAN,TOMANG,Cacat Rungu-Wicara,Laki-laki,3,2015
2074,2015,DKI Jakarta,JAKARTA BARAT,GROGOL PETAMBURAN,TOMANG,Cacat Mental-Jiwa,Laki-laki,6,2015
2075,2015,DKI Jakarta,JAKARTA BARAT,GROGOL PETAMBURAN,TOMANG,Cacat Lainnya,Laki-laki,6,2015
2076,2015,DKI Jakarta,JAKARTA BARAT,GROGOL PETAMBURAN,JELAMBAR,Cacat Fisik,Laki-laki,0,2015
2077,2015,DKI Jakarta,JAKARTA BARAT,GROGOL PETAMBURAN,JELAMBAR,Cacat Rungu-Wicara,Laki-laki,0,2015
2078,2015,DKI Jakarta,JAKARTA BARAT,GROGOL PETAMBURAN,JELAMBAR,Cacat Mental-Jiwa,Laki-laki,2,2015
2079,2015,DKI Jakarta,JAKARTA BARAT,GROGOL PETAMBURAN,JELAMBAR,Cacat Fisik dan Mental,Laki-laki,0,2015
2080,2015,DKI Jakarta,JAKARTA BARAT,GROGOL PETAMBURAN,JELAMBAR,Cacat Lainnya,Laki-laki,4,2015
2081,2015,DKI Jakarta,JAKARTA BARAT,GROGOL PETAMBURAN,TANJUNG DUREN SELATAN,Cacat Fisik,Laki-laki,2,2015
2082,2015,DKI Jakarta,JAKARTA BARAT,GROGOL PETAMBURAN,JELAMBAR BARU,Cacat Fisik,Laki-laki,18,2015
2083,2015,DKI Jakarta,JAKARTA BARAT,GROGOL PETAMBURAN,JELAMBAR BARU,Cacat Netra-Buta,Laki-laki,1,2015
2084,2015,DKI Jakarta,JAKARTA BARAT,GROGOL PETAMBURAN,JELAMBAR BARU,Cacat Rungu-Wicara,Laki-laki,1,2015
2085,2015,DKI Jakarta,JAKARTA BARAT,GROGOL PETAMBURAN,JELAMBAR BARU,Cacat Mental-Jiwa,Laki-laki,1,2015
2086,2015,DKI Jakarta,JAKARTA BARAT,GROGOL PETAMBURAN,WIJAYA KUSUMA,Cacat Fisik,Laki-laki,18,2015
2087,2015,DKI Jakarta,JAKARTA BARAT,GROGOL PETAMBURAN,WIJAYA KUSUMA,Cacat Netra-Buta,Laki-laki,1,2015
2088,2015,DKI Jakarta,JAKARTA BARAT,GROGOL PETAMBURAN,WIJAYA KUSUMA,Cacat Rungu-Wicara,Laki-laki,2,2015
2089,2015,DKI Jakarta,JAKARTA BARAT,GROGOL PETAMBURAN,WIJAYA KUSUMA,Cacat Mental-Jiwa,Laki-laki,48,2015
2090,2015,DKI Jakarta,JAKARTA BARAT,GROGOL PETAMBURAN,WIJAYA KUSUMA,Cacat Lainnya,Laki-laki,2,2015
2091,2015,DKI Jakarta,JAKARTA BARAT,TAMAN SARI,TAMAN SARI,Cacat Fisik,Laki-laki,0,2015
2092,2015,DKI Jakarta,JAKARTA BARAT,TAMAN SARI,TAMAN SARI,Cacat Rungu-Wicara,Laki-laki,0,2015
2093,2015,DKI Jakarta,JAKARTA BARAT,TAMAN SARI,TAMAN SARI,Cacat Fisik dan Mental,Laki-laki,0,2015
2094,2015,DKI Jakarta,JAKARTA BARAT,TAMAN SARI,KRUKUT,Cacat Netra-Buta,Laki-laki,1,2015
2095,2015,DKI Jakarta,JAKARTA BARAT,TAMAN SARI,KRUKUT,Cacat Mental-Jiwa,Laki-laki,2,2015
2096,2015,DKI Jakarta,JAKARTA BARAT,TAMAN SARI,KRUKUT,Cacat Lainnya,Laki-laki,1,2015
2097,2015,DKI Jakarta,JAKARTA BARAT,TAMAN SARI,MAPHAR,Cacat Fisik,Laki-laki,1,2015
2098,2015,DKI Jakarta,JAKARTA BARAT,TAMAN SARI,MAPHAR,Cacat Netra-Buta,Laki-laki,5,2015
2099,2015,DKI Jakarta,JAKARTA BARAT,TAMAN SARI,MAPHAR,Cacat Lainnya,Laki-laki,1,2015
2100,2015,DKI Jakarta,JAKARTA BARAT,TAMAN SARI,TANGKI,Cacat Fisik,Laki-laki,1,2015
2101,2015,DKI Jakarta,JAKARTA BARAT,TAMAN SARI,TANGKI,Cacat Lainnya,Laki-laki,1,2015
2102,2015,DKI Jakarta,JAKARTA BARAT,TAMAN SARI,MANGGA BESAR,Cacat Rungu-Wicara,Laki-laki,1,2015
2103,2015,DKI Jakarta,JAKARTA BARAT,TAMAN SARI,MANGGA BESAR,Cacat Mental-Jiwa,Laki-laki,1,2015
2104,2015,DKI Jakarta,JAKARTA BARAT,TAMAN SARI,MANGGA BESAR,Cacat Fisik dan Mental,Laki-laki,1,2015
2105,2015,DKI Jakarta,JAKARTA BARAT,TAMAN SARI,MANGGA BESAR,Cacat Lainnya,Laki-laki,1,2015
2106,2015,DKI Jakarta,JAKARTA BARAT,TAMAN SARI,KEAGUNGAN,Cacat Fisik,Laki-laki,1,2015
2107,2015,DKI Jakarta,JAKARTA BARAT,TAMAN SARI,KEAGUNGAN,Cacat Netra-Buta,Laki-laki,1,2015
2108,2015,DKI Jakarta,JAKARTA BARAT,TAMAN SARI,KEAGUNGAN,Cacat Rungu-Wicara,Laki-laki,2,2015
2109,2015,DKI Jakarta,JAKARTA BARAT,TAMAN SARI,KEAGUNGAN,Cacat Mental-Jiwa,Laki-laki,3,2015
2110,2015,DKI Jakarta,JAKARTA BARAT,TAMAN SARI,KEAGUNGAN,Cacat Fisik dan Mental,Laki-laki,1,2015
2111,2015,DKI Jakarta,JAKARTA BARAT,TAMAN SARI,GLODOK,Cacat Fisik,Laki-laki,0,2015
2112,2015,DKI Jakarta,JAKARTA BARAT,TAMAN SARI,GLODOK,Cacat Rungu-Wicara,Laki-laki,0,2015
2113,2015,DKI Jakarta,JAKARTA BARAT,TAMAN SARI,GLODOK,Cacat Lainnya,Laki-laki,0,2015
2114,2015,DKI Jakarta,JAKARTA BARAT,TAMAN SARI,PINANGSIA,Cacat Fisik,Laki-laki,0,2015
2115,2015,DKI Jakarta,JAKARTA BARAT,TAMAN SARI,PINANGSIA,Cacat Fisik dan Mental,Laki-laki,1,2015
2116,2015,DKI Jakarta,JAKARTA BARAT,TAMAN SARI,PINANGSIA,Cacat Lainnya,Laki-laki,4,2015
2117,2015,DKI Jakarta,JAKARTA BARAT,TAMBORA,TAMBORA,Cacat Fisik,Laki-laki,1,2015
2118,2015,DKI Jakarta,JAKARTA BARAT,TAMBORA,TAMBORA,Cacat Mental-Jiwa,Laki-laki,1,2015
2119,2015,DKI Jakarta,JAKARTA BARAT,TAMBORA,TAMBORA,Cacat Lainnya,Laki-laki,2,2015
2120,2015,DKI Jakarta,JAKARTA BARAT,TAMBORA,KALI ANYAR,Cacat Fisik,Laki-laki,1,2015
2121,2015,DKI Jakarta,JAKARTA BARAT,TAMBORA,KALI ANYAR,Cacat Netra-Buta,Laki-laki,1,2015
2122,2015,DKI Jakarta,JAKARTA BARAT,TAMBORA,KALI ANYAR,Cacat Rungu-Wicara,Laki-laki,1,2015
2123,2015,DKI Jakarta,JAKARTA BARAT,TAMBORA,KALI ANYAR,Cacat Mental-Jiwa,Laki-laki,3,2015
2124,2015,DKI Jakarta,JAKARTA BARAT,TAMBORA,DURI UTARA,Cacat Netra-Buta,Laki-laki,0,2015
2125,2015,DKI Jakarta,JAKARTA BARAT,TAMBORA,DURI UTARA,Cacat Mental-Jiwa,Laki-laki,0,2015
2126,2015,DKI Jakarta,JAKARTA BARAT,TAMBORA,TANAH SEREAL,Cacat Fisik,Laki-laki,13,2015
2127,2015,DKI Jakarta,JAKARTA SELATAN,KEBAYORAN LAMA,GROGOL SELATAN,Cacat Lainnya,Laki-laki,1,2015
2128,2015,DKI Jakarta,JAKARTA SELATAN,KEBAYORAN LAMA,KEBAYORAN LAMA SELATAN,Cacat Fisik,Laki-laki,1,2015
2129,2015,DKI Jakarta,JAKARTA SELATAN,KEBAYORAN LAMA,KEBAYORAN LAMA SELATAN,Cacat Rungu-Wicara,Laki-laki,0,2015
2130,2015,DKI Jakarta,JAKARTA SELATAN,KEBAYORAN LAMA,KEBAYORAN LAMA SELATAN,Cacat Mental-Jiwa,Laki-laki,4,2015
2131,2015,DKI Jakarta,JAKARTA SELATAN,KEBAYORAN LAMA,KEBAYORAN LAMA SELATAN,Cacat Lainnya,Laki-laki,2,2015
2132,2015,DKI Jakarta,JAKARTA SELATAN,CILANDAK,CILANDAK BARAT,Cacat Lainnya,Laki-laki,1,2015
2133,2015,DKI Jakarta,JAKARTA SELATAN,CILANDAK,LEBAK BULUS,Cacat Mental-Jiwa,Laki-laki,1,2015
2134,2015,DKI Jakarta,JAKARTA SELATAN,CILANDAK,LEBAK BULUS,Cacat Lainnya,Laki-laki,1,2015
2135,2015,DKI Jakarta,JAKARTA SELATAN,CILANDAK,PONDOK LABU,Cacat Fisik,Laki-laki,2,2015
2136,2015,DKI Jakarta,JAKARTA SELATAN,CILANDAK,PONDOK LABU,Cacat Netra-Buta,Laki-laki,1,2015
2137,2015,DKI Jakarta,JAKARTA SELATAN,CILANDAK,PONDOK LABU,Cacat Mental-Jiwa,Laki-laki,0,2015
2138,2015,DKI Jakarta,JAKARTA SELATAN,CILANDAK,GANDARIA SELATAN,Cacat Fisik,Laki-laki,0,2015
2139,2015,DKI Jakarta,JAKARTA SELATAN,CILANDAK,GANDARIA SELATAN,Cacat Netra-Buta,Laki-laki,0,2015
2140,2015,DKI Jakarta,JAKARTA SELATAN,CILANDAK,CIPETE SELATAN,Cacat Fisik,Laki-laki,0,2015
2141,2015,DKI Jakarta,JAKARTA SELATAN,CILANDAK,CIPETE SELATAN,Cacat Netra-Buta,Laki-laki,1,2015
2142,2015,DKI Jakarta,JAKARTA SELATAN,CILANDAK,CIPETE SELATAN,Cacat Rungu-Wicara,Laki-laki,1,2015
2143,2015,DKI Jakarta,JAKARTA SELATAN,CILANDAK,CIPETE SELATAN,Cacat Fisik dan Mental,Laki-laki,1,2015
2144,2015,DKI Jakarta,JAKARTA SELATAN,CILANDAK,CIPETE SELATAN,Cacat Lainnya,Laki-laki,1,2015
2145,2015,DKI Jakarta,JAKARTA SELATAN,KEBAYORAN BARU,MELAWAI,Cacat Fisik,Laki-laki,1,2015
2146,2015,DKI Jakarta,JAKARTA SELATAN,KEBAYORAN BARU,MELAWAI,Cacat Mental-Jiwa,Laki-laki,1,2015
2147,2015,DKI Jakarta,JAKARTA SELATAN,KEBAYORAN BARU,MELAWAI,Cacat Lainnya,Laki-laki,0,2015
2148,2015,DKI Jakarta,JAKARTA SELATAN,KEBAYORAN BARU,GUNUNG,Cacat Fisik,Laki-laki,2,2015
2149,2015,DKI Jakarta,JAKARTA SELATAN,KEBAYORAN BARU,GUNUNG,Cacat Netra-Buta,Laki-laki,0,2015
2150,2015,DKI Jakarta,JAKARTA SELATAN,KEBAYORAN BARU,GUNUNG,Cacat Rungu-Wicara,Laki-laki,0,2015
2151,2015,DKI Jakarta,JAKARTA SELATAN,KEBAYORAN BARU,GUNUNG,Cacat Mental-Jiwa,Laki-laki,1,2015
2152,2015,DKI Jakarta,JAKARTA SELATAN,KEBAYORAN BARU,KRAMAT PELA,Cacat Fisik,Laki-laki,2,2015
2153,2015,DKI Jakarta,JAKARTA SELATAN,KEBAYORAN BARU,KRAMAT PELA,Cacat Mental-Jiwa,Laki-laki,0,2015
2154,2015,DKI Jakarta,JAKARTA SELATAN,KEBAYORAN BARU,KRAMAT PELA,Cacat Fisik dan Mental,Laki-laki,1,2015
2155,2015,DKI Jakarta,JAKARTA SELATAN,KEBAYORAN BARU,KRAMAT PELA,Cacat Lainnya,Laki-laki,1,2015
2156,2015,DKI Jakarta,JAKARTA SELATAN,KEBAYORAN BARU,SELONG,Cacat Mental-Jiwa,Laki-laki,0,2015
2157,2015,DKI Jakarta,JAKARTA SELATAN,KEBAYORAN BARU,RAWA BARAT,Cacat Lainnya,Laki-laki,3,2015
2158,2015,DKI Jakarta,JAKARTA SELATAN,KEBAYORAN BARU,SENAYAN,Cacat Lainnya,Laki-laki,0,2015
2159,2015,DKI Jakarta,JAKARTA SELATAN,KEBAYORAN BARU,PULO,Cacat Mental-Jiwa,Laki-laki,0,2015
2160,2015,DKI Jakarta,JAKARTA SELATAN,KEBAYORAN BARU,GANDARIA UTARA,Cacat Fisik,Laki-laki,1,2015
2161,2015,DKI Jakarta,JAKARTA SELATAN,KEBAYORAN BARU,CIPETE UTARA,Cacat Rungu-Wicara,Laki-laki,0,2015
2162,2015,DKI Jakarta,JAKARTA SELATAN,KEBAYORAN BARU,CIPETE UTARA,Cacat Mental-Jiwa,Laki-laki,1,2015
2163,2015,DKI Jakarta,JAKARTA SELATAN,KEBAYORAN BARU,CIPETE UTARA,Cacat Fisik dan Mental,Laki-laki,0,2015
2164,2015,DKI Jakarta,JAKARTA SELATAN,KEBAYORAN BARU,CIPETE UTARA,Cacat Lainnya,Laki-laki,1,2015
2165,2015,DKI Jakarta,JAKARTA SELATAN,PANCORAN,PANCORAN,Cacat Lainnya,Laki-laki,1,2015
2166,2015,DKI Jakarta,JAKARTA SELATAN,PANCORAN,KALIBATA,Cacat Fisik,Laki-laki,3,2015
2167,2015,DKI Jakarta,JAKARTA SELATAN,PANCORAN,KALIBATA,Cacat Netra-Buta,Laki-laki,1,2015
2168,2015,DKI Jakarta,JAKARTA SELATAN,PANCORAN,KALIBATA,Cacat Rungu-Wicara,Laki-laki,1,2015
2169,2015,DKI Jakarta,JAKARTA SELATAN,PANCORAN,KALIBATA,Cacat Mental-Jiwa,Laki-laki,1,2015
2170,2015,DKI Jakarta,JAKARTA SELATAN,PANCORAN,KALIBATA,Cacat Fisik dan Mental,Laki-laki,1,2015
2171,2015,DKI Jakarta,JAKARTA SELATAN,PANCORAN,KALIBATA,Cacat Lainnya,Laki-laki,1,2015
2172,2015,DKI Jakarta,JAKARTA SELATAN,PANCORAN,RAWA JATI,Cacat Fisik,Laki-laki,1,2015
2173,2015,DKI Jakarta,JAKARTA SELATAN,PANCORAN,RAWA JATI,Cacat Mental-Jiwa,Laki-laki,3,2015
2174,2015,DKI Jakarta,JAKARTA SELATAN,PANCORAN,RAWA JATI,Cacat Fisik dan Mental,Laki-laki,1,2015
2175,2015,DKI Jakarta,JAKARTA SELATAN,PANCORAN,RAWA JATI,Cacat Lainnya,Laki-laki,5,2015
2176,2015,DKI Jakarta,JAKARTA SELATAN,PANCORAN,DUREN TIGA,Cacat Fisik,Laki-laki,0,2015
2177,2015,DKI Jakarta,JAKARTA SELATAN,PANCORAN,DUREN TIGA,Cacat Netra-Buta,Laki-laki,1,2015
2178,2015,DKI Jakarta,JAKARTA SELATAN,PANCORAN,DUREN TIGA,Cacat Rungu-Wicara,Laki-laki,0,2015
2179,2015,DKI Jakarta,JAKARTA SELATAN,PANCORAN,DUREN TIGA,Cacat Mental-Jiwa,Laki-laki,1,2015
2180,2015,DKI Jakarta,JAKARTA SELATAN,PANCORAN,PENGADEGAN,Cacat Fisik,Laki-laki,2,2015
2181,2015,DKI Jakarta,JAKARTA SELATAN,PANCORAN,PENGADEGAN,Cacat Netra-Buta,Laki-laki,1,2015
2182,2015,DKI Jakarta,JAKARTA SELATAN,PANCORAN,PENGADEGAN,Cacat Rungu-Wicara,Laki-laki,1,2015
2183,2015,DKI Jakarta,JAKARTA SELATAN,PANCORAN,PENGADEGAN,Cacat Mental-Jiwa,Laki-laki,2,2015
2184,2015,DKI Jakarta,JAKARTA SELATAN,PANCORAN,CIKOKO,Cacat Fisik,Laki-laki,1,2015
2185,2015,DKI Jakarta,JAKARTA SELATAN,PANCORAN,CIKOKO,Cacat Mental-Jiwa,Laki-laki,1,2015
2186,2015,DKI Jakarta,JAKARTA SELATAN,JAGAKARSA,JAGAKARSA,Cacat Fisik,Laki-laki,1,2015
2187,2015,DKI Jakarta,JAKARTA SELATAN,JAGAKARSA,JAGAKARSA,Cacat Netra-Buta,Laki-laki,0,2015
2188,2015,DKI Jakarta,JAKARTA SELATAN,JAGAKARSA,JAGAKARSA,Cacat Rungu-Wicara,Laki-laki,2,2015
2189,2015,DKI Jakarta,JAKARTA SELATAN,JAGAKARSA,JAGAKARSA,Cacat Mental-Jiwa,Laki-laki,2,2015
2190,2015,DKI Jakarta,JAKARTA SELATAN,JAGAKARSA,JAGAKARSA,Cacat Fisik dan Mental,Laki-laki,1,2015
2191,2015,DKI Jakarta,JAKARTA SELATAN,JAGAKARSA,JAGAKARSA,Cacat Lainnya,Laki-laki,2,2015
2192,2015,DKI Jakarta,JAKARTA SELATAN,JAGAKARSA,SRENGSENG SAWAH,Cacat Mental-Jiwa,Laki-laki,0,2015
2193,2015,DKI Jakarta,JAKARTA SELATAN,JAGAKARSA,SRENGSENG SAWAH,Cacat Lainnya,Laki-laki,2,2015
2194,2015,DKI Jakarta,JAKARTA SELATAN,JAGAKARSA,CIGANJUR,Cacat Fisik,Laki-laki,38,2015
2195,2015,DKI Jakarta,JAKARTA SELATAN,JAGAKARSA,CIGANJUR,Cacat Netra-Buta,Laki-laki,1,2015
2196,2015,DKI Jakarta,JAKARTA SELATAN,JAGAKARSA,CIGANJUR,Cacat Rungu-Wicara,Laki-laki,2,2015
2197,2015,DKI Jakarta,JAKARTA SELATAN,JAGAKARSA,CIGANJUR,Cacat Mental-Jiwa,Laki-laki,1,2015
2198,2015,DKI Jakarta,JAKARTA SELATAN,JAGAKARSA,CIGANJUR,Cacat Fisik dan Mental,Laki-laki,1,2015
2199,2015,DKI Jakarta,JAKARTA SELATAN,JAGAKARSA,CIGANJUR,Cacat Lainnya,Laki-laki,4,2015
2200,2015,DKI Jakarta,JAKARTA SELATAN,JAGAKARSA,LENTENG AGUNG,Cacat Fisik,Laki-laki,0,2015
2201,2015,DKI Jakarta,JAKARTA SELATAN,JAGAKARSA,LENTENG AGUNG,Cacat Mental-Jiwa,Laki-laki,1,2015
2202,2015,DKI Jakarta,JAKARTA SELATAN,JAGAKARSA,LENTENG AGUNG,Cacat Lainnya,Laki-laki,1,2015
2203,2015,DKI Jakarta,JAKARTA SELATAN,JAGAKARSA,TANJUNG BARAT,Cacat Fisik,Laki-laki,1,2015
2204,2015,DKI Jakarta,JAKARTA SELATAN,JAGAKARSA,TANJUNG BARAT,Cacat Mental-Jiwa,Laki-laki,4,2015
2205,2015,DKI Jakarta,JAKARTA SELATAN,JAGAKARSA,TANJUNG BARAT,Cacat Fisik dan Mental,Laki-laki,2,2015
2206,2015,DKI Jakarta,JAKARTA SELATAN,JAGAKARSA,TANJUNG BARAT,Cacat Lainnya,Laki-laki,1,2015
2207,2015,DKI Jakarta,JAKARTA SELATAN,JAGAKARSA,CIPEDAK,Cacat Fisik,Laki-laki,1,2015
2208,2015,DKI Jakarta,JAKARTA SELATAN,JAGAKARSA,CIPEDAK,Cacat Mental-Jiwa,Laki-laki,1,2015
2209,2015,DKI Jakarta,JAKARTA SELATAN,JAGAKARSA,CIPEDAK,Cacat Lainnya,Laki-laki,1,2015
2210,2015,DKI Jakarta,JAKARTA SELATAN,PESANGGRAHAN,PESANGGRAHAN,Cacat Fisik,Laki-laki,0,2015
2211,2015,DKI Jakarta,JAKARTA TIMUR,KRAMAT JATI,DUKUH,Cacat Lainnya,Laki-laki,2,2015
2212,2015,DKI Jakarta,JAKARTA TIMUR,KRAMAT JATI,BATU AMPAR,Cacat Fisik,Laki-laki,0,2015
2213,2015,DKI Jakarta,JAKARTA TIMUR,KRAMAT JATI,BATU AMPAR,Cacat Netra-Buta,Laki-laki,2,2015
2214,2015,DKI Jakarta,JAKARTA TIMUR,KRAMAT JATI,BATU AMPAR,Cacat Rungu-Wicara,Laki-laki,5,2015
2215,2015,DKI Jakarta,JAKARTA TIMUR,KRAMAT JATI,BATU AMPAR,Cacat Mental-Jiwa,Laki-laki,1,2015
2216,2015,DKI Jakarta,JAKARTA TIMUR,KRAMAT JATI,BATU AMPAR,Cacat Fisik dan Mental,Laki-laki,1,2015
2217,2015,DKI Jakarta,JAKARTA TIMUR,KRAMAT JATI,BATU AMPAR,Cacat Lainnya,Laki-laki,3,2015
2218,2015,DKI Jakarta,JAKARTA TIMUR,KRAMAT JATI,BALE KAMBANG,Cacat Fisik,Laki-laki,0,2015
2219,2015,DKI Jakarta,JAKARTA TIMUR,KRAMAT JATI,BALE KAMBANG,Cacat Netra-Buta,Laki-laki,2,2015
2220,2015,DKI Jakarta,JAKARTA TIMUR,KRAMAT JATI,BALE KAMBANG,Cacat Rungu-Wicara,Laki-laki,1,2015
2221,2015,DKI Jakarta,JAKARTA TIMUR,KRAMAT JATI,BALE KAMBANG,Cacat Mental-Jiwa,Laki-laki,0,2015
2222,2015,DKI Jakarta,JAKARTA TIMUR,KRAMAT JATI,BALE KAMBANG,Cacat Fisik dan Mental,Laki-laki,1,2015
2223,2015,DKI Jakarta,JAKARTA TIMUR,KRAMAT JATI,BALE KAMBANG,Cacat Lainnya,Laki-laki,0,2015
2224,2015,DKI Jakarta,JAKARTA TIMUR,KRAMAT JATI,CILILITAN,Cacat Rungu-Wicara,Laki-laki,0,2015
2225,2015,DKI Jakarta,JAKARTA TIMUR,KRAMAT JATI,CILILITAN,Cacat Mental-Jiwa,Laki-laki,0,2015
2226,2015,DKI Jakarta,JAKARTA TIMUR,KRAMAT JATI,CILILITAN,Cacat Fisik dan Mental,Laki-laki,0,2015
2227,2015,DKI Jakarta,JAKARTA TIMUR,KRAMAT JATI,CAWANG,Cacat Fisik,Laki-laki,3,2015
2228,2015,DKI Jakarta,JAKARTA TIMUR,KRAMAT JATI,CAWANG,Cacat Lainnya,Laki-laki,4,2015
2229,2015,DKI Jakarta,JAKARTA TIMUR,PASAR REBO,GEDONG,Cacat Mental-Jiwa,Laki-laki,5,2015
2230,2015,DKI Jakarta,JAKARTA TIMUR,PASAR REBO,GEDONG,Cacat Lainnya,Laki-laki,1,2015
2231,2015,DKI Jakarta,JAKARTA TIMUR,PASAR REBO,BARU,Cacat Fisik,Laki-laki,1,2015
2232,2015,DKI Jakarta,JAKARTA TIMUR,PASAR REBO,BARU,Cacat Netra-Buta,Laki-laki,2,2015
2233,2015,DKI Jakarta,JAKARTA TIMUR,PASAR REBO,BARU,Cacat Fisik dan Mental,Laki-laki,0,2015
2234,2015,DKI Jakarta,JAKARTA TIMUR,PASAR REBO,BARU,Cacat Lainnya,Laki-laki,1,2015
2235,2015,DKI Jakarta,JAKARTA TIMUR,PASAR REBO,CIJANTUNG,Cacat Fisik,Laki-laki,10,2015
2236,2015,DKI Jakarta,JAKARTA TIMUR,PASAR REBO,CIJANTUNG,Cacat Netra-Buta,Laki-laki,1,2015
2237,2015,DKI Jakarta,JAKARTA TIMUR,PASAR REBO,CIJANTUNG,Cacat Rungu-Wicara,Laki-laki,1,2015
2238,2015,DKI Jakarta,JAKARTA TIMUR,PASAR REBO,CIJANTUNG,Cacat Mental-Jiwa,Laki-laki,3,2015
2239,2015,DKI Jakarta,JAKARTA TIMUR,PASAR REBO,CIJANTUNG,Cacat Fisik dan Mental,Laki-laki,1,2015
2240,2015,DKI Jakarta,JAKARTA TIMUR,PASAR REBO,CIJANTUNG,Cacat Lainnya,Laki-laki,7,2015
2241,2015,DKI Jakarta,JAKARTA TIMUR,PASAR REBO,KALISARI,Cacat Fisik,Laki-laki,4,2015
2242,2015,DKI Jakarta,JAKARTA TIMUR,PASAR REBO,KALISARI,Cacat Netra-Buta,Laki-laki,3,2015
2243,2015,DKI Jakarta,JAKARTA TIMUR,PASAR REBO,KALISARI,Cacat Rungu-Wicara,Laki-laki,4,2015
2244,2015,DKI Jakarta,JAKARTA TIMUR,PASAR REBO,KALISARI,Cacat Mental-Jiwa,Laki-laki,2,2015
2245,2015,DKI Jakarta,JAKARTA TIMUR,PASAR REBO,KALISARI,Cacat Fisik dan Mental,Laki-laki,0,2015
2246,2015,DKI Jakarta,JAKARTA TIMUR,PASAR REBO,PEKAYON,Cacat Netra-Buta,Laki-laki,1,2015
2247,2015,DKI Jakarta,JAKARTA TIMUR,PASAR REBO,PEKAYON,Cacat Rungu-Wicara,Laki-laki,0,2015
2248,2015,DKI Jakarta,JAKARTA TIMUR,PASAR REBO,PEKAYON,Cacat Fisik dan Mental,Laki-laki,0,2015
2249,2015,DKI Jakarta,JAKARTA TIMUR,PASAR REBO,PEKAYON,Cacat Lainnya,Laki-laki,1,2015
2250,2015,DKI Jakarta,JAKARTA TIMUR,CAKUNG,JATINEGARA,Cacat Fisik,Laki-laki,1,2015
2251,2015,DKI Jakarta,JAKARTA TIMUR,CAKUNG,JATINEGARA,Cacat Netra-Buta,Laki-laki,1,2015
2252,2015,DKI Jakarta,JAKARTA TIMUR,CAKUNG,JATINEGARA,Cacat Mental-Jiwa,Laki-laki,1,2015
2253,2015,DKI Jakarta,JAKARTA TIMUR,CAKUNG,JATINEGARA,Cacat Lainnya,Laki-laki,1,2015
2254,2015,DKI Jakarta,JAKARTA TIMUR,CAKUNG,RAWA TERATE,Cacat Netra-Buta,Laki-laki,1,2015
2255,2015,DKI Jakarta,JAKARTA TIMUR,CAKUNG,RAWA TERATE,Cacat Rungu-Wicara,Laki-laki,1,2015
2256,2015,DKI Jakarta,JAKARTA TIMUR,CAKUNG,RAWA TERATE,Cacat Lainnya,Laki-laki,1,2015
2257,2015,DKI Jakarta,JAKARTA TIMUR,CAKUNG,PENGGILINGAN,Cacat Fisik,Laki-laki,16,2015
2258,2015,DKI Jakarta,JAKARTA TIMUR,CAKUNG,PENGGILINGAN,Cacat Netra-Buta,Laki-laki,12,2015
2259,2015,DKI Jakarta,JAKARTA TIMUR,CAKUNG,PENGGILINGAN,Cacat Rungu-Wicara,Laki-laki,13,2015
2260,2015,DKI Jakarta,JAKARTA TIMUR,CAKUNG,PENGGILINGAN,Cacat Mental-Jiwa,Laki-laki,10,2015
2261,2015,DKI Jakarta,JAKARTA TIMUR,CAKUNG,PENGGILINGAN,Cacat Fisik dan Mental,Laki-laki,4,2015
2262,2015,DKI Jakarta,JAKARTA TIMUR,CAKUNG,PENGGILINGAN,Cacat Lainnya,Laki-laki,1,2015
2263,2015,DKI Jakarta,JAKARTA TIMUR,CAKUNG,CAKUNG TIMUR,Cacat Mental-Jiwa,Laki-laki,0,2015
2264,2015,DKI Jakarta,JAKARTA TIMUR,CAKUNG,CAKUNG TIMUR,Cacat Lainnya,Laki-laki,3,2015
2265,2015,DKI Jakarta,JAKARTA TIMUR,CAKUNG,PULO GEBANG,Cacat Fisik,Laki-laki,1,2015
2266,2015,DKI Jakarta,JAKARTA TIMUR,CAKUNG,PULO GEBANG,Cacat Netra-Buta,Laki-laki,0,2015
2267,2015,DKI Jakarta,JAKARTA TIMUR,CAKUNG,PULO GEBANG,Cacat Lainnya,Laki-laki,1,2015
2268,2015,DKI Jakarta,JAKARTA TIMUR,CAKUNG,UJUNG MENTENG,Cacat Fisik,Laki-laki,1,2015
2269,2015,DKI Jakarta,JAKARTA TIMUR,CAKUNG,UJUNG MENTENG,Cacat Mental-Jiwa,Laki-laki,2,2015
2270,2015,DKI Jakarta,JAKARTA TIMUR,CAKUNG,CAKUNG BARAT,Cacat Fisik,Laki-laki,1,2015
2271,2015,DKI Jakarta,JAKARTA TIMUR,CAKUNG,CAKUNG BARAT,Cacat Netra-Buta,Laki-laki,0,2015
2272,2015,DKI Jakarta,JAKARTA TIMUR,CAKUNG,CAKUNG BARAT,Cacat Mental-Jiwa,Laki-laki,1,2015
2273,2015,DKI Jakarta,JAKARTA TIMUR,CAKUNG,CAKUNG BARAT,Cacat Lainnya,Laki-laki,2,2015
2274,2015,DKI Jakarta,JAKARTA TIMUR,DUREN SAWIT,DUREN SAWIT,Cacat Fisik,Laki-laki,1,2015
2275,2015,DKI Jakarta,JAKARTA TIMUR,DUREN SAWIT,DUREN SAWIT,Cacat Netra-Buta,Laki-laki,2,2015
2276,2015,DKI Jakarta,JAKARTA TIMUR,DUREN SAWIT,DUREN SAWIT,Cacat Rungu-Wicara,Laki-laki,2,2015
2277,2015,DKI Jakarta,JAKARTA TIMUR,DUREN SAWIT,DUREN SAWIT,Cacat Mental-Jiwa,Laki-laki,0,2015
2278,2015,DKI Jakarta,JAKARTA TIMUR,DUREN SAWIT,DUREN SAWIT,Cacat Lainnya,Laki-laki,3,2015
2279,2015,DKI Jakarta,JAKARTA TIMUR,DUREN SAWIT,PONDOK BAMBU,Cacat Fisik,Laki-laki,15,2015
2280,2015,DKI Jakarta,JAKARTA TIMUR,DUREN SAWIT,PONDOK BAMBU,Cacat Netra-Buta,Laki-laki,0,2015
2281,2015,DKI Jakarta,JAKARTA TIMUR,DUREN SAWIT,PONDOK BAMBU,Cacat Mental-Jiwa,Laki-laki,4,2015
2282,2015,DKI Jakarta,JAKARTA TIMUR,DUREN SAWIT,PONDOK BAMBU,Cacat Fisik dan Mental,Laki-laki,0,2015
2283,2015,DKI Jakarta,JAKARTA TIMUR,DUREN SAWIT,PONDOK BAMBU,Cacat Lainnya,Laki-laki,3,2015
2284,2015,DKI Jakarta,JAKARTA TIMUR,DUREN SAWIT,KLENDER,Cacat Fisik,Laki-laki,0,2015
2285,2015,DKI Jakarta,JAKARTA TIMUR,DUREN SAWIT,KLENDER,Cacat Netra-Buta,Laki-laki,0,2015
2286,2015,DKI Jakarta,JAKARTA TIMUR,DUREN SAWIT,KLENDER,Cacat Rungu-Wicara,Laki-laki,0,2015
2287,2015,DKI Jakarta,JAKARTA TIMUR,DUREN SAWIT,KLENDER,Cacat Mental-Jiwa,Laki-laki,3,2015
2288,2015,DKI Jakarta,JAKARTA TIMUR,DUREN SAWIT,KLENDER,Cacat Lainnya,Laki-laki,0,2015
2289,2015,DKI Jakarta,JAKARTA TIMUR,DUREN SAWIT,PONDOK KELAPA,Cacat Fisik,Laki-laki,1,2015
2290,2015,DKI Jakarta,JAKARTA TIMUR,DUREN SAWIT,PONDOK KELAPA,Cacat Netra-Buta,Laki-laki,2,2015
2291,2015,DKI Jakarta,JAKARTA TIMUR,DUREN SAWIT,PONDOK KELAPA,Cacat Rungu-Wicara,Laki-laki,2,2015
2292,2015,DKI Jakarta,JAKARTA TIMUR,DUREN SAWIT,PONDOK KELAPA,Cacat Lainnya,Laki-laki,3,2015
2293,2015,DKI Jakarta,JAKARTA TIMUR,DUREN SAWIT,MALAKA SARI,Cacat Fisik,Laki-laki,2,2015
2294,2015,DKI Jakarta,JAKARTA TIMUR,DUREN SAWIT,MALAKA SARI,Cacat Netra-Buta,Laki-laki,1,2015
2295,2015,DKI Jakarta,JAKARTA TIMUR,DUREN SAWIT,MALAKA SARI,Cacat Rungu-Wicara,Laki-laki,0,2015
2296,2015,DKI Jakarta,JAKARTA TIMUR,DUREN SAWIT,MALAKA SARI,Cacat Mental-Jiwa,Laki-laki,0,2015
2297,2015,DKI Jakarta,JAKARTA TIMUR,CIRACAS,RAMBUTAN,Cacat Rungu-Wicara,Laki-laki,2,2015
2298,2015,DKI Jakarta,JAKARTA TIMUR,CIRACAS,RAMBUTAN,Cacat Lainnya,Laki-laki,2,2015
2299,2015,DKI Jakarta,JAKARTA TIMUR,CIPAYUNG,CIPAYUNG,Cacat Fisik,Laki-laki,4,2015
2300,2015,DKI Jakarta,JAKARTA TIMUR,CIPAYUNG,CIPAYUNG,Cacat Netra-Buta,Laki-laki,1,2015
2301,2015,DKI Jakarta,JAKARTA TIMUR,CIPAYUNG,CIPAYUNG,Cacat Rungu-Wicara,Laki-laki,0,2015
2302,2015,DKI Jakarta,JAKARTA TIMUR,CIPAYUNG,CIPAYUNG,Cacat Mental-Jiwa,Laki-laki,39,2015
2303,2015,DKI Jakarta,JAKARTA TIMUR,CIPAYUNG,CIPAYUNG,Cacat Fisik dan Mental,Laki-laki,1,2015
2304,2015,DKI Jakarta,JAKARTA TIMUR,CIPAYUNG,CILANGKAP,Cacat Fisik,Laki-laki,1,2015
2305,2015,DKI Jakarta,JAKARTA TIMUR,CIPAYUNG,CILANGKAP,Cacat Lainnya,Laki-laki,2,2015
2306,2015,DKI Jakarta,JAKARTA TIMUR,CIPAYUNG,PONDOK RANGGON,Cacat Fisik,Laki-laki,0,2015
2307,2015,DKI Jakarta,JAKARTA TIMUR,CIPAYUNG,PONDOK RANGGON,Cacat Mental-Jiwa,Laki-laki,1,2015
2308,2015,DKI Jakarta,JAKARTA TIMUR,CIPAYUNG,PONDOK RANGGON,Cacat Lainnya,Laki-laki,0,2015
2309,2015,DKI Jakarta,JAKARTA TIMUR,CIPAYUNG,MUNJUL,Cacat Fisik,Laki-laki,3,2015
2310,2015,DKI Jakarta,JAKARTA TIMUR,CIPAYUNG,MUNJUL,Cacat Lainnya,Laki-laki,0,2015
2311,2015,DKI Jakarta,JAKARTA TIMUR,CIPAYUNG,SETU,Cacat Fisik,Laki-laki,1,2015
2312,2015,DKI Jakarta,JAKARTA TIMUR,CIPAYUNG,SETU,Cacat Rungu-Wicara,Laki-laki,0,2015
2313,2015,DKI Jakarta,JAKARTA TIMUR,CIPAYUNG,SETU,Cacat Lainnya,Laki-laki,2,2015
2314,2015,DKI Jakarta,JAKARTA TIMUR,CIPAYUNG,BAMBU APUS,Cacat Lainnya,Laki-laki,1,2015
2315,2015,DKI Jakarta,JAKARTA TIMUR,CIPAYUNG,LUBANG BUAYA,Cacat Rungu-Wicara,Laki-laki,0,2015
2316,2015,DKI Jakarta,JAKARTA TIMUR,CIPAYUNG,LUBANG BUAYA,Cacat Mental-Jiwa,Laki-laki,1,2015
2317,2015,DKI Jakarta,JAKARTA TIMUR,CIPAYUNG,LUBANG BUAYA,Cacat Lainnya,Laki-laki,1,2015
2318,2015,DKI Jakarta,JAKARTA TIMUR,CIPAYUNG,CEGER,Cacat Mental-Jiwa,Laki-laki,31,2015
2319,2015,DKI Jakarta,JAKARTA PUSAT,GAMBIR,GAMBIR,Cacat Fisik dan Mental,Perempuan,0,2015
2320,2015,DKI Jakarta,JAKARTA PUSAT,GAMBIR,CIDENG,Cacat Fisik,Perempuan,1,2015
2321,2015,DKI Jakarta,JAKARTA PUSAT,GAMBIR,CIDENG,Cacat Netra-Buta,Perempuan,0,2015
2322,2015,DKI Jakarta,JAKARTA PUSAT,GAMBIR,CIDENG,Cacat Mental-Jiwa,Perempuan,0,2015
2323,2015,DKI Jakarta,JAKARTA PUSAT,GAMBIR,CIDENG,Cacat Fisik dan Mental,Perempuan,0,2015
2324,2015,DKI Jakarta,JAKARTA PUSAT,GAMBIR,CIDENG,Cacat Lainnya,Perempuan,2,2015
2325,2015,DKI Jakarta,JAKARTA PUSAT,GAMBIR,PETOJO UTARA,Cacat Fisik,Perempuan,0,2015
2326,2015,DKI Jakarta,JAKARTA PUSAT,GAMBIR,PETOJO UTARA,Cacat Mental-Jiwa,Perempuan,1,2015
2327,2015,DKI Jakarta,JAKARTA PUSAT,GAMBIR,PETOJO UTARA,Cacat Lainnya,Perempuan,0,2015
2328,2015,DKI Jakarta,JAKARTA PUSAT,GAMBIR,PETOJO SELATAN,Cacat Rungu-Wicara,Perempuan,1,2015
2329,2015,DKI Jakarta,JAKARTA PUSAT,GAMBIR,PETOJO SELATAN,Cacat Fisik dan Mental,Perempuan,0,2015
2330,2015,DKI Jakarta,JAKARTA PUSAT,GAMBIR,PETOJO SELATAN,Cacat Lainnya,Perempuan,0,2015
2331,2015,DKI Jakarta,JAKARTA PUSAT,GAMBIR,KEBON KELAPA,Cacat Mental-Jiwa,Perempuan,1,2015
2332,2015,DKI Jakarta,JAKARTA PUSAT,GAMBIR,DURI PULO,Cacat Mental-Jiwa,Perempuan,1,2015
2333,2015,DKI Jakarta,JAKARTA PUSAT,SAWAH BESAR,PASAR BARU,Cacat Fisik,Perempuan,0,2015
2334,2015,DKI Jakarta,JAKARTA PUSAT,SAWAH BESAR,PASAR BARU,Cacat Lainnya,Perempuan,0,2015
2335,2015,DKI Jakarta,JAKARTA PUSAT,SAWAH BESAR,KARANG ANYAR,Cacat Mental-Jiwa,Perempuan,1,2015
2336,2015,DKI Jakarta,JAKARTA PUSAT,SAWAH BESAR,KARTINI,Cacat Fisik,Perempuan,0,2015
2337,2015,DKI Jakarta,JAKARTA PUSAT,SAWAH BESAR,GUNUNG SAHARI UTARA,Cacat Fisik,Perempuan,0,2015
2338,2015,DKI Jakarta,JAKARTA PUSAT,SAWAH BESAR,MANGGA DUA SELATAN,Cacat Fisik,Perempuan,0,2015
2339,2015,DKI Jakarta,JAKARTA PUSAT,KEMAYORAN,KEMAYORAN,Cacat Fisik,Perempuan,0,2015
2340,2015,DKI Jakarta,JAKARTA TIMUR,DUREN SAWIT,MALAKA SARI,Cacat Fisik dan Mental,Laki-laki,1,2015
2341,2015,DKI Jakarta,JAKARTA TIMUR,DUREN SAWIT,MALAKA JAYA,Cacat Fisik,Laki-laki,7,2015
2342,2015,DKI Jakarta,JAKARTA TIMUR,DUREN SAWIT,MALAKA JAYA,Cacat Netra-Buta,Laki-laki,2,2015
2343,2015,DKI Jakarta,JAKARTA TIMUR,DUREN SAWIT,MALAKA JAYA,Cacat Rungu-Wicara,Laki-laki,0,2015
2344,2015,DKI Jakarta,JAKARTA TIMUR,DUREN SAWIT,MALAKA JAYA,Cacat Mental-Jiwa,Laki-laki,3,2015
2345,2015,DKI Jakarta,JAKARTA TIMUR,DUREN SAWIT,MALAKA JAYA,Cacat Fisik dan Mental,Laki-laki,1,2015
2346,2015,DKI Jakarta,JAKARTA TIMUR,DUREN SAWIT,MALAKA JAYA,Cacat Lainnya,Laki-laki,1,2015
2347,2015,DKI Jakarta,JAKARTA TIMUR,DUREN SAWIT,PONDOK KOPI,Cacat Rungu-Wicara,Laki-laki,0,2015
2348,2015,DKI Jakarta,JAKARTA TIMUR,DUREN SAWIT,PONDOK KOPI,Cacat Mental-Jiwa,Laki-laki,0,2015
2349,2015,DKI Jakarta,JAKARTA TIMUR,MAKASAR,MAKASAR,Cacat Netra-Buta,Laki-laki,0,2015
2350,2015,DKI Jakarta,JAKARTA TIMUR,MAKASAR,MAKASAR,Cacat Rungu-Wicara,Laki-laki,0,2015
2351,2015,DKI Jakarta,JAKARTA TIMUR,MAKASAR,MAKASAR,Cacat Mental-Jiwa,Laki-laki,0,2015
2352,2015,DKI Jakarta,JAKARTA TIMUR,MAKASAR,MAKASAR,Cacat Fisik dan Mental,Laki-laki,0,2015
2353,2015,DKI Jakarta,JAKARTA TIMUR,MAKASAR,MAKASAR,Cacat Lainnya,Laki-laki,0,2015
2354,2015,DKI Jakarta,JAKARTA TIMUR,MAKASAR,PINANG RANTI,Cacat Fisik,Laki-laki,5,2015
2355,2015,DKI Jakarta,JAKARTA TIMUR,MAKASAR,PINANG RANTI,Cacat Netra-Buta,Laki-laki,1,2015
2356,2015,DKI Jakarta,JAKARTA TIMUR,MAKASAR,PINANG RANTI,Cacat Rungu-Wicara,Laki-laki,1,2015
2357,2015,DKI Jakarta,JAKARTA TIMUR,MAKASAR,PINANG RANTI,Cacat Mental-Jiwa,Laki-laki,1,2015
2358,2015,DKI Jakarta,JAKARTA TIMUR,MAKASAR,PINANG RANTI,Cacat Lainnya,Laki-laki,2,2015
2359,2015,DKI Jakarta,JAKARTA TIMUR,MAKASAR,KEBON PALA,Cacat Fisik,Laki-laki,0,2015
2360,2015,DKI Jakarta,JAKARTA TIMUR,MAKASAR,KEBON PALA,Cacat Lainnya,Laki-laki,2,2015
2361,2015,DKI Jakarta,JAKARTA TIMUR,MAKASAR,HALIM PERDANA KUSUMAH,Cacat Fisik,Laki-laki,1,2015
2362,2015,DKI Jakarta,JAKARTA TIMUR,MAKASAR,HALIM PERDANA KUSUMAH,Cacat Rungu-Wicara,Laki-laki,2,2015
2363,2015,DKI Jakarta,JAKARTA TIMUR,MAKASAR,HALIM PERDANA KUSUMAH,Cacat Mental-Jiwa,Laki-laki,1,2015
2364,2015,DKI Jakarta,JAKARTA TIMUR,MAKASAR,HALIM PERDANA KUSUMAH,Cacat Fisik dan Mental,Laki-laki,1,2015
2365,2015,DKI Jakarta,JAKARTA TIMUR,MAKASAR,HALIM PERDANA KUSUMAH,Cacat Lainnya,Laki-laki,2,2015
2366,2015,DKI Jakarta,JAKARTA TIMUR,MAKASAR,CIPINANG MELAYU,Cacat Fisik,Laki-laki,0,2015
2367,2015,DKI Jakarta,JAKARTA TIMUR,MAKASAR,CIPINANG MELAYU,Cacat Mental-Jiwa,Laki-laki,0,2015
2368,2015,DKI Jakarta,JAKARTA TIMUR,CIRACAS,CIRACAS,Cacat Fisik,Laki-laki,1,2015
2369,2015,DKI Jakarta,JAKARTA TIMUR,CIRACAS,CIRACAS,Cacat Mental-Jiwa,Laki-laki,0,2015
2370,2015,DKI Jakarta,JAKARTA TIMUR,CIRACAS,CIRACAS,Cacat Fisik dan Mental,Laki-laki,0,2015
2371,2015,DKI Jakarta,JAKARTA TIMUR,CIRACAS,CIRACAS,Cacat Lainnya,Laki-laki,2,2015
2372,2015,DKI Jakarta,JAKARTA TIMUR,CIRACAS,CIBUBUR,Cacat Netra-Buta,Laki-laki,1,2015
2373,2015,DKI Jakarta,JAKARTA TIMUR,CIRACAS,CIBUBUR,Cacat Rungu-Wicara,Laki-laki,4,2015
2374,2015,DKI Jakarta,JAKARTA TIMUR,CIRACAS,CIBUBUR,Cacat Mental-Jiwa,Laki-laki,1,2015
2375,2015,DKI Jakarta,JAKARTA TIMUR,CIRACAS,CIBUBUR,Cacat Lainnya,Laki-laki,5,2015
2376,2015,DKI Jakarta,JAKARTA TIMUR,CIRACAS,KELAPA DUA WETAN,Cacat Lainnya,Laki-laki,2,2015
2377,2015,DKI Jakarta,JAKARTA TIMUR,CIRACAS,SUSUKAN,Cacat Fisik,Laki-laki,0,2015
2378,2015,DKI Jakarta,JAKARTA TIMUR,CIRACAS,SUSUKAN,Cacat Netra-Buta,Laki-laki,1,2015
2379,2015,DKI Jakarta,JAKARTA TIMUR,CIRACAS,SUSUKAN,Cacat Fisik dan Mental,Laki-laki,1,2015
2380,2015,DKI Jakarta,JAKARTA TIMUR,CIRACAS,SUSUKAN,Cacat Lainnya,Laki-laki,0,2015
2381,2015,DKI Jakarta,JAKARTA TIMUR,CIRACAS,RAMBUTAN,Cacat Fisik,Laki-laki,7,2015
2382,2015,DKI Jakarta,JAKARTA TIMUR,CIRACAS,RAMBUTAN,Cacat Netra-Buta,Laki-laki,1,2015
2383,2015,DKI Jakarta,JAKARTA SELATAN,PESANGGRAHAN,PESANGGRAHAN,Cacat Rungu-Wicara,Laki-laki,1,2015
2384,2015,DKI Jakarta,JAKARTA SELATAN,PESANGGRAHAN,BINTARO,Cacat Mental-Jiwa,Laki-laki,0,2015
2385,2015,DKI Jakarta,JAKARTA SELATAN,PESANGGRAHAN,PETUKANGAN UTARA,Cacat Fisik,Laki-laki,6,2015
2386,2015,DKI Jakarta,JAKARTA SELATAN,PESANGGRAHAN,PETUKANGAN UTARA,Cacat Netra-Buta,Laki-laki,4,2015
2387,2015,DKI Jakarta,JAKARTA SELATAN,PESANGGRAHAN,PETUKANGAN UTARA,Cacat Mental-Jiwa,Laki-laki,1,2015
2388,2015,DKI Jakarta,JAKARTA SELATAN,PESANGGRAHAN,PETUKANGAN UTARA,Cacat Lainnya,Laki-laki,6,2015
2389,2015,DKI Jakarta,JAKARTA SELATAN,PESANGGRAHAN,PETUKANGAN SELATAN,Cacat Rungu-Wicara,Laki-laki,0,2015
2390,2015,DKI Jakarta,JAKARTA SELATAN,PESANGGRAHAN,PETUKANGAN SELATAN,Cacat Mental-Jiwa,Laki-laki,0,2015
2391,2015,DKI Jakarta,JAKARTA SELATAN,PESANGGRAHAN,PETUKANGAN SELATAN,Cacat Fisik dan Mental,Laki-laki,1,2015
2392,2015,DKI Jakarta,JAKARTA SELATAN,PESANGGRAHAN,PETUKANGAN SELATAN,Cacat Lainnya,Laki-laki,3,2015
2393,2015,DKI Jakarta,JAKARTA SELATAN,PESANGGRAHAN,ULUJAMI,Cacat Fisik dan Mental,Laki-laki,1,2015
2394,2015,DKI Jakarta,JAKARTA SELATAN,PESANGGRAHAN,ULUJAMI,Cacat Lainnya,Laki-laki,1,2015
2395,2015,DKI Jakarta,JAKARTA TIMUR,MATRAMAN,PISANGAN BARU,Cacat Fisik,Laki-laki,17,2015
2396,2015,DKI Jakarta,JAKARTA TIMUR,MATRAMAN,PISANGAN BARU,Cacat Netra-Buta,Laki-laki,1,2015
2397,2015,DKI Jakarta,JAKARTA TIMUR,MATRAMAN,PISANGAN BARU,Cacat Rungu-Wicara,Laki-laki,0,2015
2398,2015,DKI Jakarta,JAKARTA TIMUR,MATRAMAN,PISANGAN BARU,Cacat Mental-Jiwa,Laki-laki,10,2015
2399,2015,DKI Jakarta,JAKARTA TIMUR,MATRAMAN,PISANGAN BARU,Cacat Fisik dan Mental,Laki-laki,2,2015
2400,2015,DKI Jakarta,JAKARTA TIMUR,MATRAMAN,PISANGAN BARU,Cacat Lainnya,Laki-laki,4,2015
2401,2015,DKI Jakarta,JAKARTA TIMUR,MATRAMAN,UTAN KAYU UTARA,Cacat Fisik,Laki-laki,2,2015
2402,2015,DKI Jakarta,JAKARTA TIMUR,MATRAMAN,UTAN KAYU UTARA,Cacat Netra-Buta,Laki-laki,1,2015
2403,2015,DKI Jakarta,JAKARTA TIMUR,MATRAMAN,UTAN KAYU UTARA,Cacat Rungu-Wicara,Laki-laki,2,2015
2404,2015,DKI Jakarta,JAKARTA TIMUR,MATRAMAN,UTAN KAYU UTARA,Cacat Fisik dan Mental,Laki-laki,1,2015
2405,2015,DKI Jakarta,JAKARTA TIMUR,MATRAMAN,UTAN KAYU UTARA,Cacat Lainnya,Laki-laki,1,2015
2406,2015,DKI Jakarta,JAKARTA TIMUR,MATRAMAN,KAYU MANIS,Cacat Fisik,Laki-laki,1,2015
2407,2015,DKI Jakarta,JAKARTA TIMUR,MATRAMAN,PAL MERIAM,Cacat Fisik,Laki-laki,0,2015
2408,2015,DKI Jakarta,JAKARTA TIMUR,MATRAMAN,PAL MERIAM,Cacat Netra-Buta,Laki-laki,2,2015
2409,2015,DKI Jakarta,JAKARTA TIMUR,MATRAMAN,PAL MERIAM,Cacat Rungu-Wicara,Laki-laki,1,2015
2410,2015,DKI Jakarta,JAKARTA TIMUR,MATRAMAN,PAL MERIAM,Cacat Mental-Jiwa,Laki-laki,1,2015
2411,2015,DKI Jakarta,JAKARTA TIMUR,MATRAMAN,PAL MERIAM,Cacat Fisik dan Mental,Laki-laki,0,2015
2412,2015,DKI Jakarta,JAKARTA TIMUR,MATRAMAN,KEBON MANGGIS,Cacat Fisik,Laki-laki,1,2015
2413,2015,DKI Jakarta,JAKARTA TIMUR,MATRAMAN,KEBON MANGGIS,Cacat Fisik dan Mental,Laki-laki,1,2015
2414,2015,DKI Jakarta,JAKARTA TIMUR,MATRAMAN,UTAN KAYU SELATAN,Cacat Fisik,Laki-laki,1,2015
2415,2015,DKI Jakarta,JAKARTA TIMUR,MATRAMAN,UTAN KAYU SELATAN,Cacat Mental-Jiwa,Laki-laki,1,2015
2416,2015,DKI Jakarta,JAKARTA TIMUR,MATRAMAN,UTAN KAYU SELATAN,Cacat Lainnya,Laki-laki,1,2015
2417,2015,DKI Jakarta,JAKARTA TIMUR,PULO GADUNG,PULO GADUNG,Cacat Fisik,Laki-laki,0,2015
2418,2015,DKI Jakarta,JAKARTA TIMUR,PULO GADUNG,PULO GADUNG,Cacat Lainnya,Laki-laki,2,2015
2419,2015,DKI Jakarta,JAKARTA TIMUR,PULO GADUNG,PISANGAN TIMUR,Cacat Netra-Buta,Laki-laki,1,2015
2420,2015,DKI Jakarta,JAKARTA TIMUR,PULO GADUNG,PISANGAN TIMUR,Cacat Mental-Jiwa,Laki-laki,1,2015
2421,2015,DKI Jakarta,JAKARTA TIMUR,PULO GADUNG,PISANGAN TIMUR,Cacat Lainnya,Laki-laki,1,2015
2422,2015,DKI Jakarta,JAKARTA TIMUR,PULO GADUNG,CIPINANG,Cacat Netra-Buta,Laki-laki,1,2015
2423,2015,DKI Jakarta,JAKARTA TIMUR,PULO GADUNG,CIPINANG,Cacat Rungu-Wicara,Laki-laki,1,2015
2424,2015,DKI Jakarta,JAKARTA TIMUR,PULO GADUNG,JATINEGARA KAUM,Cacat Fisik,Laki-laki,3,2015
2425,2015,DKI Jakarta,JAKARTA TIMUR,PULO GADUNG,JATINEGARA KAUM,Cacat Mental-Jiwa,Laki-laki,0,2015
2426,2015,DKI Jakarta,JAKARTA TIMUR,PULO GADUNG,JATINEGARA KAUM,Cacat Fisik dan Mental,Laki-laki,1,2015
2427,2015,DKI Jakarta,JAKARTA TIMUR,PULO GADUNG,JATINEGARA KAUM,Cacat Lainnya,Laki-laki,1,2015
2428,2015,DKI Jakarta,JAKARTA TIMUR,PULO GADUNG,RAWAMANGUN,Cacat Fisik,Laki-laki,2,2015
2429,2015,DKI Jakarta,JAKARTA TIMUR,PULO GADUNG,RAWAMANGUN,Cacat Mental-Jiwa,Laki-laki,1,2015
2430,2015,DKI Jakarta,JAKARTA TIMUR,PULO GADUNG,KAYU PUTIH,Cacat Fisik,Laki-laki,1,2015
2431,2015,DKI Jakarta,JAKARTA TIMUR,PULO GADUNG,KAYU PUTIH,Cacat Mental-Jiwa,Laki-laki,0,2015
2432,2015,DKI Jakarta,JAKARTA TIMUR,PULO GADUNG,JATI,Cacat Fisik,Laki-laki,2,2015
2433,2015,DKI Jakarta,JAKARTA TIMUR,PULO GADUNG,JATI,Cacat Fisik dan Mental,Laki-laki,0,2015
2434,2015,DKI Jakarta,JAKARTA TIMUR,PULO GADUNG,JATI,Cacat Lainnya,Laki-laki,1,2015
2435,2015,DKI Jakarta,JAKARTA TIMUR,JATINEGARA,KAMPUNG MELAYU,Cacat Mental-Jiwa,Laki-laki,1,2015
2436,2015,DKI Jakarta,JAKARTA TIMUR,JATINEGARA,KAMPUNG MELAYU,Cacat Fisik dan Mental,Laki-laki,1,2015
2437,2015,DKI Jakarta,JAKARTA TIMUR,JATINEGARA,BIDARA CINA,Cacat Fisik,Laki-laki,6,2015
2438,2015,DKI Jakarta,JAKARTA TIMUR,JATINEGARA,BIDARA CINA,Cacat Rungu-Wicara,Laki-laki,1,2015
2439,2015,DKI Jakarta,JAKARTA TIMUR,JATINEGARA,BIDARA CINA,Cacat Fisik dan Mental,Laki-laki,1,2015
2440,2015,DKI Jakarta,JAKARTA TIMUR,JATINEGARA,BIDARA CINA,Cacat Lainnya,Laki-laki,7,2015
2441,2015,DKI Jakarta,JAKARTA TIMUR,JATINEGARA,BALI MESTER,Cacat Mental-Jiwa,Laki-laki,0,2015
2442,2015,DKI Jakarta,JAKARTA TIMUR,JATINEGARA,BALI MESTER,Cacat Fisik dan Mental,Laki-laki,1,2015
2443,2015,DKI Jakarta,JAKARTA TIMUR,JATINEGARA,BALI MESTER,Cacat Lainnya,Laki-laki,2,2015
2444,2015,DKI Jakarta,JAKARTA TIMUR,JATINEGARA,RAWA BUNGA,Cacat Fisik,Laki-laki,2,2015
2445,2015,DKI Jakarta,JAKARTA TIMUR,JATINEGARA,RAWA BUNGA,Cacat Mental-Jiwa,Laki-laki,1,2015
2446,2015,DKI Jakarta,JAKARTA TIMUR,JATINEGARA,RAWA BUNGA,Cacat Lainnya,Laki-laki,1,2015
2447,2015,DKI Jakarta,JAKARTA TIMUR,JATINEGARA,CIPINANG CEMPEDAK,Cacat Fisik,Laki-laki,1,2015
2448,2015,DKI Jakarta,JAKARTA TIMUR,JATINEGARA,CIPINANG CEMPEDAK,Cacat Rungu-Wicara,Laki-laki,1,2015
2449,2015,DKI Jakarta,JAKARTA TIMUR,JATINEGARA,CIPINANG CEMPEDAK,Cacat Mental-Jiwa,Laki-laki,0,2015
2450,2015,DKI Jakarta,JAKARTA TIMUR,JATINEGARA,CIPINANG CEMPEDAK,Cacat Fisik dan Mental,Laki-laki,3,2015
2451,2015,DKI Jakarta,JAKARTA TIMUR,JATINEGARA,CIPINANG MUARA,Cacat Mental-Jiwa,Laki-laki,0,2015
2452,2015,DKI Jakarta,JAKARTA TIMUR,JATINEGARA,CIPINANG MUARA,Cacat Fisik dan Mental,Laki-laki,2,2015
2453,2015,DKI Jakarta,JAKARTA TIMUR,JATINEGARA,CIPINANG BESAR SELATAN,Cacat Fisik,Laki-laki,1,2015
2454,2015,DKI Jakarta,JAKARTA TIMUR,JATINEGARA,CIPINANG BESAR SELATAN,Cacat Netra-Buta,Laki-laki,3,2015
2455,2015,DKI Jakarta,JAKARTA TIMUR,JATINEGARA,CIPINANG BESAR SELATAN,Cacat Rungu-Wicara,Laki-laki,3,2015
2456,2015,DKI Jakarta,JAKARTA TIMUR,JATINEGARA,CIPINANG BESAR SELATAN,Cacat Fisik dan Mental,Laki-laki,0,2015
2457,2015,DKI Jakarta,JAKARTA TIMUR,JATINEGARA,CIPINANG BESAR SELATAN,Cacat Lainnya,Laki-laki,0,2015
2458,2015,DKI Jakarta,JAKARTA TIMUR,JATINEGARA,CIPINANG BESAR UTARA,Cacat Fisik,Laki-laki,1,2015
2459,2015,DKI Jakarta,JAKARTA TIMUR,JATINEGARA,CIPINANG BESAR UTARA,Cacat Lainnya,Laki-laki,0,2015
2460,2015,DKI Jakarta,JAKARTA TIMUR,KRAMAT JATI,KRAMAT JATI,Cacat Netra-Buta,Laki-laki,0,2015
2461,2015,DKI Jakarta,JAKARTA TIMUR,KRAMAT JATI,KRAMAT JATI,Cacat Rungu-Wicara,Laki-laki,1,2015
2462,2015,DKI Jakarta,JAKARTA TIMUR,KRAMAT JATI,KRAMAT JATI,Cacat Lainnya,Laki-laki,1,2015
2463,2015,DKI Jakarta,JAKARTA TIMUR,KRAMAT JATI,KAMPUNG TENGAH,Cacat Mental-Jiwa,Laki-laki,0,2015
2464,2015,DKI Jakarta,JAKARTA TIMUR,KRAMAT JATI,KAMPUNG TENGAH,Cacat Lainnya,Laki-laki,1,2015
2465,2015,DKI Jakarta,JAKARTA TIMUR,KRAMAT JATI,DUKUH,Cacat Rungu-Wicara,Laki-laki,1,2015
2466,2015,DKI Jakarta,JAKARTA TIMUR,KRAMAT JATI,DUKUH,Cacat Mental-Jiwa,Laki-laki,2,2015
2467,2015,DKI Jakarta,JAKARTA UTARA,PENJARINGAN,PENJARINGAN,Cacat Lainnya,Perempuan,2,2015
2468,2015,DKI Jakarta,JAKARTA UTARA,PENJARINGAN,KAPUK MUARA,Cacat Fisik,Perempuan,2,2015
2469,2015,DKI Jakarta,JAKARTA UTARA,PENJARINGAN,KAPUK MUARA,Cacat Netra-Buta,Perempuan,1,2015
2470,2015,DKI Jakarta,JAKARTA UTARA,PENJARINGAN,KAPUK MUARA,Cacat Rungu-Wicara,Perempuan,0,2015
2471,2015,DKI Jakarta,JAKARTA UTARA,PENJARINGAN,KAPUK MUARA,Cacat Fisik dan Mental,Perempuan,2,2015
2472,2015,DKI Jakarta,JAKARTA UTARA,PENJARINGAN,KAPUK MUARA,Cacat Lainnya,Perempuan,2,2015
2473,2015,DKI Jakarta,JAKARTA UTARA,PENJARINGAN,PEJAGALAN,Cacat Fisik,Perempuan,3,2015
2474,2015,DKI Jakarta,JAKARTA UTARA,PENJARINGAN,PEJAGALAN,Cacat Netra-Buta,Perempuan,2,2015
2475,2015,DKI Jakarta,JAKARTA UTARA,PENJARINGAN,PEJAGALAN,Cacat Rungu-Wicara,Perempuan,5,2015
2476,2015,DKI Jakarta,JAKARTA UTARA,PENJARINGAN,PEJAGALAN,Cacat Mental-Jiwa,Perempuan,3,2015
2477,2015,DKI Jakarta,JAKARTA UTARA,PENJARINGAN,PEJAGALAN,Cacat Fisik dan Mental,Perempuan,0,2015
2478,2015,DKI Jakarta,JAKARTA UTARA,PENJARINGAN,PLUIT,Cacat Mental-Jiwa,Perempuan,1,2015
2479,2015,DKI Jakarta,JAKARTA UTARA,TANJUNG PRIOK,TANJUNG PRIOK,Cacat Fisik,Perempuan,0,2015
2480,2015,DKI Jakarta,JAKARTA UTARA,TANJUNG PRIOK,TANJUNG PRIOK,Cacat Mental-Jiwa,Perempuan,0,2015
2481,2015,DKI Jakarta,JAKARTA UTARA,TANJUNG PRIOK,SUNTER JAYA,Cacat Fisik,Perempuan,1,2015
2482,2015,DKI Jakarta,JAKARTA UTARA,TANJUNG PRIOK,PAPANGGO,Cacat Netra-Buta,Perempuan,2,2015
2483,2015,DKI Jakarta,JAKARTA UTARA,TANJUNG PRIOK,PAPANGGO,Cacat Rungu-Wicara,Perempuan,1,2015
2484,2015,DKI Jakarta,JAKARTA UTARA,TANJUNG PRIOK,PAPANGGO,Cacat Mental-Jiwa,Perempuan,0,2015
2485,2015,DKI Jakarta,JAKARTA UTARA,TANJUNG PRIOK,PAPANGGO,Cacat Fisik dan Mental,Perempuan,0,2015
2486,2015,DKI Jakarta,JAKARTA UTARA,TANJUNG PRIOK,PAPANGGO,Cacat Lainnya,Perempuan,2,2015
2487,2015,DKI Jakarta,JAKARTA UTARA,TANJUNG PRIOK,SUNGAI BAMBU,Cacat Fisik,Perempuan,1,2015
2488,2015,DKI Jakarta,JAKARTA UTARA,TANJUNG PRIOK,SUNGAI BAMBU,Cacat Mental-Jiwa,Perempuan,0,2015
2489,2015,DKI Jakarta,JAKARTA UTARA,TANJUNG PRIOK,SUNGAI BAMBU,Cacat Lainnya,Perempuan,2,2015
2490,2015,DKI Jakarta,JAKARTA UTARA,TANJUNG PRIOK,KEBON BAWANG,Cacat Fisik,Perempuan,10,2015
2491,2015,DKI Jakarta,JAKARTA UTARA,TANJUNG PRIOK,KEBON BAWANG,Cacat Netra-Buta,Perempuan,0,2015
2492,2015,DKI Jakarta,JAKARTA UTARA,TANJUNG PRIOK,KEBON BAWANG,Cacat Rungu-Wicara,Perempuan,3,2015
2493,2015,DKI Jakarta,JAKARTA UTARA,TANJUNG PRIOK,KEBON BAWANG,Cacat Mental-Jiwa,Perempuan,0,2015
2494,2015,DKI Jakarta,JAKARTA UTARA,TANJUNG PRIOK,KEBON BAWANG,Cacat Fisik dan Mental,Perempuan,1,2015
2495,2015,DKI Jakarta,JAKARTA UTARA,TANJUNG PRIOK,KEBON BAWANG,Cacat Lainnya,Perempuan,1,2015
2496,2015,DKI Jakarta,JAKARTA UTARA,TANJUNG PRIOK,SUNTER AGUNG,Cacat Rungu-Wicara,Perempuan,0,2015
2497,2015,DKI Jakarta,JAKARTA UTARA,TANJUNG PRIOK,SUNTER AGUNG,Cacat Mental-Jiwa,Perempuan,0,2015
2498,2015,DKI Jakarta,JAKARTA UTARA,TANJUNG PRIOK,SUNTER AGUNG,Cacat Fisik dan Mental,Perempuan,0,2015
2499,2015,DKI Jakarta,JAKARTA UTARA,TANJUNG PRIOK,SUNTER AGUNG,Cacat Lainnya,Perempuan,0,2015
2500,2015,DKI Jakarta,JAKARTA UTARA,TANJUNG PRIOK,WARAKAS,Cacat Lainnya,Perempuan,0,2015
2501,2015,DKI Jakarta,JAKARTA UTARA,KOJA,KOJA,Cacat Mental-Jiwa,Perempuan,0,2015
2502,2015,DKI Jakarta,JAKARTA UTARA,KOJA,KOJA,Cacat Lainnya,Perempuan,0,2015
2503,2015,DKI Jakarta,JAKARTA UTARA,KOJA,TUGU UTARA,Cacat Fisik,Perempuan,2,2015
2504,2015,DKI Jakarta,JAKARTA UTARA,KOJA,TUGU UTARA,Cacat Netra-Buta,Perempuan,1,2015
2505,2015,DKI Jakarta,JAKARTA UTARA,KOJA,TUGU UTARA,Cacat Mental-Jiwa,Perempuan,0,2015
2506,2015,DKI Jakarta,JAKARTA UTARA,KOJA,TUGU UTARA,Cacat Lainnya,Perempuan,5,2015
2507,2015,DKI Jakarta,JAKARTA UTARA,KOJA,LAGOA,Cacat Fisik,Perempuan,0,2015
2508,2015,DKI Jakarta,JAKARTA UTARA,KOJA,LAGOA,Cacat Rungu-Wicara,Perempuan,0,2015
2509,2015,DKI Jakarta,JAKARTA UTARA,KOJA,LAGOA,Cacat Mental-Jiwa,Perempuan,0,2015
2510,2015,DKI Jakarta,JAKARTA UTARA,KOJA,LAGOA,Cacat Fisik dan Mental,Perempuan,2,2015
2511,2015,DKI Jakarta,JAKARTA UTARA,KOJA,RAWA BADAK UTARA,Cacat Lainnya,Perempuan,1,2015
2512,2015,DKI Jakarta,JAKARTA UTARA,KOJA,TUGU SELATAN,Cacat Fisik,Perempuan,13,2015
2513,2015,DKI Jakarta,JAKARTA UTARA,KOJA,TUGU SELATAN,Cacat Lainnya,Perempuan,2,2015
2514,2015,DKI Jakarta,JAKARTA UTARA,KOJA,RAWA BADAK SELATAN,Cacat Fisik,Perempuan,1,2015
2515,2015,DKI Jakarta,JAKARTA UTARA,KOJA,RAWA BADAK SELATAN,Cacat Rungu-Wicara,Perempuan,0,2015
2516,2015,DKI Jakarta,JAKARTA UTARA,KOJA,RAWA BADAK SELATAN,Cacat Fisik dan Mental,Perempuan,1,2015
2517,2015,DKI Jakarta,JAKARTA UTARA,KOJA,RAWA BADAK SELATAN,Cacat Lainnya,Perempuan,86,2015
2518,2015,DKI Jakarta,JAKARTA UTARA,CILINCING,CILINCING,Cacat Fisik,Perempuan,1,2015
2519,2015,DKI Jakarta,JAKARTA UTARA,CILINCING,CILINCING,Cacat Lainnya,Perempuan,1,2015
2520,2015,DKI Jakarta,JAKARTA UTARA,CILINCING,SUKAPURA,Cacat Fisik,Perempuan,1,2015
2521,2015,DKI Jakarta,JAKARTA UTARA,CILINCING,SUKAPURA,Cacat Lainnya,Perempuan,0,2015
2522,2015,DKI Jakarta,JAKARTA UTARA,CILINCING,MARUNDA,Cacat Fisik,Perempuan,2,2015
2523,2015,DKI Jakarta,JAKARTA UTARA,CILINCING,MARUNDA,Cacat Rungu-Wicara,Perempuan,0,2015
2524,2015,DKI Jakarta,JAKARTA UTARA,CILINCING,MARUNDA,Cacat Fisik dan Mental,Perempuan,0,2015
2525,2015,DKI Jakarta,JAKARTA UTARA,CILINCING,MARUNDA,Cacat Lainnya,Perempuan,0,2015
2526,2015,DKI Jakarta,JAKARTA UTARA,CILINCING,KALI BARU,Cacat Fisik,Perempuan,0,2015
2527,2015,DKI Jakarta,JAKARTA UTARA,CILINCING,KALI BARU,Cacat Lainnya,Perempuan,0,2015
2528,2015,DKI Jakarta,JAKARTA UTARA,CILINCING,SEMPER TIMUR,Cacat Lainnya,Perempuan,2,2015
2529,2015,DKI Jakarta,JAKARTA UTARA,CILINCING,ROROTAN,Cacat Fisik,Perempuan,0,2015
2530,2015,DKI Jakarta,JAKARTA UTARA,CILINCING,ROROTAN,Cacat Netra-Buta,Perempuan,3,2015
2531,2015,DKI Jakarta,JAKARTA UTARA,CILINCING,ROROTAN,Cacat Rungu-Wicara,Perempuan,1,2015
2532,2015,DKI Jakarta,JAKARTA UTARA,CILINCING,ROROTAN,Cacat Mental-Jiwa,Perempuan,2,2015
2533,2015,DKI Jakarta,JAKARTA UTARA,CILINCING,ROROTAN,Cacat Lainnya,Perempuan,1,2015
2534,2015,DKI Jakarta,JAKARTA UTARA,CILINCING,SEMPER BARAT,Cacat Lainnya,Perempuan,2,2015
2535,2015,DKI Jakarta,JAKARTA UTARA,PADEMANGAN,PADEMANGAN TIMUR,Cacat Fisik,Perempuan,4,2015
2536,2015,DKI Jakarta,JAKARTA UTARA,PADEMANGAN,PADEMANGAN TIMUR,Cacat Netra-Buta,Perempuan,1,2015
2537,2015,DKI Jakarta,JAKARTA UTARA,PADEMANGAN,PADEMANGAN TIMUR,Cacat Rungu-Wicara,Perempuan,1,2015
2538,2015,DKI Jakarta,JAKARTA UTARA,PADEMANGAN,PADEMANGAN TIMUR,Cacat Mental-Jiwa,Perempuan,1,2015
2539,2015,DKI Jakarta,JAKARTA UTARA,PADEMANGAN,PADEMANGAN TIMUR,Cacat Fisik dan Mental,Perempuan,0,2015
2540,2015,DKI Jakarta,JAKARTA UTARA,PADEMANGAN,PADEMANGAN TIMUR,Cacat Lainnya,Perempuan,1,2015
2541,2015,DKI Jakarta,JAKARTA UTARA,PADEMANGAN,PADEMANGAN BARAT,Cacat Fisik,Perempuan,0,2015
2542,2015,DKI Jakarta,JAKARTA UTARA,PADEMANGAN,PADEMANGAN BARAT,Cacat Mental-Jiwa,Perempuan,1,2015
2543,2015,DKI Jakarta,JAKARTA UTARA,PADEMANGAN,PADEMANGAN BARAT,Cacat Lainnya,Perempuan,1,2015
2544,2015,DKI Jakarta,JAKARTA UTARA,PADEMANGAN,ANCOL,Cacat Fisik,Perempuan,2,2015
2545,2015,DKI Jakarta,JAKARTA UTARA,PADEMANGAN,ANCOL,Cacat Netra-Buta,Perempuan,0,2015
2546,2015,DKI Jakarta,JAKARTA UTARA,PADEMANGAN,ANCOL,Cacat Mental-Jiwa,Perempuan,2,2015
2547,2015,DKI Jakarta,JAKARTA UTARA,PADEMANGAN,ANCOL,Cacat Fisik dan Mental,Perempuan,1,2015
2548,2015,DKI Jakarta,JAKARTA UTARA,PADEMANGAN,ANCOL,Cacat Lainnya,Perempuan,0,2015
2549,2015,DKI Jakarta,JAKARTA UTARA,KELAPA GADING,KELAPA GADING TIMUR,Cacat Fisik,Perempuan,0,2015
2550,2015,DKI Jakarta,JAKARTA UTARA,KELAPA GADING,KELAPA GADING TIMUR,Cacat Mental-Jiwa,Perempuan,1,2015
2551,2015,DKI Jakarta,JAKARTA UTARA,KELAPA GADING,KELAPA GADING TIMUR,Cacat Lainnya,Perempuan,1,2015
2552,2015,DKI Jakarta,JAKARTA UTARA,KELAPA GADING,PEGANGSAAN DUA,Cacat Lainnya,Perempuan,1,2015
2553,2015,DKI Jakarta,JAKARTA UTARA,KELAPA GADING,KELAPA GADING BARAT,Cacat Mental-Jiwa,Perempuan,0,2015
2554,2015,DKI Jakarta,JAKARTA UTARA,KELAPA GADING,KELAPA GADING BARAT,Cacat Fisik dan Mental,Perempuan,0,2015
2555,2015,DKI Jakarta,JAKARTA BARAT,CENGKARENG,CENGKARENG BARAT,Cacat Fisik,Perempuan,0,2015
2556,2015,DKI Jakarta,JAKARTA BARAT,CENGKARENG,CENGKARENG BARAT,Cacat Netra-Buta,Perempuan,0,2015
2557,2015,DKI Jakarta,JAKARTA BARAT,CENGKARENG,CENGKARENG BARAT,Cacat Rungu-Wicara,Perempuan,0,2015
2558,2015,DKI Jakarta,JAKARTA BARAT,CENGKARENG,CENGKARENG BARAT,Cacat Mental-Jiwa,Perempuan,61,2015
2559,2015,DKI Jakarta,JAKARTA BARAT,CENGKARENG,CENGKARENG BARAT,Cacat Fisik dan Mental,Perempuan,5,2015
2560,2015,DKI Jakarta,JAKARTA BARAT,CENGKARENG,CENGKARENG BARAT,Cacat Lainnya,Perempuan,1,2015
2561,2015,DKI Jakarta,JAKARTA BARAT,CENGKARENG,DURI KOSAMBI,Cacat Fisik,Perempuan,1,2015
2562,2015,DKI Jakarta,JAKARTA BARAT,CENGKARENG,DURI KOSAMBI,Cacat Netra-Buta,Perempuan,1,2015
2563,2015,DKI Jakarta,JAKARTA BARAT,CENGKARENG,DURI KOSAMBI,Cacat Rungu-Wicara,Perempuan,0,2015
2564,2015,DKI Jakarta,JAKARTA BARAT,CENGKARENG,DURI KOSAMBI,Cacat Lainnya,Perempuan,11,2015
2565,2015,DKI Jakarta,JAKARTA BARAT,CENGKARENG,RAWA BUAYA,Cacat Fisik,Perempuan,3,2015
2566,2015,DKI Jakarta,JAKARTA BARAT,CENGKARENG,RAWA BUAYA,Cacat Rungu-Wicara,Perempuan,2,2015
2567,2015,DKI Jakarta,JAKARTA BARAT,CENGKARENG,RAWA BUAYA,Cacat Mental-Jiwa,Perempuan,0,2015
2568,2015,DKI Jakarta,JAKARTA BARAT,CENGKARENG,RAWA BUAYA,Cacat Fisik dan Mental,Perempuan,0,2015
2569,2015,DKI Jakarta,JAKARTA BARAT,CENGKARENG,RAWA BUAYA,Cacat Lainnya,Perempuan,2,2015
2570,2015,DKI Jakarta,JAKARTA BARAT,CENGKARENG,KEDAUNG KALI ANGKE,Cacat Fisik,Perempuan,1,2015
2571,2015,DKI Jakarta,JAKARTA BARAT,CENGKARENG,KEDAUNG KALI ANGKE,Cacat Rungu-Wicara,Perempuan,0,2015
2572,2015,DKI Jakarta,JAKARTA BARAT,CENGKARENG,KEDAUNG KALI ANGKE,Cacat Lainnya,Perempuan,0,2015
2573,2015,DKI Jakarta,JAKARTA BARAT,CENGKARENG,KAPUK,Cacat Fisik,Perempuan,5,2015
2574,2015,DKI Jakarta,JAKARTA BARAT,CENGKARENG,KAPUK,Cacat Netra-Buta,Perempuan,1,2015
2575,2015,DKI Jakarta,JAKARTA BARAT,CENGKARENG,KAPUK,Cacat Rungu-Wicara,Perempuan,4,2015
2576,2015,DKI Jakarta,JAKARTA BARAT,CENGKARENG,KAPUK,Cacat Mental-Jiwa,Perempuan,1,2015
2577,2015,DKI Jakarta,JAKARTA BARAT,CENGKARENG,KAPUK,Cacat Fisik dan Mental,Perempuan,1,2015
2578,2015,DKI Jakarta,JAKARTA BARAT,CENGKARENG,KAPUK,Cacat Lainnya,Perempuan,4,2015
2579,2015,DKI Jakarta,JAKARTA BARAT,CENGKARENG,CENGKARENG TIMUR,Cacat Fisik,Perempuan,13,2015
2580,2015,DKI Jakarta,JAKARTA BARAT,CENGKARENG,CENGKARENG TIMUR,Cacat Mental-Jiwa,Perempuan,2,2015
2581,2015,DKI Jakarta,JAKARTA BARAT,CENGKARENG,CENGKARENG TIMUR,Cacat Fisik dan Mental,Perempuan,1,2015
2582,2015,DKI Jakarta,JAKARTA BARAT,CENGKARENG,CENGKARENG TIMUR,Cacat Lainnya,Perempuan,6,2015
2583,2015,DKI Jakarta,JAKARTA BARAT,GROGOL PETAMBURAN,GROGOL,Cacat Fisik,Perempuan,1,2015
2584,2015,DKI Jakarta,JAKARTA BARAT,GROGOL PETAMBURAN,GROGOL,Cacat Rungu-Wicara,Perempuan,0,2015
2585,2015,DKI Jakarta,JAKARTA BARAT,GROGOL PETAMBURAN,GROGOL,Cacat Mental-Jiwa,Perempuan,1,2015
2586,2015,DKI Jakarta,JAKARTA BARAT,GROGOL PETAMBURAN,GROGOL,Cacat Fisik dan Mental,Perempuan,0,2015
2587,2015,DKI Jakarta,JAKARTA BARAT,GROGOL PETAMBURAN,GROGOL,Cacat Lainnya,Perempuan,2,2015
2588,2015,DKI Jakarta,JAKARTA BARAT,GROGOL PETAMBURAN,TANJUNG DUREN UTARA,Cacat Fisik,Perempuan,1,2015
2589,2015,DKI Jakarta,JAKARTA BARAT,GROGOL PETAMBURAN,TANJUNG DUREN UTARA,Cacat Lainnya,Perempuan,1,2015
2590,2015,DKI Jakarta,JAKARTA BARAT,GROGOL PETAMBURAN,TOMANG,Cacat Fisik,Perempuan,0,2015
2591,2015,DKI Jakarta,JAKARTA BARAT,GROGOL PETAMBURAN,TOMANG,Cacat Netra-Buta,Perempuan,1,2015
2592,2015,DKI Jakarta,JAKARTA BARAT,GROGOL PETAMBURAN,TOMANG,Cacat Rungu-Wicara,Perempuan,3,2015
2593,2015,DKI Jakarta,JAKARTA BARAT,GROGOL PETAMBURAN,TOMANG,Cacat Mental-Jiwa,Perempuan,2,2015
2594,2015,DKI Jakarta,JAKARTA BARAT,TAMBORA,TAMBORA,Cacat Fisik,Perempuan,0,2015
2595,2015,DKI Jakarta,JAKARTA BARAT,TAMBORA,TAMBORA,Cacat Mental-Jiwa,Perempuan,0,2015
2596,2015,DKI Jakarta,JAKARTA BARAT,TAMBORA,TAMBORA,Cacat Lainnya,Perempuan,0,2015
2597,2015,DKI Jakarta,JAKARTA BARAT,TAMBORA,KALI ANYAR,Cacat Fisik,Perempuan,0,2015
2598,2015,DKI Jakarta,JAKARTA BARAT,TAMBORA,KALI ANYAR,Cacat Netra-Buta,Perempuan,0,2015
2599,2015,DKI Jakarta,JAKARTA BARAT,TAMBORA,KALI ANYAR,Cacat Rungu-Wicara,Perempuan,2,2015
2600,2015,DKI Jakarta,JAKARTA BARAT,TAMBORA,KALI ANYAR,Cacat Mental-Jiwa,Perempuan,0,2015
2601,2015,DKI Jakarta,JAKARTA BARAT,TAMBORA,DURI UTARA,Cacat Netra-Buta,Perempuan,1,2015
2602,2015,DKI Jakarta,JAKARTA BARAT,TAMBORA,DURI UTARA,Cacat Mental-Jiwa,Perempuan,1,2015
2603,2015,DKI Jakarta,JAKARTA BARAT,TAMBORA,TANAH SEREAL,Cacat Fisik,Perempuan,6,2015
2604,2015,DKI Jakarta,JAKARTA BARAT,TAMBORA,TANAH SEREAL,Cacat Netra-Buta,Perempuan,0,2015
2605,2015,DKI Jakarta,JAKARTA BARAT,TAMBORA,TANAH SEREAL,Cacat Rungu-Wicara,Perempuan,1,2015
2606,2015,DKI Jakarta,JAKARTA BARAT,TAMBORA,TANAH SEREAL,Cacat Mental-Jiwa,Perempuan,3,2015
2607,2015,DKI Jakarta,JAKARTA BARAT,TAMBORA,TANAH SEREAL,Cacat Fisik dan Mental,Perempuan,1,2015
2608,2015,DKI Jakarta,JAKARTA BARAT,TAMBORA,TANAH SEREAL,Cacat Lainnya,Perempuan,0,2015
2609,2015,DKI Jakarta,JAKARTA BARAT,TAMBORA,KERENDANG,Cacat Fisik,Perempuan,0,2015
2610,2015,DKI Jakarta,JAKARTA BARAT,TAMBORA,KERENDANG,Cacat Mental-Jiwa,Perempuan,1,2015
2611,2015,DKI Jakarta,JAKARTA BARAT,TAMBORA,KERENDANG,Cacat Lainnya,Perempuan,2,2015
2612,2015,DKI Jakarta,JAKARTA BARAT,TAMBORA,JEMBATAN BESI,Cacat Fisik,Perempuan,5,2015
2613,2015,DKI Jakarta,JAKARTA BARAT,TAMBORA,JEMBATAN BESI,Cacat Rungu-Wicara,Perempuan,1,2015
2614,2015,DKI Jakarta,JAKARTA BARAT,TAMBORA,JEMBATAN BESI,Cacat Mental-Jiwa,Perempuan,2,2015
2615,2015,DKI Jakarta,JAKARTA BARAT,TAMBORA,JEMBATAN BESI,Cacat Fisik dan Mental,Perempuan,0,2015
2616,2015,DKI Jakarta,JAKARTA BARAT,TAMBORA,JEMBATAN BESI,Cacat Lainnya,Perempuan,1,2015
2617,2015,DKI Jakarta,JAKARTA BARAT,TAMBORA,ANGKE,Cacat Fisik,Perempuan,1,2015
2618,2015,DKI Jakarta,JAKARTA BARAT,TAMBORA,ANGKE,Cacat Netra-Buta,Perempuan,0,2015
2619,2015,DKI Jakarta,JAKARTA BARAT,TAMBORA,ANGKE,Cacat Rungu-Wicara,Perempuan,0,2015
2620,2015,DKI Jakarta,JAKARTA BARAT,TAMBORA,ANGKE,Cacat Mental-Jiwa,Perempuan,0,2015
2621,2015,DKI Jakarta,JAKARTA BARAT,TAMBORA,ANGKE,Cacat Fisik dan Mental,Perempuan,0,2015
2622,2015,DKI Jakarta,JAKARTA BARAT,TAMBORA,ANGKE,Cacat Lainnya,Perempuan,0,2015
2623,2015,DKI Jakarta,JAKARTA BARAT,TAMBORA,JEMBATAN LIMA,Cacat Fisik,Perempuan,0,2015
2624,2015,DKI Jakarta,JAKARTA BARAT,TAMBORA,JEMBATAN LIMA,Cacat Rungu-Wicara,Perempuan,3,2015
2625,2015,DKI Jakarta,JAKARTA BARAT,TAMBORA,JEMBATAN LIMA,Cacat Mental-Jiwa,Perempuan,0,2015
2626,2015,DKI Jakarta,JAKARTA BARAT,TAMBORA,JEMBATAN LIMA,Cacat Fisik dan Mental,Perempuan,2,2015
2627,2015,DKI Jakarta,JAKARTA BARAT,TAMBORA,JEMBATAN LIMA,Cacat Lainnya,Perempuan,1,2015
2628,2015,DKI Jakarta,JAKARTA BARAT,TAMBORA,PEKOJAN,Cacat Fisik,Perempuan,1,2015
2629,2015,DKI Jakarta,JAKARTA BARAT,TAMBORA,PEKOJAN,Cacat Netra-Buta,Perempuan,4,2015
2630,2015,DKI Jakarta,JAKARTA BARAT,TAMBORA,PEKOJAN,Cacat Rungu-Wicara,Perempuan,4,2015
2631,2015,DKI Jakarta,JAKARTA BARAT,TAMBORA,PEKOJAN,Cacat Mental-Jiwa,Perempuan,3,2015
2632,2015,DKI Jakarta,JAKARTA BARAT,TAMBORA,PEKOJAN,Cacat Fisik dan Mental,Perempuan,3,2015
2633,2015,DKI Jakarta,JAKARTA BARAT,TAMBORA,PEKOJAN,Cacat Lainnya,Perempuan,1,2015
2634,2015,DKI Jakarta,JAKARTA BARAT,TAMBORA,ROA MALAKA,Cacat Fisik,Perempuan,1,2015
2635,2015,DKI Jakarta,JAKARTA BARAT,TAMBORA,ROA MALAKA,Cacat Fisik dan Mental,Perempuan,1,2015
2636,2015,DKI Jakarta,JAKARTA BARAT,TAMBORA,DURI SELATAN,Cacat Fisik,Perempuan,0,2015
2637,2015,DKI Jakarta,JAKARTA BARAT,GROGOL PETAMBURAN,TOMANG,Cacat Lainnya,Perempuan,6,2015
2638,2015,DKI Jakarta,JAKARTA BARAT,GROGOL PETAMBURAN,JELAMBAR,Cacat Fisik,Perempuan,1,2015
2639,2015,DKI Jakarta,JAKARTA BARAT,GROGOL PETAMBURAN,JELAMBAR,Cacat Rungu-Wicara,Perempuan,2,2015
2640,2015,DKI Jakarta,JAKARTA BARAT,GROGOL PETAMBURAN,JELAMBAR,Cacat Mental-Jiwa,Perempuan,0,2015
2641,2015,DKI Jakarta,JAKARTA BARAT,GROGOL PETAMBURAN,JELAMBAR,Cacat Fisik dan Mental,Perempuan,1,2015
2642,2015,DKI Jakarta,JAKARTA BARAT,GROGOL PETAMBURAN,JELAMBAR,Cacat Lainnya,Perempuan,2,2015
2643,2015,DKI Jakarta,JAKARTA BARAT,GROGOL PETAMBURAN,TANJUNG DUREN SELATAN,Cacat Fisik,Perempuan,0,2015
2644,2015,DKI Jakarta,JAKARTA BARAT,GROGOL PETAMBURAN,JELAMBAR BARU,Cacat Fisik,Perempuan,6,2015
2645,2015,DKI Jakarta,JAKARTA BARAT,GROGOL PETAMBURAN,JELAMBAR BARU,Cacat Netra-Buta,Perempuan,0,2015
2646,2015,DKI Jakarta,JAKARTA BARAT,GROGOL PETAMBURAN,JELAMBAR BARU,Cacat Rungu-Wicara,Perempuan,0,2015
2647,2015,DKI Jakarta,JAKARTA BARAT,GROGOL PETAMBURAN,JELAMBAR BARU,Cacat Mental-Jiwa,Perempuan,2,2015
2648,2015,DKI Jakarta,JAKARTA BARAT,GROGOL PETAMBURAN,WIJAYA KUSUMA,Cacat Fisik,Perempuan,5,2015
2649,2015,DKI Jakarta,JAKARTA BARAT,GROGOL PETAMBURAN,WIJAYA KUSUMA,Cacat Netra-Buta,Perempuan,2,2015
2650,2015,DKI Jakarta,JAKARTA BARAT,GROGOL PETAMBURAN,WIJAYA KUSUMA,Cacat Rungu-Wicara,Perempuan,0,2015
2651,2015,DKI Jakarta,JAKARTA BARAT,GROGOL PETAMBURAN,WIJAYA KUSUMA,Cacat Mental-Jiwa,Perempuan,22,2015
2652,2015,DKI Jakarta,JAKARTA BARAT,GROGOL PETAMBURAN,WIJAYA KUSUMA,Cacat Lainnya,Perempuan,1,2015
2653,2015,DKI Jakarta,JAKARTA BARAT,TAMAN SARI,TAMAN SARI,Cacat Fisik,Perempuan,2,2015
2654,2015,DKI Jakarta,JAKARTA BARAT,TAMAN SARI,TAMAN SARI,Cacat Rungu-Wicara,Perempuan,1,2015
2655,2015,DKI Jakarta,JAKARTA BARAT,TAMAN SARI,TAMAN SARI,Cacat Fisik dan Mental,Perempuan,1,2015
2656,2015,DKI Jakarta,JAKARTA BARAT,TAMAN SARI,KRUKUT,Cacat Netra-Buta,Perempuan,0,2015
2657,2015,DKI Jakarta,JAKARTA BARAT,TAMAN SARI,KRUKUT,Cacat Mental-Jiwa,Perempuan,2,2015
2658,2015,DKI Jakarta,JAKARTA BARAT,TAMAN SARI,KRUKUT,Cacat Lainnya,Perempuan,0,2015
2659,2015,DKI Jakarta,JAKARTA BARAT,TAMAN SARI,MAPHAR,Cacat Fisik,Perempuan,1,2015
2660,2015,DKI Jakarta,JAKARTA BARAT,TAMAN SARI,MAPHAR,Cacat Netra-Buta,Perempuan,1,2015
2661,2015,DKI Jakarta,JAKARTA BARAT,TAMAN SARI,MAPHAR,Cacat Lainnya,Perempuan,0,2015
2662,2015,DKI Jakarta,JAKARTA BARAT,TAMAN SARI,TANGKI,Cacat Fisik,Perempuan,0,2015
2663,2015,DKI Jakarta,JAKARTA BARAT,TAMAN SARI,TANGKI,Cacat Lainnya,Perempuan,2,2015
2664,2015,DKI Jakarta,JAKARTA BARAT,TAMAN SARI,MANGGA BESAR,Cacat Rungu-Wicara,Perempuan,0,2015
2665,2015,DKI Jakarta,JAKARTA BARAT,TAMAN SARI,MANGGA BESAR,Cacat Mental-Jiwa,Perempuan,0,2015
2666,2015,DKI Jakarta,JAKARTA BARAT,TAMAN SARI,MANGGA BESAR,Cacat Fisik dan Mental,Perempuan,0,2015
2667,2015,DKI Jakarta,JAKARTA BARAT,TAMAN SARI,MANGGA BESAR,Cacat Lainnya,Perempuan,0,2015
2668,2015,DKI Jakarta,JAKARTA BARAT,TAMAN SARI,KEAGUNGAN,Cacat Fisik,Perempuan,0,2015
2669,2015,DKI Jakarta,JAKARTA BARAT,TAMAN SARI,KEAGUNGAN,Cacat Netra-Buta,Perempuan,0,2015
2670,2015,DKI Jakarta,JAKARTA BARAT,TAMAN SARI,KEAGUNGAN,Cacat Rungu-Wicara,Perempuan,1,2015
2671,2015,DKI Jakarta,JAKARTA BARAT,TAMAN SARI,KEAGUNGAN,Cacat Mental-Jiwa,Perempuan,1,2015
2672,2015,DKI Jakarta,JAKARTA BARAT,TAMAN SARI,KEAGUNGAN,Cacat Fisik dan Mental,Perempuan,0,2015
2673,2015,DKI Jakarta,JAKARTA BARAT,TAMAN SARI,GLODOK,Cacat Fisik,Perempuan,1,2015
2674,2015,DKI Jakarta,JAKARTA BARAT,TAMAN SARI,GLODOK,Cacat Rungu-Wicara,Perempuan,1,2015
2675,2015,DKI Jakarta,JAKARTA BARAT,TAMAN SARI,GLODOK,Cacat Lainnya,Perempuan,1,2015
2676,2015,DKI Jakarta,JAKARTA BARAT,TAMAN SARI,PINANGSIA,Cacat Fisik,Perempuan,1,2015
2677,2015,DKI Jakarta,JAKARTA BARAT,TAMAN SARI,PINANGSIA,Cacat Fisik dan Mental,Perempuan,0,2015
2678,2015,DKI Jakarta,JAKARTA BARAT,TAMAN SARI,PINANGSIA,Cacat Lainnya,Perempuan,0,2015
2679,2015,DKI Jakarta,JAKARTA PUSAT,KEMAYORAN,KEMAYORAN,Cacat Lainnya,Perempuan,3,2015
2680,2015,DKI Jakarta,JAKARTA PUSAT,KEMAYORAN,KEBON KOSONG,Cacat Fisik,Perempuan,0,2015
2681,2015,DKI Jakarta,JAKARTA PUSAT,KEMAYORAN,KEBON KOSONG,Cacat Mental-Jiwa,Perempuan,5,2015
2682,2015,DKI Jakarta,JAKARTA PUSAT,KEMAYORAN,KEBON KOSONG,Cacat Lainnya,Perempuan,1,2015
2683,2015,DKI Jakarta,JAKARTA PUSAT,KEMAYORAN,HARAPAN MULIA,Cacat Fisik,Perempuan,1,2015
2684,2015,DKI Jakarta,JAKARTA PUSAT,KEMAYORAN,HARAPAN MULIA,Cacat Netra-Buta,Perempuan,1,2015
2685,2015,DKI Jakarta,JAKARTA PUSAT,KEMAYORAN,HARAPAN MULIA,Cacat Rungu-Wicara,Perempuan,4,2015
2686,2015,DKI Jakarta,JAKARTA PUSAT,KEMAYORAN,HARAPAN MULIA,Cacat Mental-Jiwa,Perempuan,0,2015
2687,2015,DKI Jakarta,JAKARTA PUSAT,KEMAYORAN,HARAPAN MULIA,Cacat Fisik dan Mental,Perempuan,1,2015
2688,2015,DKI Jakarta,JAKARTA PUSAT,KEMAYORAN,HARAPAN MULIA,Cacat Lainnya,Perempuan,2,2015
2689,2015,DKI Jakarta,JAKARTA PUSAT,KEMAYORAN,SERDANG,Cacat Fisik,Perempuan,0,2015
2690,2015,DKI Jakarta,JAKARTA PUSAT,KEMAYORAN,SERDANG,Cacat Mental-Jiwa,Perempuan,1,2015
2691,2015,DKI Jakarta,JAKARTA PUSAT,KEMAYORAN,GUNUNG SAHARI SELATAN,Cacat Fisik,Perempuan,0,2015
2692,2015,DKI Jakarta,JAKARTA PUSAT,KEMAYORAN,GUNUNG SAHARI SELATAN,Cacat Netra-Buta,Perempuan,0,2015
2693,2015,DKI Jakarta,JAKARTA PUSAT,KEMAYORAN,GUNUNG SAHARI SELATAN,Cacat Rungu-Wicara,Perempuan,2,2015
2694,2015,DKI Jakarta,JAKARTA PUSAT,KEMAYORAN,GUNUNG SAHARI SELATAN,Cacat Mental-Jiwa,Perempuan,1,2015
2695,2015,DKI Jakarta,JAKARTA PUSAT,KEMAYORAN,GUNUNG SAHARI SELATAN,Cacat Fisik dan Mental,Perempuan,0,2015
2696,2015,DKI Jakarta,JAKARTA PUSAT,KEMAYORAN,GUNUNG SAHARI SELATAN,Cacat Lainnya,Perempuan,1,2015
2697,2015,DKI Jakarta,JAKARTA PUSAT,KEMAYORAN,CEMPAKA BARU,Cacat Fisik,Perempuan,2,2015
2698,2015,DKI Jakarta,JAKARTA PUSAT,KEMAYORAN,CEMPAKA BARU,Cacat Netra-Buta,Perempuan,0,2015
2699,2015,DKI Jakarta,JAKARTA PUSAT,KEMAYORAN,CEMPAKA BARU,Cacat Mental-Jiwa,Perempuan,2,2015
2700,2015,DKI Jakarta,JAKARTA PUSAT,KEMAYORAN,CEMPAKA BARU,Cacat Fisik dan Mental,Perempuan,0,2015
2701,2015,DKI Jakarta,JAKARTA PUSAT,KEMAYORAN,CEMPAKA BARU,Cacat Lainnya,Perempuan,1,2015
2702,2015,DKI Jakarta,JAKARTA PUSAT,KEMAYORAN,SUMUR BATU,Cacat Fisik,Perempuan,0,2015
2703,2015,DKI Jakarta,JAKARTA PUSAT,KEMAYORAN,SUMUR BATU,Cacat Fisik dan Mental,Perempuan,0,2015
2704,2015,DKI Jakarta,JAKARTA PUSAT,KEMAYORAN,SUMUR BATU,Cacat Lainnya,Perempuan,1,2015
2705,2015,DKI Jakarta,JAKARTA PUSAT,KEMAYORAN,UTAN PANJANG,Cacat Fisik dan Mental,Perempuan,1,2015
2706,2015,DKI Jakarta,JAKARTA PUSAT,SENEN,SENEN,Cacat Mental-Jiwa,Perempuan,0,2015
2707,2015,DKI Jakarta,JAKARTA PUSAT,SENEN,PASEBAN,Cacat Lainnya,Perempuan,0,2015
2708,2015,DKI Jakarta,JAKARTA PUSAT,SENEN,KRAMAT,Cacat Fisik,Perempuan,6,2015
2709,2015,DKI Jakarta,JAKARTA PUSAT,SENEN,KRAMAT,Cacat Rungu-Wicara,Perempuan,0,2015
2710,2015,DKI Jakarta,JAKARTA PUSAT,SENEN,KRAMAT,Cacat Mental-Jiwa,Perempuan,1,2015
2711,2015,DKI Jakarta,JAKARTA PUSAT,SENEN,KRAMAT,Cacat Lainnya,Perempuan,1,2015
2712,2015,DKI Jakarta,JAKARTA PUSAT,SENEN,KWITANG,Cacat Fisik,Perempuan,1,2015
2713,2015,DKI Jakarta,JAKARTA PUSAT,SENEN,KWITANG,Cacat Mental-Jiwa,Perempuan,1,2015
2714,2015,DKI Jakarta,JAKARTA PUSAT,SENEN,KWITANG,Cacat Lainnya,Perempuan,0,2015
2715,2015,DKI Jakarta,JAKARTA PUSAT,SENEN,BUNGUR,Cacat Fisik,Perempuan,0,2015
2716,2015,DKI Jakarta,JAKARTA PUSAT,SENEN,BUNGUR,Cacat Rungu-Wicara,Perempuan,1,2015
2717,2015,DKI Jakarta,JAKARTA PUSAT,SENEN,BUNGUR,Cacat Lainnya,Perempuan,1,2015
2718,2015,DKI Jakarta,JAKARTA PUSAT,CEMPAKA PUTIH,CEMPAKA PUTIH TIMUR,Cacat Fisik dan Mental,Perempuan,1,2015
2719,2015,DKI Jakarta,JAKARTA PUSAT,CEMPAKA PUTIH,CEMPAKA PUTIH BARAT,Cacat Fisik,Perempuan,0,2015
2720,2015,DKI Jakarta,JAKARTA PUSAT,CEMPAKA PUTIH,CEMPAKA PUTIH BARAT,Cacat Mental-Jiwa,Perempuan,0,2015
2721,2015,DKI Jakarta,JAKARTA PUSAT,CEMPAKA PUTIH,RAWASARI,Cacat Fisik,Perempuan,1,2015
2722,2015,DKI Jakarta,JAKARTA PUSAT,CEMPAKA PUTIH,RAWASARI,Cacat Mental-Jiwa,Perempuan,1,2015
2723,2015,DKI Jakarta,JAKARTA PUSAT,CEMPAKA PUTIH,RAWASARI,Cacat Fisik dan Mental,Perempuan,0,2015
2724,2015,DKI Jakarta,JAKARTA PUSAT,CEMPAKA PUTIH,RAWASARI,Cacat Lainnya,Perempuan,0,2015
2725,2015,DKI Jakarta,JAKARTA PUSAT,MENTENG,MENTENG,Cacat Rungu-Wicara,Perempuan,1,2015
2726,2015,DKI Jakarta,JAKARTA PUSAT,MENTENG,MENTENG,Cacat Fisik dan Mental,Perempuan,0,2015
2727,2015,DKI Jakarta,JAKARTA PUSAT,MENTENG,PEGANGSAAN,Cacat Fisik,Perempuan,2,2015
2728,2015,DKI Jakarta,JAKARTA PUSAT,MENTENG,PEGANGSAAN,Cacat Netra-Buta,Perempuan,0,2015
2729,2015,DKI Jakarta,JAKARTA PUSAT,MENTENG,PEGANGSAAN,Cacat Mental-Jiwa,Perempuan,1,2015
2730,2015,DKI Jakarta,JAKARTA PUSAT,MENTENG,PEGANGSAAN,Cacat Lainnya,Perempuan,2,2015
2731,2015,DKI Jakarta,JAKARTA PUSAT,MENTENG,CIKINI,Cacat Mental-Jiwa,Perempuan,1,2015
2732,2015,DKI Jakarta,JAKARTA PUSAT,MENTENG,GONDANGDIA,Cacat Fisik dan Mental,Perempuan,0,2015
2733,2015,DKI Jakarta,JAKARTA PUSAT,MENTENG,KEBON SIRIH,Cacat Lainnya,Perempuan,1,2015
2734,2015,DKI Jakarta,JAKARTA PUSAT,TANAH ABANG,BENDUNGAN HILIR,Cacat Netra-Buta,Perempuan,0,2015
2735,2015,DKI Jakarta,JAKARTA PUSAT,TANAH ABANG,BENDUNGAN HILIR,Cacat Mental-Jiwa,Perempuan,0,2015
2736,2015,DKI Jakarta,JAKARTA PUSAT,TANAH ABANG,KARET TENGSIN,Cacat Fisik,Perempuan,1,2015
2737,2015,DKI Jakarta,JAKARTA PUSAT,TANAH ABANG,KARET TENGSIN,Cacat Lainnya,Perempuan,0,2015
2738,2015,DKI Jakarta,JAKARTA PUSAT,TANAH ABANG,PETAMBURAN,Cacat Rungu-Wicara,Perempuan,1,2015
2739,2015,DKI Jakarta,JAKARTA PUSAT,TANAH ABANG,PETAMBURAN,Cacat Mental-Jiwa,Perempuan,1,2015
2740,2015,DKI Jakarta,JAKARTA PUSAT,TANAH ABANG,PETAMBURAN,Cacat Fisik dan Mental,Perempuan,2,2015
2741,2015,DKI Jakarta,JAKARTA PUSAT,TANAH ABANG,KEBON MELATI,Cacat Fisik,Perempuan,1,2015
2742,2015,DKI Jakarta,JAKARTA PUSAT,TANAH ABANG,KEBON MELATI,Cacat Rungu-Wicara,Perempuan,0,2015
2743,2015,DKI Jakarta,JAKARTA PUSAT,TANAH ABANG,KEBON KACANG,Cacat Fisik,Perempuan,0,2015
2744,2015,DKI Jakarta,JAKARTA PUSAT,TANAH ABANG,KEBON KACANG,Cacat Mental-Jiwa,Perempuan,0,2015
2745,2015,DKI Jakarta,JAKARTA PUSAT,TANAH ABANG,KEBON KACANG,Cacat Fisik dan Mental,Perempuan,1,2015
2746,2015,DKI Jakarta,JAKARTA PUSAT,TANAH ABANG,KEBON KACANG,Cacat Lainnya,Perempuan,2,2015
2747,2015,DKI Jakarta,JAKARTA PUSAT,TANAH ABANG,KAMPUNG BALI,Cacat Fisik,Perempuan,0,2015
2748,2015,DKI Jakarta,JAKARTA PUSAT,TANAH ABANG,KAMPUNG BALI,Cacat Lainnya,Perempuan,2,2015
2749,2015,DKI Jakarta,JAKARTA PUSAT,JOHAR BARU,JOHAR BARU,Cacat Fisik,Perempuan,0,2015
2750,2015,DKI Jakarta,JAKARTA PUSAT,JOHAR BARU,JOHAR BARU,Cacat Rungu-Wicara,Perempuan,5,2015
2751,2015,DKI Jakarta,JAKARTA PUSAT,JOHAR BARU,JOHAR BARU,Cacat Mental-Jiwa,Perempuan,0,2015
2752,2015,DKI Jakarta,JAKARTA PUSAT,JOHAR BARU,JOHAR BARU,Cacat Lainnya,Perempuan,2,2015
2753,2015,DKI Jakarta,JAKARTA PUSAT,JOHAR BARU,KAMPUNG RAWA,Cacat Fisik,Perempuan,0,2015
2754,2015,DKI Jakarta,JAKARTA PUSAT,JOHAR BARU,KAMPUNG RAWA,Cacat Netra-Buta,Perempuan,1,2015
2755,2015,DKI Jakarta,JAKARTA PUSAT,JOHAR BARU,KAMPUNG RAWA,Cacat Fisik dan Mental,Perempuan,1,2015
2756,2015,DKI Jakarta,JAKARTA PUSAT,JOHAR BARU,GALUR,Cacat Netra-Buta,Perempuan,0,2015
2757,2015,DKI Jakarta,JAKARTA PUSAT,JOHAR BARU,GALUR,Cacat Lainnya,Perempuan,0,2015
2758,2015,DKI Jakarta,JAKARTA PUSAT,JOHAR BARU,TANAH TINGGI,Cacat Fisik,Perempuan,1,2015
2759,2015,DKI Jakarta,JAKARTA PUSAT,JOHAR BARU,TANAH TINGGI,Cacat Fisik dan Mental,Perempuan,1,2015
2760,2015,DKI Jakarta,JAKARTA PUSAT,JOHAR BARU,TANAH TINGGI,Cacat Lainnya,Perempuan,0,2015
2761,2015,DKI Jakarta,JAKARTA UTARA,PENJARINGAN,PENJARINGAN,Cacat Fisik,Perempuan,1,2015
2762,2015,DKI Jakarta,JAKARTA UTARA,PENJARINGAN,PENJARINGAN,Cacat Netra-Buta,Perempuan,1,2015
2763,2015,DKI Jakarta,JAKARTA UTARA,PENJARINGAN,PENJARINGAN,Cacat Mental-Jiwa,Perempuan,0,2015
2764,2015,DKI Jakarta,JAKARTA BARAT,TAMBORA,DURI SELATAN,Cacat Rungu-Wicara,Perempuan,0,2015
2765,2015,DKI Jakarta,JAKARTA BARAT,KEBON JERUK,KEBON JERUK,Cacat Fisik,Perempuan,0,2015
2766,2015,DKI Jakarta,JAKARTA BARAT,KEBON JERUK,KEBON JERUK,Cacat Netra-Buta,Perempuan,1,2015
2767,2015,DKI Jakarta,JAKARTA BARAT,KEBON JERUK,KEBON JERUK,Cacat Rungu-Wicara,Perempuan,1,2015
2768,2015,DKI Jakarta,JAKARTA BARAT,KEBON JERUK,KEBON JERUK,Cacat Mental-Jiwa,Perempuan,0,2015
2769,2015,DKI Jakarta,JAKARTA BARAT,KEBON JERUK,KEBON JERUK,Cacat Fisik dan Mental,Perempuan,2,2015
2770,2015,DKI Jakarta,JAKARTA BARAT,KEBON JERUK,SUKABUMI UTARA,Cacat Fisik,Perempuan,0,2015
2771,2015,DKI Jakarta,JAKARTA BARAT,KEBON JERUK,SUKABUMI UTARA,Cacat Netra-Buta,Perempuan,0,2015
2772,2015,DKI Jakarta,JAKARTA BARAT,KEBON JERUK,SUKABUMI UTARA,Cacat Mental-Jiwa,Perempuan,2,2015
2773,2015,DKI Jakarta,JAKARTA BARAT,KEBON JERUK,SUKABUMI UTARA,Cacat Lainnya,Perempuan,3,2015
2774,2015,DKI Jakarta,JAKARTA BARAT,KEBON JERUK,SUKABUMI SELATAN,Cacat Netra-Buta,Perempuan,2,2015
2775,2015,DKI Jakarta,JAKARTA BARAT,KEBON JERUK,SUKABUMI SELATAN,Cacat Mental-Jiwa,Perempuan,1,2015
2776,2015,DKI Jakarta,JAKARTA BARAT,KEBON JERUK,SUKABUMI SELATAN,Cacat Lainnya,Perempuan,1,2015
2777,2015,DKI Jakarta,JAKARTA BARAT,KEBON JERUK,DURI KEPA,Cacat Fisik,Perempuan,1,2015
2778,2015,DKI Jakarta,JAKARTA BARAT,KEBON JERUK,DURI KEPA,Cacat Rungu-Wicara,Perempuan,1,2015
2779,2015,DKI Jakarta,JAKARTA BARAT,KEBON JERUK,DURI KEPA,Cacat Mental-Jiwa,Perempuan,1,2015
2780,2015,DKI Jakarta,JAKARTA BARAT,KEBON JERUK,DURI KEPA,Cacat Lainnya,Perempuan,4,2015
2781,2015,DKI Jakarta,JAKARTA BARAT,KEBON JERUK,KEDOYA UTARA,Cacat Fisik,Perempuan,3,2015
2782,2015,DKI Jakarta,JAKARTA BARAT,KEBON JERUK,KEDOYA UTARA,Cacat Netra-Buta,Perempuan,1,2015
2783,2015,DKI Jakarta,JAKARTA BARAT,KEBON JERUK,KEDOYA UTARA,Cacat Mental-Jiwa,Perempuan,0,2015
2784,2015,DKI Jakarta,JAKARTA BARAT,KEBON JERUK,KEDOYA UTARA,Cacat Lainnya,Perempuan,0,2015
2785,2015,DKI Jakarta,JAKARTA BARAT,KEBON JERUK,KEDOYA SELATAN,Cacat Fisik,Perempuan,1,2015
2786,2015,DKI Jakarta,JAKARTA BARAT,KEBON JERUK,KEDOYA SELATAN,Cacat Rungu-Wicara,Perempuan,0,2015
2787,2015,DKI Jakarta,JAKARTA BARAT,KEBON JERUK,KEDOYA SELATAN,Cacat Mental-Jiwa,Perempuan,4,2015
2788,2015,DKI Jakarta,JAKARTA BARAT,KEBON JERUK,KEDOYA SELATAN,Cacat Lainnya,Perempuan,1,2015
2789,2015,DKI Jakarta,JAKARTA BARAT,KALI DERES,KALIDERES,Cacat Fisik,Perempuan,1,2015
2790,2015,DKI Jakarta,JAKARTA BARAT,KALI DERES,KALIDERES,Cacat Mental-Jiwa,Perempuan,0,2015
2791,2015,DKI Jakarta,JAKARTA BARAT,KALI DERES,KALIDERES,Cacat Lainnya,Perempuan,3,2015
2792,2015,DKI Jakarta,JAKARTA BARAT,KALI DERES,SEMANAN,Cacat Fisik,Perempuan,1,2015
2793,2015,DKI Jakarta,JAKARTA BARAT,KALI DERES,SEMANAN,Cacat Netra-Buta,Perempuan,0,2015
2794,2015,DKI Jakarta,JAKARTA BARAT,KALI DERES,SEMANAN,Cacat Mental-Jiwa,Perempuan,3,2015
2795,2015,DKI Jakarta,JAKARTA BARAT,KALI DERES,SEMANAN,Cacat Fisik dan Mental,Perempuan,0,2015
2796,2015,DKI Jakarta,JAKARTA BARAT,KALI DERES,SEMANAN,Cacat Lainnya,Perempuan,1,2015
2797,2015,DKI Jakarta,JAKARTA BARAT,KALI DERES,TEGAL ALUR,Cacat Fisik,Perempuan,2,2015
2798,2015,DKI Jakarta,JAKARTA BARAT,KALI DERES,TEGAL ALUR,Cacat Rungu-Wicara,Perempuan,2,2015
2799,2015,DKI Jakarta,JAKARTA BARAT,KALI DERES,TEGAL ALUR,Cacat Mental-Jiwa,Perempuan,0,2015
2800,2015,DKI Jakarta,JAKARTA BARAT,KALI DERES,TEGAL ALUR,Cacat Lainnya,Perempuan,2,2015
2801,2015,DKI Jakarta,JAKARTA BARAT,KALI DERES,KAMAL,Cacat Fisik,Perempuan,2,2015
2802,2015,DKI Jakarta,JAKARTA BARAT,KALI DERES,KAMAL,Cacat Netra-Buta,Perempuan,1,2015
2803,2015,DKI Jakarta,JAKARTA BARAT,KALI DERES,KAMAL,Cacat Mental-Jiwa,Perempuan,1,2015
2804,2015,DKI Jakarta,JAKARTA BARAT,KALI DERES,KAMAL,Cacat Lainnya,Perempuan,5,2015
2805,2015,DKI Jakarta,JAKARTA BARAT,KALI DERES,PEGADUNGAN,Cacat Fisik,Perempuan,1,2015
2806,2015,DKI Jakarta,JAKARTA BARAT,KALI DERES,PEGADUNGAN,Cacat Netra-Buta,Perempuan,1,2015
2807,2015,DKI Jakarta,JAKARTA BARAT,KALI DERES,PEGADUNGAN,Cacat Mental-Jiwa,Perempuan,1,2015
2808,2015,DKI Jakarta,JAKARTA BARAT,KALI DERES,PEGADUNGAN,Cacat Fisik dan Mental,Perempuan,1,2015
2809,2015,DKI Jakarta,JAKARTA BARAT,PALMERAH,PALMERAH,Cacat Fisik,Perempuan,2,2015
2810,2015,DKI Jakarta,JAKARTA BARAT,PALMERAH,PALMERAH,Cacat Netra-Buta,Perempuan,1,2015
2811,2015,DKI Jakarta,JAKARTA BARAT,PALMERAH,PALMERAH,Cacat Rungu-Wicara,Perempuan,1,2015
2812,2015,DKI Jakarta,JAKARTA BARAT,PALMERAH,PALMERAH,Cacat Mental-Jiwa,Perempuan,0,2015
2813,2015,DKI Jakarta,JAKARTA BARAT,PALMERAH,PALMERAH,Cacat Fisik dan Mental,Perempuan,1,2015
2814,2015,DKI Jakarta,JAKARTA BARAT,PALMERAH,PALMERAH,Cacat Lainnya,Perempuan,0,2015
2815,2015,DKI Jakarta,JAKARTA BARAT,PALMERAH,SLIPI,Cacat Fisik,Perempuan,1,2015
2816,2015,DKI Jakarta,JAKARTA BARAT,PALMERAH,SLIPI,Cacat Fisik dan Mental,Perempuan,0,2015
2817,2015,DKI Jakarta,JAKARTA BARAT,PALMERAH,KOTA BAMBU UTARA,Cacat Fisik,Perempuan,0,2015
2818,2015,DKI Jakarta,JAKARTA BARAT,PALMERAH,KOTA BAMBU UTARA,Cacat Netra-Buta,Perempuan,1,2015
2819,2015,DKI Jakarta,JAKARTA BARAT,PALMERAH,KOTA BAMBU UTARA,Cacat Rungu-Wicara,Perempuan,0,2015
2820,2015,DKI Jakarta,JAKARTA BARAT,PALMERAH,KOTA BAMBU UTARA,Cacat Mental-Jiwa,Perempuan,1,2015
2821,2015,DKI Jakarta,JAKARTA BARAT,PALMERAH,KOTA BAMBU UTARA,Cacat Fisik dan Mental,Perempuan,1,2015
2822,2015,DKI Jakarta,JAKARTA BARAT,PALMERAH,KOTA BAMBU UTARA,Cacat Lainnya,Perempuan,1,2015
2823,2015,DKI Jakarta,JAKARTA BARAT,PALMERAH,JATI PULO,Cacat Fisik,Perempuan,1,2015
2824,2015,DKI Jakarta,JAKARTA BARAT,PALMERAH,JATI PULO,Cacat Fisik dan Mental,Perempuan,0,2015
2825,2015,DKI Jakarta,JAKARTA BARAT,PALMERAH,JATI PULO,Cacat Lainnya,Perempuan,0,2015
2826,2015,DKI Jakarta,JAKARTA BARAT,PALMERAH,KEMANGGISAN,Cacat Fisik,Perempuan,1,2015
2827,2015,DKI Jakarta,JAKARTA BARAT,PALMERAH,KEMANGGISAN,Cacat Netra-Buta,Perempuan,2,2015
2828,2015,DKI Jakarta,JAKARTA BARAT,PALMERAH,KEMANGGISAN,Cacat Rungu-Wicara,Perempuan,0,2015
2829,2015,DKI Jakarta,JAKARTA BARAT,PALMERAH,KEMANGGISAN,Cacat Mental-Jiwa,Perempuan,0,2015
2830,2015,DKI Jakarta,JAKARTA BARAT,PALMERAH,KEMANGGISAN,Cacat Fisik dan Mental,Perempuan,2,2015
2831,2015,DKI Jakarta,JAKARTA BARAT,PALMERAH,KEMANGGISAN,Cacat Lainnya,Perempuan,1,2015
2832,2015,DKI Jakarta,JAKARTA BARAT,PALMERAH,KOTA BAMBU SELATAN,Cacat Fisik,Perempuan,2,2015
2833,2015,DKI Jakarta,JAKARTA BARAT,PALMERAH,KOTA BAMBU SELATAN,Cacat Netra-Buta,Perempuan,2,2015
2834,2015,DKI Jakarta,JAKARTA BARAT,PALMERAH,KOTA BAMBU SELATAN,Cacat Mental-Jiwa,Perempuan,2,2015
2835,2015,DKI Jakarta,JAKARTA BARAT,KEMBANGAN,KEMBANGAN UTARA,Cacat Netra-Buta,Perempuan,1,2015
2836,2015,DKI Jakarta,JAKARTA BARAT,KEMBANGAN,KEMBANGAN UTARA,Cacat Rungu-Wicara,Perempuan,4,2015
2837,2015,DKI Jakarta,JAKARTA BARAT,KEMBANGAN,KEMBANGAN UTARA,Cacat Mental-Jiwa,Perempuan,1,2015
2838,2015,DKI Jakarta,JAKARTA BARAT,KEMBANGAN,MERUYA UTARA,Cacat Fisik,Perempuan,2,2015
2839,2015,DKI Jakarta,JAKARTA BARAT,KEMBANGAN,MERUYA UTARA,Cacat Netra-Buta,Perempuan,3,2015
2840,2015,DKI Jakarta,JAKARTA BARAT,KEMBANGAN,MERUYA UTARA,Cacat Rungu-Wicara,Perempuan,3,2015
2841,2015,DKI Jakarta,JAKARTA BARAT,KEMBANGAN,MERUYA UTARA,Cacat Mental-Jiwa,Perempuan,4,2015
2842,2015,DKI Jakarta,JAKARTA BARAT,KEMBANGAN,MERUYA UTARA,Cacat Fisik dan Mental,Perempuan,1,2015
2843,2015,DKI Jakarta,JAKARTA BARAT,KEMBANGAN,MERUYA UTARA,Cacat Lainnya,Perempuan,0,2015
2844,2015,DKI Jakarta,JAKARTA BARAT,KEMBANGAN,MERUYA SELATAN,Cacat Fisik,Perempuan,0,2015
2845,2015,DKI Jakarta,JAKARTA BARAT,KEMBANGAN,MERUYA SELATAN,Cacat Netra-Buta,Perempuan,3,2015
2846,2015,DKI Jakarta,JAKARTA BARAT,KEMBANGAN,MERUYA SELATAN,Cacat Rungu-Wicara,Perempuan,0,2015
2847,2015,DKI Jakarta,JAKARTA BARAT,KEMBANGAN,MERUYA SELATAN,Cacat Mental-Jiwa,Perempuan,5,2015
2848,2015,DKI Jakarta,JAKARTA SELATAN,KEBAYORAN LAMA,KEBAYORAN LAMA UTARA,Cacat Lainnya,Perempuan,0,2015
2849,2015,DKI Jakarta,JAKARTA SELATAN,KEBAYORAN LAMA,PONDOK PINANG,Cacat Rungu-Wicara,Perempuan,0,2015
2850,2015,DKI Jakarta,JAKARTA SELATAN,KEBAYORAN LAMA,PONDOK PINANG,Cacat Mental-Jiwa,Perempuan,0,2015
2851,2015,DKI Jakarta,JAKARTA SELATAN,KEBAYORAN LAMA,PONDOK PINANG,Cacat Lainnya,Perempuan,0,2015
2852,2015,DKI Jakarta,JAKARTA SELATAN,KEBAYORAN LAMA,CIPULIR,Cacat Fisik,Perempuan,5,2015
2853,2015,DKI Jakarta,JAKARTA SELATAN,KEBAYORAN LAMA,CIPULIR,Cacat Netra-Buta,Perempuan,0,2015
2854,2015,DKI Jakarta,JAKARTA SELATAN,KEBAYORAN LAMA,CIPULIR,Cacat Lainnya,Perempuan,2,2015
2855,2015,DKI Jakarta,JAKARTA SELATAN,KEBAYORAN LAMA,GROGOL UTARA,Cacat Fisik,Perempuan,0,2015
2856,2015,DKI Jakarta,JAKARTA SELATAN,KEBAYORAN LAMA,GROGOL UTARA,Cacat Rungu-Wicara,Perempuan,1,2015
2857,2015,DKI Jakarta,JAKARTA SELATAN,KEBAYORAN LAMA,GROGOL SELATAN,Cacat Fisik,Perempuan,1,2015
2858,2015,DKI Jakarta,JAKARTA SELATAN,KEBAYORAN LAMA,GROGOL SELATAN,Cacat Lainnya,Perempuan,0,2015
2859,2015,DKI Jakarta,JAKARTA SELATAN,KEBAYORAN LAMA,KEBAYORAN LAMA SELATAN,Cacat Fisik,Perempuan,0,2015
2860,2015,DKI Jakarta,JAKARTA SELATAN,KEBAYORAN LAMA,KEBAYORAN LAMA SELATAN,Cacat Rungu-Wicara,Perempuan,1,2015
2861,2015,DKI Jakarta,JAKARTA SELATAN,KEBAYORAN LAMA,KEBAYORAN LAMA SELATAN,Cacat Mental-Jiwa,Perempuan,1,2015
2862,2015,DKI Jakarta,JAKARTA SELATAN,KEBAYORAN LAMA,KEBAYORAN LAMA SELATAN,Cacat Lainnya,Perempuan,1,2015
2863,2015,DKI Jakarta,JAKARTA SELATAN,CILANDAK,CILANDAK BARAT,Cacat Lainnya,Perempuan,0,2015
2864,2015,DKI Jakarta,JAKARTA SELATAN,CILANDAK,LEBAK BULUS,Cacat Mental-Jiwa,Perempuan,0,2015
2865,2015,DKI Jakarta,JAKARTA SELATAN,CILANDAK,LEBAK BULUS,Cacat Lainnya,Perempuan,1,2015
2866,2015,DKI Jakarta,JAKARTA SELATAN,CILANDAK,PONDOK LABU,Cacat Fisik,Perempuan,2,2015
2867,2015,DKI Jakarta,JAKARTA SELATAN,CILANDAK,PONDOK LABU,Cacat Netra-Buta,Perempuan,1,2015
2868,2015,DKI Jakarta,JAKARTA SELATAN,CILANDAK,PONDOK LABU,Cacat Mental-Jiwa,Perempuan,1,2015
2869,2015,DKI Jakarta,JAKARTA SELATAN,CILANDAK,GANDARIA SELATAN,Cacat Fisik,Perempuan,1,2015
2870,2015,DKI Jakarta,JAKARTA SELATAN,CILANDAK,GANDARIA SELATAN,Cacat Netra-Buta,Perempuan,1,2015
2871,2015,DKI Jakarta,JAKARTA SELATAN,CILANDAK,CIPETE SELATAN,Cacat Fisik,Perempuan,1,2015
2872,2015,DKI Jakarta,JAKARTA SELATAN,CILANDAK,CIPETE SELATAN,Cacat Netra-Buta,Perempuan,0,2015
2873,2015,DKI Jakarta,JAKARTA SELATAN,CILANDAK,CIPETE SELATAN,Cacat Rungu-Wicara,Perempuan,0,2015
2874,2015,DKI Jakarta,JAKARTA SELATAN,CILANDAK,CIPETE SELATAN,Cacat Fisik dan Mental,Perempuan,1,2015
2875,2015,DKI Jakarta,JAKARTA SELATAN,CILANDAK,CIPETE SELATAN,Cacat Lainnya,Perempuan,1,2015
2876,2015,DKI Jakarta,JAKARTA SELATAN,KEBAYORAN BARU,MELAWAI,Cacat Fisik,Perempuan,0,2015
2877,2015,DKI Jakarta,JAKARTA SELATAN,KEBAYORAN BARU,MELAWAI,Cacat Mental-Jiwa,Perempuan,0,2015
2878,2015,DKI Jakarta,JAKARTA SELATAN,KEBAYORAN BARU,MELAWAI,Cacat Lainnya,Perempuan,1,2015
2879,2015,DKI Jakarta,JAKARTA SELATAN,KEBAYORAN BARU,GUNUNG,Cacat Fisik,Perempuan,0,2015
2880,2015,DKI Jakarta,JAKARTA SELATAN,KEBAYORAN BARU,GUNUNG,Cacat Netra-Buta,Perempuan,1,2015
2881,2015,DKI Jakarta,JAKARTA SELATAN,KEBAYORAN BARU,GUNUNG,Cacat Rungu-Wicara,Perempuan,2,2015
2882,2015,DKI Jakarta,JAKARTA SELATAN,KEBAYORAN BARU,GUNUNG,Cacat Mental-Jiwa,Perempuan,0,2015
2883,2015,DKI Jakarta,JAKARTA SELATAN,KEBAYORAN BARU,KRAMAT PELA,Cacat Fisik,Perempuan,0,2015
2884,2015,DKI Jakarta,JAKARTA SELATAN,KEBAYORAN BARU,KRAMAT PELA,Cacat Mental-Jiwa,Perempuan,1,2015
2885,2015,DKI Jakarta,JAKARTA SELATAN,KEBAYORAN BARU,KRAMAT PELA,Cacat Fisik dan Mental,Perempuan,0,2015
2886,2015,DKI Jakarta,JAKARTA SELATAN,KEBAYORAN BARU,KRAMAT PELA,Cacat Lainnya,Perempuan,0,2015
2887,2015,DKI Jakarta,JAKARTA SELATAN,KEBAYORAN BARU,SELONG,Cacat Mental-Jiwa,Perempuan,1,2015
2888,2015,DKI Jakarta,JAKARTA SELATAN,KEBAYORAN BARU,RAWA BARAT,Cacat Lainnya,Perempuan,1,2015
2889,2015,DKI Jakarta,JAKARTA SELATAN,KEBAYORAN BARU,SENAYAN,Cacat Lainnya,Perempuan,1,2015
2890,2015,DKI Jakarta,JAKARTA SELATAN,KEBAYORAN BARU,PULO,Cacat Mental-Jiwa,Perempuan,1,2015
2891,2015,DKI Jakarta,JAKARTA SELATAN,KEBAYORAN BARU,GANDARIA UTARA,Cacat Fisik,Perempuan,0,2015
2892,2015,DKI Jakarta,JAKARTA SELATAN,KEBAYORAN BARU,CIPETE UTARA,Cacat Rungu-Wicara,Perempuan,1,2015
2893,2015,DKI Jakarta,JAKARTA SELATAN,KEBAYORAN BARU,CIPETE UTARA,Cacat Mental-Jiwa,Perempuan,1,2015
2894,2015,DKI Jakarta,JAKARTA SELATAN,KEBAYORAN BARU,CIPETE UTARA,Cacat Fisik dan Mental,Perempuan,1,2015
2895,2015,DKI Jakarta,JAKARTA SELATAN,KEBAYORAN BARU,CIPETE UTARA,Cacat Lainnya,Perempuan,0,2015
2896,2015,DKI Jakarta,JAKARTA SELATAN,PANCORAN,PANCORAN,Cacat Lainnya,Perempuan,0,2015
2897,2015,DKI Jakarta,JAKARTA SELATAN,PANCORAN,KALIBATA,Cacat Fisik,Perempuan,0,2015
2898,2015,DKI Jakarta,JAKARTA SELATAN,PANCORAN,KALIBATA,Cacat Netra-Buta,Perempuan,0,2015
2899,2015,DKI Jakarta,JAKARTA SELATAN,PANCORAN,KALIBATA,Cacat Rungu-Wicara,Perempuan,1,2015
2900,2015,DKI Jakarta,JAKARTA SELATAN,PANCORAN,KALIBATA,Cacat Mental-Jiwa,Perempuan,0,2015
2901,2015,DKI Jakarta,JAKARTA SELATAN,PANCORAN,KALIBATA,Cacat Fisik dan Mental,Perempuan,0,2015
2902,2015,DKI Jakarta,JAKARTA SELATAN,PANCORAN,KALIBATA,Cacat Lainnya,Perempuan,1,2015
2903,2015,DKI Jakarta,JAKARTA SELATAN,PANCORAN,RAWA JATI,Cacat Fisik,Perempuan,1,2015
2904,2015,DKI Jakarta,JAKARTA SELATAN,PANCORAN,RAWA JATI,Cacat Mental-Jiwa,Perempuan,1,2015
2905,2015,DKI Jakarta,JAKARTA SELATAN,PANCORAN,RAWA JATI,Cacat Fisik dan Mental,Perempuan,0,2015
2906,2015,DKI Jakarta,JAKARTA SELATAN,PANCORAN,RAWA JATI,Cacat Lainnya,Perempuan,6,2015
2907,2015,DKI Jakarta,JAKARTA SELATAN,PANCORAN,DUREN TIGA,Cacat Fisik,Perempuan,1,2015
2908,2015,DKI Jakarta,JAKARTA SELATAN,PANCORAN,DUREN TIGA,Cacat Netra-Buta,Perempuan,1,2015
2909,2015,DKI Jakarta,JAKARTA SELATAN,PANCORAN,DUREN TIGA,Cacat Rungu-Wicara,Perempuan,1,2015
2910,2015,DKI Jakarta,JAKARTA SELATAN,PANCORAN,DUREN TIGA,Cacat Mental-Jiwa,Perempuan,1,2015
2911,2015,DKI Jakarta,JAKARTA SELATAN,PANCORAN,PENGADEGAN,Cacat Fisik,Perempuan,0,2015
2912,2015,DKI Jakarta,JAKARTA SELATAN,PANCORAN,PENGADEGAN,Cacat Netra-Buta,Perempuan,0,2015
2913,2015,DKI Jakarta,JAKARTA SELATAN,PANCORAN,PENGADEGAN,Cacat Rungu-Wicara,Perempuan,1,2015
2914,2015,DKI Jakarta,JAKARTA SELATAN,PANCORAN,PENGADEGAN,Cacat Mental-Jiwa,Perempuan,0,2015
2915,2015,DKI Jakarta,JAKARTA SELATAN,PANCORAN,CIKOKO,Cacat Fisik,Perempuan,1,2015
2916,2015,DKI Jakarta,JAKARTA SELATAN,PANCORAN,CIKOKO,Cacat Mental-Jiwa,Perempuan,0,2015
2917,2015,DKI Jakarta,JAKARTA SELATAN,JAGAKARSA,JAGAKARSA,Cacat Fisik,Perempuan,2,2015
2918,2015,DKI Jakarta,JAKARTA SELATAN,JAGAKARSA,JAGAKARSA,Cacat Netra-Buta,Perempuan,1,2015
2919,2015,DKI Jakarta,JAKARTA SELATAN,JAGAKARSA,JAGAKARSA,Cacat Rungu-Wicara,Perempuan,2,2015
2920,2015,DKI Jakarta,JAKARTA SELATAN,JAGAKARSA,JAGAKARSA,Cacat Mental-Jiwa,Perempuan,2,2015
2921,2015,DKI Jakarta,JAKARTA SELATAN,JAGAKARSA,JAGAKARSA,Cacat Fisik dan Mental,Perempuan,0,2015
2922,2015,DKI Jakarta,JAKARTA SELATAN,JAGAKARSA,JAGAKARSA,Cacat Lainnya,Perempuan,2,2015
2923,2015,DKI Jakarta,JAKARTA SELATAN,JAGAKARSA,SRENGSENG SAWAH,Cacat Mental-Jiwa,Perempuan,2,2015
2924,2015,DKI Jakarta,JAKARTA SELATAN,JAGAKARSA,SRENGSENG SAWAH,Cacat Lainnya,Perempuan,1,2015
2925,2015,DKI Jakarta,JAKARTA SELATAN,JAGAKARSA,CIGANJUR,Cacat Fisik,Perempuan,26,2015
2926,2015,DKI Jakarta,JAKARTA SELATAN,JAGAKARSA,CIGANJUR,Cacat Netra-Buta,Perempuan,1,2015
2927,2015,DKI Jakarta,JAKARTA SELATAN,JAGAKARSA,CIGANJUR,Cacat Rungu-Wicara,Perempuan,1,2015
2928,2015,DKI Jakarta,JAKARTA SELATAN,JAGAKARSA,CIGANJUR,Cacat Mental-Jiwa,Perempuan,0,2015
2929,2015,DKI Jakarta,JAKARTA SELATAN,JAGAKARSA,CIGANJUR,Cacat Fisik dan Mental,Perempuan,0,2015
2930,2015,DKI Jakarta,JAKARTA SELATAN,JAGAKARSA,CIGANJUR,Cacat Lainnya,Perempuan,3,2015
2931,2015,DKI Jakarta,JAKARTA TIMUR,MATRAMAN,UTAN KAYU SELATAN,Cacat Fisik,Perempuan,2,2015
2932,2015,DKI Jakarta,JAKARTA TIMUR,MATRAMAN,UTAN KAYU SELATAN,Cacat Mental-Jiwa,Perempuan,0,2015
2933,2015,DKI Jakarta,JAKARTA TIMUR,MATRAMAN,UTAN KAYU SELATAN,Cacat Lainnya,Perempuan,0,2015
2934,2015,DKI Jakarta,JAKARTA TIMUR,PULO GADUNG,PULO GADUNG,Cacat Fisik,Perempuan,2,2015
2935,2015,DKI Jakarta,JAKARTA TIMUR,PULO GADUNG,PULO GADUNG,Cacat Lainnya,Perempuan,1,2015
2936,2015,DKI Jakarta,JAKARTA TIMUR,PULO GADUNG,PISANGAN TIMUR,Cacat Netra-Buta,Perempuan,0,2015
2937,2015,DKI Jakarta,JAKARTA TIMUR,PULO GADUNG,PISANGAN TIMUR,Cacat Mental-Jiwa,Perempuan,0,2015
2938,2015,DKI Jakarta,JAKARTA TIMUR,PULO GADUNG,PISANGAN TIMUR,Cacat Lainnya,Perempuan,3,2015
2939,2015,DKI Jakarta,JAKARTA TIMUR,PULO GADUNG,CIPINANG,Cacat Netra-Buta,Perempuan,0,2015
2940,2015,DKI Jakarta,JAKARTA TIMUR,PULO GADUNG,CIPINANG,Cacat Rungu-Wicara,Perempuan,1,2015
2941,2015,DKI Jakarta,JAKARTA TIMUR,PULO GADUNG,JATINEGARA KAUM,Cacat Fisik,Perempuan,1,2015
2942,2015,DKI Jakarta,JAKARTA TIMUR,PULO GADUNG,JATINEGARA KAUM,Cacat Mental-Jiwa,Perempuan,2,2015
2943,2015,DKI Jakarta,JAKARTA TIMUR,PULO GADUNG,JATINEGARA KAUM,Cacat Fisik dan Mental,Perempuan,0,2015
2944,2015,DKI Jakarta,JAKARTA TIMUR,PULO GADUNG,JATINEGARA KAUM,Cacat Lainnya,Perempuan,1,2015
2945,2015,DKI Jakarta,JAKARTA TIMUR,PULO GADUNG,RAWAMANGUN,Cacat Fisik,Perempuan,0,2015
2946,2015,DKI Jakarta,JAKARTA TIMUR,PULO GADUNG,RAWAMANGUN,Cacat Mental-Jiwa,Perempuan,1,2015
2947,2015,DKI Jakarta,JAKARTA TIMUR,PULO GADUNG,KAYU PUTIH,Cacat Fisik,Perempuan,0,2015
2948,2015,DKI Jakarta,JAKARTA TIMUR,PULO GADUNG,KAYU PUTIH,Cacat Mental-Jiwa,Perempuan,1,2015
2949,2015,DKI Jakarta,JAKARTA TIMUR,PULO GADUNG,JATI,Cacat Fisik,Perempuan,1,2015
2950,2015,DKI Jakarta,JAKARTA TIMUR,PULO GADUNG,JATI,Cacat Fisik dan Mental,Perempuan,1,2015
2951,2015,DKI Jakarta,JAKARTA TIMUR,PULO GADUNG,JATI,Cacat Lainnya,Perempuan,2,2015
2952,2015,DKI Jakarta,JAKARTA TIMUR,JATINEGARA,KAMPUNG MELAYU,Cacat Mental-Jiwa,Perempuan,0,2015
2953,2015,DKI Jakarta,JAKARTA TIMUR,JATINEGARA,KAMPUNG MELAYU,Cacat Fisik dan Mental,Perempuan,0,2015
2954,2015,DKI Jakarta,JAKARTA TIMUR,JATINEGARA,BIDARA CINA,Cacat Fisik,Perempuan,1,2015
2955,2015,DKI Jakarta,JAKARTA TIMUR,JATINEGARA,BIDARA CINA,Cacat Rungu-Wicara,Perempuan,0,2015
2956,2015,DKI Jakarta,JAKARTA TIMUR,JATINEGARA,BIDARA CINA,Cacat Fisik dan Mental,Perempuan,0,2015
2957,2015,DKI Jakarta,JAKARTA TIMUR,JATINEGARA,BIDARA CINA,Cacat Lainnya,Perempuan,6,2015
2958,2015,DKI Jakarta,JAKARTA TIMUR,JATINEGARA,BALI MESTER,Cacat Mental-Jiwa,Perempuan,1,2015
2959,2015,DKI Jakarta,JAKARTA TIMUR,JATINEGARA,BALI MESTER,Cacat Fisik dan Mental,Perempuan,0,2015
2960,2015,DKI Jakarta,JAKARTA TIMUR,JATINEGARA,BALI MESTER,Cacat Lainnya,Perempuan,0,2015
2961,2015,DKI Jakarta,JAKARTA TIMUR,JATINEGARA,RAWA BUNGA,Cacat Fisik,Perempuan,1,2015
2962,2015,DKI Jakarta,JAKARTA TIMUR,JATINEGARA,RAWA BUNGA,Cacat Mental-Jiwa,Perempuan,1,2015
2963,2015,DKI Jakarta,JAKARTA TIMUR,JATINEGARA,RAWA BUNGA,Cacat Lainnya,Perempuan,1,2015
2964,2015,DKI Jakarta,JAKARTA TIMUR,JATINEGARA,CIPINANG CEMPEDAK,Cacat Fisik,Perempuan,2,2015
2965,2015,DKI Jakarta,JAKARTA TIMUR,JATINEGARA,CIPINANG CEMPEDAK,Cacat Rungu-Wicara,Perempuan,0,2015
2966,2015,DKI Jakarta,JAKARTA TIMUR,JATINEGARA,CIPINANG CEMPEDAK,Cacat Mental-Jiwa,Perempuan,1,2015
2967,2015,DKI Jakarta,JAKARTA TIMUR,JATINEGARA,CIPINANG CEMPEDAK,Cacat Fisik dan Mental,Perempuan,1,2015
2968,2015,DKI Jakarta,JAKARTA TIMUR,JATINEGARA,CIPINANG MUARA,Cacat Mental-Jiwa,Perempuan,1,2015
2969,2015,DKI Jakarta,JAKARTA TIMUR,JATINEGARA,CIPINANG MUARA,Cacat Fisik dan Mental,Perempuan,0,2015
2970,2015,DKI Jakarta,JAKARTA TIMUR,JATINEGARA,CIPINANG BESAR SELATAN,Cacat Fisik,Perempuan,1,2015
2971,2015,DKI Jakarta,JAKARTA TIMUR,JATINEGARA,CIPINANG BESAR SELATAN,Cacat Netra-Buta,Perempuan,1,2015
2972,2015,DKI Jakarta,JAKARTA TIMUR,JATINEGARA,CIPINANG BESAR SELATAN,Cacat Rungu-Wicara,Perempuan,2,2015
2973,2015,DKI Jakarta,JAKARTA SELATAN,JAGAKARSA,LENTENG AGUNG,Cacat Fisik,Perempuan,2,2015
2974,2015,DKI Jakarta,JAKARTA SELATAN,JAGAKARSA,LENTENG AGUNG,Cacat Mental-Jiwa,Perempuan,0,2015
2975,2015,DKI Jakarta,JAKARTA SELATAN,JAGAKARSA,LENTENG AGUNG,Cacat Lainnya,Perempuan,3,2015
2976,2015,DKI Jakarta,JAKARTA SELATAN,JAGAKARSA,TANJUNG BARAT,Cacat Fisik,Perempuan,0,2015
2977,2015,DKI Jakarta,JAKARTA SELATAN,JAGAKARSA,TANJUNG BARAT,Cacat Mental-Jiwa,Perempuan,0,2015
2978,2015,DKI Jakarta,JAKARTA SELATAN,JAGAKARSA,TANJUNG BARAT,Cacat Fisik dan Mental,Perempuan,1,2015
2979,2015,DKI Jakarta,JAKARTA SELATAN,JAGAKARSA,TANJUNG BARAT,Cacat Lainnya,Perempuan,1,2015
2980,2015,DKI Jakarta,JAKARTA SELATAN,JAGAKARSA,CIPEDAK,Cacat Fisik,Perempuan,0,2015
2981,2015,DKI Jakarta,JAKARTA SELATAN,JAGAKARSA,CIPEDAK,Cacat Mental-Jiwa,Perempuan,3,2015
2982,2015,DKI Jakarta,JAKARTA SELATAN,JAGAKARSA,CIPEDAK,Cacat Lainnya,Perempuan,0,2015
2983,2015,DKI Jakarta,JAKARTA SELATAN,PESANGGRAHAN,PESANGGRAHAN,Cacat Fisik,Perempuan,1,2015
2984,2015,DKI Jakarta,JAKARTA SELATAN,PESANGGRAHAN,PESANGGRAHAN,Cacat Rungu-Wicara,Perempuan,0,2015
2985,2015,DKI Jakarta,JAKARTA SELATAN,PESANGGRAHAN,BINTARO,Cacat Mental-Jiwa,Perempuan,1,2015
2986,2015,DKI Jakarta,JAKARTA SELATAN,PESANGGRAHAN,PETUKANGAN UTARA,Cacat Fisik,Perempuan,3,2015
2987,2015,DKI Jakarta,JAKARTA SELATAN,PESANGGRAHAN,PETUKANGAN UTARA,Cacat Netra-Buta,Perempuan,1,2015
2988,2015,DKI Jakarta,JAKARTA SELATAN,PESANGGRAHAN,PETUKANGAN UTARA,Cacat Mental-Jiwa,Perempuan,0,2015
2989,2015,DKI Jakarta,JAKARTA SELATAN,PESANGGRAHAN,PETUKANGAN UTARA,Cacat Lainnya,Perempuan,6,2015
2990,2015,DKI Jakarta,JAKARTA SELATAN,PESANGGRAHAN,PETUKANGAN SELATAN,Cacat Rungu-Wicara,Perempuan,1,2015
2991,2015,DKI Jakarta,JAKARTA SELATAN,PESANGGRAHAN,PETUKANGAN SELATAN,Cacat Mental-Jiwa,Perempuan,1,2015
2992,2015,DKI Jakarta,JAKARTA SELATAN,PESANGGRAHAN,PETUKANGAN SELATAN,Cacat Fisik dan Mental,Perempuan,1,2015
2993,2015,DKI Jakarta,JAKARTA SELATAN,PESANGGRAHAN,PETUKANGAN SELATAN,Cacat Lainnya,Perempuan,1,2015
2994,2015,DKI Jakarta,JAKARTA SELATAN,PESANGGRAHAN,ULUJAMI,Cacat Fisik dan Mental,Perempuan,0,2015
2995,2015,DKI Jakarta,JAKARTA SELATAN,PESANGGRAHAN,ULUJAMI,Cacat Lainnya,Perempuan,2,2015
2996,2015,DKI Jakarta,JAKARTA TIMUR,MATRAMAN,PISANGAN BARU,Cacat Fisik,Perempuan,5,2015
2997,2015,DKI Jakarta,JAKARTA TIMUR,MATRAMAN,PISANGAN BARU,Cacat Netra-Buta,Perempuan,0,2015
2998,2015,DKI Jakarta,JAKARTA TIMUR,MATRAMAN,PISANGAN BARU,Cacat Rungu-Wicara,Perempuan,1,2015
2999,2015,DKI Jakarta,JAKARTA TIMUR,MATRAMAN,PISANGAN BARU,Cacat Mental-Jiwa,Perempuan,0,2015
3000,2015,DKI Jakarta,JAKARTA TIMUR,MATRAMAN,PISANGAN BARU,Cacat Fisik dan Mental,Perempuan,0,2015
3001,2015,DKI Jakarta,JAKARTA TIMUR,MATRAMAN,PISANGAN BARU,Cacat Lainnya,Perempuan,4,2015
3002,2015,DKI Jakarta,JAKARTA TIMUR,MATRAMAN,UTAN KAYU UTARA,Cacat Fisik,Perempuan,0,2015
3003,2015,DKI Jakarta,JAKARTA TIMUR,MATRAMAN,UTAN KAYU UTARA,Cacat Netra-Buta,Perempuan,0,2015
3004,2015,DKI Jakarta,JAKARTA TIMUR,MATRAMAN,UTAN KAYU UTARA,Cacat Rungu-Wicara,Perempuan,0,2015
3005,2015,DKI Jakarta,JAKARTA TIMUR,MATRAMAN,UTAN KAYU UTARA,Cacat Fisik dan Mental,Perempuan,0,2015
3006,2015,DKI Jakarta,JAKARTA TIMUR,MATRAMAN,UTAN KAYU UTARA,Cacat Lainnya,Perempuan,3,2015
3007,2015,DKI Jakarta,JAKARTA TIMUR,MATRAMAN,KAYU MANIS,Cacat Fisik,Perempuan,0,2015
3008,2015,DKI Jakarta,JAKARTA TIMUR,MATRAMAN,PAL MERIAM,Cacat Fisik,Perempuan,1,2015
3009,2015,DKI Jakarta,JAKARTA TIMUR,MATRAMAN,PAL MERIAM,Cacat Netra-Buta,Perempuan,0,2015
3010,2015,DKI Jakarta,JAKARTA TIMUR,MATRAMAN,PAL MERIAM,Cacat Rungu-Wicara,Perempuan,0,2015
3011,2015,DKI Jakarta,JAKARTA TIMUR,MATRAMAN,PAL MERIAM,Cacat Mental-Jiwa,Perempuan,1,2015
3012,2015,DKI Jakarta,JAKARTA TIMUR,MATRAMAN,PAL MERIAM,Cacat Fisik dan Mental,Perempuan,1,2015
3013,2015,DKI Jakarta,JAKARTA TIMUR,MATRAMAN,KEBON MANGGIS,Cacat Fisik,Perempuan,0,2015
3014,2015,DKI Jakarta,JAKARTA TIMUR,MATRAMAN,KEBON MANGGIS,Cacat Fisik dan Mental,Perempuan,1,2015
3015,2015,DKI Jakarta,JAKARTA BARAT,KEMBANGAN,MERUYA SELATAN,Cacat Fisik dan Mental,Perempuan,3,2015
3016,2015,DKI Jakarta,JAKARTA BARAT,KEMBANGAN,MERUYA SELATAN,Cacat Lainnya,Perempuan,2,2015
3017,2015,DKI Jakarta,JAKARTA BARAT,KEMBANGAN,SRENGSENG,Cacat Fisik,Perempuan,2,2015
3018,2015,DKI Jakarta,JAKARTA BARAT,KEMBANGAN,SRENGSENG,Cacat Netra-Buta,Perempuan,1,2015
3019,2015,DKI Jakarta,JAKARTA BARAT,KEMBANGAN,SRENGSENG,Cacat Rungu-Wicara,Perempuan,1,2015
3020,2015,DKI Jakarta,JAKARTA BARAT,KEMBANGAN,SRENGSENG,Cacat Mental-Jiwa,Perempuan,0,2015
3021,2015,DKI Jakarta,JAKARTA BARAT,KEMBANGAN,SRENGSENG,Cacat Lainnya,Perempuan,4,2015
3022,2015,DKI Jakarta,JAKARTA BARAT,KEMBANGAN,JOGLO,Cacat Netra-Buta,Perempuan,2,2015
3023,2015,DKI Jakarta,JAKARTA BARAT,KEMBANGAN,JOGLO,Cacat Rungu-Wicara,Perempuan,1,2015
3024,2015,DKI Jakarta,JAKARTA BARAT,KEMBANGAN,JOGLO,Cacat Mental-Jiwa,Perempuan,0,2015
3025,2015,DKI Jakarta,JAKARTA BARAT,KEMBANGAN,JOGLO,Cacat Lainnya,Perempuan,0,2015
3026,2015,DKI Jakarta,JAKARTA BARAT,KEMBANGAN,KEMBANGAN SELATAN,Cacat Fisik,Perempuan,1,2015
3027,2015,DKI Jakarta,JAKARTA BARAT,KEMBANGAN,KEMBANGAN SELATAN,Cacat Lainnya,Perempuan,1,2015
3028,2015,DKI Jakarta,JAKARTA SELATAN,TEBET,TEBET TIMUR,Cacat Mental-Jiwa,Perempuan,3,2015
3029,2015,DKI Jakarta,JAKARTA SELATAN,TEBET,TEBET TIMUR,Cacat Fisik dan Mental,Perempuan,0,2015
3030,2015,DKI Jakarta,JAKARTA SELATAN,TEBET,TEBET TIMUR,Cacat Lainnya,Perempuan,0,2015
3031,2015,DKI Jakarta,JAKARTA SELATAN,TEBET,TEBET BARAT,Cacat Mental-Jiwa,Perempuan,0,2015
3032,2015,DKI Jakarta,JAKARTA SELATAN,TEBET,TEBET BARAT,Cacat Lainnya,Perempuan,0,2015
3033,2015,DKI Jakarta,JAKARTA SELATAN,TEBET,MENTENG DALAM,Cacat Fisik,Perempuan,3,2015
3034,2015,DKI Jakarta,JAKARTA SELATAN,TEBET,MENTENG DALAM,Cacat Netra-Buta,Perempuan,0,2015
3035,2015,DKI Jakarta,JAKARTA SELATAN,TEBET,MENTENG DALAM,Cacat Rungu-Wicara,Perempuan,4,2015
3036,2015,DKI Jakarta,JAKARTA SELATAN,TEBET,MENTENG DALAM,Cacat Mental-Jiwa,Perempuan,2,2015
3037,2015,DKI Jakarta,JAKARTA SELATAN,TEBET,MENTENG DALAM,Cacat Fisik dan Mental,Perempuan,3,2015
3038,2015,DKI Jakarta,JAKARTA SELATAN,TEBET,MENTENG DALAM,Cacat Lainnya,Perempuan,1,2015
3039,2015,DKI Jakarta,JAKARTA SELATAN,TEBET,KEBON BARU,Cacat Fisik,Perempuan,1,2015
3040,2015,DKI Jakarta,JAKARTA SELATAN,TEBET,KEBON BARU,Cacat Netra-Buta,Perempuan,1,2015
3041,2015,DKI Jakarta,JAKARTA SELATAN,TEBET,KEBON BARU,Cacat Rungu-Wicara,Perempuan,0,2015
3042,2015,DKI Jakarta,JAKARTA SELATAN,TEBET,BUKIT DURI,Cacat Rungu-Wicara,Perempuan,1,2015
3043,2015,DKI Jakarta,JAKARTA SELATAN,TEBET,BUKIT DURI,Cacat Mental-Jiwa,Perempuan,1,2015
3044,2015,DKI Jakarta,JAKARTA SELATAN,TEBET,MANGGARAI,Cacat Fisik,Perempuan,3,2015
3045,2015,DKI Jakarta,JAKARTA SELATAN,TEBET,MANGGARAI,Cacat Mental-Jiwa,Perempuan,2,2015
3046,2015,DKI Jakarta,JAKARTA SELATAN,TEBET,MANGGARAI,Cacat Fisik dan Mental,Perempuan,0,2015
3047,2015,DKI Jakarta,JAKARTA SELATAN,TEBET,MANGGARAI,Cacat Lainnya,Perempuan,0,2015
3048,2015,DKI Jakarta,JAKARTA SELATAN,SETIA BUDI,SETIA BUDI,Cacat Mental-Jiwa,Perempuan,1,2015
3049,2015,DKI Jakarta,JAKARTA SELATAN,SETIA BUDI,KARET SEMANGGI,Cacat Lainnya,Perempuan,1,2015
3050,2015,DKI Jakarta,JAKARTA SELATAN,SETIA BUDI,KARET KUNINGAN,Cacat Fisik,Perempuan,1,2015
3051,2015,DKI Jakarta,JAKARTA SELATAN,SETIA BUDI,KARET KUNINGAN,Cacat Rungu-Wicara,Perempuan,0,2015
3052,2015,DKI Jakarta,JAKARTA SELATAN,SETIA BUDI,KARET,Cacat Fisik,Perempuan,0,2015
3053,2015,DKI Jakarta,JAKARTA SELATAN,SETIA BUDI,MENTENG ATAS,Cacat Rungu-Wicara,Perempuan,1,2015
3054,2015,DKI Jakarta,JAKARTA SELATAN,SETIA BUDI,MENTENG ATAS,Cacat Mental-Jiwa,Perempuan,2,2015
3055,2015,DKI Jakarta,JAKARTA SELATAN,SETIA BUDI,MENTENG ATAS,Cacat Fisik dan Mental,Perempuan,1,2015
3056,2015,DKI Jakarta,JAKARTA SELATAN,SETIA BUDI,MENTENG ATAS,Cacat Lainnya,Perempuan,1,2015
3057,2015,DKI Jakarta,JAKARTA SELATAN,SETIA BUDI,PASAR MANGGIS,Cacat Fisik,Perempuan,2,2015
3058,2015,DKI Jakarta,JAKARTA SELATAN,SETIA BUDI,PASAR MANGGIS,Cacat Netra-Buta,Perempuan,2,2015
3059,2015,DKI Jakarta,JAKARTA SELATAN,SETIA BUDI,PASAR MANGGIS,Cacat Rungu-Wicara,Perempuan,2,2015
3060,2015,DKI Jakarta,JAKARTA SELATAN,SETIA BUDI,PASAR MANGGIS,Cacat Lainnya,Perempuan,1,2015
3061,2015,DKI Jakarta,JAKARTA SELATAN,SETIA BUDI,GUNTUR,Cacat Mental-Jiwa,Perempuan,1,2015
3062,2015,DKI Jakarta,JAKARTA SELATAN,MAMPANG PRAPATAN,MAMPANG PRAPATAN,Cacat Fisik,Perempuan,0,2015
3063,2015,DKI Jakarta,JAKARTA SELATAN,MAMPANG PRAPATAN,MAMPANG PRAPATAN,Cacat Rungu-Wicara,Perempuan,1,2015
3064,2015,DKI Jakarta,JAKARTA SELATAN,MAMPANG PRAPATAN,MAMPANG PRAPATAN,Cacat Mental-Jiwa,Perempuan,3,2015
3065,2015,DKI Jakarta,JAKARTA SELATAN,MAMPANG PRAPATAN,BANGKA,Cacat Netra-Buta,Perempuan,0,2015
3066,2015,DKI Jakarta,JAKARTA SELATAN,MAMPANG PRAPATAN,BANGKA,Cacat Rungu-Wicara,Perempuan,1,2015
3067,2015,DKI Jakarta,JAKARTA SELATAN,MAMPANG PRAPATAN,BANGKA,Cacat Mental-Jiwa,Perempuan,0,2015
3068,2015,DKI Jakarta,JAKARTA SELATAN,MAMPANG PRAPATAN,PELA MAMPANG,Cacat Fisik,Perempuan,1,2015
3069,2015,DKI Jakarta,JAKARTA SELATAN,MAMPANG PRAPATAN,PELA MAMPANG,Cacat Rungu-Wicara,Perempuan,3,2015
3070,2015,DKI Jakarta,JAKARTA SELATAN,MAMPANG PRAPATAN,PELA MAMPANG,Cacat Mental-Jiwa,Perempuan,3,2015
3071,2015,DKI Jakarta,JAKARTA SELATAN,MAMPANG PRAPATAN,PELA MAMPANG,Cacat Fisik dan Mental,Perempuan,3,2015
3072,2015,DKI Jakarta,JAKARTA SELATAN,MAMPANG PRAPATAN,TEGAL PARANG,Cacat Fisik,Perempuan,1,2015
3073,2015,DKI Jakarta,JAKARTA SELATAN,MAMPANG PRAPATAN,TEGAL PARANG,Cacat Netra-Buta,Perempuan,1,2015
3074,2015,DKI Jakarta,JAKARTA SELATAN,MAMPANG PRAPATAN,TEGAL PARANG,Cacat Mental-Jiwa,Perempuan,1,2015
3075,2015,DKI Jakarta,JAKARTA SELATAN,MAMPANG PRAPATAN,TEGAL PARANG,Cacat Lainnya,Perempuan,2,2015
3076,2015,DKI Jakarta,JAKARTA SELATAN,MAMPANG PRAPATAN,KUNINGAN BARAT,Cacat Lainnya,Perempuan,1,2015
3077,2015,DKI Jakarta,JAKARTA SELATAN,PASAR MINGGU,PASAR MINGGU,Cacat Fisik,Perempuan,0,2015
3078,2015,DKI Jakarta,JAKARTA SELATAN,PASAR MINGGU,PASAR MINGGU,Cacat Mental-Jiwa,Perempuan,0,2015
3079,2015,DKI Jakarta,JAKARTA SELATAN,PASAR MINGGU,JATI PADANG,Cacat Fisik,Perempuan,2,2015
3080,2015,DKI Jakarta,JAKARTA SELATAN,PASAR MINGGU,JATI PADANG,Cacat Rungu-Wicara,Perempuan,1,2015
3081,2015,DKI Jakarta,JAKARTA SELATAN,PASAR MINGGU,JATI PADANG,Cacat Mental-Jiwa,Perempuan,7,2015
3082,2015,DKI Jakarta,JAKARTA SELATAN,PASAR MINGGU,JATI PADANG,Cacat Fisik dan Mental,Perempuan,0,2015
3083,2015,DKI Jakarta,JAKARTA SELATAN,PASAR MINGGU,JATI PADANG,Cacat Lainnya,Perempuan,0,2015
3084,2015,DKI Jakarta,JAKARTA SELATAN,PASAR MINGGU,CILANDAK TIMUR,Cacat Mental-Jiwa,Perempuan,1,2015
3085,2015,DKI Jakarta,JAKARTA SELATAN,PASAR MINGGU,CILANDAK TIMUR,Cacat Lainnya,Perempuan,2,2015
3086,2015,DKI Jakarta,JAKARTA SELATAN,PASAR MINGGU,RAGUNAN,Cacat Fisik,Perempuan,3,2015
3087,2015,DKI Jakarta,JAKARTA SELATAN,PASAR MINGGU,RAGUNAN,Cacat Netra-Buta,Perempuan,0,2015
3088,2015,DKI Jakarta,JAKARTA SELATAN,PASAR MINGGU,RAGUNAN,Cacat Lainnya,Perempuan,1,2015
3089,2015,DKI Jakarta,JAKARTA SELATAN,PASAR MINGGU,PEJATEN TIMUR,Cacat Fisik,Perempuan,11,2015
3090,2015,DKI Jakarta,JAKARTA SELATAN,PASAR MINGGU,PEJATEN TIMUR,Cacat Netra-Buta,Perempuan,2,2015
3091,2015,DKI Jakarta,JAKARTA SELATAN,PASAR MINGGU,PEJATEN TIMUR,Cacat Rungu-Wicara,Perempuan,2,2015
3092,2015,DKI Jakarta,JAKARTA SELATAN,PASAR MINGGU,PEJATEN TIMUR,Cacat Mental-Jiwa,Perempuan,2,2015
3093,2015,DKI Jakarta,JAKARTA SELATAN,PASAR MINGGU,PEJATEN BARAT,Cacat Fisik,Perempuan,1,2015
3094,2015,DKI Jakarta,JAKARTA SELATAN,PASAR MINGGU,PEJATEN BARAT,Cacat Mental-Jiwa,Perempuan,1,2015
3095,2015,DKI Jakarta,JAKARTA SELATAN,PASAR MINGGU,KEBAGUSAN,Cacat Fisik,Perempuan,0,2015
3096,2015,DKI Jakarta,JAKARTA SELATAN,PASAR MINGGU,KEBAGUSAN,Cacat Rungu-Wicara,Perempuan,0,2015
3097,2015,DKI Jakarta,JAKARTA SELATAN,PASAR MINGGU,KEBAGUSAN,Cacat Lainnya,Perempuan,1,2015
3098,2015,DKI Jakarta,JAKARTA SELATAN,KEBAYORAN LAMA,KEBAYORAN LAMA UTARA,Cacat Rungu-Wicara,Perempuan,1,2015
3099,2015,DKI Jakarta,JAKARTA TIMUR,DUREN SAWIT,KLENDER,Cacat Netra-Buta,Perempuan,1,2015
3100,2015,DKI Jakarta,JAKARTA TIMUR,DUREN SAWIT,KLENDER,Cacat Rungu-Wicara,Perempuan,2,2015
3101,2015,DKI Jakarta,JAKARTA TIMUR,DUREN SAWIT,KLENDER,Cacat Mental-Jiwa,Perempuan,3,2015
3102,2015,DKI Jakarta,JAKARTA TIMUR,DUREN SAWIT,KLENDER,Cacat Lainnya,Perempuan,2,2015
3103,2015,DKI Jakarta,JAKARTA TIMUR,DUREN SAWIT,PONDOK KELAPA,Cacat Fisik,Perempuan,3,2015
3104,2015,DKI Jakarta,JAKARTA TIMUR,DUREN SAWIT,PONDOK KELAPA,Cacat Netra-Buta,Perempuan,1,2015
3105,2015,DKI Jakarta,JAKARTA TIMUR,DUREN SAWIT,PONDOK KELAPA,Cacat Rungu-Wicara,Perempuan,1,2015
3106,2015,DKI Jakarta,JAKARTA TIMUR,DUREN SAWIT,PONDOK KELAPA,Cacat Lainnya,Perempuan,3,2015
3107,2015,DKI Jakarta,JAKARTA TIMUR,DUREN SAWIT,MALAKA SARI,Cacat Fisik,Perempuan,1,2015
3108,2015,DKI Jakarta,JAKARTA TIMUR,DUREN SAWIT,MALAKA SARI,Cacat Netra-Buta,Perempuan,1,2015
3109,2015,DKI Jakarta,JAKARTA TIMUR,DUREN SAWIT,MALAKA SARI,Cacat Rungu-Wicara,Perempuan,1,2015
3110,2015,DKI Jakarta,JAKARTA TIMUR,DUREN SAWIT,MALAKA SARI,Cacat Mental-Jiwa,Perempuan,1,2015
3111,2015,DKI Jakarta,JAKARTA TIMUR,DUREN SAWIT,MALAKA SARI,Cacat Fisik dan Mental,Perempuan,0,2015
3112,2015,DKI Jakarta,JAKARTA TIMUR,DUREN SAWIT,MALAKA JAYA,Cacat Fisik,Perempuan,3,2015
3113,2015,DKI Jakarta,JAKARTA TIMUR,DUREN SAWIT,MALAKA JAYA,Cacat Netra-Buta,Perempuan,1,2015
3114,2015,DKI Jakarta,JAKARTA TIMUR,DUREN SAWIT,MALAKA JAYA,Cacat Rungu-Wicara,Perempuan,4,2015
3115,2015,DKI Jakarta,JAKARTA TIMUR,DUREN SAWIT,MALAKA JAYA,Cacat Mental-Jiwa,Perempuan,1,2015
3116,2015,DKI Jakarta,JAKARTA TIMUR,DUREN SAWIT,MALAKA JAYA,Cacat Fisik dan Mental,Perempuan,1,2015
3117,2015,DKI Jakarta,JAKARTA TIMUR,DUREN SAWIT,MALAKA JAYA,Cacat Lainnya,Perempuan,2,2015
3118,2015,DKI Jakarta,JAKARTA TIMUR,DUREN SAWIT,PONDOK KOPI,Cacat Rungu-Wicara,Perempuan,1,2015
3119,2015,DKI Jakarta,JAKARTA TIMUR,DUREN SAWIT,PONDOK KOPI,Cacat Mental-Jiwa,Perempuan,1,2015
3120,2015,DKI Jakarta,JAKARTA TIMUR,MAKASAR,MAKASAR,Cacat Netra-Buta,Perempuan,1,2015
3121,2015,DKI Jakarta,JAKARTA TIMUR,MAKASAR,MAKASAR,Cacat Rungu-Wicara,Perempuan,2,2015
3122,2015,DKI Jakarta,JAKARTA TIMUR,MAKASAR,MAKASAR,Cacat Mental-Jiwa,Perempuan,1,2015
3123,2015,DKI Jakarta,JAKARTA TIMUR,MAKASAR,MAKASAR,Cacat Fisik dan Mental,Perempuan,1,2015
3124,2015,DKI Jakarta,JAKARTA TIMUR,MAKASAR,MAKASAR,Cacat Lainnya,Perempuan,1,2015
3125,2015,DKI Jakarta,JAKARTA TIMUR,MAKASAR,PINANG RANTI,Cacat Fisik,Perempuan,0,2015
3126,2015,DKI Jakarta,JAKARTA TIMUR,MAKASAR,PINANG RANTI,Cacat Netra-Buta,Perempuan,0,2015
3127,2015,DKI Jakarta,JAKARTA TIMUR,MAKASAR,PINANG RANTI,Cacat Rungu-Wicara,Perempuan,0,2015
3128,2015,DKI Jakarta,JAKARTA TIMUR,MAKASAR,PINANG RANTI,Cacat Mental-Jiwa,Perempuan,2,2015
3129,2015,DKI Jakarta,JAKARTA TIMUR,MAKASAR,PINANG RANTI,Cacat Lainnya,Perempuan,1,2015
3130,2015,DKI Jakarta,JAKARTA TIMUR,MAKASAR,KEBON PALA,Cacat Fisik,Perempuan,1,2015
3131,2015,DKI Jakarta,JAKARTA TIMUR,MAKASAR,KEBON PALA,Cacat Lainnya,Perempuan,3,2015
3132,2015,DKI Jakarta,JAKARTA TIMUR,MAKASAR,HALIM PERDANA KUSUMAH,Cacat Fisik,Perempuan,3,2015
3133,2015,DKI Jakarta,JAKARTA TIMUR,MAKASAR,HALIM PERDANA KUSUMAH,Cacat Rungu-Wicara,Perempuan,3,2015
3134,2015,DKI Jakarta,JAKARTA TIMUR,MAKASAR,HALIM PERDANA KUSUMAH,Cacat Mental-Jiwa,Perempuan,2,2015
3135,2015,DKI Jakarta,JAKARTA TIMUR,MAKASAR,HALIM PERDANA KUSUMAH,Cacat Fisik dan Mental,Perempuan,1,2015
3136,2015,DKI Jakarta,JAKARTA TIMUR,MAKASAR,HALIM PERDANA KUSUMAH,Cacat Lainnya,Perempuan,1,2015
3137,2015,DKI Jakarta,JAKARTA TIMUR,MAKASAR,CIPINANG MELAYU,Cacat Fisik,Perempuan,1,2015
3138,2015,DKI Jakarta,JAKARTA TIMUR,MAKASAR,CIPINANG MELAYU,Cacat Mental-Jiwa,Perempuan,1,2015
3139,2015,DKI Jakarta,JAKARTA TIMUR,CIRACAS,CIRACAS,Cacat Fisik,Perempuan,1,2015
3140,2015,DKI Jakarta,JAKARTA TIMUR,CIRACAS,CIRACAS,Cacat Mental-Jiwa,Perempuan,1,2015
3141,2015,DKI Jakarta,JAKARTA TIMUR,CIRACAS,CIRACAS,Cacat Fisik dan Mental,Perempuan,1,2015
3142,2015,DKI Jakarta,JAKARTA TIMUR,CIRACAS,CIRACAS,Cacat Lainnya,Perempuan,2,2015
3143,2015,DKI Jakarta,JAKARTA TIMUR,CIRACAS,CIBUBUR,Cacat Netra-Buta,Perempuan,0,2015
3144,2015,DKI Jakarta,JAKARTA TIMUR,CIRACAS,CIBUBUR,Cacat Rungu-Wicara,Perempuan,2,2015
3145,2015,DKI Jakarta,JAKARTA TIMUR,CIRACAS,CIBUBUR,Cacat Mental-Jiwa,Perempuan,0,2015
3146,2015,DKI Jakarta,JAKARTA TIMUR,CIRACAS,CIBUBUR,Cacat Lainnya,Perempuan,1,2015
3147,2015,DKI Jakarta,JAKARTA TIMUR,CIRACAS,KELAPA DUA WETAN,Cacat Lainnya,Perempuan,0,2015
3148,2015,DKI Jakarta,JAKARTA TIMUR,CIRACAS,SUSUKAN,Cacat Fisik,Perempuan,1,2015
3149,2015,DKI Jakarta,JAKARTA TIMUR,CIRACAS,SUSUKAN,Cacat Netra-Buta,Perempuan,0,2015
3150,2015,DKI Jakarta,JAKARTA TIMUR,CIRACAS,SUSUKAN,Cacat Fisik dan Mental,Perempuan,1,2015
3151,2015,DKI Jakarta,JAKARTA TIMUR,CIRACAS,SUSUKAN,Cacat Lainnya,Perempuan,1,2015
3152,2015,DKI Jakarta,JAKARTA TIMUR,CIRACAS,RAMBUTAN,Cacat Fisik,Perempuan,7,2015
3153,2015,DKI Jakarta,JAKARTA TIMUR,CIRACAS,RAMBUTAN,Cacat Netra-Buta,Perempuan,2,2015
3154,2015,DKI Jakarta,JAKARTA TIMUR,CIRACAS,RAMBUTAN,Cacat Rungu-Wicara,Perempuan,2,2015
3155,2015,DKI Jakarta,JAKARTA TIMUR,CIRACAS,RAMBUTAN,Cacat Lainnya,Perempuan,1,2015
3156,2015,DKI Jakarta,JAKARTA TIMUR,CIPAYUNG,CIPAYUNG,Cacat Fisik,Perempuan,6,2015
3157,2015,DKI Jakarta,JAKARTA TIMUR,CIPAYUNG,CIPAYUNG,Cacat Netra-Buta,Perempuan,0,2015
3158,2015,DKI Jakarta,JAKARTA TIMUR,CIPAYUNG,CIPAYUNG,Cacat Rungu-Wicara,Perempuan,2,2015
3159,2015,DKI Jakarta,JAKARTA TIMUR,CIPAYUNG,CIPAYUNG,Cacat Mental-Jiwa,Perempuan,34,2015
3160,2015,DKI Jakarta,JAKARTA TIMUR,CIPAYUNG,CIPAYUNG,Cacat Fisik dan Mental,Perempuan,1,2015
3161,2015,DKI Jakarta,JAKARTA TIMUR,CIPAYUNG,CILANGKAP,Cacat Fisik,Perempuan,0,2015
3162,2015,DKI Jakarta,JAKARTA TIMUR,CIPAYUNG,CILANGKAP,Cacat Lainnya,Perempuan,0,2015
3163,2015,DKI Jakarta,JAKARTA TIMUR,CIPAYUNG,PONDOK RANGGON,Cacat Fisik,Perempuan,1,2015
3164,2015,DKI Jakarta,JAKARTA TIMUR,CIPAYUNG,PONDOK RANGGON,Cacat Mental-Jiwa,Perempuan,0,2015
3165,2015,DKI Jakarta,JAKARTA TIMUR,CIPAYUNG,PONDOK RANGGON,Cacat Lainnya,Perempuan,2,2015
3166,2015,DKI Jakarta,JAKARTA TIMUR,CIPAYUNG,MUNJUL,Cacat Fisik,Perempuan,0,2015
3167,2015,DKI Jakarta,JAKARTA TIMUR,CIPAYUNG,MUNJUL,Cacat Lainnya,Perempuan,2,2015
3168,2015,DKI Jakarta,JAKARTA TIMUR,CIPAYUNG,SETU,Cacat Fisik,Perempuan,0,2015
3169,2015,DKI Jakarta,JAKARTA TIMUR,CIPAYUNG,SETU,Cacat Rungu-Wicara,Perempuan,1,2015
3170,2015,DKI Jakarta,JAKARTA TIMUR,CIPAYUNG,SETU,Cacat Lainnya,Perempuan,0,2015
3171,2015,DKI Jakarta,JAKARTA TIMUR,CIPAYUNG,BAMBU APUS,Cacat Lainnya,Perempuan,1,2015
3172,2015,DKI Jakarta,JAKARTA TIMUR,CIPAYUNG,LUBANG BUAYA,Cacat Rungu-Wicara,Perempuan,1,2015
3173,2015,DKI Jakarta,JAKARTA TIMUR,CIPAYUNG,LUBANG BUAYA,Cacat Mental-Jiwa,Perempuan,0,2015
3174,2015,DKI Jakarta,JAKARTA TIMUR,CIPAYUNG,LUBANG BUAYA,Cacat Lainnya,Perempuan,3,2015
3175,2015,DKI Jakarta,JAKARTA TIMUR,CIPAYUNG,CEGER,Cacat Mental-Jiwa,Perempuan,23,2015
3176,2017,DKI Jakarta,ADM. KEPULAUAN SERIBU,KEPULAUAN SERIBU UTARA,PULAU KELAPA,Cacat Fisik dan Mental,Laki-laki,2,2017
3177,2017,DKI Jakarta,ADM. KEPULAUAN SERIBU,KEPULAUAN SERIBU UTARA,PULAU KELAPA,Cacat Mental-Jiwa,Laki-laki,1,2017
3178,2017,DKI Jakarta,ADM. KEPULAUAN SERIBU,KEPULAUAN SERIBU SELATAN,PULAU UNTUNG JAWA,Cacat Fisik,Laki-laki,1,2017
3179,2017,DKI Jakarta,ADM. KEPULAUAN SERIBU,KEPULAUAN SERIBU SELATAN,PULAU UNTUNG JAWA,Cacat Mental-Jiwa,Laki-laki,1,2017
3180,2017,DKI Jakarta,ADM. KEPULAUAN SERIBU,KEPULAUAN SERIBU SELATAN,PULAU TIDUNG,Cacat Mental-Jiwa,Laki-laki,3,2017
3181,2017,DKI Jakarta,ADM. KEPULAUAN SERIBU,KEPULAUAN SERIBU SELATAN,PULAU TIDUNG,Cacat Rungu-Wicara,Laki-laki,1,2017
3182,2017,DKI Jakarta,ADM. KEPULAUAN SERIBU,KEPULAUAN SERIBU SELATAN,PULAU PARI,Cacat Mental-Jiwa,Laki-laki,1,2017
3183,2017,DKI Jakarta,JAKARTA PUSAT,GAMBIR,GAMBIR,Cacat Fisik,Laki-laki,1,2017
3184,2017,DKI Jakarta,JAKARTA PUSAT,GAMBIR,GAMBIR,Cacat Fisik dan Mental,Laki-laki,1,2017
3185,2017,DKI Jakarta,JAKARTA PUSAT,GAMBIR,CIDENG,Cacat Fisik,Laki-laki,0,2017
3186,2017,DKI Jakarta,JAKARTA PUSAT,GAMBIR,CIDENG,Cacat Fisik dan Mental,Laki-laki,1,2017
3187,2017,DKI Jakarta,JAKARTA PUSAT,GAMBIR,CIDENG,Cacat Lainnya,Laki-laki,0,2017
3188,2017,DKI Jakarta,JAKARTA PUSAT,GAMBIR,CIDENG,Cacat Mental-Jiwa,Laki-laki,2,2017
3189,2017,DKI Jakarta,JAKARTA PUSAT,GAMBIR,CIDENG,Cacat Netra-Buta,Laki-laki,2,2017
3190,2017,DKI Jakarta,JAKARTA PUSAT,GAMBIR,PETOJO UTARA,Cacat Fisik,Laki-laki,1,2017
3191,2017,DKI Jakarta,JAKARTA PUSAT,GAMBIR,PETOJO UTARA,Cacat Lainnya,Laki-laki,1,2017
3192,2017,DKI Jakarta,JAKARTA PUSAT,GAMBIR,PETOJO UTARA,Cacat Mental-Jiwa,Laki-laki,0,2017
3193,2017,DKI Jakarta,JAKARTA PUSAT,GAMBIR,PETOJO SELATAN,Cacat Fisik dan Mental,Laki-laki,2,2017
3194,2017,DKI Jakarta,JAKARTA PUSAT,GAMBIR,PETOJO SELATAN,Cacat Lainnya,Laki-laki,1,2017
3195,2017,DKI Jakarta,JAKARTA PUSAT,GAMBIR,PETOJO SELATAN,Cacat Rungu-Wicara,Laki-laki,1,2017
3196,2017,DKI Jakarta,JAKARTA PUSAT,GAMBIR,KEBON KELAPA,Cacat Mental-Jiwa,Laki-laki,0,2017
3197,2017,DKI Jakarta,JAKARTA PUSAT,GAMBIR,DURI PULO,Cacat Mental-Jiwa,Laki-laki,0,2017
3198,2017,DKI Jakarta,JAKARTA PUSAT,SAWAH BESAR,PASAR BARU,Cacat Fisik,Laki-laki,1,2017
3199,2017,DKI Jakarta,JAKARTA PUSAT,SAWAH BESAR,PASAR BARU,Cacat Lainnya,Laki-laki,1,2017
3200,2017,DKI Jakarta,JAKARTA PUSAT,SAWAH BESAR,KARANG ANYAR,Cacat Mental-Jiwa,Laki-laki,0,2017
3201,2017,DKI Jakarta,JAKARTA PUSAT,SAWAH BESAR,KARTINI,Cacat Fisik,Laki-laki,1,2017
3202,2017,DKI Jakarta,JAKARTA PUSAT,SAWAH BESAR,GUNUNG SAHARI UTARA,Cacat Fisik,Laki-laki,2,2017
3203,2017,DKI Jakarta,JAKARTA PUSAT,SAWAH BESAR,MANGGA DUA SELATAN,Cacat Fisik,Laki-laki,1,2017
3204,2017,DKI Jakarta,JAKARTA PUSAT,SAWAH BESAR,MANGGA DUA SELATAN,Cacat Lainnya,Laki-laki,0,2017
3205,2017,DKI Jakarta,JAKARTA PUSAT,SAWAH BESAR,MANGGA DUA SELATAN,Cacat Mental-Jiwa,Laki-laki,0,2017
3206,2017,DKI Jakarta,JAKARTA PUSAT,KEMAYORAN,KEMAYORAN,Cacat Fisik,Laki-laki,2,2017
3207,2017,DKI Jakarta,JAKARTA PUSAT,KEMAYORAN,KEMAYORAN,Cacat Lainnya,Laki-laki,1,2017
3208,2017,DKI Jakarta,JAKARTA PUSAT,KEMAYORAN,KEMAYORAN,Cacat Rungu-Wicara,Laki-laki,0,2017
3209,2017,DKI Jakarta,JAKARTA PUSAT,KEMAYORAN,KEBON KOSONG,Cacat Fisik,Laki-laki,1,2017
3210,2017,DKI Jakarta,JAKARTA PUSAT,KEMAYORAN,KEBON KOSONG,Cacat Fisik dan Mental,Laki-laki,2,2017
3211,2017,DKI Jakarta,JAKARTA PUSAT,KEMAYORAN,KEBON KOSONG,Cacat Lainnya,Laki-laki,4,2017
3212,2017,DKI Jakarta,JAKARTA PUSAT,KEMAYORAN,KEBON KOSONG,Cacat Mental-Jiwa,Laki-laki,2,2017
3213,2017,DKI Jakarta,JAKARTA PUSAT,KEMAYORAN,HARAPAN MULIA,Cacat Fisik,Laki-laki,2,2017
3214,2017,DKI Jakarta,JAKARTA PUSAT,KEMAYORAN,HARAPAN MULIA,Cacat Fisik dan Mental,Laki-laki,0,2017
3215,2017,DKI Jakarta,JAKARTA PUSAT,KEMAYORAN,HARAPAN MULIA,Cacat Lainnya,Laki-laki,5,2017
3216,2017,DKI Jakarta,JAKARTA PUSAT,KEMAYORAN,HARAPAN MULIA,Cacat Mental-Jiwa,Laki-laki,1,2017
3217,2017,DKI Jakarta,JAKARTA PUSAT,KEMAYORAN,HARAPAN MULIA,Cacat Netra-Buta,Laki-laki,0,2017
3218,2017,DKI Jakarta,JAKARTA PUSAT,KEMAYORAN,HARAPAN MULIA,Cacat Rungu-Wicara,Laki-laki,2,2017
3219,2017,DKI Jakarta,JAKARTA PUSAT,KEMAYORAN,SERDANG,Cacat Fisik,Laki-laki,1,2017
3220,2017,DKI Jakarta,JAKARTA PUSAT,KEMAYORAN,SERDANG,Cacat Mental-Jiwa,Laki-laki,0,2017
3221,2017,DKI Jakarta,JAKARTA PUSAT,KEMAYORAN,GUNUNG SAHARI SELATAN,Cacat Fisik,Laki-laki,5,2017
3222,2017,DKI Jakarta,JAKARTA PUSAT,KEMAYORAN,GUNUNG SAHARI SELATAN,Cacat Fisik dan Mental,Laki-laki,1,2017
3223,2017,DKI Jakarta,JAKARTA PUSAT,KEMAYORAN,GUNUNG SAHARI SELATAN,Cacat Lainnya,Laki-laki,42,2017
3224,2017,DKI Jakarta,JAKARTA PUSAT,KEMAYORAN,GUNUNG SAHARI SELATAN,Cacat Mental-Jiwa,Laki-laki,12,2017
3225,2017,DKI Jakarta,JAKARTA PUSAT,KEMAYORAN,GUNUNG SAHARI SELATAN,Cacat Netra-Buta,Laki-laki,1,2017
3226,2017,DKI Jakarta,JAKARTA PUSAT,MENTENG,GONDANGDIA,Cacat Fisik dan Mental,Laki-laki,1,2017
3227,2017,DKI Jakarta,JAKARTA PUSAT,MENTENG,KEBON SIRIH,Cacat Lainnya,Laki-laki,0,2017
3228,2017,DKI Jakarta,JAKARTA PUSAT,TANAH ABANG,GELORA,Cacat Lainnya,Laki-laki,1,2017
3229,2017,DKI Jakarta,JAKARTA PUSAT,TANAH ABANG,BENDUNGAN HILIR,Cacat Mental-Jiwa,Laki-laki,1,2017
3230,2017,DKI Jakarta,JAKARTA PUSAT,TANAH ABANG,BENDUNGAN HILIR,Cacat Netra-Buta,Laki-laki,1,2017
3231,2017,DKI Jakarta,JAKARTA PUSAT,TANAH ABANG,KARET TENGSIN,Cacat Fisik,Laki-laki,1,2017
3232,2017,DKI Jakarta,JAKARTA PUSAT,TANAH ABANG,KARET TENGSIN,Cacat Lainnya,Laki-laki,1,2017
3233,2017,DKI Jakarta,JAKARTA PUSAT,TANAH ABANG,KARET TENGSIN,Cacat Mental-Jiwa,Laki-laki,1,2017
3234,2017,DKI Jakarta,JAKARTA PUSAT,TANAH ABANG,PETAMBURAN,Cacat Fisik,Laki-laki,1,2017
3235,2017,DKI Jakarta,JAKARTA PUSAT,TANAH ABANG,PETAMBURAN,Cacat Fisik dan Mental,Laki-laki,1,2017
3236,2017,DKI Jakarta,JAKARTA PUSAT,TANAH ABANG,PETAMBURAN,Cacat Mental-Jiwa,Laki-laki,1,2017
3237,2017,DKI Jakarta,JAKARTA PUSAT,TANAH ABANG,PETAMBURAN,Cacat Rungu-Wicara,Laki-laki,0,2017
3238,2017,DKI Jakarta,JAKARTA PUSAT,TANAH ABANG,KEBON MELATI,Cacat Fisik,Laki-laki,3,2017
3239,2017,DKI Jakarta,JAKARTA PUSAT,TANAH ABANG,KEBON MELATI,Cacat Netra-Buta,Laki-laki,0,2017
3240,2017,DKI Jakarta,JAKARTA PUSAT,TANAH ABANG,KEBON MELATI,Cacat Rungu-Wicara,Laki-laki,1,2017
3241,2017,DKI Jakarta,JAKARTA PUSAT,TANAH ABANG,KEBON KACANG,Cacat Fisik,Laki-laki,1,2017
3242,2017,DKI Jakarta,JAKARTA PUSAT,TANAH ABANG,KEBON KACANG,Cacat Fisik dan Mental,Laki-laki,0,2017
3243,2017,DKI Jakarta,JAKARTA PUSAT,TANAH ABANG,KEBON KACANG,Cacat Lainnya,Laki-laki,1,2017
3244,2017,DKI Jakarta,JAKARTA PUSAT,TANAH ABANG,KEBON KACANG,Cacat Mental-Jiwa,Laki-laki,1,2017
3245,2017,DKI Jakarta,JAKARTA PUSAT,TANAH ABANG,KAMPUNG BALI,Cacat Fisik,Laki-laki,2,2017
3246,2017,DKI Jakarta,JAKARTA PUSAT,TANAH ABANG,KAMPUNG BALI,Cacat Lainnya,Laki-laki,3,2017
3247,2017,DKI Jakarta,JAKARTA PUSAT,JOHAR BARU,JOHAR BARU,Cacat Fisik,Laki-laki,3,2017
3248,2017,DKI Jakarta,JAKARTA PUSAT,JOHAR BARU,JOHAR BARU,Cacat Lainnya,Laki-laki,2,2017
3249,2017,DKI Jakarta,JAKARTA PUSAT,JOHAR BARU,JOHAR BARU,Cacat Mental-Jiwa,Laki-laki,3,2017
3250,2017,DKI Jakarta,JAKARTA PUSAT,JOHAR BARU,JOHAR BARU,Cacat Rungu-Wicara,Laki-laki,2,2017
3251,2017,DKI Jakarta,JAKARTA PUSAT,JOHAR BARU,KAMPUNG RAWA,Cacat Fisik,Laki-laki,2,2017
3252,2017,DKI Jakarta,JAKARTA PUSAT,JOHAR BARU,KAMPUNG RAWA,Cacat Fisik dan Mental,Laki-laki,0,2017
3253,2017,DKI Jakarta,JAKARTA PUSAT,JOHAR BARU,KAMPUNG RAWA,Cacat Lainnya,Laki-laki,1,2017
3254,2017,DKI Jakarta,JAKARTA PUSAT,JOHAR BARU,KAMPUNG RAWA,Cacat Mental-Jiwa,Laki-laki,2,2017
3255,2017,DKI Jakarta,JAKARTA PUSAT,JOHAR BARU,KAMPUNG RAWA,Cacat Netra-Buta,Laki-laki,2,2017
3256,2017,DKI Jakarta,JAKARTA PUSAT,JOHAR BARU,GALUR,Cacat Lainnya,Laki-laki,2,2017
3257,2017,DKI Jakarta,JAKARTA PUSAT,JOHAR BARU,GALUR,Cacat Netra-Buta,Laki-laki,4,2017
3258,2017,DKI Jakarta,JAKARTA PUSAT,JOHAR BARU,TANAH TINGGI,Cacat Fisik,Laki-laki,1,2017
3259,2017,DKI Jakarta,JAKARTA PUSAT,JOHAR BARU,TANAH TINGGI,Cacat Fisik dan Mental,Laki-laki,0,2017
3260,2017,DKI Jakarta,JAKARTA PUSAT,JOHAR BARU,TANAH TINGGI,Cacat Lainnya,Laki-laki,1,2017
3261,2017,DKI Jakarta,JAKARTA PUSAT,JOHAR BARU,TANAH TINGGI,Cacat Mental-Jiwa,Laki-laki,1,2017
3262,2017,DKI Jakarta,JAKARTA PUSAT,JOHAR BARU,TANAH TINGGI,Cacat Netra-Buta,Laki-laki,1,2017
3263,2017,DKI Jakarta,JAKARTA UTARA,PENJARINGAN,PENJARINGAN,Cacat Fisik,Laki-laki,7,2017
3264,2017,DKI Jakarta,JAKARTA UTARA,PENJARINGAN,PENJARINGAN,Cacat Lainnya,Laki-laki,0,2017
3265,2017,DKI Jakarta,JAKARTA UTARA,PENJARINGAN,PENJARINGAN,Cacat Mental-Jiwa,Laki-laki,1,2017
3266,2017,DKI Jakarta,JAKARTA UTARA,PENJARINGAN,PENJARINGAN,Cacat Netra-Buta,Laki-laki,2,2017
3267,2017,DKI Jakarta,JAKARTA UTARA,PENJARINGAN,KAMAL MUARA,Cacat Fisik dan Mental,Laki-laki,0,2017
3268,2017,DKI Jakarta,JAKARTA PUSAT,KEMAYORAN,GUNUNG SAHARI SELATAN,Cacat Rungu-Wicara,Laki-laki,1,2017
3269,2017,DKI Jakarta,JAKARTA PUSAT,KEMAYORAN,CEMPAKA BARU,Cacat Fisik,Laki-laki,3,2017
3270,2017,DKI Jakarta,JAKARTA PUSAT,KEMAYORAN,CEMPAKA BARU,Cacat Fisik dan Mental,Laki-laki,1,2017
3271,2017,DKI Jakarta,JAKARTA PUSAT,KEMAYORAN,CEMPAKA BARU,Cacat Lainnya,Laki-laki,4,2017
3272,2017,DKI Jakarta,JAKARTA PUSAT,KEMAYORAN,CEMPAKA BARU,Cacat Mental-Jiwa,Laki-laki,2,2017
3273,2017,DKI Jakarta,JAKARTA PUSAT,KEMAYORAN,CEMPAKA BARU,Cacat Netra-Buta,Laki-laki,1,2017
3274,2017,DKI Jakarta,JAKARTA PUSAT,KEMAYORAN,SUMUR BATU,Cacat Fisik,Laki-laki,1,2017
3275,2017,DKI Jakarta,JAKARTA PUSAT,KEMAYORAN,SUMUR BATU,Cacat Fisik dan Mental,Laki-laki,1,2017
3276,2017,DKI Jakarta,JAKARTA PUSAT,KEMAYORAN,SUMUR BATU,Cacat Lainnya,Laki-laki,0,2017
3277,2017,DKI Jakarta,JAKARTA PUSAT,KEMAYORAN,SUMUR BATU,Cacat Rungu-Wicara,Laki-laki,0,2017
3278,2017,DKI Jakarta,JAKARTA PUSAT,KEMAYORAN,UTAN PANJANG,Cacat Fisik dan Mental,Laki-laki,0,2017
3279,2017,DKI Jakarta,JAKARTA PUSAT,S E N E N,SENEN,Cacat Mental-Jiwa,Laki-laki,1,2017
3280,2017,DKI Jakarta,JAKARTA PUSAT,S E N E N,PASEBAN,Cacat Fisik dan Mental,Laki-laki,0,2017
3281,2017,DKI Jakarta,JAKARTA PUSAT,S E N E N,PASEBAN,Cacat Lainnya,Laki-laki,2,2017
3282,2017,DKI Jakarta,JAKARTA PUSAT,S E N E N,PASEBAN,Cacat Mental-Jiwa,Laki-laki,0,2017
3283,2017,DKI Jakarta,JAKARTA PUSAT,S E N E N,KRAMAT,Cacat Fisik,Laki-laki,7,2017
3284,2017,DKI Jakarta,JAKARTA PUSAT,S E N E N,KRAMAT,Cacat Lainnya,Laki-laki,1,2017
3285,2017,DKI Jakarta,JAKARTA PUSAT,S E N E N,KRAMAT,Cacat Mental-Jiwa,Laki-laki,1,2017
3286,2017,DKI Jakarta,JAKARTA PUSAT,S E N E N,KRAMAT,Cacat Netra-Buta,Laki-laki,1,2017
3287,2017,DKI Jakarta,JAKARTA PUSAT,S E N E N,KRAMAT,Cacat Rungu-Wicara,Laki-laki,1,2017
3288,2017,DKI Jakarta,JAKARTA PUSAT,S E N E N,KWITANG,Cacat Fisik,Laki-laki,0,2017
3289,2017,DKI Jakarta,JAKARTA PUSAT,S E N E N,KWITANG,Cacat Lainnya,Laki-laki,1,2017
3290,2017,DKI Jakarta,JAKARTA PUSAT,S E N E N,KWITANG,Cacat Mental-Jiwa,Laki-laki,2,2017
3291,2017,DKI Jakarta,JAKARTA PUSAT,S E N E N,BUNGUR,Cacat Fisik,Laki-laki,2,2017
3292,2017,DKI Jakarta,JAKARTA PUSAT,S E N E N,BUNGUR,Cacat Lainnya,Laki-laki,1,2017
3293,2017,DKI Jakarta,JAKARTA PUSAT,S E N E N,BUNGUR,Cacat Netra-Buta,Laki-laki,1,2017
3294,2017,DKI Jakarta,JAKARTA PUSAT,S E N E N,BUNGUR,Cacat Rungu-Wicara,Laki-laki,0,2017
3295,2017,DKI Jakarta,JAKARTA PUSAT,CEMPAKA PUTIH,CEMPAKA PUTIH TIMUR,Cacat Fisik dan Mental,Laki-laki,0,2017
3296,2017,DKI Jakarta,JAKARTA PUSAT,CEMPAKA PUTIH,CEMPAKA PUTIH BARAT,Cacat Fisik,Laki-laki,1,2017
3297,2017,DKI Jakarta,JAKARTA PUSAT,CEMPAKA PUTIH,CEMPAKA PUTIH BARAT,Cacat Mental-Jiwa,Laki-laki,1,2017
3298,2017,DKI Jakarta,JAKARTA PUSAT,CEMPAKA PUTIH,RAWASARI,Cacat Fisik,Laki-laki,0,2017
3299,2017,DKI Jakarta,JAKARTA PUSAT,CEMPAKA PUTIH,RAWASARI,Cacat Lainnya,Laki-laki,1,2017
3300,2017,DKI Jakarta,JAKARTA PUSAT,CEMPAKA PUTIH,RAWASARI,Cacat Mental-Jiwa,Laki-laki,1,2017
3301,2017,DKI Jakarta,JAKARTA PUSAT,CEMPAKA PUTIH,RAWASARI,Cacat Rungu-Wicara,Laki-laki,0,2017
3302,2017,DKI Jakarta,JAKARTA PUSAT,MENTENG,MENTENG,Cacat Fisik dan Mental,Laki-laki,1,2017
3303,2017,DKI Jakarta,JAKARTA PUSAT,MENTENG,MENTENG,Cacat Lainnya,Laki-laki,1,2017
3304,2017,DKI Jakarta,JAKARTA PUSAT,MENTENG,MENTENG,Cacat Mental-Jiwa,Laki-laki,0,2017
3305,2017,DKI Jakarta,JAKARTA PUSAT,MENTENG,MENTENG,Cacat Rungu-Wicara,Laki-laki,0,2017
3306,2017,DKI Jakarta,JAKARTA PUSAT,MENTENG,PEGANGSAAN,Cacat Fisik,Laki-laki,1,2017
3307,2017,DKI Jakarta,JAKARTA PUSAT,MENTENG,PEGANGSAAN,Cacat Lainnya,Laki-laki,0,2017
3308,2017,DKI Jakarta,JAKARTA PUSAT,MENTENG,PEGANGSAAN,Cacat Mental-Jiwa,Laki-laki,1,2017
3309,2017,DKI Jakarta,JAKARTA PUSAT,MENTENG,PEGANGSAAN,Cacat Netra-Buta,Laki-laki,3,2017
3310,2017,DKI Jakarta,JAKARTA PUSAT,MENTENG,CIKINI,Cacat Mental-Jiwa,Laki-laki,0,2017
3311,2015,DKI Jakarta,JAKARTA TIMUR,JATINEGARA,CIPINANG BESAR SELATAN,Cacat Fisik dan Mental,Perempuan,1,2015
3312,2015,DKI Jakarta,JAKARTA TIMUR,JATINEGARA,CIPINANG BESAR SELATAN,Cacat Lainnya,Perempuan,2,2015
3313,2015,DKI Jakarta,JAKARTA TIMUR,JATINEGARA,CIPINANG BESAR UTARA,Cacat Fisik,Perempuan,1,2015
3314,2015,DKI Jakarta,JAKARTA TIMUR,JATINEGARA,CIPINANG BESAR UTARA,Cacat Lainnya,Perempuan,2,2015
3315,2015,DKI Jakarta,JAKARTA TIMUR,KRAMAT JATI,KRAMAT JATI,Cacat Netra-Buta,Perempuan,1,2015
3316,2015,DKI Jakarta,JAKARTA TIMUR,KRAMAT JATI,KRAMAT JATI,Cacat Rungu-Wicara,Perempuan,2,2015
3317,2015,DKI Jakarta,JAKARTA TIMUR,KRAMAT JATI,KRAMAT JATI,Cacat Lainnya,Perempuan,1,2015
3318,2015,DKI Jakarta,JAKARTA TIMUR,KRAMAT JATI,KAMPUNG TENGAH,Cacat Mental-Jiwa,Perempuan,1,2015
3319,2015,DKI Jakarta,JAKARTA TIMUR,KRAMAT JATI,KAMPUNG TENGAH,Cacat Lainnya,Perempuan,0,2015
3320,2015,DKI Jakarta,JAKARTA TIMUR,KRAMAT JATI,DUKUH,Cacat Rungu-Wicara,Perempuan,0,2015
3321,2015,DKI Jakarta,JAKARTA TIMUR,KRAMAT JATI,DUKUH,Cacat Mental-Jiwa,Perempuan,1,2015
3322,2015,DKI Jakarta,JAKARTA TIMUR,KRAMAT JATI,DUKUH,Cacat Lainnya,Perempuan,0,2015
3323,2015,DKI Jakarta,JAKARTA TIMUR,KRAMAT JATI,BATU AMPAR,Cacat Fisik,Perempuan,2,2015
3324,2015,DKI Jakarta,JAKARTA TIMUR,KRAMAT JATI,BATU AMPAR,Cacat Netra-Buta,Perempuan,0,2015
3325,2015,DKI Jakarta,JAKARTA TIMUR,KRAMAT JATI,BATU AMPAR,Cacat Rungu-Wicara,Perempuan,2,2015
3326,2015,DKI Jakarta,JAKARTA TIMUR,KRAMAT JATI,BATU AMPAR,Cacat Mental-Jiwa,Perempuan,4,2015
3327,2015,DKI Jakarta,JAKARTA TIMUR,KRAMAT JATI,BATU AMPAR,Cacat Fisik dan Mental,Perempuan,0,2015
3328,2015,DKI Jakarta,JAKARTA TIMUR,KRAMAT JATI,BATU AMPAR,Cacat Lainnya,Perempuan,3,2015
3329,2015,DKI Jakarta,JAKARTA TIMUR,KRAMAT JATI,BALE KAMBANG,Cacat Fisik,Perempuan,3,2015
3330,2015,DKI Jakarta,JAKARTA TIMUR,KRAMAT JATI,BALE KAMBANG,Cacat Netra-Buta,Perempuan,1,2015
3331,2015,DKI Jakarta,JAKARTA TIMUR,KRAMAT JATI,BALE KAMBANG,Cacat Rungu-Wicara,Perempuan,0,2015
3332,2015,DKI Jakarta,JAKARTA TIMUR,KRAMAT JATI,BALE KAMBANG,Cacat Mental-Jiwa,Perempuan,1,2015
3333,2015,DKI Jakarta,JAKARTA TIMUR,KRAMAT JATI,BALE KAMBANG,Cacat Fisik dan Mental,Perempuan,0,2015
3334,2015,DKI Jakarta,JAKARTA TIMUR,KRAMAT JATI,BALE KAMBANG,Cacat Lainnya,Perempuan,1,2015
3335,2015,DKI Jakarta,JAKARTA TIMUR,KRAMAT JATI,CILILITAN,Cacat Rungu-Wicara,Perempuan,1,2015
3336,2015,DKI Jakarta,JAKARTA TIMUR,KRAMAT JATI,CILILITAN,Cacat Mental-Jiwa,Perempuan,2,2015
3337,2015,DKI Jakarta,JAKARTA TIMUR,KRAMAT JATI,CILILITAN,Cacat Fisik dan Mental,Perempuan,1,2015
3338,2015,DKI Jakarta,JAKARTA TIMUR,KRAMAT JATI,CAWANG,Cacat Fisik,Perempuan,0,2015
3339,2015,DKI Jakarta,JAKARTA TIMUR,KRAMAT JATI,CAWANG,Cacat Lainnya,Perempuan,1,2015
3340,2015,DKI Jakarta,JAKARTA TIMUR,PASAR REBO,GEDONG,Cacat Mental-Jiwa,Perempuan,2,2015
3341,2015,DKI Jakarta,JAKARTA TIMUR,PASAR REBO,GEDONG,Cacat Lainnya,Perempuan,0,2015
3342,2015,DKI Jakarta,JAKARTA TIMUR,PASAR REBO,BARU,Cacat Fisik,Perempuan,1,2015
3343,2015,DKI Jakarta,JAKARTA TIMUR,PASAR REBO,BARU,Cacat Netra-Buta,Perempuan,0,2015
3344,2015,DKI Jakarta,JAKARTA TIMUR,PASAR REBO,BARU,Cacat Fisik dan Mental,Perempuan,1,2015
3345,2015,DKI Jakarta,JAKARTA TIMUR,PASAR REBO,BARU,Cacat Lainnya,Perempuan,0,2015
3346,2015,DKI Jakarta,JAKARTA TIMUR,PASAR REBO,CIJANTUNG,Cacat Fisik,Perempuan,5,2015
3347,2015,DKI Jakarta,JAKARTA TIMUR,PASAR REBO,CIJANTUNG,Cacat Netra-Buta,Perempuan,2,2015
3348,2015,DKI Jakarta,JAKARTA TIMUR,PASAR REBO,CIJANTUNG,Cacat Rungu-Wicara,Perempuan,1,2015
3349,2015,DKI Jakarta,JAKARTA TIMUR,PASAR REBO,CIJANTUNG,Cacat Mental-Jiwa,Perempuan,1,2015
3350,2015,DKI Jakarta,JAKARTA TIMUR,PASAR REBO,CIJANTUNG,Cacat Fisik dan Mental,Perempuan,0,2015
3351,2015,DKI Jakarta,JAKARTA TIMUR,PASAR REBO,CIJANTUNG,Cacat Lainnya,Perempuan,2,2015
3352,2015,DKI Jakarta,JAKARTA TIMUR,PASAR REBO,KALISARI,Cacat Fisik,Perempuan,1,2015
3353,2015,DKI Jakarta,JAKARTA TIMUR,PASAR REBO,KALISARI,Cacat Netra-Buta,Perempuan,2,2015
3354,2015,DKI Jakarta,JAKARTA TIMUR,PASAR REBO,KALISARI,Cacat Rungu-Wicara,Perempuan,1,2015
3355,2015,DKI Jakarta,JAKARTA TIMUR,PASAR REBO,KALISARI,Cacat Mental-Jiwa,Perempuan,1,2015
3356,2015,DKI Jakarta,JAKARTA TIMUR,PASAR REBO,KALISARI,Cacat Fisik dan Mental,Perempuan,1,2015
3357,2015,DKI Jakarta,JAKARTA TIMUR,PASAR REBO,PEKAYON,Cacat Netra-Buta,Perempuan,2,2015
3358,2015,DKI Jakarta,JAKARTA TIMUR,PASAR REBO,PEKAYON,Cacat Rungu-Wicara,Perempuan,1,2015
3359,2015,DKI Jakarta,JAKARTA TIMUR,PASAR REBO,PEKAYON,Cacat Fisik dan Mental,Perempuan,1,2015
3360,2015,DKI Jakarta,JAKARTA TIMUR,PASAR REBO,PEKAYON,Cacat Lainnya,Perempuan,4,2015
3361,2015,DKI Jakarta,JAKARTA TIMUR,CAKUNG,JATINEGARA,Cacat Fisik,Perempuan,0,2015
3362,2015,DKI Jakarta,JAKARTA TIMUR,CAKUNG,JATINEGARA,Cacat Netra-Buta,Perempuan,0,2015
3363,2015,DKI Jakarta,JAKARTA TIMUR,CAKUNG,JATINEGARA,Cacat Mental-Jiwa,Perempuan,1,2015
3364,2015,DKI Jakarta,JAKARTA TIMUR,CAKUNG,JATINEGARA,Cacat Lainnya,Perempuan,0,2015
3365,2015,DKI Jakarta,JAKARTA TIMUR,CAKUNG,RAWA TERATE,Cacat Netra-Buta,Perempuan,0,2015
3366,2015,DKI Jakarta,JAKARTA TIMUR,CAKUNG,RAWA TERATE,Cacat Rungu-Wicara,Perempuan,0,2015
3367,2015,DKI Jakarta,JAKARTA TIMUR,CAKUNG,RAWA TERATE,Cacat Lainnya,Perempuan,0,2015
3368,2015,DKI Jakarta,JAKARTA TIMUR,CAKUNG,PENGGILINGAN,Cacat Fisik,Perempuan,5,2015
3369,2015,DKI Jakarta,JAKARTA TIMUR,CAKUNG,PENGGILINGAN,Cacat Netra-Buta,Perempuan,5,2015
3370,2015,DKI Jakarta,JAKARTA TIMUR,CAKUNG,PENGGILINGAN,Cacat Rungu-Wicara,Perempuan,9,2015
3371,2015,DKI Jakarta,JAKARTA TIMUR,CAKUNG,PENGGILINGAN,Cacat Mental-Jiwa,Perempuan,9,2015
3372,2015,DKI Jakarta,JAKARTA TIMUR,CAKUNG,PENGGILINGAN,Cacat Fisik dan Mental,Perempuan,2,2015
3373,2015,DKI Jakarta,JAKARTA TIMUR,CAKUNG,PENGGILINGAN,Cacat Lainnya,Perempuan,4,2015
3374,2015,DKI Jakarta,JAKARTA TIMUR,CAKUNG,CAKUNG TIMUR,Cacat Mental-Jiwa,Perempuan,1,2015
3375,2015,DKI Jakarta,JAKARTA TIMUR,CAKUNG,CAKUNG TIMUR,Cacat Lainnya,Perempuan,1,2015
3376,2015,DKI Jakarta,JAKARTA TIMUR,CAKUNG,PULO GEBANG,Cacat Fisik,Perempuan,0,2015
3377,2015,DKI Jakarta,JAKARTA TIMUR,CAKUNG,PULO GEBANG,Cacat Netra-Buta,Perempuan,1,2015
3378,2015,DKI Jakarta,JAKARTA TIMUR,CAKUNG,PULO GEBANG,Cacat Lainnya,Perempuan,1,2015
3379,2015,DKI Jakarta,JAKARTA TIMUR,CAKUNG,UJUNG MENTENG,Cacat Fisik,Perempuan,1,2015
3380,2015,DKI Jakarta,JAKARTA TIMUR,CAKUNG,UJUNG MENTENG,Cacat Mental-Jiwa,Perempuan,1,2015
3381,2015,DKI Jakarta,JAKARTA TIMUR,CAKUNG,CAKUNG BARAT,Cacat Fisik,Perempuan,2,2015
3382,2015,DKI Jakarta,JAKARTA TIMUR,CAKUNG,CAKUNG BARAT,Cacat Netra-Buta,Perempuan,1,2015
3383,2015,DKI Jakarta,JAKARTA TIMUR,CAKUNG,CAKUNG BARAT,Cacat Mental-Jiwa,Perempuan,1,2015
3384,2015,DKI Jakarta,JAKARTA TIMUR,CAKUNG,CAKUNG BARAT,Cacat Lainnya,Perempuan,0,2015
3385,2015,DKI Jakarta,JAKARTA TIMUR,DUREN SAWIT,DUREN SAWIT,Cacat Fisik,Perempuan,0,2015
3386,2015,DKI Jakarta,JAKARTA TIMUR,DUREN SAWIT,DUREN SAWIT,Cacat Netra-Buta,Perempuan,0,2015
3387,2015,DKI Jakarta,JAKARTA TIMUR,DUREN SAWIT,DUREN SAWIT,Cacat Rungu-Wicara,Perempuan,1,2015
3388,2015,DKI Jakarta,JAKARTA TIMUR,DUREN SAWIT,DUREN SAWIT,Cacat Mental-Jiwa,Perempuan,1,2015
3389,2015,DKI Jakarta,JAKARTA TIMUR,DUREN SAWIT,DUREN SAWIT,Cacat Lainnya,Perempuan,1,2015
3390,2015,DKI Jakarta,JAKARTA TIMUR,DUREN SAWIT,PONDOK BAMBU,Cacat Fisik,Perempuan,4,2015
3391,2015,DKI Jakarta,JAKARTA TIMUR,DUREN SAWIT,PONDOK BAMBU,Cacat Netra-Buta,Perempuan,3,2015
3392,2015,DKI Jakarta,JAKARTA TIMUR,DUREN SAWIT,PONDOK BAMBU,Cacat Mental-Jiwa,Perempuan,0,2015
3393,2015,DKI Jakarta,JAKARTA TIMUR,DUREN SAWIT,PONDOK BAMBU,Cacat Fisik dan Mental,Perempuan,1,2015
3394,2015,DKI Jakarta,JAKARTA TIMUR,DUREN SAWIT,PONDOK BAMBU,Cacat Lainnya,Perempuan,4,2015
3395,2015,DKI Jakarta,JAKARTA TIMUR,DUREN SAWIT,KLENDER,Cacat Fisik,Perempuan,1,2015
3396,2017,DKI Jakarta,JAKARTA UTARA,PENJARINGAN,KAPUK MUARA,Cacat Fisik,Laki-laki,21,2017
3397,2017,DKI Jakarta,JAKARTA UTARA,PENJARINGAN,KAPUK MUARA,Cacat Fisik dan Mental,Laki-laki,1,2017
3398,2017,DKI Jakarta,JAKARTA UTARA,PENJARINGAN,KAPUK MUARA,Cacat Lainnya,Laki-laki,3,2017
3399,2017,DKI Jakarta,JAKARTA UTARA,PENJARINGAN,KAPUK MUARA,Cacat Netra-Buta,Laki-laki,0,2017
3400,2017,DKI Jakarta,JAKARTA UTARA,PENJARINGAN,KAPUK MUARA,Cacat Rungu-Wicara,Laki-laki,2,2017
3401,2017,DKI Jakarta,JAKARTA UTARA,PENJARINGAN,PEJAGALAN,Cacat Fisik,Laki-laki,4,2017
3402,2017,DKI Jakarta,JAKARTA UTARA,PENJARINGAN,PEJAGALAN,Cacat Fisik dan Mental,Laki-laki,2,2017
3403,2017,DKI Jakarta,JAKARTA UTARA,PENJARINGAN,PEJAGALAN,Cacat Lainnya,Laki-laki,1,2017
3404,2017,DKI Jakarta,JAKARTA UTARA,PENJARINGAN,PEJAGALAN,Cacat Mental-Jiwa,Laki-laki,11,2017
3405,2017,DKI Jakarta,JAKARTA UTARA,PENJARINGAN,PEJAGALAN,Cacat Netra-Buta,Laki-laki,3,2017
3406,2017,DKI Jakarta,JAKARTA UTARA,PENJARINGAN,PEJAGALAN,Cacat Rungu-Wicara,Laki-laki,4,2017
3407,2017,DKI Jakarta,JAKARTA UTARA,PENJARINGAN,PLUIT,Cacat Mental-Jiwa,Laki-laki,2,2017
3408,2017,DKI Jakarta,JAKARTA UTARA,TANJUNG PRIOK,TANJUNG PRIOK,Cacat Fisik,Laki-laki,1,2017
3409,2017,DKI Jakarta,JAKARTA UTARA,TANJUNG PRIOK,TANJUNG PRIOK,Cacat Mental-Jiwa,Laki-laki,3,2017
3410,2017,DKI Jakarta,JAKARTA UTARA,TANJUNG PRIOK,SUNTER JAYA,Cacat Fisik,Laki-laki,1,2017
3411,2017,DKI Jakarta,JAKARTA UTARA,TANJUNG PRIOK,SUNTER JAYA,Cacat Lainnya,Laki-laki,0,2017
3412,2017,DKI Jakarta,JAKARTA UTARA,TANJUNG PRIOK,SUNTER JAYA,Cacat Mental-Jiwa,Laki-laki,1,2017
3413,2017,DKI Jakarta,JAKARTA UTARA,TANJUNG PRIOK,PAPANGGO,Cacat Fisik,Laki-laki,0,2017
3414,2017,DKI Jakarta,JAKARTA UTARA,TANJUNG PRIOK,PAPANGGO,Cacat Fisik dan Mental,Laki-laki,1,2017
3415,2017,DKI Jakarta,JAKARTA UTARA,TANJUNG PRIOK,PAPANGGO,Cacat Lainnya,Laki-laki,2,2017
3416,2017,DKI Jakarta,JAKARTA UTARA,TANJUNG PRIOK,PAPANGGO,Cacat Mental-Jiwa,Laki-laki,2,2017
3417,2017,DKI Jakarta,JAKARTA UTARA,TANJUNG PRIOK,PAPANGGO,Cacat Netra-Buta,Laki-laki,0,2017
3418,2017,DKI Jakarta,JAKARTA UTARA,TANJUNG PRIOK,PAPANGGO,Cacat Rungu-Wicara,Laki-laki,0,2017
3419,2017,DKI Jakarta,JAKARTA UTARA,TANJUNG PRIOK,SUNGAI BAMBU,Cacat Fisik,Laki-laki,0,2017
3420,2017,DKI Jakarta,JAKARTA UTARA,TANJUNG PRIOK,SUNGAI BAMBU,Cacat Lainnya,Laki-laki,2,2017
3421,2017,DKI Jakarta,JAKARTA UTARA,TANJUNG PRIOK,SUNGAI BAMBU,Cacat Mental-Jiwa,Laki-laki,1,2017
3422,2017,DKI Jakarta,JAKARTA UTARA,TANJUNG PRIOK,KEBON BAWANG,Cacat Fisik,Laki-laki,7,2017
3423,2017,DKI Jakarta,JAKARTA UTARA,TANJUNG PRIOK,KEBON BAWANG,Cacat Fisik dan Mental,Laki-laki,0,2017
3424,2017,DKI Jakarta,JAKARTA UTARA,TANJUNG PRIOK,KEBON BAWANG,Cacat Lainnya,Laki-laki,0,2017
3425,2017,DKI Jakarta,JAKARTA UTARA,TANJUNG PRIOK,KEBON BAWANG,Cacat Mental-Jiwa,Laki-laki,2,2017
3426,2017,DKI Jakarta,JAKARTA UTARA,TANJUNG PRIOK,KEBON BAWANG,Cacat Netra-Buta,Laki-laki,1,2017
3427,2017,DKI Jakarta,JAKARTA UTARA,TANJUNG PRIOK,KEBON BAWANG,Cacat Rungu-Wicara,Laki-laki,1,2017
3428,2017,DKI Jakarta,JAKARTA UTARA,TANJUNG PRIOK,SUNTER AGUNG,Cacat Fisik dan Mental,Laki-laki,1,2017
3429,2017,DKI Jakarta,JAKARTA UTARA,TANJUNG PRIOK,SUNTER AGUNG,Cacat Lainnya,Laki-laki,1,2017
3430,2017,DKI Jakarta,JAKARTA UTARA,TANJUNG PRIOK,SUNTER AGUNG,Cacat Mental-Jiwa,Laki-laki,1,2017
3431,2017,DKI Jakarta,JAKARTA UTARA,TANJUNG PRIOK,SUNTER AGUNG,Cacat Netra-Buta,Laki-laki,1,2017
3432,2017,DKI Jakarta,JAKARTA UTARA,TANJUNG PRIOK,WARAKAS,Cacat Fisik,Laki-laki,1,2017
3433,2017,DKI Jakarta,JAKARTA UTARA,TANJUNG PRIOK,WARAKAS,Cacat Lainnya,Laki-laki,1,2017
3434,2017,DKI Jakarta,JAKARTA UTARA,TANJUNG PRIOK,WARAKAS,Cacat Mental-Jiwa,Laki-laki,1,2017
3435,2017,DKI Jakarta,JAKARTA UTARA,KOJA,KOJA,Cacat Lainnya,Laki-laki,1,2017
3436,2017,DKI Jakarta,JAKARTA UTARA,KOJA,KOJA,Cacat Mental-Jiwa,Laki-laki,2,2017
3437,2017,DKI Jakarta,JAKARTA UTARA,KOJA,TUGU UTARA,Cacat Fisik,Laki-laki,2,2017
3438,2017,DKI Jakarta,JAKARTA UTARA,KOJA,TUGU UTARA,Cacat Lainnya,Laki-laki,0,2017
3439,2017,DKI Jakarta,JAKARTA UTARA,KOJA,TUGU UTARA,Cacat Mental-Jiwa,Laki-laki,2,2017
3440,2017,DKI Jakarta,JAKARTA UTARA,KOJA,TUGU UTARA,Cacat Netra-Buta,Laki-laki,0,2017
3441,2017,DKI Jakarta,JAKARTA UTARA,KOJA,LAGOA,Cacat Fisik,Laki-laki,1,2017
3442,2017,DKI Jakarta,JAKARTA UTARA,KOJA,LAGOA,Cacat Fisik dan Mental,Laki-laki,1,2017
3443,2017,DKI Jakarta,JAKARTA UTARA,KOJA,LAGOA,Cacat Mental-Jiwa,Laki-laki,2,2017
3444,2017,DKI Jakarta,JAKARTA UTARA,KOJA,LAGOA,Cacat Rungu-Wicara,Laki-laki,1,2017
3445,2017,DKI Jakarta,JAKARTA UTARA,KOJA,RAWA BADAK UTARA,Cacat Lainnya,Laki-laki,0,2017
3446,2017,DKI Jakarta,JAKARTA UTARA,KOJA,TUGU SELATAN,Cacat Fisik,Laki-laki,14,2017
3447,2017,DKI Jakarta,JAKARTA UTARA,KOJA,TUGU SELATAN,Cacat Lainnya,Laki-laki,2,2017
3448,2017,DKI Jakarta,JAKARTA UTARA,KOJA,RAWA BADAK SELATAN,Cacat Fisik,Laki-laki,0,2017
3449,2017,DKI Jakarta,JAKARTA UTARA,KOJA,RAWA BADAK SELATAN,Cacat Fisik dan Mental,Laki-laki,0,2017
3450,2017,DKI Jakarta,JAKARTA UTARA,KOJA,RAWA BADAK SELATAN,Cacat Lainnya,Laki-laki,67,2017
3451,2017,DKI Jakarta,JAKARTA UTARA,KOJA,RAWA BADAK SELATAN,Cacat Mental-Jiwa,Laki-laki,0,2017
3452,2017,DKI Jakarta,JAKARTA UTARA,KOJA,RAWA BADAK SELATAN,Cacat Rungu-Wicara,Laki-laki,3,2017
3453,2017,DKI Jakarta,JAKARTA UTARA,CILINCING,CILINCING,Cacat Fisik,Laki-laki,1,2017
3454,2017,DKI Jakarta,JAKARTA UTARA,CILINCING,CILINCING,Cacat Fisik dan Mental,Laki-laki,0,2017
3455,2017,DKI Jakarta,JAKARTA UTARA,CILINCING,CILINCING,Cacat Lainnya,Laki-laki,3,2017
3456,2017,DKI Jakarta,JAKARTA UTARA,CILINCING,CILINCING,Cacat Mental-Jiwa,Laki-laki,1,2017
3457,2017,DKI Jakarta,JAKARTA UTARA,CILINCING,SUKAPURA,Cacat Fisik,Laki-laki,1,2017
3458,2017,DKI Jakarta,JAKARTA UTARA,CILINCING,SUKAPURA,Cacat Lainnya,Laki-laki,1,2017
3459,2017,DKI Jakarta,JAKARTA UTARA,CILINCING,MARUNDA,Cacat Fisik,Laki-laki,1,2017
3460,2017,DKI Jakarta,JAKARTA UTARA,CILINCING,MARUNDA,Cacat Lainnya,Laki-laki,2,2017
3461,2017,DKI Jakarta,JAKARTA UTARA,CILINCING,MARUNDA,Cacat Mental-Jiwa,Laki-laki,1,2017
3462,2017,DKI Jakarta,JAKARTA UTARA,CILINCING,MARUNDA,Cacat Rungu-Wicara,Laki-laki,1,2017
3463,2017,DKI Jakarta,JAKARTA UTARA,CILINCING,KALIBARU,Cacat Lainnya,Laki-laki,3,2017
3464,2017,DKI Jakarta,JAKARTA UTARA,CILINCING,SEMPER TIMUR,Cacat Lainnya,Laki-laki,0,2017
3465,2017,DKI Jakarta,JAKARTA UTARA,CILINCING,ROROTAN,Cacat Fisik,Laki-laki,5,2017
3466,2017,DKI Jakarta,JAKARTA UTARA,CILINCING,ROROTAN,Cacat Lainnya,Laki-laki,0,2017
3467,2017,DKI Jakarta,JAKARTA UTARA,CILINCING,ROROTAN,Cacat Mental-Jiwa,Laki-laki,1,2017
3468,2017,DKI Jakarta,JAKARTA UTARA,CILINCING,ROROTAN,Cacat Netra-Buta,Laki-laki,0,2017
3469,2017,DKI Jakarta,JAKARTA UTARA,CILINCING,ROROTAN,Cacat Rungu-Wicara,Laki-laki,2,2017
3470,2017,DKI Jakarta,JAKARTA UTARA,CILINCING,SEMPER BARAT,Cacat Fisik,Laki-laki,1,2017
3471,2017,DKI Jakarta,JAKARTA UTARA,CILINCING,SEMPER BARAT,Cacat Lainnya,Laki-laki,3,2017
3472,2017,DKI Jakarta,JAKARTA UTARA,CILINCING,SEMPER BARAT,Cacat Netra-Buta,Laki-laki,1,2017
3473,2017,DKI Jakarta,JAKARTA UTARA,PADEMANGAN,PADEMANGAN TIMUR,Cacat Fisik,Laki-laki,6,2017
3474,2017,DKI Jakarta,JAKARTA UTARA,PADEMANGAN,PADEMANGAN TIMUR,Cacat Fisik dan Mental,Laki-laki,1,2017
3475,2017,DKI Jakarta,JAKARTA UTARA,PADEMANGAN,PADEMANGAN TIMUR,Cacat Lainnya,Laki-laki,3,2017
3476,2017,DKI Jakarta,JAKARTA UTARA,PADEMANGAN,PADEMANGAN TIMUR,Cacat Mental-Jiwa,Laki-laki,2,2017
3477,2017,DKI Jakarta,JAKARTA UTARA,PADEMANGAN,PADEMANGAN TIMUR,Cacat Netra-Buta,Laki-laki,0,2017
3478,2017,DKI Jakarta,JAKARTA UTARA,PADEMANGAN,PADEMANGAN TIMUR,Cacat Rungu-Wicara,Laki-laki,2,2017
3479,2017,DKI Jakarta,JAKARTA UTARA,PADEMANGAN,PADEMANGAN BARAT,Cacat Fisik,Laki-laki,3,2017
3480,2017,DKI Jakarta,JAKARTA UTARA,PADEMANGAN,PADEMANGAN BARAT,Cacat Lainnya,Laki-laki,2,2017
3481,2017,DKI Jakarta,JAKARTA BARAT,TAMAN SARI,TANGKI,Cacat Mental-Jiwa,Laki-laki,1,2017
3482,2017,DKI Jakarta,JAKARTA BARAT,TAMAN SARI,MANGGA BESAR,Cacat Fisik dan Mental,Laki-laki,0,2017
3483,2017,DKI Jakarta,JAKARTA BARAT,TAMAN SARI,MANGGA BESAR,Cacat Lainnya,Laki-laki,1,2017
3484,2017,DKI Jakarta,JAKARTA BARAT,TAMAN SARI,MANGGA BESAR,Cacat Mental-Jiwa,Laki-laki,1,2017
3485,2017,DKI Jakarta,JAKARTA BARAT,TAMAN SARI,MANGGA BESAR,Cacat Rungu-Wicara,Laki-laki,1,2017
3486,2017,DKI Jakarta,JAKARTA BARAT,TAMAN SARI,KEAGUNGAN,Cacat Fisik,Laki-laki,1,2017
3487,2017,DKI Jakarta,JAKARTA BARAT,TAMAN SARI,KEAGUNGAN,Cacat Fisik dan Mental,Laki-laki,1,2017
3488,2017,DKI Jakarta,JAKARTA BARAT,TAMAN SARI,KEAGUNGAN,Cacat Lainnya,Laki-laki,0,2017
3489,2017,DKI Jakarta,JAKARTA BARAT,TAMAN SARI,KEAGUNGAN,Cacat Mental-Jiwa,Laki-laki,4,2017
3490,2017,DKI Jakarta,JAKARTA BARAT,TAMAN SARI,KEAGUNGAN,Cacat Netra-Buta,Laki-laki,1,2017
3491,2017,DKI Jakarta,JAKARTA BARAT,TAMAN SARI,KEAGUNGAN,Cacat Rungu-Wicara,Laki-laki,2,2017
3492,2017,DKI Jakarta,JAKARTA BARAT,TAMAN SARI,GLODOK,Cacat Fisik dan Mental,Laki-laki,0,2017
3493,2017,DKI Jakarta,JAKARTA BARAT,TAMAN SARI,GLODOK,Cacat Rungu-Wicara,Laki-laki,0,2017
3494,2017,DKI Jakarta,JAKARTA BARAT,TAMAN SARI,PINANGSIA,Cacat Fisik,Laki-laki,0,2017
3495,2017,DKI Jakarta,JAKARTA BARAT,TAMAN SARI,PINANGSIA,Cacat Fisik dan Mental,Laki-laki,1,2017
3496,2017,DKI Jakarta,JAKARTA BARAT,TAMAN SARI,PINANGSIA,Cacat Lainnya,Laki-laki,2,2017
3497,2017,DKI Jakarta,JAKARTA BARAT,TAMBORA,TAMBORA,Cacat Fisik,Laki-laki,3,2017
3498,2017,DKI Jakarta,JAKARTA BARAT,TAMBORA,TAMBORA,Cacat Lainnya,Laki-laki,2,2017
3499,2017,DKI Jakarta,JAKARTA BARAT,TAMBORA,TAMBORA,Cacat Mental-Jiwa,Laki-laki,2,2017
3500,2017,DKI Jakarta,JAKARTA BARAT,TAMBORA,KALI ANYAR,Cacat Fisik,Laki-laki,1,2017
3501,2017,DKI Jakarta,JAKARTA BARAT,TAMBORA,KALI ANYAR,Cacat Mental-Jiwa,Laki-laki,3,2017
3502,2017,DKI Jakarta,JAKARTA BARAT,TAMBORA,KALI ANYAR,Cacat Netra-Buta,Laki-laki,1,2017
3503,2017,DKI Jakarta,JAKARTA BARAT,TAMBORA,KALI ANYAR,Cacat Rungu-Wicara,Laki-laki,1,2017
3504,2017,DKI Jakarta,JAKARTA BARAT,TAMBORA,DURI UTARA,Cacat Fisik dan Mental,Laki-laki,1,2017
3505,2017,DKI Jakarta,JAKARTA BARAT,TAMBORA,DURI UTARA,Cacat Mental-Jiwa,Laki-laki,0,2017
3506,2017,DKI Jakarta,JAKARTA BARAT,TAMBORA,DURI UTARA,Cacat Netra-Buta,Laki-laki,0,2017
3507,2017,DKI Jakarta,JAKARTA BARAT,TAMBORA,DURI UTARA,Cacat Rungu-Wicara,Laki-laki,0,2017
3508,2017,DKI Jakarta,JAKARTA BARAT,TAMBORA,TANAH SEREAL,Cacat Fisik,Laki-laki,13,2017
3509,2017,DKI Jakarta,JAKARTA BARAT,TAMBORA,TANAH SEREAL,Cacat Fisik dan Mental,Laki-laki,0,2017
3510,2017,DKI Jakarta,JAKARTA BARAT,TAMBORA,TANAH SEREAL,Cacat Lainnya,Laki-laki,1,2017
3511,2017,DKI Jakarta,JAKARTA BARAT,TAMBORA,TANAH SEREAL,Cacat Mental-Jiwa,Laki-laki,7,2017
3512,2017,DKI Jakarta,JAKARTA BARAT,TAMBORA,TANAH SEREAL,Cacat Netra-Buta,Laki-laki,2,2017
3513,2017,DKI Jakarta,JAKARTA BARAT,TAMBORA,TANAH SEREAL,Cacat Rungu-Wicara,Laki-laki,4,2017
3514,2017,DKI Jakarta,JAKARTA BARAT,TAMBORA,KRENDANG,Cacat Fisik,Laki-laki,3,2017
3515,2017,DKI Jakarta,JAKARTA BARAT,TAMBORA,KRENDANG,Cacat Lainnya,Laki-laki,1,2017
3516,2017,DKI Jakarta,JAKARTA BARAT,TAMBORA,KRENDANG,Cacat Mental-Jiwa,Laki-laki,0,2017
3517,2017,DKI Jakarta,JAKARTA BARAT,TAMBORA,KRENDANG,Cacat Netra-Buta,Laki-laki,2,2017
3518,2017,DKI Jakarta,JAKARTA BARAT,TAMBORA,KRENDANG,Cacat Rungu-Wicara,Laki-laki,3,2017
3519,2017,DKI Jakarta,JAKARTA BARAT,TAMBORA,JEMBATAN BESI,Cacat Fisik,Laki-laki,5,2017
3520,2017,DKI Jakarta,JAKARTA BARAT,TAMBORA,JEMBATAN BESI,Cacat Fisik dan Mental,Laki-laki,2,2017
3521,2017,DKI Jakarta,JAKARTA BARAT,TAMBORA,JEMBATAN BESI,Cacat Lainnya,Laki-laki,0,2017
3522,2017,DKI Jakarta,JAKARTA BARAT,TAMBORA,JEMBATAN BESI,Cacat Mental-Jiwa,Laki-laki,3,2017
3523,2017,DKI Jakarta,JAKARTA BARAT,TAMBORA,JEMBATAN BESI,Cacat Rungu-Wicara,Laki-laki,1,2017
3524,2017,DKI Jakarta,JAKARTA BARAT,TAMBORA,ANGKE,Cacat Fisik,Laki-laki,9,2017
3525,2017,DKI Jakarta,JAKARTA BARAT,TAMBORA,ANGKE,Cacat Fisik dan Mental,Laki-laki,1,2017
3526,2017,DKI Jakarta,JAKARTA BARAT,TAMBORA,ANGKE,Cacat Lainnya,Laki-laki,1,2017
3527,2017,DKI Jakarta,JAKARTA BARAT,TAMBORA,ANGKE,Cacat Mental-Jiwa,Laki-laki,4,2017
3528,2017,DKI Jakarta,JAKARTA BARAT,TAMBORA,ANGKE,Cacat Netra-Buta,Laki-laki,2,2017
3529,2017,DKI Jakarta,JAKARTA BARAT,TAMBORA,ANGKE,Cacat Rungu-Wicara,Laki-laki,3,2017
3530,2017,DKI Jakarta,JAKARTA BARAT,TAMBORA,JEMBATAN LIMA,Cacat Fisik,Laki-laki,5,2017
3531,2017,DKI Jakarta,JAKARTA BARAT,TAMBORA,JEMBATAN LIMA,Cacat Fisik dan Mental,Laki-laki,0,2017
3532,2017,DKI Jakarta,JAKARTA BARAT,TAMBORA,JEMBATAN LIMA,Cacat Lainnya,Laki-laki,2,2017
3533,2017,DKI Jakarta,JAKARTA BARAT,TAMBORA,JEMBATAN LIMA,Cacat Mental-Jiwa,Laki-laki,2,2017
3534,2017,DKI Jakarta,JAKARTA BARAT,TAMBORA,JEMBATAN LIMA,Cacat Netra-Buta,Laki-laki,0,2017
3535,2017,DKI Jakarta,JAKARTA BARAT,TAMBORA,JEMBATAN LIMA,Cacat Rungu-Wicara,Laki-laki,3,2017
3536,2017,DKI Jakarta,JAKARTA BARAT,TAMBORA,PEKOJAN,Cacat Fisik,Laki-laki,3,2017
3537,2017,DKI Jakarta,JAKARTA BARAT,TAMBORA,PEKOJAN,Cacat Fisik dan Mental,Laki-laki,3,2017
3538,2017,DKI Jakarta,JAKARTA BARAT,TAMBORA,PEKOJAN,Cacat Lainnya,Laki-laki,4,2017
3539,2017,DKI Jakarta,JAKARTA BARAT,TAMBORA,PEKOJAN,Cacat Mental-Jiwa,Laki-laki,9,2017
3540,2017,DKI Jakarta,JAKARTA BARAT,TAMBORA,PEKOJAN,Cacat Netra-Buta,Laki-laki,7,2017
3541,2017,DKI Jakarta,JAKARTA BARAT,TAMBORA,PEKOJAN,Cacat Rungu-Wicara,Laki-laki,5,2017
3542,2017,DKI Jakarta,JAKARTA BARAT,TAMBORA,ROA MALAKA,Cacat Fisik dan Mental,Laki-laki,0,2017
3543,2017,DKI Jakarta,JAKARTA BARAT,TAMBORA,DURI SELATAN,Cacat Fisik,Laki-laki,1,2017
3544,2017,DKI Jakarta,JAKARTA BARAT,TAMBORA,DURI SELATAN,Cacat Rungu-Wicara,Laki-laki,1,2017
3545,2017,DKI Jakarta,JAKARTA BARAT,KEBON JERUK,KEBON JERUK,Cacat Fisik,Laki-laki,1,2017
3546,2017,DKI Jakarta,JAKARTA BARAT,KEBON JERUK,KEBON JERUK,Cacat Fisik dan Mental,Laki-laki,0,2017
3547,2017,DKI Jakarta,JAKARTA BARAT,KEBON JERUK,KEBON JERUK,Cacat Mental-Jiwa,Laki-laki,2,2017
3548,2017,DKI Jakarta,JAKARTA BARAT,KEBON JERUK,KEBON JERUK,Cacat Netra-Buta,Laki-laki,4,2017
3549,2017,DKI Jakarta,JAKARTA BARAT,KEBON JERUK,KEBON JERUK,Cacat Rungu-Wicara,Laki-laki,2,2017
3550,2017,DKI Jakarta,JAKARTA BARAT,KEBON JERUK,SUKABUMI UTARA,Cacat Fisik,Laki-laki,2,2017
3551,2017,DKI Jakarta,JAKARTA BARAT,KEBON JERUK,SUKABUMI UTARA,Cacat Lainnya,Laki-laki,5,2017
3552,2017,DKI Jakarta,JAKARTA BARAT,KEBON JERUK,SUKABUMI UTARA,Cacat Mental-Jiwa,Laki-laki,5,2017
3553,2017,DKI Jakarta,JAKARTA BARAT,KEBON JERUK,SUKABUMI UTARA,Cacat Netra-Buta,Laki-laki,1,2017
3554,2017,DKI Jakarta,JAKARTA BARAT,KEBON JERUK,SUKABUMI SELATAN,Cacat Fisik,Laki-laki,1,2017
3555,2017,DKI Jakarta,JAKARTA BARAT,KEBON JERUK,SUKABUMI SELATAN,Cacat Lainnya,Laki-laki,1,2017
3556,2017,DKI Jakarta,JAKARTA BARAT,KEBON JERUK,SUKABUMI SELATAN,Cacat Mental-Jiwa,Laki-laki,5,2017
3557,2017,DKI Jakarta,JAKARTA BARAT,KEBON JERUK,SUKABUMI SELATAN,Cacat Netra-Buta,Laki-laki,3,2017
3558,2017,DKI Jakarta,JAKARTA BARAT,KEBON JERUK,SUKABUMI SELATAN,Cacat Rungu-Wicara,Laki-laki,1,2017
3559,2017,DKI Jakarta,JAKARTA BARAT,KEBON JERUK,KELAPA DUA,Cacat Mental-Jiwa,Laki-laki,1,2017
3560,2017,DKI Jakarta,JAKARTA BARAT,KEBON JERUK,DURI KEPA,Cacat Fisik,Laki-laki,4,2017
3561,2017,DKI Jakarta,JAKARTA BARAT,KEBON JERUK,DURI KEPA,Cacat Lainnya,Laki-laki,1,2017
3562,2017,DKI Jakarta,JAKARTA BARAT,KEBON JERUK,DURI KEPA,Cacat Mental-Jiwa,Laki-laki,1,2017
3563,2017,DKI Jakarta,JAKARTA BARAT,KEBON JERUK,DURI KEPA,Cacat Rungu-Wicara,Laki-laki,0,2017
3564,2017,DKI Jakarta,JAKARTA BARAT,KEBON JERUK,KEDOYA UTARA,Cacat Fisik,Laki-laki,4,2017
3565,2017,DKI Jakarta,JAKARTA BARAT,KEBON JERUK,KEDOYA UTARA,Cacat Lainnya,Laki-laki,2,2017
3566,2017,DKI Jakarta,JAKARTA BARAT,KEBON JERUK,KEDOYA UTARA,Cacat Mental-Jiwa,Laki-laki,4,2017
3567,2017,DKI Jakarta,JAKARTA BARAT,PAL MERAH,JATIPULO,Cacat Fisik dan Mental,Laki-laki,1,2017
3568,2017,DKI Jakarta,JAKARTA BARAT,PAL MERAH,JATIPULO,Cacat Lainnya,Laki-laki,1,2017
3569,2017,DKI Jakarta,JAKARTA BARAT,PAL MERAH,KEMANGGISAN,Cacat Fisik,Laki-laki,2,2017
3570,2017,DKI Jakarta,JAKARTA BARAT,PAL MERAH,KEMANGGISAN,Cacat Fisik dan Mental,Laki-laki,1,2017
3571,2017,DKI Jakarta,JAKARTA BARAT,PAL MERAH,KEMANGGISAN,Cacat Lainnya,Laki-laki,1,2017
3572,2017,DKI Jakarta,JAKARTA BARAT,PAL MERAH,KEMANGGISAN,Cacat Mental-Jiwa,Laki-laki,4,2017
3573,2017,DKI Jakarta,JAKARTA BARAT,PAL MERAH,KEMANGGISAN,Cacat Netra-Buta,Laki-laki,2,2017
3574,2017,DKI Jakarta,JAKARTA BARAT,PAL MERAH,KEMANGGISAN,Cacat Rungu-Wicara,Laki-laki,2,2017
3575,2017,DKI Jakarta,JAKARTA BARAT,PAL MERAH,KOTA BAMBU SELATAN,Cacat Fisik,Laki-laki,2,2017
3576,2017,DKI Jakarta,JAKARTA BARAT,PAL MERAH,KOTA BAMBU SELATAN,Cacat Fisik dan Mental,Laki-laki,1,2017
3577,2017,DKI Jakarta,JAKARTA BARAT,PAL MERAH,KOTA BAMBU SELATAN,Cacat Mental-Jiwa,Laki-laki,5,2017
3578,2017,DKI Jakarta,JAKARTA BARAT,PAL MERAH,KOTA BAMBU SELATAN,Cacat Netra-Buta,Laki-laki,1,2017
3579,2017,DKI Jakarta,JAKARTA BARAT,PAL MERAH,KOTA BAMBU SELATAN,Cacat Rungu-Wicara,Laki-laki,1,2017
3580,2017,DKI Jakarta,JAKARTA BARAT,KEMBANGAN,KEMBANGAN UTARA,Cacat Lainnya,Laki-laki,2,2017
3581,2017,DKI Jakarta,JAKARTA BARAT,KEMBANGAN,KEMBANGAN UTARA,Cacat Mental-Jiwa,Laki-laki,2,2017
3582,2017,DKI Jakarta,JAKARTA BARAT,KEMBANGAN,KEMBANGAN UTARA,Cacat Netra-Buta,Laki-laki,1,2017
3583,2017,DKI Jakarta,JAKARTA BARAT,KEMBANGAN,KEMBANGAN UTARA,Cacat Rungu-Wicara,Laki-laki,11,2017
3584,2017,DKI Jakarta,JAKARTA BARAT,KEMBANGAN,MERUYA UTARA,Cacat Fisik,Laki-laki,0,2017
3585,2017,DKI Jakarta,JAKARTA BARAT,KEMBANGAN,MERUYA UTARA,Cacat Lainnya,Laki-laki,1,2017
3586,2017,DKI Jakarta,JAKARTA BARAT,KEMBANGAN,MERUYA UTARA,Cacat Mental-Jiwa,Laki-laki,3,2017
3587,2017,DKI Jakarta,JAKARTA BARAT,KEMBANGAN,MERUYA UTARA,Cacat Netra-Buta,Laki-laki,2,2017
3588,2017,DKI Jakarta,JAKARTA BARAT,KEMBANGAN,MERUYA UTARA,Cacat Rungu-Wicara,Laki-laki,4,2017
3589,2017,DKI Jakarta,JAKARTA BARAT,KEMBANGAN,MERUYA SELATAN,Cacat Fisik,Laki-laki,1,2017
3590,2017,DKI Jakarta,JAKARTA BARAT,KEMBANGAN,MERUYA SELATAN,Cacat Fisik dan Mental,Laki-laki,1,2017
3591,2017,DKI Jakarta,JAKARTA BARAT,KEMBANGAN,MERUYA SELATAN,Cacat Lainnya,Laki-laki,0,2017
3592,2017,DKI Jakarta,JAKARTA BARAT,KEMBANGAN,MERUYA SELATAN,Cacat Mental-Jiwa,Laki-laki,4,2017
3593,2017,DKI Jakarta,JAKARTA BARAT,KEMBANGAN,MERUYA SELATAN,Cacat Netra-Buta,Laki-laki,8,2017
3594,2017,DKI Jakarta,JAKARTA BARAT,KEMBANGAN,MERUYA SELATAN,Cacat Rungu-Wicara,Laki-laki,1,2017
3595,2017,DKI Jakarta,JAKARTA BARAT,KEMBANGAN,SRENGSENG,Cacat Fisik,Laki-laki,1,2017
3596,2017,DKI Jakarta,JAKARTA BARAT,KEMBANGAN,SRENGSENG,Cacat Fisik dan Mental,Laki-laki,1,2017
3597,2017,DKI Jakarta,JAKARTA BARAT,KEMBANGAN,SRENGSENG,Cacat Lainnya,Laki-laki,3,2017
3598,2017,DKI Jakarta,JAKARTA BARAT,KEMBANGAN,SRENGSENG,Cacat Mental-Jiwa,Laki-laki,1,2017
3599,2017,DKI Jakarta,JAKARTA BARAT,KEMBANGAN,SRENGSENG,Cacat Netra-Buta,Laki-laki,2,2017
3600,2017,DKI Jakarta,JAKARTA BARAT,KEMBANGAN,SRENGSENG,Cacat Rungu-Wicara,Laki-laki,2,2017
3601,2017,DKI Jakarta,JAKARTA BARAT,KEMBANGAN,JOGLO,Cacat Fisik,Laki-laki,0,2017
3602,2017,DKI Jakarta,JAKARTA BARAT,KEMBANGAN,JOGLO,Cacat Lainnya,Laki-laki,3,2017
3603,2017,DKI Jakarta,JAKARTA BARAT,KEMBANGAN,JOGLO,Cacat Mental-Jiwa,Laki-laki,1,2017
3604,2017,DKI Jakarta,JAKARTA BARAT,KEMBANGAN,JOGLO,Cacat Netra-Buta,Laki-laki,1,2017
3605,2017,DKI Jakarta,JAKARTA BARAT,KEMBANGAN,JOGLO,Cacat Rungu-Wicara,Laki-laki,0,2017
3606,2017,DKI Jakarta,JAKARTA BARAT,KEMBANGAN,KEMBANGAN SELATAN,Cacat Fisik,Laki-laki,1,2017
3607,2017,DKI Jakarta,JAKARTA BARAT,KEMBANGAN,KEMBANGAN SELATAN,Cacat Fisik dan Mental,Laki-laki,1,2017
3608,2017,DKI Jakarta,JAKARTA BARAT,KEMBANGAN,KEMBANGAN SELATAN,Cacat Lainnya,Laki-laki,0,2017
3609,2017,DKI Jakarta,JAKARTA BARAT,KEBON JERUK,KEDOYA UTARA,Cacat Netra-Buta,Laki-laki,0,2017
3610,2017,DKI Jakarta,JAKARTA BARAT,KEBON JERUK,KEDOYA SELATAN,Cacat Fisik,Laki-laki,0,2017
3611,2017,DKI Jakarta,JAKARTA BARAT,KEBON JERUK,KEDOYA SELATAN,Cacat Lainnya,Laki-laki,3,2017
3612,2017,DKI Jakarta,JAKARTA BARAT,KEBON JERUK,KEDOYA SELATAN,Cacat Mental-Jiwa,Laki-laki,28,2017
3613,2017,DKI Jakarta,JAKARTA BARAT,KEBON JERUK,KEDOYA SELATAN,Cacat Rungu-Wicara,Laki-laki,1,2017
3614,2017,DKI Jakarta,JAKARTA BARAT,KALI DERES,KALIDERES,Cacat Fisik,Laki-laki,1,2017
3615,2017,DKI Jakarta,JAKARTA BARAT,KALI DERES,KALIDERES,Cacat Lainnya,Laki-laki,0,2017
3616,2017,DKI Jakarta,JAKARTA BARAT,KALI DERES,KALIDERES,Cacat Mental-Jiwa,Laki-laki,3,2017
3617,2017,DKI Jakarta,JAKARTA BARAT,KALI DERES,KALIDERES,Cacat Netra-Buta,Laki-laki,0,2017
3618,2017,DKI Jakarta,JAKARTA BARAT,KALI DERES,KALIDERES,Cacat Rungu-Wicara,Laki-laki,0,2017
3619,2017,DKI Jakarta,JAKARTA BARAT,KALI DERES,SEMANAN,Cacat Lainnya,Laki-laki,2,2017
3620,2017,DKI Jakarta,JAKARTA BARAT,KALI DERES,SEMANAN,Cacat Mental-Jiwa,Laki-laki,1,2017
3621,2017,DKI Jakarta,JAKARTA BARAT,KALI DERES,SEMANAN,Cacat Rungu-Wicara,Laki-laki,0,2017
3622,2017,DKI Jakarta,JAKARTA BARAT,KALI DERES,TEGAL ALUR,Cacat Fisik,Laki-laki,2,2017
3623,2017,DKI Jakarta,JAKARTA BARAT,KALI DERES,TEGAL ALUR,Cacat Fisik dan Mental,Laki-laki,1,2017
3624,2017,DKI Jakarta,JAKARTA BARAT,KALI DERES,TEGAL ALUR,Cacat Lainnya,Laki-laki,1,2017
3625,2017,DKI Jakarta,JAKARTA BARAT,KALI DERES,TEGAL ALUR,Cacat Mental-Jiwa,Laki-laki,7,2017
3626,2017,DKI Jakarta,JAKARTA BARAT,KALI DERES,TEGAL ALUR,Cacat Netra-Buta,Laki-laki,1,2017
3627,2017,DKI Jakarta,JAKARTA BARAT,KALI DERES,TEGAL ALUR,Cacat Rungu-Wicara,Laki-laki,1,2017
3628,2017,DKI Jakarta,JAKARTA BARAT,KALI DERES,KAMAL,Cacat Fisik,Laki-laki,6,2017
3629,2017,DKI Jakarta,JAKARTA BARAT,KALI DERES,KAMAL,Cacat Lainnya,Laki-laki,2,2017
3630,2017,DKI Jakarta,JAKARTA BARAT,KALI DERES,KAMAL,Cacat Mental-Jiwa,Laki-laki,1,2017
3631,2017,DKI Jakarta,JAKARTA BARAT,KALI DERES,KAMAL,Cacat Netra-Buta,Laki-laki,1,2017
3632,2017,DKI Jakarta,JAKARTA BARAT,KALI DERES,PEGADUNGAN,Cacat Fisik,Laki-laki,2,2017
3633,2017,DKI Jakarta,JAKARTA BARAT,KALI DERES,PEGADUNGAN,Cacat Fisik dan Mental,Laki-laki,10,2017
3634,2017,DKI Jakarta,JAKARTA BARAT,KALI DERES,PEGADUNGAN,Cacat Lainnya,Laki-laki,15,2017
3635,2017,DKI Jakarta,JAKARTA BARAT,KALI DERES,PEGADUNGAN,Cacat Mental-Jiwa,Laki-laki,16,2017
3636,2017,DKI Jakarta,JAKARTA BARAT,KALI DERES,PEGADUNGAN,Cacat Netra-Buta,Laki-laki,0,2017
3637,2017,DKI Jakarta,JAKARTA BARAT,PAL MERAH,PALMERAH,Cacat Fisik,Laki-laki,2,2017
3638,2017,DKI Jakarta,JAKARTA BARAT,PAL MERAH,PALMERAH,Cacat Fisik dan Mental,Laki-laki,0,2017
3639,2017,DKI Jakarta,JAKARTA BARAT,PAL MERAH,PALMERAH,Cacat Lainnya,Laki-laki,1,2017
3640,2017,DKI Jakarta,JAKARTA BARAT,PAL MERAH,PALMERAH,Cacat Mental-Jiwa,Laki-laki,4,2017
3641,2017,DKI Jakarta,JAKARTA BARAT,PAL MERAH,PALMERAH,Cacat Netra-Buta,Laki-laki,0,2017
3642,2017,DKI Jakarta,JAKARTA BARAT,PAL MERAH,PALMERAH,Cacat Rungu-Wicara,Laki-laki,1,2017
3643,2017,DKI Jakarta,JAKARTA BARAT,PAL MERAH,SLIPI,Cacat Fisik,Laki-laki,0,2017
3644,2017,DKI Jakarta,JAKARTA BARAT,PAL MERAH,SLIPI,Cacat Fisik dan Mental,Laki-laki,1,2017
3645,2017,DKI Jakarta,JAKARTA BARAT,PAL MERAH,KOTA BAMBU UTARA,Cacat Fisik,Laki-laki,1,2017
3646,2017,DKI Jakarta,JAKARTA BARAT,PAL MERAH,KOTA BAMBU UTARA,Cacat Fisik dan Mental,Laki-laki,1,2017
3647,2017,DKI Jakarta,JAKARTA BARAT,PAL MERAH,KOTA BAMBU UTARA,Cacat Lainnya,Laki-laki,0,2017
3648,2017,DKI Jakarta,JAKARTA BARAT,PAL MERAH,KOTA BAMBU UTARA,Cacat Mental-Jiwa,Laki-laki,1,2017
3649,2017,DKI Jakarta,JAKARTA BARAT,PAL MERAH,KOTA BAMBU UTARA,Cacat Netra-Buta,Laki-laki,0,2017
3650,2017,DKI Jakarta,JAKARTA BARAT,PAL MERAH,KOTA BAMBU UTARA,Cacat Rungu-Wicara,Laki-laki,1,2017
3651,2017,DKI Jakarta,JAKARTA BARAT,PAL MERAH,JATIPULO,Cacat Fisik,Laki-laki,0,2017
3652,2017,DKI Jakarta,JAKARTA UTARA,PADEMANGAN,PADEMANGAN BARAT,Cacat Mental-Jiwa,Laki-laki,0,2017
3653,2017,DKI Jakarta,JAKARTA UTARA,PADEMANGAN,PADEMANGAN BARAT,Cacat Rungu-Wicara,Laki-laki,2,2017
3654,2017,DKI Jakarta,JAKARTA UTARA,PADEMANGAN,ANCOL,Cacat Fisik,Laki-laki,3,2017
3655,2017,DKI Jakarta,JAKARTA UTARA,PADEMANGAN,ANCOL,Cacat Fisik dan Mental,Laki-laki,1,2017
3656,2017,DKI Jakarta,JAKARTA UTARA,PADEMANGAN,ANCOL,Cacat Mental-Jiwa,Laki-laki,2,2017
3657,2017,DKI Jakarta,JAKARTA UTARA,PADEMANGAN,ANCOL,Cacat Netra-Buta,Laki-laki,2,2017
3658,2017,DKI Jakarta,JAKARTA UTARA,KELAPA GADING,KELAPA GADING TIMUR,Cacat Fisik,Laki-laki,1,2017
3659,2017,DKI Jakarta,JAKARTA UTARA,KELAPA GADING,KELAPA GADING TIMUR,Cacat Fisik dan Mental,Laki-laki,0,2017
3660,2017,DKI Jakarta,JAKARTA UTARA,KELAPA GADING,KELAPA GADING TIMUR,Cacat Lainnya,Laki-laki,1,2017
3661,2017,DKI Jakarta,JAKARTA UTARA,KELAPA GADING,KELAPA GADING TIMUR,Cacat Mental-Jiwa,Laki-laki,0,2017
3662,2017,DKI Jakarta,JAKARTA UTARA,KELAPA GADING,PEGANGSAAN DUA,Cacat Lainnya,Laki-laki,0,2017
3663,2017,DKI Jakarta,JAKARTA UTARA,KELAPA GADING,PEGANGSAAN DUA,Cacat Mental-Jiwa,Laki-laki,1,2017
3664,2017,DKI Jakarta,JAKARTA UTARA,KELAPA GADING,PEGANGSAAN DUA,Cacat Netra-Buta,Laki-laki,1,2017
3665,2017,DKI Jakarta,JAKARTA UTARA,KELAPA GADING,PEGANGSAAN DUA,Cacat Rungu-Wicara,Laki-laki,0,2017
3666,2017,DKI Jakarta,JAKARTA UTARA,KELAPA GADING,KELAPA GADING BARAT,Cacat Fisik dan Mental,Laki-laki,0,2017
3667,2017,DKI Jakarta,JAKARTA UTARA,KELAPA GADING,KELAPA GADING BARAT,Cacat Mental-Jiwa,Laki-laki,1,2017
3668,2017,DKI Jakarta,JAKARTA BARAT,CENGKARENG,CENGKARENG BARAT,Cacat Fisik,Laki-laki,6,2017
3669,2017,DKI Jakarta,JAKARTA BARAT,CENGKARENG,CENGKARENG BARAT,Cacat Fisik dan Mental,Laki-laki,42,2017
3670,2017,DKI Jakarta,JAKARTA BARAT,CENGKARENG,CENGKARENG BARAT,Cacat Lainnya,Laki-laki,125,2017
3671,2017,DKI Jakarta,JAKARTA BARAT,CENGKARENG,CENGKARENG BARAT,Cacat Mental-Jiwa,Laki-laki,582,2017
3672,2017,DKI Jakarta,JAKARTA BARAT,CENGKARENG,CENGKARENG BARAT,Cacat Rungu-Wicara,Laki-laki,4,2017
3673,2017,DKI Jakarta,JAKARTA BARAT,CENGKARENG,DURI KOSAMBI,Cacat Fisik,Laki-laki,6,2017
3674,2017,DKI Jakarta,JAKARTA BARAT,CENGKARENG,DURI KOSAMBI,Cacat Lainnya,Laki-laki,9,2017
3675,2017,DKI Jakarta,JAKARTA BARAT,CENGKARENG,DURI KOSAMBI,Cacat Netra-Buta,Laki-laki,0,2017
3676,2017,DKI Jakarta,JAKARTA BARAT,CENGKARENG,DURI KOSAMBI,Cacat Rungu-Wicara,Laki-laki,1,2017
3677,2017,DKI Jakarta,JAKARTA BARAT,CENGKARENG,RAWA BUAYA,Cacat Fisik,Laki-laki,4,2017
3678,2017,DKI Jakarta,JAKARTA BARAT,CENGKARENG,RAWA BUAYA,Cacat Fisik dan Mental,Laki-laki,1,2017
3679,2017,DKI Jakarta,JAKARTA BARAT,CENGKARENG,RAWA BUAYA,Cacat Lainnya,Laki-laki,11,2017
3680,2017,DKI Jakarta,JAKARTA BARAT,CENGKARENG,RAWA BUAYA,Cacat Rungu-Wicara,Laki-laki,2,2017
3681,2017,DKI Jakarta,JAKARTA BARAT,CENGKARENG,KEDAUNG KALI ANGKE,Cacat Fisik,Laki-laki,0,2017
3682,2017,DKI Jakarta,JAKARTA BARAT,CENGKARENG,KEDAUNG KALI ANGKE,Cacat Lainnya,Laki-laki,1,2017
3683,2017,DKI Jakarta,JAKARTA BARAT,CENGKARENG,KEDAUNG KALI ANGKE,Cacat Rungu-Wicara,Laki-laki,1,2017
3684,2017,DKI Jakarta,JAKARTA BARAT,CENGKARENG,KAPUK,Cacat Fisik,Laki-laki,15,2017
3685,2017,DKI Jakarta,JAKARTA BARAT,CENGKARENG,KAPUK,Cacat Fisik dan Mental,Laki-laki,0,2017
3686,2017,DKI Jakarta,JAKARTA BARAT,CENGKARENG,KAPUK,Cacat Lainnya,Laki-laki,11,2017
3687,2017,DKI Jakarta,JAKARTA BARAT,CENGKARENG,KAPUK,Cacat Mental-Jiwa,Laki-laki,4,2017
3688,2017,DKI Jakarta,JAKARTA BARAT,CENGKARENG,KAPUK,Cacat Netra-Buta,Laki-laki,2,2017
3689,2017,DKI Jakarta,JAKARTA BARAT,CENGKARENG,KAPUK,Cacat Rungu-Wicara,Laki-laki,9,2017
3690,2017,DKI Jakarta,JAKARTA BARAT,CENGKARENG,CENGKARENG TIMUR,Cacat Fisik,Laki-laki,6,2017
3691,2017,DKI Jakarta,JAKARTA BARAT,CENGKARENG,CENGKARENG TIMUR,Cacat Fisik dan Mental,Laki-laki,1,2017
3692,2017,DKI Jakarta,JAKARTA BARAT,CENGKARENG,CENGKARENG TIMUR,Cacat Lainnya,Laki-laki,3,2017
3693,2017,DKI Jakarta,JAKARTA BARAT,CENGKARENG,CENGKARENG TIMUR,Cacat Mental-Jiwa,Laki-laki,2,2017
3694,2017,DKI Jakarta,JAKARTA BARAT,GROGOL PETAMBURAN,GROGOL,Cacat Fisik,Laki-laki,2,2017
3695,2017,DKI Jakarta,JAKARTA BARAT,GROGOL PETAMBURAN,GROGOL,Cacat Fisik dan Mental,Laki-laki,1,2017
3696,2017,DKI Jakarta,JAKARTA BARAT,GROGOL PETAMBURAN,GROGOL,Cacat Lainnya,Laki-laki,1,2017
3697,2017,DKI Jakarta,JAKARTA BARAT,GROGOL PETAMBURAN,GROGOL,Cacat Mental-Jiwa,Laki-laki,3,2017
3698,2017,DKI Jakarta,JAKARTA BARAT,GROGOL PETAMBURAN,GROGOL,Cacat Rungu-Wicara,Laki-laki,1,2017
3699,2017,DKI Jakarta,JAKARTA BARAT,GROGOL PETAMBURAN,TANJUNG DUREN UTARA,Cacat Lainnya,Laki-laki,0,2017
3700,2017,DKI Jakarta,JAKARTA BARAT,GROGOL PETAMBURAN,TOMANG,Cacat Fisik,Laki-laki,4,2017
3701,2017,DKI Jakarta,JAKARTA BARAT,GROGOL PETAMBURAN,TOMANG,Cacat Lainnya,Laki-laki,4,2017
3702,2017,DKI Jakarta,JAKARTA BARAT,GROGOL PETAMBURAN,TOMANG,Cacat Mental-Jiwa,Laki-laki,7,2017
3703,2017,DKI Jakarta,JAKARTA BARAT,GROGOL PETAMBURAN,TOMANG,Cacat Netra-Buta,Laki-laki,0,2017
3704,2017,DKI Jakarta,JAKARTA BARAT,GROGOL PETAMBURAN,TOMANG,Cacat Rungu-Wicara,Laki-laki,3,2017
3705,2017,DKI Jakarta,JAKARTA BARAT,GROGOL PETAMBURAN,JELAMBAR,Cacat Fisik,Laki-laki,0,2017
3706,2017,DKI Jakarta,JAKARTA BARAT,GROGOL PETAMBURAN,JELAMBAR,Cacat Fisik dan Mental,Laki-laki,0,2017
3707,2017,DKI Jakarta,JAKARTA BARAT,GROGOL PETAMBURAN,JELAMBAR,Cacat Lainnya,Laki-laki,5,2017
3708,2017,DKI Jakarta,JAKARTA BARAT,GROGOL PETAMBURAN,JELAMBAR,Cacat Mental-Jiwa,Laki-laki,2,2017
3709,2017,DKI Jakarta,JAKARTA BARAT,GROGOL PETAMBURAN,JELAMBAR,Cacat Rungu-Wicara,Laki-laki,0,2017
3710,2017,DKI Jakarta,JAKARTA BARAT,GROGOL PETAMBURAN,TANJUNG DUREN SELATAN,Cacat Fisik,Laki-laki,2,2017
3711,2017,DKI Jakarta,JAKARTA BARAT,GROGOL PETAMBURAN,TANJUNG DUREN SELATAN,Cacat Lainnya,Laki-laki,2,2017
3712,2017,DKI Jakarta,JAKARTA BARAT,GROGOL PETAMBURAN,TANJUNG DUREN SELATAN,Cacat Mental-Jiwa,Laki-laki,1,2017
3713,2017,DKI Jakarta,JAKARTA BARAT,GROGOL PETAMBURAN,JELAMBAR BARU,Cacat Fisik,Laki-laki,21,2017
3714,2017,DKI Jakarta,JAKARTA BARAT,GROGOL PETAMBURAN,JELAMBAR BARU,Cacat Lainnya,Laki-laki,4,2017
3715,2017,DKI Jakarta,JAKARTA BARAT,GROGOL PETAMBURAN,JELAMBAR BARU,Cacat Mental-Jiwa,Laki-laki,1,2017
3716,2017,DKI Jakarta,JAKARTA BARAT,GROGOL PETAMBURAN,JELAMBAR BARU,Cacat Netra-Buta,Laki-laki,1,2017
3717,2017,DKI Jakarta,JAKARTA BARAT,GROGOL PETAMBURAN,JELAMBAR BARU,Cacat Rungu-Wicara,Laki-laki,1,2017
3718,2017,DKI Jakarta,JAKARTA BARAT,GROGOL PETAMBURAN,WIJAYA KUSUMA,Cacat Fisik,Laki-laki,20,2017
3719,2017,DKI Jakarta,JAKARTA BARAT,GROGOL PETAMBURAN,WIJAYA KUSUMA,Cacat Fisik dan Mental,Laki-laki,0,2017
3720,2017,DKI Jakarta,JAKARTA BARAT,GROGOL PETAMBURAN,WIJAYA KUSUMA,Cacat Lainnya,Laki-laki,2,2017
3721,2017,DKI Jakarta,JAKARTA BARAT,GROGOL PETAMBURAN,WIJAYA KUSUMA,Cacat Mental-Jiwa,Laki-laki,214,2017
3722,2017,DKI Jakarta,JAKARTA BARAT,GROGOL PETAMBURAN,WIJAYA KUSUMA,Cacat Netra-Buta,Laki-laki,1,2017
3723,2017,DKI Jakarta,JAKARTA BARAT,GROGOL PETAMBURAN,WIJAYA KUSUMA,Cacat Rungu-Wicara,Laki-laki,2,2017
3724,2017,DKI Jakarta,JAKARTA BARAT,TAMAN SARI,TAMAN SARI,Cacat Fisik dan Mental,Laki-laki,0,2017
3725,2017,DKI Jakarta,JAKARTA BARAT,TAMAN SARI,TAMAN SARI,Cacat Lainnya,Laki-laki,0,2017
3726,2017,DKI Jakarta,JAKARTA BARAT,TAMAN SARI,TAMAN SARI,Cacat Mental-Jiwa,Laki-laki,1,2017
3727,2017,DKI Jakarta,JAKARTA BARAT,TAMAN SARI,TAMAN SARI,Cacat Rungu-Wicara,Laki-laki,0,2017
3728,2017,DKI Jakarta,JAKARTA BARAT,TAMAN SARI,KRUKUT,Cacat Mental-Jiwa,Laki-laki,2,2017
3729,2017,DKI Jakarta,JAKARTA BARAT,TAMAN SARI,KRUKUT,Cacat Netra-Buta,Laki-laki,1,2017
3730,2017,DKI Jakarta,JAKARTA BARAT,TAMAN SARI,KRUKUT,Cacat Rungu-Wicara,Laki-laki,1,2017
3731,2017,DKI Jakarta,JAKARTA BARAT,TAMAN SARI,MAPHAR,Cacat Fisik,Laki-laki,2,2017
3732,2017,DKI Jakarta,JAKARTA BARAT,TAMAN SARI,MAPHAR,Cacat Lainnya,Laki-laki,1,2017
3733,2017,DKI Jakarta,JAKARTA BARAT,TAMAN SARI,MAPHAR,Cacat Netra-Buta,Laki-laki,5,2017
3734,2017,DKI Jakarta,JAKARTA BARAT,TAMAN SARI,TANGKI,Cacat Lainnya,Laki-laki,0,2017
3735,2017,DKI Jakarta,JAKARTA SELATAN,KEBAYORAN LAMA,PONDOK PINANG,Cacat Fisik,Laki-laki,1,2017
3736,2017,DKI Jakarta,JAKARTA SELATAN,KEBAYORAN LAMA,PONDOK PINANG,Cacat Fisik dan Mental,Laki-laki,0,2017
3737,2017,DKI Jakarta,JAKARTA SELATAN,KEBAYORAN LAMA,PONDOK PINANG,Cacat Lainnya,Laki-laki,2,2017
3738,2017,DKI Jakarta,JAKARTA SELATAN,KEBAYORAN LAMA,PONDOK PINANG,Cacat Mental-Jiwa,Laki-laki,3,2017
3739,2017,DKI Jakarta,JAKARTA SELATAN,KEBAYORAN LAMA,PONDOK PINANG,Cacat Netra-Buta,Laki-laki,1,2017
3740,2017,DKI Jakarta,JAKARTA SELATAN,KEBAYORAN LAMA,PONDOK PINANG,Cacat Rungu-Wicara,Laki-laki,1,2017
3741,2017,DKI Jakarta,JAKARTA SELATAN,KEBAYORAN LAMA,CIPULIR,Cacat Fisik,Laki-laki,7,2017
3742,2017,DKI Jakarta,JAKARTA SELATAN,KEBAYORAN LAMA,CIPULIR,Cacat Fisik dan Mental,Laki-laki,0,2017
3743,2017,DKI Jakarta,JAKARTA SELATAN,KEBAYORAN LAMA,CIPULIR,Cacat Lainnya,Laki-laki,0,2017
3744,2017,DKI Jakarta,JAKARTA SELATAN,KEBAYORAN LAMA,CIPULIR,Cacat Netra-Buta,Laki-laki,1,2017
3745,2017,DKI Jakarta,JAKARTA SELATAN,KEBAYORAN LAMA,GROGOL UTARA,Cacat Fisik,Laki-laki,2,2017
3746,2017,DKI Jakarta,JAKARTA SELATAN,KEBAYORAN LAMA,GROGOL UTARA,Cacat Lainnya,Laki-laki,0,2017
3747,2017,DKI Jakarta,JAKARTA SELATAN,KEBAYORAN LAMA,GROGOL UTARA,Cacat Rungu-Wicara,Laki-laki,0,2017
3748,2017,DKI Jakarta,JAKARTA SELATAN,KEBAYORAN LAMA,GROGOL SELATAN,Cacat Fisik,Laki-laki,2,2017
3749,2017,DKI Jakarta,JAKARTA SELATAN,KEBAYORAN LAMA,GROGOL SELATAN,Cacat Lainnya,Laki-laki,1,2017
3750,2017,DKI Jakarta,JAKARTA SELATAN,KEBAYORAN LAMA,KEBAYORAN LAMA SELATAN,Cacat Fisik,Laki-laki,1,2017
3751,2017,DKI Jakarta,JAKARTA SELATAN,KEBAYORAN LAMA,KEBAYORAN LAMA SELATAN,Cacat Fisik dan Mental,Laki-laki,0,2017
3752,2017,DKI Jakarta,JAKARTA SELATAN,KEBAYORAN LAMA,KEBAYORAN LAMA SELATAN,Cacat Lainnya,Laki-laki,1,2017
3753,2017,DKI Jakarta,JAKARTA SELATAN,KEBAYORAN LAMA,KEBAYORAN LAMA SELATAN,Cacat Mental-Jiwa,Laki-laki,3,2017
3754,2017,DKI Jakarta,JAKARTA SELATAN,KEBAYORAN LAMA,KEBAYORAN LAMA SELATAN,Cacat Rungu-Wicara,Laki-laki,0,2017
3755,2017,DKI Jakarta,JAKARTA SELATAN,CILANDAK,CILANDAK BARAT,Cacat Lainnya,Laki-laki,1,2017
3756,2017,DKI Jakarta,JAKARTA SELATAN,CILANDAK,CILANDAK BARAT,Cacat Rungu-Wicara,Laki-laki,0,2017
3757,2017,DKI Jakarta,JAKARTA SELATAN,CILANDAK,LEBAK BULUS,Cacat Fisik,Laki-laki,0,2017
3758,2017,DKI Jakarta,JAKARTA SELATAN,CILANDAK,LEBAK BULUS,Cacat Lainnya,Laki-laki,1,2017
3759,2017,DKI Jakarta,JAKARTA SELATAN,CILANDAK,LEBAK BULUS,Cacat Mental-Jiwa,Laki-laki,1,2017
3760,2017,DKI Jakarta,JAKARTA SELATAN,CILANDAK,PONDOK LABU,Cacat Fisik,Laki-laki,3,2017
3761,2017,DKI Jakarta,JAKARTA SELATAN,CILANDAK,PONDOK LABU,Cacat Lainnya,Laki-laki,2,2017
3762,2017,DKI Jakarta,JAKARTA SELATAN,CILANDAK,PONDOK LABU,Cacat Mental-Jiwa,Laki-laki,0,2017
3763,2017,DKI Jakarta,JAKARTA SELATAN,CILANDAK,PONDOK LABU,Cacat Netra-Buta,Laki-laki,1,2017
3764,2017,DKI Jakarta,JAKARTA SELATAN,CILANDAK,GANDARIA SELATAN,Cacat Fisik,Laki-laki,0,2017
3765,2017,DKI Jakarta,JAKARTA SELATAN,CILANDAK,GANDARIA SELATAN,Cacat Lainnya,Laki-laki,0,2017
3766,2017,DKI Jakarta,JAKARTA SELATAN,CILANDAK,GANDARIA SELATAN,Cacat Netra-Buta,Laki-laki,0,2017
3767,2017,DKI Jakarta,JAKARTA SELATAN,CILANDAK,CIPETE SELATAN,Cacat Fisik,Laki-laki,1,2017
3768,2017,DKI Jakarta,JAKARTA SELATAN,CILANDAK,CIPETE SELATAN,Cacat Fisik dan Mental,Laki-laki,0,2017
3769,2017,DKI Jakarta,JAKARTA SELATAN,CILANDAK,CIPETE SELATAN,Cacat Lainnya,Laki-laki,1,2017
3770,2017,DKI Jakarta,JAKARTA SELATAN,CILANDAK,CIPETE SELATAN,Cacat Mental-Jiwa,Laki-laki,1,2017
3771,2017,DKI Jakarta,JAKARTA SELATAN,CILANDAK,CIPETE SELATAN,Cacat Netra-Buta,Laki-laki,1,2017
3772,2017,DKI Jakarta,JAKARTA SELATAN,KEBAYORAN BARU,MELAWAI,Cacat Fisik,Laki-laki,1,2017
3773,2017,DKI Jakarta,JAKARTA SELATAN,KEBAYORAN BARU,MELAWAI,Cacat Lainnya,Laki-laki,0,2017
3774,2017,DKI Jakarta,JAKARTA SELATAN,KEBAYORAN BARU,MELAWAI,Cacat Mental-Jiwa,Laki-laki,1,2017
3775,2017,DKI Jakarta,JAKARTA SELATAN,KEBAYORAN BARU,GUNUNG,Cacat Fisik,Laki-laki,1,2017
3776,2017,DKI Jakarta,JAKARTA SELATAN,KEBAYORAN BARU,GUNUNG,Cacat Mental-Jiwa,Laki-laki,1,2017
3777,2017,DKI Jakarta,JAKARTA SELATAN,KEBAYORAN BARU,GUNUNG,Cacat Netra-Buta,Laki-laki,0,2017
3778,2017,DKI Jakarta,JAKARTA SELATAN,KEBAYORAN BARU,GUNUNG,Cacat Rungu-Wicara,Laki-laki,0,2017
3779,2017,DKI Jakarta,JAKARTA SELATAN,KEBAYORAN BARU,KRAMAT PELA,Cacat Fisik,Laki-laki,1,2017
3780,2017,DKI Jakarta,JAKARTA SELATAN,KEBAYORAN BARU,KRAMAT PELA,Cacat Lainnya,Laki-laki,1,2017
3781,2017,DKI Jakarta,JAKARTA SELATAN,KEBAYORAN BARU,KRAMAT PELA,Cacat Mental-Jiwa,Laki-laki,0,2017
3782,2017,DKI Jakarta,JAKARTA SELATAN,KEBAYORAN BARU,SELONG,Cacat Mental-Jiwa,Laki-laki,0,2017
3783,2017,DKI Jakarta,JAKARTA SELATAN,KEBAYORAN BARU,RAWA BARAT,Cacat Lainnya,Laki-laki,2,2017
3784,2017,DKI Jakarta,JAKARTA SELATAN,KEBAYORAN BARU,PULO,Cacat Mental-Jiwa,Laki-laki,0,2017
3785,2017,DKI Jakarta,JAKARTA SELATAN,KEBAYORAN BARU,GANDARIA UTARA,Cacat Fisik,Laki-laki,1,2017
3786,2017,DKI Jakarta,JAKARTA SELATAN,KEBAYORAN BARU,GANDARIA UTARA,Cacat Rungu-Wicara,Laki-laki,1,2017
3787,2017,DKI Jakarta,JAKARTA SELATAN,KEBAYORAN BARU,CIPETE UTARA,Cacat Lainnya,Laki-laki,1,2017
3788,2017,DKI Jakarta,JAKARTA SELATAN,KEBAYORAN BARU,CIPETE UTARA,Cacat Mental-Jiwa,Laki-laki,2,2017
3789,2017,DKI Jakarta,JAKARTA SELATAN,KEBAYORAN BARU,CIPETE UTARA,Cacat Rungu-Wicara,Laki-laki,0,2017
3790,2017,DKI Jakarta,JAKARTA SELATAN,PANCORAN,PANCORAN,Cacat Lainnya,Laki-laki,1,2017
3791,2017,DKI Jakarta,JAKARTA SELATAN,PANCORAN,PANCORAN,Cacat Mental-Jiwa,Laki-laki,1,2017
3792,2017,DKI Jakarta,JAKARTA SELATAN,PANCORAN,KALIBATA,Cacat Fisik,Laki-laki,3,2017
3793,2017,DKI Jakarta,JAKARTA SELATAN,PANCORAN,KALIBATA,Cacat Fisik dan Mental,Laki-laki,1,2017
3794,2017,DKI Jakarta,JAKARTA SELATAN,PANCORAN,KALIBATA,Cacat Lainnya,Laki-laki,1,2017
3795,2017,DKI Jakarta,JAKARTA SELATAN,PANCORAN,KALIBATA,Cacat Mental-Jiwa,Laki-laki,1,2017
3796,2017,DKI Jakarta,JAKARTA SELATAN,PANCORAN,KALIBATA,Cacat Netra-Buta,Laki-laki,1,2017
3797,2017,DKI Jakarta,JAKARTA SELATAN,PANCORAN,KALIBATA,Cacat Rungu-Wicara,Laki-laki,1,2017
3798,2017,DKI Jakarta,JAKARTA SELATAN,PANCORAN,RAWAJATI,Cacat Fisik,Laki-laki,2,2017
3799,2017,DKI Jakarta,JAKARTA SELATAN,PANCORAN,RAWAJATI,Cacat Fisik dan Mental,Laki-laki,2,2017
3800,2017,DKI Jakarta,JAKARTA SELATAN,PANCORAN,RAWAJATI,Cacat Lainnya,Laki-laki,5,2017
3801,2017,DKI Jakarta,JAKARTA SELATAN,PANCORAN,RAWAJATI,Cacat Mental-Jiwa,Laki-laki,3,2017
3802,2017,DKI Jakarta,JAKARTA SELATAN,PANCORAN,DUREN TIGA,Cacat Fisik,Laki-laki,0,2017
3803,2017,DKI Jakarta,JAKARTA SELATAN,PANCORAN,DUREN TIGA,Cacat Mental-Jiwa,Laki-laki,0,2017
3804,2017,DKI Jakarta,JAKARTA SELATAN,PANCORAN,DUREN TIGA,Cacat Netra-Buta,Laki-laki,1,2017
3805,2017,DKI Jakarta,JAKARTA SELATAN,PANCORAN,DUREN TIGA,Cacat Rungu-Wicara,Laki-laki,0,2017
3806,2017,DKI Jakarta,JAKARTA SELATAN,PANCORAN,PENGADEGAN,Cacat Fisik,Laki-laki,2,2017
3807,2017,DKI Jakarta,JAKARTA SELATAN,PANCORAN,PENGADEGAN,Cacat Mental-Jiwa,Laki-laki,3,2017
3808,2017,DKI Jakarta,JAKARTA SELATAN,PANCORAN,PENGADEGAN,Cacat Netra-Buta,Laki-laki,1,2017
3809,2017,DKI Jakarta,JAKARTA SELATAN,PANCORAN,PENGADEGAN,Cacat Rungu-Wicara,Laki-laki,1,2017
3810,2017,DKI Jakarta,JAKARTA SELATAN,PANCORAN,CIKOKO,Cacat Fisik,Laki-laki,1,2017
3811,2017,DKI Jakarta,JAKARTA SELATAN,PANCORAN,CIKOKO,Cacat Fisik dan Mental,Laki-laki,0,2017
3812,2017,DKI Jakarta,JAKARTA SELATAN,JAGAKARSA,JAGAKARSA,Cacat Fisik,Laki-laki,2,2017
3813,2017,DKI Jakarta,JAKARTA SELATAN,JAGAKARSA,JAGAKARSA,Cacat Fisik dan Mental,Laki-laki,1,2017
3814,2017,DKI Jakarta,JAKARTA SELATAN,JAGAKARSA,JAGAKARSA,Cacat Lainnya,Laki-laki,6,2017
3815,2017,DKI Jakarta,JAKARTA SELATAN,JAGAKARSA,JAGAKARSA,Cacat Mental-Jiwa,Laki-laki,4,2017
3816,2017,DKI Jakarta,JAKARTA SELATAN,JAGAKARSA,JAGAKARSA,Cacat Netra-Buta,Laki-laki,0,2017
3817,2017,DKI Jakarta,JAKARTA SELATAN,JAGAKARSA,JAGAKARSA,Cacat Rungu-Wicara,Laki-laki,1,2017
3818,2017,DKI Jakarta,JAKARTA SELATAN,JAGAKARSA,SRENGSENG SAWAH,Cacat Lainnya,Laki-laki,2,2017
3819,2017,DKI Jakarta,JAKARTA SELATAN,JAGAKARSA,SRENGSENG SAWAH,Cacat Mental-Jiwa,Laki-laki,0,2017
3820,2017,DKI Jakarta,JAKARTA SELATAN,JAGAKARSA,CIGANJUR,Cacat Fisik,Laki-laki,33,2017
3821,2017,DKI Jakarta,JAKARTA SELATAN,JAGAKARSA,CIGANJUR,Cacat Fisik dan Mental,Laki-laki,2,2017
3822,2017,DKI Jakarta,JAKARTA SELATAN,JAGAKARSA,CIGANJUR,Cacat Lainnya,Laki-laki,3,2017
3823,2017,DKI Jakarta,JAKARTA SELATAN,JAGAKARSA,CIGANJUR,Cacat Mental-Jiwa,Laki-laki,2,2017
3824,2017,DKI Jakarta,JAKARTA SELATAN,JAGAKARSA,CIGANJUR,Cacat Netra-Buta,Laki-laki,0,2017
3825,2017,DKI Jakarta,JAKARTA SELATAN,JAGAKARSA,CIGANJUR,Cacat Rungu-Wicara,Laki-laki,2,2017
3826,2017,DKI Jakarta,JAKARTA SELATAN,JAGAKARSA,LENTENG AGUNG,Cacat Fisik,Laki-laki,0,2017
3827,2017,DKI Jakarta,JAKARTA SELATAN,JAGAKARSA,LENTENG AGUNG,Cacat Lainnya,Laki-laki,1,2017
3828,2017,DKI Jakarta,JAKARTA SELATAN,JAGAKARSA,LENTENG AGUNG,Cacat Mental-Jiwa,Laki-laki,1,2017
3829,2017,DKI Jakarta,JAKARTA SELATAN,JAGAKARSA,LENTENG AGUNG,Cacat Rungu-Wicara,Laki-laki,0,2017
3830,2017,DKI Jakarta,JAKARTA SELATAN,JAGAKARSA,TANJUNG BARAT,Cacat Fisik,Laki-laki,1,2017
3831,2017,DKI Jakarta,JAKARTA SELATAN,JAGAKARSA,TANJUNG BARAT,Cacat Fisik dan Mental,Laki-laki,2,2017
3832,2017,DKI Jakarta,JAKARTA SELATAN,JAGAKARSA,TANJUNG BARAT,Cacat Lainnya,Laki-laki,1,2017
3833,2017,DKI Jakarta,JAKARTA SELATAN,JAGAKARSA,TANJUNG BARAT,Cacat Mental-Jiwa,Laki-laki,5,2017
3834,2017,DKI Jakarta,JAKARTA SELATAN,JAGAKARSA,TANJUNG BARAT,Cacat Netra-Buta,Laki-laki,0,2017
3835,2017,DKI Jakarta,JAKARTA SELATAN,JAGAKARSA,CIPEDAK,Cacat Fisik,Laki-laki,1,2017
3836,2017,DKI Jakarta,JAKARTA SELATAN,JAGAKARSA,CIPEDAK,Cacat Mental-Jiwa,Laki-laki,1,2017
3837,2017,DKI Jakarta,JAKARTA SELATAN,JAGAKARSA,CIPEDAK,Cacat Rungu-Wicara,Laki-laki,1,2017
3838,2017,DKI Jakarta,JAKARTA SELATAN,PESANGGRAHAN,PESANGGRAHAN,Cacat Fisik,Laki-laki,0,2017
3839,2017,DKI Jakarta,JAKARTA SELATAN,PESANGGRAHAN,PESANGGRAHAN,Cacat Rungu-Wicara,Laki-laki,1,2017
3840,2017,DKI Jakarta,JAKARTA SELATAN,PESANGGRAHAN,BINTARO,Cacat Fisik,Laki-laki,1,2017
3841,2017,DKI Jakarta,JAKARTA SELATAN,PESANGGRAHAN,BINTARO,Cacat Lainnya,Laki-laki,0,2017
3842,2017,DKI Jakarta,JAKARTA SELATAN,PESANGGRAHAN,BINTARO,Cacat Mental-Jiwa,Laki-laki,0,2017
3843,2017,DKI Jakarta,JAKARTA SELATAN,PESANGGRAHAN,PETUKANGAN UTARA,Cacat Fisik,Laki-laki,5,2017
3844,2017,DKI Jakarta,JAKARTA SELATAN,PESANGGRAHAN,PETUKANGAN UTARA,Cacat Fisik dan Mental,Laki-laki,0,2017
3845,2017,DKI Jakarta,JAKARTA SELATAN,PESANGGRAHAN,PETUKANGAN UTARA,Cacat Lainnya,Laki-laki,7,2017
3846,2017,DKI Jakarta,JAKARTA SELATAN,PESANGGRAHAN,PETUKANGAN UTARA,Cacat Mental-Jiwa,Laki-laki,1,2017
3847,2017,DKI Jakarta,JAKARTA SELATAN,PESANGGRAHAN,PETUKANGAN UTARA,Cacat Netra-Buta,Laki-laki,3,2017
3848,2017,DKI Jakarta,JAKARTA SELATAN,PESANGGRAHAN,PETUKANGAN SELATAN,Cacat Fisik,Laki-laki,1,2017
3849,2017,DKI Jakarta,JAKARTA SELATAN,PESANGGRAHAN,PETUKANGAN SELATAN,Cacat Fisik dan Mental,Laki-laki,1,2017
3850,2017,DKI Jakarta,JAKARTA SELATAN,PESANGGRAHAN,PETUKANGAN SELATAN,Cacat Lainnya,Laki-laki,5,2017
3851,2017,DKI Jakarta,JAKARTA SELATAN,PESANGGRAHAN,PETUKANGAN SELATAN,Cacat Mental-Jiwa,Laki-laki,0,2017
3852,2017,DKI Jakarta,JAKARTA SELATAN,PESANGGRAHAN,PETUKANGAN SELATAN,Cacat Rungu-Wicara,Laki-laki,0,2017
3853,2017,DKI Jakarta,JAKARTA SELATAN,PESANGGRAHAN,ULUJAMI,Cacat Fisik,Laki-laki,0,2017
3854,2017,DKI Jakarta,JAKARTA SELATAN,PESANGGRAHAN,ULUJAMI,Cacat Fisik dan Mental,Laki-laki,1,2017
3855,2017,DKI Jakarta,JAKARTA SELATAN,PESANGGRAHAN,ULUJAMI,Cacat Lainnya,Laki-laki,1,2017
3856,2017,DKI Jakarta,JAKARTA SELATAN,PESANGGRAHAN,ULUJAMI,Cacat Mental-Jiwa,Laki-laki,1,2017
3857,2017,DKI Jakarta,JAKARTA TIMUR,MATRAMAN,PISANGAN BARU,Cacat Fisik,Laki-laki,15,2017
3858,2017,DKI Jakarta,JAKARTA TIMUR,MATRAMAN,PISANGAN BARU,Cacat Fisik dan Mental,Laki-laki,2,2017
3859,2017,DKI Jakarta,JAKARTA TIMUR,MATRAMAN,PISANGAN BARU,Cacat Lainnya,Laki-laki,3,2017
3860,2017,DKI Jakarta,JAKARTA TIMUR,PULO GADUNG,JATI,Cacat Fisik dan Mental,Laki-laki,0,2017
3861,2017,DKI Jakarta,JAKARTA TIMUR,PULO GADUNG,JATI,Cacat Lainnya,Laki-laki,1,2017
3862,2017,DKI Jakarta,JAKARTA TIMUR,PULO GADUNG,JATI,Cacat Rungu-Wicara,Laki-laki,0,2017
3863,2017,DKI Jakarta,JAKARTA TIMUR,JATINEGARA,KAMPUNG MELAYU,Cacat Mental-Jiwa,Laki-laki,1,2017
3864,2017,DKI Jakarta,JAKARTA TIMUR,JATINEGARA,BIDARA CINA,Cacat Fisik,Laki-laki,4,2017
3865,2017,DKI Jakarta,JAKARTA TIMUR,JATINEGARA,BIDARA CINA,Cacat Fisik dan Mental,Laki-laki,1,2017
3866,2017,DKI Jakarta,JAKARTA TIMUR,JATINEGARA,BIDARA CINA,Cacat Lainnya,Laki-laki,7,2017
3867,2017,DKI Jakarta,JAKARTA TIMUR,JATINEGARA,BIDARA CINA,Cacat Mental-Jiwa,Laki-laki,3,2017
3868,2017,DKI Jakarta,JAKARTA TIMUR,JATINEGARA,BIDARA CINA,Cacat Rungu-Wicara,Laki-laki,2,2017
3869,2017,DKI Jakarta,JAKARTA TIMUR,JATINEGARA,BALI MESTER,Cacat Fisik dan Mental,Laki-laki,1,2017
3870,2017,DKI Jakarta,JAKARTA TIMUR,JATINEGARA,BALI MESTER,Cacat Lainnya,Laki-laki,2,2017
3871,2017,DKI Jakarta,JAKARTA TIMUR,JATINEGARA,BALI MESTER,Cacat Mental-Jiwa,Laki-laki,0,2017
3872,2017,DKI Jakarta,JAKARTA TIMUR,JATINEGARA,RAWA BUNGA,Cacat Fisik,Laki-laki,3,2017
3873,2017,DKI Jakarta,JAKARTA TIMUR,JATINEGARA,RAWA BUNGA,Cacat Fisik dan Mental,Laki-laki,0,2017
3874,2017,DKI Jakarta,JAKARTA TIMUR,JATINEGARA,RAWA BUNGA,Cacat Lainnya,Laki-laki,1,2017
3875,2017,DKI Jakarta,JAKARTA TIMUR,JATINEGARA,RAWA BUNGA,Cacat Mental-Jiwa,Laki-laki,1,2017
3876,2017,DKI Jakarta,JAKARTA TIMUR,JATINEGARA,CIPINANG CEMPEDAK,Cacat Fisik,Laki-laki,2,2017
3877,2017,DKI Jakarta,JAKARTA TIMUR,JATINEGARA,CIPINANG CEMPEDAK,Cacat Fisik dan Mental,Laki-laki,4,2017
3878,2017,DKI Jakarta,JAKARTA TIMUR,JATINEGARA,CIPINANG CEMPEDAK,Cacat Mental-Jiwa,Laki-laki,0,2017
3879,2017,DKI Jakarta,JAKARTA TIMUR,JATINEGARA,CIPINANG CEMPEDAK,Cacat Rungu-Wicara,Laki-laki,1,2017
3880,2017,DKI Jakarta,JAKARTA TIMUR,JATINEGARA,CIPINANG MUARA,Cacat Fisik dan Mental,Laki-laki,2,2017
3881,2017,DKI Jakarta,JAKARTA TIMUR,JATINEGARA,CIPINANG BESAR SELATAN,Cacat Fisik,Laki-laki,2,2017
3882,2017,DKI Jakarta,JAKARTA TIMUR,JATINEGARA,CIPINANG BESAR SELATAN,Cacat Fisik dan Mental,Laki-laki,1,2017
3883,2017,DKI Jakarta,JAKARTA TIMUR,JATINEGARA,CIPINANG BESAR SELATAN,Cacat Lainnya,Laki-laki,0,2017
3884,2017,DKI Jakarta,JAKARTA TIMUR,JATINEGARA,CIPINANG BESAR SELATAN,Cacat Netra-Buta,Laki-laki,3,2017
3885,2017,DKI Jakarta,JAKARTA TIMUR,JATINEGARA,CIPINANG BESAR SELATAN,Cacat Rungu-Wicara,Laki-laki,2,2017
3886,2017,DKI Jakarta,JAKARTA TIMUR,JATINEGARA,CIPINANG BESAR UTARA,Cacat Fisik,Laki-laki,1,2017
3887,2017,DKI Jakarta,JAKARTA TIMUR,JATINEGARA,CIPINANG BESAR UTARA,Cacat Lainnya,Laki-laki,0,2017
3888,2017,DKI Jakarta,JAKARTA TIMUR,KRAMATJATI,KRAMATJATI,Cacat Lainnya,Laki-laki,0,2017
3889,2017,DKI Jakarta,JAKARTA TIMUR,KRAMATJATI,KRAMATJATI,Cacat Mental-Jiwa,Laki-laki,1,2017
3890,2017,DKI Jakarta,JAKARTA TIMUR,KRAMATJATI,KRAMATJATI,Cacat Netra-Buta,Laki-laki,0,2017
3891,2017,DKI Jakarta,JAKARTA TIMUR,KRAMATJATI,KRAMATJATI,Cacat Rungu-Wicara,Laki-laki,1,2017
3892,2017,DKI Jakarta,JAKARTA TIMUR,KRAMATJATI,TENGAH,Cacat Fisik,Laki-laki,2,2017
3893,2017,DKI Jakarta,JAKARTA TIMUR,KRAMATJATI,TENGAH,Cacat Lainnya,Laki-laki,2,2017
3894,2017,DKI Jakarta,JAKARTA TIMUR,KRAMATJATI,TENGAH,Cacat Mental-Jiwa,Laki-laki,0,2017
3895,2017,DKI Jakarta,JAKARTA TIMUR,KRAMATJATI,DUKUH,Cacat Lainnya,Laki-laki,2,2017
3896,2017,DKI Jakarta,JAKARTA TIMUR,KRAMATJATI,DUKUH,Cacat Mental-Jiwa,Laki-laki,2,2017
3897,2017,DKI Jakarta,JAKARTA TIMUR,KRAMATJATI,DUKUH,Cacat Rungu-Wicara,Laki-laki,1,2017
3898,2017,DKI Jakarta,JAKARTA TIMUR,KRAMATJATI,BATU AMPAR,Cacat Fisik,Laki-laki,1,2017
3899,2017,DKI Jakarta,JAKARTA TIMUR,KRAMATJATI,BATU AMPAR,Cacat Fisik dan Mental,Laki-laki,2,2017
3900,2017,DKI Jakarta,JAKARTA TIMUR,KRAMATJATI,BATU AMPAR,Cacat Lainnya,Laki-laki,6,2017
3901,2017,DKI Jakarta,JAKARTA TIMUR,KRAMATJATI,BATU AMPAR,Cacat Mental-Jiwa,Laki-laki,1,2017
3902,2017,DKI Jakarta,JAKARTA TIMUR,MATRAMAN,PISANGAN BARU,Cacat Mental-Jiwa,Laki-laki,12,2017
3903,2017,DKI Jakarta,JAKARTA TIMUR,MATRAMAN,PISANGAN BARU,Cacat Netra-Buta,Laki-laki,2,2017
3904,2017,DKI Jakarta,JAKARTA TIMUR,MATRAMAN,PISANGAN BARU,Cacat Rungu-Wicara,Laki-laki,1,2017
3905,2017,DKI Jakarta,JAKARTA TIMUR,MATRAMAN,UTAN KAYU UTARA,Cacat Fisik,Laki-laki,1,2017
3906,2017,DKI Jakarta,JAKARTA TIMUR,MATRAMAN,UTAN KAYU UTARA,Cacat Fisik dan Mental,Laki-laki,1,2017
3907,2017,DKI Jakarta,JAKARTA TIMUR,MATRAMAN,UTAN KAYU UTARA,Cacat Lainnya,Laki-laki,1,2017
3908,2017,DKI Jakarta,JAKARTA TIMUR,MATRAMAN,UTAN KAYU UTARA,Cacat Mental-Jiwa,Laki-laki,1,2017
3909,2017,DKI Jakarta,JAKARTA TIMUR,MATRAMAN,UTAN KAYU UTARA,Cacat Netra-Buta,Laki-laki,1,2017
3910,2017,DKI Jakarta,JAKARTA TIMUR,MATRAMAN,UTAN KAYU UTARA,Cacat Rungu-Wicara,Laki-laki,2,2017
3911,2017,DKI Jakarta,JAKARTA TIMUR,MATRAMAN,KAYU MANIS,Cacat Lainnya,Laki-laki,0,2017
3912,2017,DKI Jakarta,JAKARTA TIMUR,MATRAMAN,PALMERIAM,Cacat Fisik,Laki-laki,1,2017
3913,2017,DKI Jakarta,JAKARTA TIMUR,MATRAMAN,PALMERIAM,Cacat Fisik dan Mental,Laki-laki,0,2017
3914,2017,DKI Jakarta,JAKARTA TIMUR,MATRAMAN,PALMERIAM,Cacat Lainnya,Laki-laki,1,2017
3915,2017,DKI Jakarta,JAKARTA TIMUR,MATRAMAN,PALMERIAM,Cacat Mental-Jiwa,Laki-laki,1,2017
3916,2017,DKI Jakarta,JAKARTA TIMUR,MATRAMAN,PALMERIAM,Cacat Netra-Buta,Laki-laki,2,2017
3917,2017,DKI Jakarta,JAKARTA TIMUR,MATRAMAN,PALMERIAM,Cacat Rungu-Wicara,Laki-laki,1,2017
3918,2017,DKI Jakarta,JAKARTA TIMUR,MATRAMAN,KEBON MANGGIS,Cacat Fisik,Laki-laki,2,2017
3919,2017,DKI Jakarta,JAKARTA TIMUR,MATRAMAN,KEBON MANGGIS,Cacat Fisik dan Mental,Laki-laki,1,2017
3920,2017,DKI Jakarta,JAKARTA TIMUR,MATRAMAN,KEBON MANGGIS,Cacat Mental-Jiwa,Laki-laki,0,2017
3921,2017,DKI Jakarta,JAKARTA TIMUR,MATRAMAN,UTAN KAYU SELATAN,Cacat Fisik,Laki-laki,1,2017
3922,2017,DKI Jakarta,JAKARTA TIMUR,MATRAMAN,UTAN KAYU SELATAN,Cacat Lainnya,Laki-laki,1,2017
3923,2017,DKI Jakarta,JAKARTA TIMUR,MATRAMAN,UTAN KAYU SELATAN,Cacat Mental-Jiwa,Laki-laki,1,2017
3924,2017,DKI Jakarta,JAKARTA TIMUR,MATRAMAN,UTAN KAYU SELATAN,Cacat Netra-Buta,Laki-laki,0,2017
3925,2017,DKI Jakarta,JAKARTA TIMUR,PULO GADUNG,PULO GADUNG,Cacat Fisik,Laki-laki,0,2017
3926,2017,DKI Jakarta,JAKARTA TIMUR,PULO GADUNG,PULO GADUNG,Cacat Lainnya,Laki-laki,1,2017
3927,2017,DKI Jakarta,JAKARTA TIMUR,PULO GADUNG,PULO GADUNG,Cacat Mental-Jiwa,Laki-laki,1,2017
3928,2017,DKI Jakarta,JAKARTA TIMUR,PULO GADUNG,PISANGAN TIMUR,Cacat Fisik,Laki-laki,1,2017
3929,2017,DKI Jakarta,JAKARTA TIMUR,PULO GADUNG,PISANGAN TIMUR,Cacat Lainnya,Laki-laki,1,2017
3930,2017,DKI Jakarta,JAKARTA TIMUR,PULO GADUNG,PISANGAN TIMUR,Cacat Mental-Jiwa,Laki-laki,1,2017
3931,2017,DKI Jakarta,JAKARTA TIMUR,PULO GADUNG,CIPINANG,Cacat Netra-Buta,Laki-laki,1,2017
3932,2017,DKI Jakarta,JAKARTA TIMUR,PULO GADUNG,CIPINANG,Cacat Rungu-Wicara,Laki-laki,1,2017
3933,2017,DKI Jakarta,JAKARTA TIMUR,PULO GADUNG,JATINEGARA KAUM,Cacat Fisik,Laki-laki,3,2017
3934,2017,DKI Jakarta,JAKARTA TIMUR,PULO GADUNG,JATINEGARA KAUM,Cacat Lainnya,Laki-laki,1,2017
3935,2017,DKI Jakarta,JAKARTA TIMUR,PULO GADUNG,JATINEGARA KAUM,Cacat Mental-Jiwa,Laki-laki,0,2017
3936,2017,DKI Jakarta,JAKARTA TIMUR,PULO GADUNG,RAWAMANGUN,Cacat Fisik,Laki-laki,2,2017
3937,2017,DKI Jakarta,JAKARTA TIMUR,PULO GADUNG,RAWAMANGUN,Cacat Lainnya,Laki-laki,0,2017
3938,2017,DKI Jakarta,JAKARTA TIMUR,PULO GADUNG,RAWAMANGUN,Cacat Mental-Jiwa,Laki-laki,2,2017
3939,2017,DKI Jakarta,JAKARTA TIMUR,PULO GADUNG,KAYU PUTIH,Cacat Fisik,Laki-laki,1,2017
3940,2017,DKI Jakarta,JAKARTA TIMUR,PULO GADUNG,KAYU PUTIH,Cacat Fisik dan Mental,Laki-laki,1,2017
3941,2017,DKI Jakarta,JAKARTA TIMUR,PULO GADUNG,KAYU PUTIH,Cacat Lainnya,Laki-laki,1,2017
3942,2017,DKI Jakarta,JAKARTA TIMUR,PULO GADUNG,KAYU PUTIH,Cacat Mental-Jiwa,Laki-laki,0,2017
3943,2017,DKI Jakarta,JAKARTA TIMUR,PULO GADUNG,JATI,Cacat Fisik,Laki-laki,2,2017
3944,2017,DKI Jakarta,JAKARTA BARAT,KEMBANGAN,KEMBANGAN SELATAN,Cacat Mental-Jiwa,Laki-laki,0,2017
3945,2017,DKI Jakarta,JAKARTA SELATAN,TEBET,TEBET TIMUR,Cacat Fisik dan Mental,Laki-laki,1,2017
3946,2017,DKI Jakarta,JAKARTA SELATAN,TEBET,TEBET TIMUR,Cacat Lainnya,Laki-laki,1,2017
3947,2017,DKI Jakarta,JAKARTA SELATAN,TEBET,TEBET TIMUR,Cacat Mental-Jiwa,Laki-laki,1,2017
3948,2017,DKI Jakarta,JAKARTA SELATAN,TEBET,TEBET BARAT,Cacat Lainnya,Laki-laki,2,2017
3949,2017,DKI Jakarta,JAKARTA SELATAN,TEBET,TEBET BARAT,Cacat Mental-Jiwa,Laki-laki,2,2017
3950,2017,DKI Jakarta,JAKARTA SELATAN,TEBET,MENTENG DALAM,Cacat Fisik,Laki-laki,3,2017
3951,2017,DKI Jakarta,JAKARTA SELATAN,TEBET,MENTENG DALAM,Cacat Fisik dan Mental,Laki-laki,2,2017
3952,2017,DKI Jakarta,JAKARTA SELATAN,TEBET,MENTENG DALAM,Cacat Lainnya,Laki-laki,1,2017
3953,2017,DKI Jakarta,JAKARTA SELATAN,TEBET,MENTENG DALAM,Cacat Mental-Jiwa,Laki-laki,13,2017
3954,2017,DKI Jakarta,JAKARTA SELATAN,TEBET,MENTENG DALAM,Cacat Netra-Buta,Laki-laki,3,2017
3955,2017,DKI Jakarta,JAKARTA SELATAN,TEBET,MENTENG DALAM,Cacat Rungu-Wicara,Laki-laki,5,2017
3956,2017,DKI Jakarta,JAKARTA SELATAN,TEBET,KEBON BARU,Cacat Fisik,Laki-laki,3,2017
3957,2017,DKI Jakarta,JAKARTA SELATAN,TEBET,KEBON BARU,Cacat Lainnya,Laki-laki,1,2017
3958,2017,DKI Jakarta,JAKARTA SELATAN,TEBET,KEBON BARU,Cacat Netra-Buta,Laki-laki,0,2017
3959,2017,DKI Jakarta,JAKARTA SELATAN,TEBET,KEBON BARU,Cacat Rungu-Wicara,Laki-laki,1,2017
3960,2017,DKI Jakarta,JAKARTA SELATAN,TEBET,BUKIT DURI,Cacat Mental-Jiwa,Laki-laki,0,2017
3961,2017,DKI Jakarta,JAKARTA SELATAN,TEBET,BUKIT DURI,Cacat Rungu-Wicara,Laki-laki,1,2017
3962,2017,DKI Jakarta,JAKARTA SELATAN,TEBET,MANGGARAI,Cacat Fisik,Laki-laki,1,2017
3963,2017,DKI Jakarta,JAKARTA SELATAN,TEBET,MANGGARAI,Cacat Fisik dan Mental,Laki-laki,1,2017
3964,2017,DKI Jakarta,JAKARTA SELATAN,TEBET,MANGGARAI,Cacat Lainnya,Laki-laki,1,2017
3965,2017,DKI Jakarta,JAKARTA SELATAN,TEBET,MANGGARAI,Cacat Mental-Jiwa,Laki-laki,0,2017
3966,2017,DKI Jakarta,JAKARTA SELATAN,SETIA BUDI,SETIA BUDI,Cacat Mental-Jiwa,Laki-laki,0,2017
3967,2017,DKI Jakarta,JAKARTA SELATAN,SETIA BUDI,KARET SEMANGGI,Cacat Lainnya,Laki-laki,0,2017
3968,2017,DKI Jakarta,JAKARTA SELATAN,SETIA BUDI,KARET KUNINGAN,Cacat Fisik,Laki-laki,2,2017
3969,2017,DKI Jakarta,JAKARTA SELATAN,SETIA BUDI,KARET KUNINGAN,Cacat Rungu-Wicara,Laki-laki,1,2017
3970,2017,DKI Jakarta,JAKARTA SELATAN,SETIA BUDI,KARET,Cacat Fisik,Laki-laki,1,2017
3971,2017,DKI Jakarta,JAKARTA SELATAN,SETIA BUDI,MENTENG ATAS,Cacat Fisik,Laki-laki,0,2017
3972,2017,DKI Jakarta,JAKARTA SELATAN,SETIA BUDI,MENTENG ATAS,Cacat Fisik dan Mental,Laki-laki,1,2017
3973,2017,DKI Jakarta,JAKARTA SELATAN,SETIA BUDI,MENTENG ATAS,Cacat Lainnya,Laki-laki,0,2017
3974,2017,DKI Jakarta,JAKARTA SELATAN,SETIA BUDI,MENTENG ATAS,Cacat Mental-Jiwa,Laki-laki,2,2017
3975,2017,DKI Jakarta,JAKARTA SELATAN,SETIA BUDI,MENTENG ATAS,Cacat Netra-Buta,Laki-laki,1,2017
3976,2017,DKI Jakarta,JAKARTA SELATAN,SETIA BUDI,MENTENG ATAS,Cacat Rungu-Wicara,Laki-laki,1,2017
3977,2017,DKI Jakarta,JAKARTA SELATAN,SETIA BUDI,PASAR MANGGIS,Cacat Fisik,Laki-laki,1,2017
3978,2017,DKI Jakarta,JAKARTA SELATAN,SETIA BUDI,PASAR MANGGIS,Cacat Lainnya,Laki-laki,2,2017
3979,2017,DKI Jakarta,JAKARTA SELATAN,SETIA BUDI,PASAR MANGGIS,Cacat Netra-Buta,Laki-laki,0,2017
3980,2017,DKI Jakarta,JAKARTA SELATAN,SETIA BUDI,PASAR MANGGIS,Cacat Rungu-Wicara,Laki-laki,2,2017
3981,2017,DKI Jakarta,JAKARTA SELATAN,SETIA BUDI,GUNTUR,Cacat Mental-Jiwa,Laki-laki,0,2017
3982,2017,DKI Jakarta,JAKARTA SELATAN,MAMPANG PRAPATAN,MAMPANG PRAPATAN,Cacat Fisik,Laki-laki,5,2017
3983,2017,DKI Jakarta,JAKARTA SELATAN,MAMPANG PRAPATAN,MAMPANG PRAPATAN,Cacat Mental-Jiwa,Laki-laki,3,2017
3984,2017,DKI Jakarta,JAKARTA SELATAN,MAMPANG PRAPATAN,MAMPANG PRAPATAN,Cacat Rungu-Wicara,Laki-laki,1,2017
3985,2017,DKI Jakarta,JAKARTA SELATAN,MAMPANG PRAPATAN,BANGKA,Cacat Fisik dan Mental,Laki-laki,1,2017
3986,2017,DKI Jakarta,JAKARTA SELATAN,MAMPANG PRAPATAN,BANGKA,Cacat Lainnya,Laki-laki,1,2017
3987,2017,DKI Jakarta,JAKARTA SELATAN,MAMPANG PRAPATAN,BANGKA,Cacat Mental-Jiwa,Laki-laki,4,2017
3988,2017,DKI Jakarta,JAKARTA SELATAN,MAMPANG PRAPATAN,BANGKA,Cacat Netra-Buta,Laki-laki,1,2017
3989,2017,DKI Jakarta,JAKARTA SELATAN,MAMPANG PRAPATAN,BANGKA,Cacat Rungu-Wicara,Laki-laki,1,2017
3990,2017,DKI Jakarta,JAKARTA SELATAN,MAMPANG PRAPATAN,PELA MAMPANG,Cacat Fisik,Laki-laki,1,2017
3991,2017,DKI Jakarta,JAKARTA SELATAN,MAMPANG PRAPATAN,PELA MAMPANG,Cacat Fisik dan Mental,Laki-laki,1,2017
3992,2017,DKI Jakarta,JAKARTA SELATAN,MAMPANG PRAPATAN,PELA MAMPANG,Cacat Lainnya,Laki-laki,0,2017
3993,2017,DKI Jakarta,JAKARTA SELATAN,MAMPANG PRAPATAN,PELA MAMPANG,Cacat Mental-Jiwa,Laki-laki,4,2017
3994,2017,DKI Jakarta,JAKARTA SELATAN,MAMPANG PRAPATAN,PELA MAMPANG,Cacat Rungu-Wicara,Laki-laki,1,2017
3995,2017,DKI Jakarta,JAKARTA SELATAN,MAMPANG PRAPATAN,TEGAL PARANG,Cacat Fisik,Laki-laki,1,2017
3996,2017,DKI Jakarta,JAKARTA SELATAN,MAMPANG PRAPATAN,TEGAL PARANG,Cacat Lainnya,Laki-laki,0,2017
3997,2017,DKI Jakarta,JAKARTA SELATAN,MAMPANG PRAPATAN,TEGAL PARANG,Cacat Mental-Jiwa,Laki-laki,1,2017
3998,2017,DKI Jakarta,JAKARTA SELATAN,MAMPANG PRAPATAN,TEGAL PARANG,Cacat Netra-Buta,Laki-laki,2,2017
3999,2017,DKI Jakarta,JAKARTA SELATAN,MAMPANG PRAPATAN,KUNINGAN BARAT,Cacat Lainnya,Laki-laki,1,2017
4000,2017,DKI Jakarta,JAKARTA SELATAN,PASAR MINGGU,PASAR MINGGU,Cacat Fisik,Laki-laki,3,2017
4001,2017,DKI Jakarta,JAKARTA SELATAN,PASAR MINGGU,JATI PADANG,Cacat Fisik,Laki-laki,3,2017
4002,2017,DKI Jakarta,JAKARTA SELATAN,PASAR MINGGU,JATI PADANG,Cacat Fisik dan Mental,Laki-laki,0,2017
4003,2017,DKI Jakarta,JAKARTA SELATAN,PASAR MINGGU,JATI PADANG,Cacat Mental-Jiwa,Laki-laki,3,2017
4004,2017,DKI Jakarta,JAKARTA SELATAN,PASAR MINGGU,JATI PADANG,Cacat Netra-Buta,Laki-laki,0,2017
4005,2017,DKI Jakarta,JAKARTA SELATAN,PASAR MINGGU,JATI PADANG,Cacat Rungu-Wicara,Laki-laki,0,2017
4006,2017,DKI Jakarta,JAKARTA SELATAN,PASAR MINGGU,CILANDAK TIMUR,Cacat Lainnya,Laki-laki,0,2017
4007,2017,DKI Jakarta,JAKARTA SELATAN,PASAR MINGGU,CILANDAK TIMUR,Cacat Mental-Jiwa,Laki-laki,0,2017
4008,2017,DKI Jakarta,JAKARTA SELATAN,PASAR MINGGU,CILANDAK TIMUR,Cacat Rungu-Wicara,Laki-laki,1,2017
4009,2017,DKI Jakarta,JAKARTA SELATAN,PASAR MINGGU,RAGUNAN,Cacat Fisik,Laki-laki,3,2017
4010,2017,DKI Jakarta,JAKARTA SELATAN,PASAR MINGGU,RAGUNAN,Cacat Lainnya,Laki-laki,2,2017
4011,2017,DKI Jakarta,JAKARTA SELATAN,PASAR MINGGU,RAGUNAN,Cacat Mental-Jiwa,Laki-laki,1,2017
4012,2017,DKI Jakarta,JAKARTA SELATAN,PASAR MINGGU,RAGUNAN,Cacat Netra-Buta,Laki-laki,2,2017
4013,2017,DKI Jakarta,JAKARTA SELATAN,PASAR MINGGU,PEJATEN TIMUR,Cacat Fisik,Laki-laki,22,2017
4014,2017,DKI Jakarta,JAKARTA SELATAN,PASAR MINGGU,PEJATEN TIMUR,Cacat Lainnya,Laki-laki,0,2017
4015,2017,DKI Jakarta,JAKARTA SELATAN,PASAR MINGGU,PEJATEN TIMUR,Cacat Mental-Jiwa,Laki-laki,2,2017
4016,2017,DKI Jakarta,JAKARTA SELATAN,PASAR MINGGU,PEJATEN TIMUR,Cacat Netra-Buta,Laki-laki,5,2017
4017,2017,DKI Jakarta,JAKARTA SELATAN,PASAR MINGGU,PEJATEN TIMUR,Cacat Rungu-Wicara,Laki-laki,1,2017
4018,2017,DKI Jakarta,JAKARTA SELATAN,PASAR MINGGU,PEJATEN BARAT,Cacat Fisik,Laki-laki,1,2017
4019,2017,DKI Jakarta,JAKARTA SELATAN,PASAR MINGGU,PEJATEN BARAT,Cacat Mental-Jiwa,Laki-laki,3,2017
4020,2017,DKI Jakarta,JAKARTA SELATAN,PASAR MINGGU,KEBAGUSAN,Cacat Fisik,Laki-laki,1,2017
4021,2017,DKI Jakarta,JAKARTA SELATAN,PASAR MINGGU,KEBAGUSAN,Cacat Lainnya,Laki-laki,0,2017
4022,2017,DKI Jakarta,JAKARTA SELATAN,PASAR MINGGU,KEBAGUSAN,Cacat Mental-Jiwa,Laki-laki,1,2017
4023,2017,DKI Jakarta,JAKARTA SELATAN,PASAR MINGGU,KEBAGUSAN,Cacat Rungu-Wicara,Laki-laki,1,2017
4024,2017,DKI Jakarta,JAKARTA SELATAN,KEBAYORAN LAMA,KEBAYORAN LAMA UTARA,Cacat Lainnya,Laki-laki,2,2017
4025,2017,DKI Jakarta,JAKARTA SELATAN,KEBAYORAN LAMA,KEBAYORAN LAMA UTARA,Cacat Mental-Jiwa,Laki-laki,1,2017
4026,2017,DKI Jakarta,JAKARTA SELATAN,KEBAYORAN LAMA,KEBAYORAN LAMA UTARA,Cacat Rungu-Wicara,Laki-laki,0,2017
4027,2017,DKI Jakarta,JAKARTA TIMUR,KRAMATJATI,BATU AMPAR,Cacat Netra-Buta,Laki-laki,3,2017
4028,2017,DKI Jakarta,JAKARTA TIMUR,KRAMATJATI,BATU AMPAR,Cacat Rungu-Wicara,Laki-laki,4,2017
4029,2017,DKI Jakarta,JAKARTA TIMUR,KRAMATJATI,BALEKAMBANG,Cacat Fisik,Laki-laki,1,2017
4030,2017,DKI Jakarta,JAKARTA TIMUR,KRAMATJATI,BALEKAMBANG,Cacat Fisik dan Mental,Laki-laki,1,2017
4031,2017,DKI Jakarta,JAKARTA TIMUR,KRAMATJATI,BALEKAMBANG,Cacat Lainnya,Laki-laki,0,2017
4032,2017,DKI Jakarta,JAKARTA TIMUR,KRAMATJATI,BALEKAMBANG,Cacat Mental-Jiwa,Laki-laki,2,2017
4033,2017,DKI Jakarta,JAKARTA TIMUR,KRAMATJATI,BALEKAMBANG,Cacat Netra-Buta,Laki-laki,1,2017
4034,2017,DKI Jakarta,JAKARTA TIMUR,KRAMATJATI,BALEKAMBANG,Cacat Rungu-Wicara,Laki-laki,1,2017
4035,2017,DKI Jakarta,JAKARTA TIMUR,KRAMATJATI,CILILITAN,Cacat Fisik dan Mental,Laki-laki,0,2017
4036,2017,DKI Jakarta,JAKARTA TIMUR,KRAMATJATI,CILILITAN,Cacat Mental-Jiwa,Laki-laki,1,2017
4037,2017,DKI Jakarta,JAKARTA TIMUR,KRAMATJATI,CILILITAN,Cacat Rungu-Wicara,Laki-laki,0,2017
4038,2017,DKI Jakarta,JAKARTA TIMUR,KRAMATJATI,CAWANG,Cacat Fisik,Laki-laki,3,2017
4039,2017,DKI Jakarta,JAKARTA TIMUR,KRAMATJATI,CAWANG,Cacat Lainnya,Laki-laki,4,2017
4040,2017,DKI Jakarta,JAKARTA TIMUR,KRAMATJATI,CAWANG,Cacat Rungu-Wicara,Laki-laki,0,2017
4041,2017,DKI Jakarta,JAKARTA TIMUR,PASAR REBO,GEDONG,Cacat Fisik,Laki-laki,1,2017
4042,2017,DKI Jakarta,JAKARTA TIMUR,PASAR REBO,GEDONG,Cacat Mental-Jiwa,Laki-laki,8,2017
4043,2017,DKI Jakarta,JAKARTA TIMUR,PASAR REBO,BARU,Cacat Fisik,Laki-laki,1,2017
4044,2017,DKI Jakarta,JAKARTA TIMUR,PASAR REBO,BARU,Cacat Fisik dan Mental,Laki-laki,0,2017
4045,2017,DKI Jakarta,JAKARTA TIMUR,PASAR REBO,BARU,Cacat Lainnya,Laki-laki,1,2017
4046,2017,DKI Jakarta,JAKARTA TIMUR,PASAR REBO,BARU,Cacat Mental-Jiwa,Laki-laki,1,2017
4047,2017,DKI Jakarta,JAKARTA TIMUR,PASAR REBO,BARU,Cacat Netra-Buta,Laki-laki,2,2017
4048,2017,DKI Jakarta,JAKARTA TIMUR,PASAR REBO,CIJANTUNG,Cacat Fisik,Laki-laki,11,2017
4049,2017,DKI Jakarta,JAKARTA TIMUR,PASAR REBO,CIJANTUNG,Cacat Fisik dan Mental,Laki-laki,1,2017
4050,2017,DKI Jakarta,JAKARTA TIMUR,PASAR REBO,CIJANTUNG,Cacat Lainnya,Laki-laki,5,2017
4051,2017,DKI Jakarta,JAKARTA TIMUR,PASAR REBO,CIJANTUNG,Cacat Mental-Jiwa,Laki-laki,4,2017
4052,2017,DKI Jakarta,JAKARTA TIMUR,PASAR REBO,CIJANTUNG,Cacat Netra-Buta,Laki-laki,0,2017
4053,2017,DKI Jakarta,JAKARTA TIMUR,PASAR REBO,CIJANTUNG,Cacat Rungu-Wicara,Laki-laki,1,2017
4054,2017,DKI Jakarta,JAKARTA TIMUR,PASAR REBO,KALISARI,Cacat Fisik,Laki-laki,3,2017
4055,2017,DKI Jakarta,JAKARTA TIMUR,PASAR REBO,KALISARI,Cacat Fisik dan Mental,Laki-laki,0,2017
4056,2017,DKI Jakarta,JAKARTA TIMUR,PASAR REBO,KALISARI,Cacat Mental-Jiwa,Laki-laki,2,2017
4057,2017,DKI Jakarta,JAKARTA TIMUR,PASAR REBO,KALISARI,Cacat Netra-Buta,Laki-laki,3,2017
4058,2017,DKI Jakarta,JAKARTA TIMUR,PASAR REBO,KALISARI,Cacat Rungu-Wicara,Laki-laki,4,2017
4059,2017,DKI Jakarta,JAKARTA TIMUR,PASAR REBO,PEKAYON,Cacat Fisik dan Mental,Laki-laki,0,2017
4060,2017,DKI Jakarta,JAKARTA TIMUR,PASAR REBO,PEKAYON,Cacat Lainnya,Laki-laki,1,2017
4061,2017,DKI Jakarta,JAKARTA TIMUR,PASAR REBO,PEKAYON,Cacat Mental-Jiwa,Laki-laki,1,2017
4062,2017,DKI Jakarta,JAKARTA TIMUR,PASAR REBO,PEKAYON,Cacat Netra-Buta,Laki-laki,1,2017
4063,2017,DKI Jakarta,JAKARTA TIMUR,PASAR REBO,PEKAYON,Cacat Rungu-Wicara,Laki-laki,0,2017
4064,2017,DKI Jakarta,JAKARTA TIMUR,CAKUNG,JATINEGARA,Cacat Fisik,Laki-laki,2,2017
4065,2017,DKI Jakarta,JAKARTA TIMUR,CAKUNG,JATINEGARA,Cacat Lainnya,Laki-laki,2,2017
4066,2017,DKI Jakarta,JAKARTA TIMUR,CAKUNG,JATINEGARA,Cacat Mental-Jiwa,Laki-laki,1,2017
4067,2017,DKI Jakarta,JAKARTA TIMUR,CAKUNG,JATINEGARA,Cacat Netra-Buta,Laki-laki,1,2017
4068,2017,DKI Jakarta,JAKARTA TIMUR,CAKUNG,RAWA TERATE,Cacat Lainnya,Laki-laki,1,2017
4069,2017,DKI Jakarta,JAKARTA TIMUR,CAKUNG,RAWA TERATE,Cacat Mental-Jiwa,Laki-laki,1,2017
4070,2017,DKI Jakarta,JAKARTA TIMUR,CAKUNG,RAWA TERATE,Cacat Netra-Buta,Laki-laki,1,2017
4071,2017,DKI Jakarta,JAKARTA TIMUR,CAKUNG,RAWA TERATE,Cacat Rungu-Wicara,Laki-laki,1,2017
4072,2017,DKI Jakarta,JAKARTA TIMUR,CAKUNG,PENGGILINGAN,Cacat Fisik,Laki-laki,15,2017
4073,2017,DKI Jakarta,JAKARTA TIMUR,CAKUNG,PENGGILINGAN,Cacat Fisik dan Mental,Laki-laki,6,2017
4074,2017,DKI Jakarta,JAKARTA TIMUR,CAKUNG,PENGGILINGAN,Cacat Lainnya,Laki-laki,1,2017
4075,2017,DKI Jakarta,JAKARTA TIMUR,CAKUNG,PENGGILINGAN,Cacat Mental-Jiwa,Laki-laki,11,2017
4076,2017,DKI Jakarta,JAKARTA TIMUR,CAKUNG,PENGGILINGAN,Cacat Netra-Buta,Laki-laki,10,2017
4077,2017,DKI Jakarta,JAKARTA TIMUR,CAKUNG,PENGGILINGAN,Cacat Rungu-Wicara,Laki-laki,13,2017
4078,2017,DKI Jakarta,JAKARTA TIMUR,CAKUNG,CAKUNG TIMUR,Cacat Fisik,Laki-laki,1,2017
4079,2017,DKI Jakarta,JAKARTA TIMUR,CAKUNG,CAKUNG TIMUR,Cacat Lainnya,Laki-laki,2,2017
4080,2017,DKI Jakarta,JAKARTA TIMUR,CAKUNG,CAKUNG TIMUR,Cacat Mental-Jiwa,Laki-laki,3,2017
4081,2017,DKI Jakarta,JAKARTA TIMUR,CAKUNG,PULO GEBANG,Cacat Fisik,Laki-laki,2,2017
4082,2017,DKI Jakarta,JAKARTA TIMUR,CAKUNG,PULO GEBANG,Cacat Lainnya,Laki-laki,1,2017
4083,2017,DKI Jakarta,JAKARTA TIMUR,CAKUNG,PULO GEBANG,Cacat Netra-Buta,Laki-laki,0,2017
4084,2017,DKI Jakarta,JAKARTA TIMUR,CAKUNG,UJUNG MENTENG,Cacat Fisik,Laki-laki,1,2017
4085,2017,DKI Jakarta,JAKARTA TIMUR,CAKUNG,UJUNG MENTENG,Cacat Mental-Jiwa,Laki-laki,2,2017
4086,2017,DKI Jakarta,JAKARTA TIMUR,CAKUNG,CAKUNG BARAT,Cacat Fisik,Laki-laki,3,2017
4087,2017,DKI Jakarta,JAKARTA TIMUR,CAKUNG,CAKUNG BARAT,Cacat Lainnya,Laki-laki,1,2017
4088,2017,DKI Jakarta,JAKARTA TIMUR,CAKUNG,CAKUNG BARAT,Cacat Mental-Jiwa,Laki-laki,1,2017
4089,2017,DKI Jakarta,JAKARTA TIMUR,CAKUNG,CAKUNG BARAT,Cacat Netra-Buta,Laki-laki,0,2017
4090,2017,DKI Jakarta,JAKARTA TIMUR,DUREN SAWIT,DUREN SAWIT,Cacat Fisik,Laki-laki,2,2017
4091,2017,DKI Jakarta,JAKARTA TIMUR,DUREN SAWIT,DUREN SAWIT,Cacat Lainnya,Laki-laki,3,2017
4092,2017,DKI Jakarta,JAKARTA TIMUR,DUREN SAWIT,DUREN SAWIT,Cacat Mental-Jiwa,Laki-laki,1,2017
4093,2017,DKI Jakarta,JAKARTA TIMUR,DUREN SAWIT,DUREN SAWIT,Cacat Netra-Buta,Laki-laki,2,2017
4094,2017,DKI Jakarta,JAKARTA TIMUR,DUREN SAWIT,DUREN SAWIT,Cacat Rungu-Wicara,Laki-laki,2,2017
4095,2017,DKI Jakarta,JAKARTA TIMUR,DUREN SAWIT,PONDOK BAMBU,Cacat Fisik,Laki-laki,13,2017
4096,2017,DKI Jakarta,JAKARTA TIMUR,DUREN SAWIT,PONDOK BAMBU,Cacat Fisik dan Mental,Laki-laki,0,2017
4097,2017,DKI Jakarta,JAKARTA TIMUR,DUREN SAWIT,PONDOK BAMBU,Cacat Lainnya,Laki-laki,2,2017
4098,2017,DKI Jakarta,JAKARTA TIMUR,DUREN SAWIT,PONDOK BAMBU,Cacat Mental-Jiwa,Laki-laki,5,2017
4099,2017,DKI Jakarta,JAKARTA TIMUR,DUREN SAWIT,PONDOK BAMBU,Cacat Netra-Buta,Laki-laki,0,2017
4100,2017,DKI Jakarta,JAKARTA TIMUR,DUREN SAWIT,KLENDER,Cacat Fisik,Laki-laki,0,2017
4101,2017,DKI Jakarta,JAKARTA TIMUR,DUREN SAWIT,KLENDER,Cacat Fisik dan Mental,Laki-laki,2,2017
4102,2017,DKI Jakarta,JAKARTA TIMUR,DUREN SAWIT,KLENDER,Cacat Lainnya,Laki-laki,0,2017
4103,2017,DKI Jakarta,JAKARTA TIMUR,DUREN SAWIT,KLENDER,Cacat Mental-Jiwa,Laki-laki,7,2017
4104,2017,DKI Jakarta,JAKARTA TIMUR,DUREN SAWIT,KLENDER,Cacat Netra-Buta,Laki-laki,1,2017
4105,2017,DKI Jakarta,JAKARTA TIMUR,DUREN SAWIT,KLENDER,Cacat Rungu-Wicara,Laki-laki,0,2017
4106,2017,DKI Jakarta,JAKARTA TIMUR,DUREN SAWIT,PONDOK KELAPA,Cacat Fisik,Laki-laki,2,2017
4107,2017,DKI Jakarta,JAKARTA TIMUR,DUREN SAWIT,PONDOK KELAPA,Cacat Lainnya,Laki-laki,3,2017
4108,2017,DKI Jakarta,JAKARTA TIMUR,DUREN SAWIT,PONDOK KELAPA,Cacat Mental-Jiwa,Laki-laki,1,2017
4109,2017,DKI Jakarta,JAKARTA TIMUR,DUREN SAWIT,PONDOK KELAPA,Cacat Netra-Buta,Laki-laki,2,2017
4110,2017,DKI Jakarta,JAKARTA TIMUR,DUREN SAWIT,PONDOK KELAPA,Cacat Rungu-Wicara,Laki-laki,2,2017
4111,2017,DKI Jakarta,JAKARTA TIMUR,DUREN SAWIT,MALAKA SARI,Cacat Fisik,Laki-laki,2,2017
4112,2017,DKI Jakarta,JAKARTA TIMUR,DUREN SAWIT,MALAKA SARI,Cacat Mental-Jiwa,Laki-laki,0,2017
4113,2017,DKI Jakarta,JAKARTA PUSAT,GAMBIR,GAMBIR,Cacat Fisik dan Mental,Perempuan,0,2017
4114,2017,DKI Jakarta,JAKARTA PUSAT,GAMBIR,CIDENG,Cacat Fisik,Perempuan,1,2017
4115,2017,DKI Jakarta,JAKARTA PUSAT,GAMBIR,CIDENG,Cacat Fisik dan Mental,Perempuan,0,2017
4116,2017,DKI Jakarta,JAKARTA PUSAT,GAMBIR,CIDENG,Cacat Lainnya,Perempuan,2,2017
4117,2017,DKI Jakarta,JAKARTA PUSAT,GAMBIR,CIDENG,Cacat Mental-Jiwa,Perempuan,0,2017
4118,2017,DKI Jakarta,JAKARTA PUSAT,GAMBIR,CIDENG,Cacat Netra-Buta,Perempuan,0,2017
4119,2017,DKI Jakarta,JAKARTA PUSAT,GAMBIR,PETOJO UTARA,Cacat Fisik,Perempuan,0,2017
4120,2017,DKI Jakarta,JAKARTA PUSAT,GAMBIR,PETOJO UTARA,Cacat Lainnya,Perempuan,0,2017
4121,2017,DKI Jakarta,JAKARTA PUSAT,GAMBIR,PETOJO UTARA,Cacat Mental-Jiwa,Perempuan,1,2017
4122,2017,DKI Jakarta,JAKARTA PUSAT,GAMBIR,PETOJO SELATAN,Cacat Fisik dan Mental,Perempuan,0,2017
4123,2017,DKI Jakarta,JAKARTA PUSAT,GAMBIR,PETOJO SELATAN,Cacat Lainnya,Perempuan,0,2017
4124,2017,DKI Jakarta,JAKARTA PUSAT,GAMBIR,PETOJO SELATAN,Cacat Rungu-Wicara,Perempuan,1,2017
4125,2017,DKI Jakarta,JAKARTA PUSAT,GAMBIR,KEBON KELAPA,Cacat Mental-Jiwa,Perempuan,1,2017
4126,2017,DKI Jakarta,JAKARTA PUSAT,GAMBIR,DURI PULO,Cacat Mental-Jiwa,Perempuan,1,2017
4127,2017,DKI Jakarta,JAKARTA PUSAT,SAWAH BESAR,PASAR BARU,Cacat Fisik,Perempuan,0,2017
4128,2017,DKI Jakarta,JAKARTA PUSAT,SAWAH BESAR,PASAR BARU,Cacat Lainnya,Perempuan,0,2017
4129,2017,DKI Jakarta,JAKARTA PUSAT,SAWAH BESAR,KARANG ANYAR,Cacat Mental-Jiwa,Perempuan,1,2017
4130,2017,DKI Jakarta,JAKARTA PUSAT,SAWAH BESAR,KARTINI,Cacat Fisik,Perempuan,0,2017
4131,2017,DKI Jakarta,JAKARTA PUSAT,SAWAH BESAR,GUNUNG SAHARI UTARA,Cacat Fisik,Perempuan,0,2017
4132,2017,DKI Jakarta,JAKARTA PUSAT,SAWAH BESAR,MANGGA DUA SELATAN,Cacat Fisik,Perempuan,1,2017
4133,2017,DKI Jakarta,JAKARTA PUSAT,SAWAH BESAR,MANGGA DUA SELATAN,Cacat Lainnya,Perempuan,1,2017
4134,2017,DKI Jakarta,JAKARTA PUSAT,SAWAH BESAR,MANGGA DUA SELATAN,Cacat Mental-Jiwa,Perempuan,1,2017
4135,2017,DKI Jakarta,JAKARTA PUSAT,KEMAYORAN,KEMAYORAN,Cacat Fisik,Perempuan,1,2017
4136,2017,DKI Jakarta,JAKARTA PUSAT,KEMAYORAN,KEMAYORAN,Cacat Lainnya,Perempuan,4,2017
4137,2017,DKI Jakarta,JAKARTA PUSAT,KEMAYORAN,KEMAYORAN,Cacat Rungu-Wicara,Perempuan,1,2017
4138,2017,DKI Jakarta,JAKARTA PUSAT,KEMAYORAN,KEBON KOSONG,Cacat Fisik,Perempuan,0,2017
4139,2017,DKI Jakarta,JAKARTA PUSAT,KEMAYORAN,KEBON KOSONG,Cacat Fisik dan Mental,Perempuan,2,2017
4140,2017,DKI Jakarta,JAKARTA PUSAT,KEMAYORAN,KEBON KOSONG,Cacat Lainnya,Perempuan,3,2017
4141,2017,DKI Jakarta,JAKARTA PUSAT,KEMAYORAN,KEBON KOSONG,Cacat Mental-Jiwa,Perempuan,5,2017
4142,2017,DKI Jakarta,JAKARTA PUSAT,KEMAYORAN,HARAPAN MULIA,Cacat Fisik,Perempuan,1,2017
4143,2017,DKI Jakarta,JAKARTA PUSAT,KEMAYORAN,HARAPAN MULIA,Cacat Fisik dan Mental,Perempuan,1,2017
4144,2017,DKI Jakarta,JAKARTA PUSAT,KEMAYORAN,HARAPAN MULIA,Cacat Lainnya,Perempuan,3,2017
4145,2017,DKI Jakarta,JAKARTA PUSAT,KEMAYORAN,HARAPAN MULIA,Cacat Mental-Jiwa,Perempuan,2,2017
4146,2017,DKI Jakarta,JAKARTA PUSAT,KEMAYORAN,HARAPAN MULIA,Cacat Netra-Buta,Perempuan,1,2017
4147,2017,DKI Jakarta,JAKARTA PUSAT,KEMAYORAN,HARAPAN MULIA,Cacat Rungu-Wicara,Perempuan,4,2017
4148,2017,DKI Jakarta,JAKARTA PUSAT,KEMAYORAN,SERDANG,Cacat Fisik,Perempuan,0,2017
4149,2017,DKI Jakarta,JAKARTA PUSAT,KEMAYORAN,SERDANG,Cacat Mental-Jiwa,Perempuan,1,2017
4150,2017,DKI Jakarta,JAKARTA PUSAT,KEMAYORAN,GUNUNG SAHARI SELATAN,Cacat Fisik,Perempuan,1,2017
4151,2017,DKI Jakarta,JAKARTA PUSAT,KEMAYORAN,GUNUNG SAHARI SELATAN,Cacat Fisik dan Mental,Perempuan,0,2017
4152,2017,DKI Jakarta,JAKARTA PUSAT,KEMAYORAN,GUNUNG SAHARI SELATAN,Cacat Lainnya,Perempuan,2,2017
4153,2017,DKI Jakarta,JAKARTA PUSAT,KEMAYORAN,GUNUNG SAHARI SELATAN,Cacat Mental-Jiwa,Perempuan,1,2017
4154,2017,DKI Jakarta,JAKARTA PUSAT,KEMAYORAN,GUNUNG SAHARI SELATAN,Cacat Netra-Buta,Perempuan,1,2017
4155,2017,DKI Jakarta,JAKARTA PUSAT,KEMAYORAN,GUNUNG SAHARI SELATAN,Cacat Rungu-Wicara,Perempuan,2,2017
4156,2017,DKI Jakarta,JAKARTA PUSAT,KEMAYORAN,CEMPAKA BARU,Cacat Fisik,Perempuan,2,2017
4157,2017,DKI Jakarta,JAKARTA PUSAT,KEMAYORAN,CEMPAKA BARU,Cacat Fisik dan Mental,Perempuan,0,2017
4158,2017,DKI Jakarta,JAKARTA PUSAT,KEMAYORAN,CEMPAKA BARU,Cacat Lainnya,Perempuan,2,2017
4159,2017,DKI Jakarta,JAKARTA PUSAT,KEMAYORAN,CEMPAKA BARU,Cacat Mental-Jiwa,Perempuan,2,2017
4160,2017,DKI Jakarta,JAKARTA PUSAT,KEMAYORAN,CEMPAKA BARU,Cacat Netra-Buta,Perempuan,0,2017
4161,2017,DKI Jakarta,JAKARTA PUSAT,KEMAYORAN,SUMUR BATU,Cacat Fisik,Perempuan,0,2017
4162,2017,DKI Jakarta,JAKARTA PUSAT,KEMAYORAN,SUMUR BATU,Cacat Fisik dan Mental,Perempuan,0,2017
4163,2017,DKI Jakarta,JAKARTA PUSAT,KEMAYORAN,SUMUR BATU,Cacat Lainnya,Perempuan,1,2017
4164,2017,DKI Jakarta,JAKARTA PUSAT,KEMAYORAN,SUMUR BATU,Cacat Rungu-Wicara,Perempuan,1,2017
4165,2017,DKI Jakarta,JAKARTA PUSAT,KEMAYORAN,UTAN PANJANG,Cacat Fisik dan Mental,Perempuan,1,2017
4166,2017,DKI Jakarta,JAKARTA PUSAT,S E N E N,SENEN,Cacat Mental-Jiwa,Perempuan,0,2017
4167,2017,DKI Jakarta,JAKARTA PUSAT,S E N E N,PASEBAN,Cacat Fisik dan Mental,Perempuan,1,2017
4168,2017,DKI Jakarta,JAKARTA PUSAT,S E N E N,PASEBAN,Cacat Lainnya,Perempuan,0,2017
4169,2017,DKI Jakarta,JAKARTA PUSAT,S E N E N,PASEBAN,Cacat Mental-Jiwa,Perempuan,1,2017
4170,2017,DKI Jakarta,JAKARTA PUSAT,S E N E N,KRAMAT,Cacat Fisik,Perempuan,5,2017
4171,2017,DKI Jakarta,JAKARTA PUSAT,S E N E N,KRAMAT,Cacat Lainnya,Perempuan,0,2017
4172,2017,DKI Jakarta,JAKARTA PUSAT,S E N E N,KRAMAT,Cacat Mental-Jiwa,Perempuan,1,2017
4173,2017,DKI Jakarta,JAKARTA PUSAT,S E N E N,KRAMAT,Cacat Netra-Buta,Perempuan,0,2017
4174,2017,DKI Jakarta,JAKARTA PUSAT,S E N E N,KRAMAT,Cacat Rungu-Wicara,Perempuan,1,2017
4175,2017,DKI Jakarta,JAKARTA PUSAT,S E N E N,KWITANG,Cacat Fisik,Perempuan,3,2017
4176,2017,DKI Jakarta,JAKARTA PUSAT,S E N E N,KWITANG,Cacat Lainnya,Perempuan,1,2017
4177,2017,DKI Jakarta,JAKARTA PUSAT,S E N E N,KWITANG,Cacat Mental-Jiwa,Perempuan,1,2017
4178,2017,DKI Jakarta,JAKARTA PUSAT,S E N E N,BUNGUR,Cacat Fisik,Perempuan,0,2017
4179,2017,DKI Jakarta,JAKARTA PUSAT,S E N E N,BUNGUR,Cacat Lainnya,Perempuan,1,2017
4180,2017,DKI Jakarta,JAKARTA PUSAT,S E N E N,BUNGUR,Cacat Netra-Buta,Perempuan,0,2017
4181,2017,DKI Jakarta,JAKARTA PUSAT,S E N E N,BUNGUR,Cacat Rungu-Wicara,Perempuan,1,2017
4182,2017,DKI Jakarta,JAKARTA PUSAT,CEMPAKA PUTIH,CEMPAKA PUTIH TIMUR,Cacat Fisik dan Mental,Perempuan,1,2017
4183,2017,DKI Jakarta,JAKARTA PUSAT,CEMPAKA PUTIH,CEMPAKA PUTIH BARAT,Cacat Fisik,Perempuan,0,2017
4184,2017,DKI Jakarta,JAKARTA PUSAT,CEMPAKA PUTIH,CEMPAKA PUTIH BARAT,Cacat Mental-Jiwa,Perempuan,0,2017
4185,2017,DKI Jakarta,JAKARTA PUSAT,CEMPAKA PUTIH,RAWASARI,Cacat Fisik,Perempuan,1,2017
4186,2017,DKI Jakarta,JAKARTA PUSAT,CEMPAKA PUTIH,RAWASARI,Cacat Lainnya,Perempuan,1,2017
4187,2017,DKI Jakarta,JAKARTA PUSAT,CEMPAKA PUTIH,RAWASARI,Cacat Mental-Jiwa,Perempuan,2,2017
4188,2017,DKI Jakarta,JAKARTA PUSAT,CEMPAKA PUTIH,RAWASARI,Cacat Rungu-Wicara,Perempuan,1,2017
4189,2017,DKI Jakarta,JAKARTA PUSAT,MENTENG,MENTENG,Cacat Fisik dan Mental,Perempuan,0,2017
4190,2017,DKI Jakarta,JAKARTA PUSAT,MENTENG,MENTENG,Cacat Lainnya,Perempuan,0,2017
4191,2017,DKI Jakarta,JAKARTA PUSAT,MENTENG,MENTENG,Cacat Mental-Jiwa,Perempuan,1,2017
4192,2017,DKI Jakarta,JAKARTA PUSAT,MENTENG,MENTENG,Cacat Rungu-Wicara,Perempuan,1,2017
4193,2017,DKI Jakarta,JAKARTA PUSAT,MENTENG,PEGANGSAAN,Cacat Fisik,Perempuan,2,2017
4194,2017,DKI Jakarta,JAKARTA PUSAT,MENTENG,PEGANGSAAN,Cacat Lainnya,Perempuan,2,2017
4195,2017,DKI Jakarta,JAKARTA PUSAT,MENTENG,PEGANGSAAN,Cacat Mental-Jiwa,Perempuan,1,2017
4196,2017,DKI Jakarta,JAKARTA PUSAT,MENTENG,PEGANGSAAN,Cacat Netra-Buta,Perempuan,0,2017
4197,2017,DKI Jakarta,JAKARTA PUSAT,MENTENG,CIKINI,Cacat Mental-Jiwa,Perempuan,1,2017
4198,2017,DKI Jakarta,JAKARTA UTARA,PENJARINGAN,KAPUK MUARA,Cacat Fisik,Perempuan,3,2017
4199,2017,DKI Jakarta,JAKARTA UTARA,PENJARINGAN,KAPUK MUARA,Cacat Fisik dan Mental,Perempuan,2,2017
4200,2017,DKI Jakarta,JAKARTA UTARA,PENJARINGAN,KAPUK MUARA,Cacat Lainnya,Perempuan,2,2017
4201,2017,DKI Jakarta,JAKARTA UTARA,PENJARINGAN,KAPUK MUARA,Cacat Netra-Buta,Perempuan,2,2017
4202,2017,DKI Jakarta,JAKARTA UTARA,PENJARINGAN,KAPUK MUARA,Cacat Rungu-Wicara,Perempuan,0,2017
4203,2017,DKI Jakarta,JAKARTA UTARA,PENJARINGAN,PEJAGALAN,Cacat Fisik,Perempuan,3,2017
4204,2017,DKI Jakarta,JAKARTA UTARA,PENJARINGAN,PEJAGALAN,Cacat Fisik dan Mental,Perempuan,0,2017
4205,2017,DKI Jakarta,JAKARTA UTARA,PENJARINGAN,PEJAGALAN,Cacat Lainnya,Perempuan,1,2017
4206,2017,DKI Jakarta,JAKARTA UTARA,PENJARINGAN,PEJAGALAN,Cacat Mental-Jiwa,Perempuan,10,2017
4207,2017,DKI Jakarta,JAKARTA UTARA,PENJARINGAN,PEJAGALAN,Cacat Netra-Buta,Perempuan,2,2017
4208,2017,DKI Jakarta,JAKARTA UTARA,PENJARINGAN,PEJAGALAN,Cacat Rungu-Wicara,Perempuan,5,2017
4209,2017,DKI Jakarta,JAKARTA UTARA,PENJARINGAN,PLUIT,Cacat Mental-Jiwa,Perempuan,1,2017
4210,2017,DKI Jakarta,JAKARTA UTARA,TANJUNG PRIOK,TANJUNG PRIOK,Cacat Fisik,Perempuan,0,2017
4211,2017,DKI Jakarta,JAKARTA UTARA,TANJUNG PRIOK,TANJUNG PRIOK,Cacat Mental-Jiwa,Perempuan,0,2017
4212,2017,DKI Jakarta,JAKARTA UTARA,TANJUNG PRIOK,SUNTER JAYA,Cacat Fisik,Perempuan,1,2017
4213,2017,DKI Jakarta,JAKARTA UTARA,TANJUNG PRIOK,SUNTER JAYA,Cacat Lainnya,Perempuan,1,2017
4214,2017,DKI Jakarta,JAKARTA UTARA,TANJUNG PRIOK,SUNTER JAYA,Cacat Mental-Jiwa,Perempuan,0,2017
4215,2017,DKI Jakarta,JAKARTA UTARA,TANJUNG PRIOK,PAPANGGO,Cacat Fisik,Perempuan,1,2017
4216,2017,DKI Jakarta,JAKARTA UTARA,TANJUNG PRIOK,PAPANGGO,Cacat Fisik dan Mental,Perempuan,0,2017
4217,2017,DKI Jakarta,JAKARTA UTARA,TANJUNG PRIOK,PAPANGGO,Cacat Lainnya,Perempuan,0,2017
4218,2017,DKI Jakarta,JAKARTA UTARA,TANJUNG PRIOK,PAPANGGO,Cacat Mental-Jiwa,Perempuan,0,2017
4219,2017,DKI Jakarta,JAKARTA UTARA,TANJUNG PRIOK,PAPANGGO,Cacat Netra-Buta,Perempuan,2,2017
4220,2017,DKI Jakarta,JAKARTA UTARA,TANJUNG PRIOK,PAPANGGO,Cacat Rungu-Wicara,Perempuan,1,2017
4221,2017,DKI Jakarta,JAKARTA UTARA,TANJUNG PRIOK,SUNGAI BAMBU,Cacat Fisik,Perempuan,1,2017
4222,2017,DKI Jakarta,JAKARTA UTARA,TANJUNG PRIOK,SUNGAI BAMBU,Cacat Lainnya,Perempuan,2,2017
4223,2017,DKI Jakarta,JAKARTA UTARA,TANJUNG PRIOK,SUNGAI BAMBU,Cacat Mental-Jiwa,Perempuan,0,2017
4224,2017,DKI Jakarta,JAKARTA UTARA,TANJUNG PRIOK,KEBON BAWANG,Cacat Fisik,Perempuan,9,2017
4225,2017,DKI Jakarta,JAKARTA UTARA,TANJUNG PRIOK,KEBON BAWANG,Cacat Fisik dan Mental,Perempuan,1,2017
4226,2017,DKI Jakarta,JAKARTA UTARA,TANJUNG PRIOK,KEBON BAWANG,Cacat Lainnya,Perempuan,1,2017
4227,2017,DKI Jakarta,JAKARTA UTARA,TANJUNG PRIOK,KEBON BAWANG,Cacat Mental-Jiwa,Perempuan,0,2017
4228,2017,DKI Jakarta,JAKARTA UTARA,TANJUNG PRIOK,KEBON BAWANG,Cacat Netra-Buta,Perempuan,1,2017
4229,2017,DKI Jakarta,JAKARTA UTARA,TANJUNG PRIOK,KEBON BAWANG,Cacat Rungu-Wicara,Perempuan,3,2017
4230,2017,DKI Jakarta,JAKARTA UTARA,TANJUNG PRIOK,SUNTER AGUNG,Cacat Fisik dan Mental,Perempuan,0,2017
4231,2017,DKI Jakarta,JAKARTA UTARA,TANJUNG PRIOK,SUNTER AGUNG,Cacat Lainnya,Perempuan,0,2017
4232,2017,DKI Jakarta,JAKARTA UTARA,TANJUNG PRIOK,SUNTER AGUNG,Cacat Mental-Jiwa,Perempuan,0,2017
4233,2017,DKI Jakarta,JAKARTA UTARA,TANJUNG PRIOK,SUNTER AGUNG,Cacat Netra-Buta,Perempuan,0,2017
4234,2017,DKI Jakarta,JAKARTA UTARA,TANJUNG PRIOK,WARAKAS,Cacat Fisik,Perempuan,0,2017
4235,2017,DKI Jakarta,JAKARTA UTARA,TANJUNG PRIOK,WARAKAS,Cacat Lainnya,Perempuan,0,2017
4236,2017,DKI Jakarta,JAKARTA UTARA,TANJUNG PRIOK,WARAKAS,Cacat Mental-Jiwa,Perempuan,0,2017
4237,2017,DKI Jakarta,JAKARTA UTARA,KOJA,KOJA,Cacat Lainnya,Perempuan,0,2017
4238,2017,DKI Jakarta,JAKARTA UTARA,KOJA,KOJA,Cacat Mental-Jiwa,Perempuan,0,2017
4239,2017,DKI Jakarta,JAKARTA UTARA,KOJA,TUGU UTARA,Cacat Fisik,Perempuan,3,2017
4240,2017,DKI Jakarta,JAKARTA PUSAT,MENTENG,GONDANGDIA,Cacat Fisik dan Mental,Perempuan,0,2017
4241,2017,DKI Jakarta,JAKARTA PUSAT,MENTENG,KEBON SIRIH,Cacat Lainnya,Perempuan,1,2017
4242,2017,DKI Jakarta,JAKARTA PUSAT,TANAH ABANG,GELORA,Cacat Lainnya,Perempuan,1,2017
4243,2017,DKI Jakarta,JAKARTA PUSAT,TANAH ABANG,BENDUNGAN HILIR,Cacat Mental-Jiwa,Perempuan,1,2017
4244,2017,DKI Jakarta,JAKARTA PUSAT,TANAH ABANG,BENDUNGAN HILIR,Cacat Netra-Buta,Perempuan,0,2017
4245,2017,DKI Jakarta,JAKARTA PUSAT,TANAH ABANG,KARET TENGSIN,Cacat Fisik,Perempuan,2,2017
4246,2017,DKI Jakarta,JAKARTA PUSAT,TANAH ABANG,KARET TENGSIN,Cacat Lainnya,Perempuan,0,2017
4247,2017,DKI Jakarta,JAKARTA PUSAT,TANAH ABANG,KARET TENGSIN,Cacat Mental-Jiwa,Perempuan,0,2017
4248,2017,DKI Jakarta,JAKARTA PUSAT,TANAH ABANG,PETAMBURAN,Cacat Fisik,Perempuan,0,2017
4249,2017,DKI Jakarta,JAKARTA PUSAT,TANAH ABANG,PETAMBURAN,Cacat Fisik dan Mental,Perempuan,2,2017
4250,2017,DKI Jakarta,JAKARTA PUSAT,TANAH ABANG,PETAMBURAN,Cacat Mental-Jiwa,Perempuan,1,2017
4251,2017,DKI Jakarta,JAKARTA PUSAT,TANAH ABANG,PETAMBURAN,Cacat Rungu-Wicara,Perempuan,1,2017
4252,2017,DKI Jakarta,JAKARTA PUSAT,TANAH ABANG,KEBON MELATI,Cacat Fisik,Perempuan,3,2017
4253,2017,DKI Jakarta,JAKARTA PUSAT,TANAH ABANG,KEBON MELATI,Cacat Netra-Buta,Perempuan,1,2017
4254,2017,DKI Jakarta,JAKARTA PUSAT,TANAH ABANG,KEBON MELATI,Cacat Rungu-Wicara,Perempuan,0,2017
4255,2017,DKI Jakarta,JAKARTA PUSAT,TANAH ABANG,KEBON KACANG,Cacat Fisik,Perempuan,0,2017
4256,2017,DKI Jakarta,JAKARTA PUSAT,TANAH ABANG,KEBON KACANG,Cacat Fisik dan Mental,Perempuan,1,2017
4257,2017,DKI Jakarta,JAKARTA PUSAT,TANAH ABANG,KEBON KACANG,Cacat Lainnya,Perempuan,1,2017
4258,2017,DKI Jakarta,JAKARTA PUSAT,TANAH ABANG,KEBON KACANG,Cacat Mental-Jiwa,Perempuan,0,2017
4259,2017,DKI Jakarta,JAKARTA PUSAT,TANAH ABANG,KAMPUNG BALI,Cacat Fisik,Perempuan,0,2017
4260,2017,DKI Jakarta,JAKARTA PUSAT,TANAH ABANG,KAMPUNG BALI,Cacat Lainnya,Perempuan,2,2017
4261,2017,DKI Jakarta,JAKARTA PUSAT,JOHAR BARU,JOHAR BARU,Cacat Fisik,Perempuan,0,2017
4262,2017,DKI Jakarta,JAKARTA PUSAT,JOHAR BARU,JOHAR BARU,Cacat Lainnya,Perempuan,2,2017
4263,2017,DKI Jakarta,JAKARTA PUSAT,JOHAR BARU,JOHAR BARU,Cacat Mental-Jiwa,Perempuan,1,2017
4264,2017,DKI Jakarta,JAKARTA PUSAT,JOHAR BARU,JOHAR BARU,Cacat Rungu-Wicara,Perempuan,5,2017
4265,2017,DKI Jakarta,JAKARTA PUSAT,JOHAR BARU,KAMPUNG RAWA,Cacat Fisik,Perempuan,1,2017
4266,2017,DKI Jakarta,JAKARTA PUSAT,JOHAR BARU,KAMPUNG RAWA,Cacat Fisik dan Mental,Perempuan,1,2017
4267,2017,DKI Jakarta,JAKARTA PUSAT,JOHAR BARU,KAMPUNG RAWA,Cacat Lainnya,Perempuan,0,2017
4268,2017,DKI Jakarta,JAKARTA PUSAT,JOHAR BARU,KAMPUNG RAWA,Cacat Mental-Jiwa,Perempuan,0,2017
4269,2017,DKI Jakarta,JAKARTA PUSAT,JOHAR BARU,KAMPUNG RAWA,Cacat Netra-Buta,Perempuan,1,2017
4270,2017,DKI Jakarta,JAKARTA PUSAT,JOHAR BARU,GALUR,Cacat Lainnya,Perempuan,0,2017
4271,2017,DKI Jakarta,JAKARTA PUSAT,JOHAR BARU,GALUR,Cacat Netra-Buta,Perempuan,0,2017
4272,2017,DKI Jakarta,JAKARTA PUSAT,JOHAR BARU,TANAH TINGGI,Cacat Fisik,Perempuan,0,2017
4273,2017,DKI Jakarta,JAKARTA PUSAT,JOHAR BARU,TANAH TINGGI,Cacat Fisik dan Mental,Perempuan,1,2017
4274,2017,DKI Jakarta,JAKARTA PUSAT,JOHAR BARU,TANAH TINGGI,Cacat Lainnya,Perempuan,1,2017
4275,2017,DKI Jakarta,JAKARTA PUSAT,JOHAR BARU,TANAH TINGGI,Cacat Mental-Jiwa,Perempuan,0,2017
4276,2017,DKI Jakarta,JAKARTA PUSAT,JOHAR BARU,TANAH TINGGI,Cacat Netra-Buta,Perempuan,0,2017
4277,2017,DKI Jakarta,JAKARTA UTARA,PENJARINGAN,PENJARINGAN,Cacat Fisik,Perempuan,3,2017
4278,2017,DKI Jakarta,JAKARTA UTARA,PENJARINGAN,PENJARINGAN,Cacat Lainnya,Perempuan,2,2017
4279,2017,DKI Jakarta,JAKARTA UTARA,PENJARINGAN,PENJARINGAN,Cacat Mental-Jiwa,Perempuan,0,2017
4280,2017,DKI Jakarta,JAKARTA UTARA,PENJARINGAN,PENJARINGAN,Cacat Netra-Buta,Perempuan,1,2017
4281,2017,DKI Jakarta,JAKARTA UTARA,PENJARINGAN,KAMAL MUARA,Cacat Fisik dan Mental,Perempuan,1,2017
4282,2017,DKI Jakarta,JAKARTA TIMUR,DUREN SAWIT,MALAKA SARI,Cacat Netra-Buta,Laki-laki,1,2017
4283,2017,DKI Jakarta,JAKARTA TIMUR,DUREN SAWIT,MALAKA SARI,Cacat Rungu-Wicara,Laki-laki,0,2017
4284,2017,DKI Jakarta,JAKARTA TIMUR,DUREN SAWIT,MALAKA JAYA,Cacat Fisik,Laki-laki,9,2017
4285,2017,DKI Jakarta,JAKARTA TIMUR,DUREN SAWIT,MALAKA JAYA,Cacat Fisik dan Mental,Laki-laki,2,2017
4286,2017,DKI Jakarta,JAKARTA TIMUR,DUREN SAWIT,MALAKA JAYA,Cacat Lainnya,Laki-laki,2,2017
4287,2017,DKI Jakarta,JAKARTA TIMUR,DUREN SAWIT,MALAKA JAYA,Cacat Mental-Jiwa,Laki-laki,2,2017
4288,2017,DKI Jakarta,JAKARTA TIMUR,DUREN SAWIT,MALAKA JAYA,Cacat Netra-Buta,Laki-laki,3,2017
4289,2017,DKI Jakarta,JAKARTA TIMUR,DUREN SAWIT,MALAKA JAYA,Cacat Rungu-Wicara,Laki-laki,0,2017
4290,2017,DKI Jakarta,JAKARTA TIMUR,DUREN SAWIT,PONDOK KOPI,Cacat Fisik,Laki-laki,1,2017
4291,2017,DKI Jakarta,JAKARTA TIMUR,DUREN SAWIT,PONDOK KOPI,Cacat Lainnya,Laki-laki,1,2017
4292,2017,DKI Jakarta,JAKARTA TIMUR,DUREN SAWIT,PONDOK KOPI,Cacat Mental-Jiwa,Laki-laki,1,2017
4293,2017,DKI Jakarta,JAKARTA TIMUR,DUREN SAWIT,PONDOK KOPI,Cacat Rungu-Wicara,Laki-laki,0,2017
4294,2017,DKI Jakarta,JAKARTA TIMUR,MAKASAR,MAKASAR,Cacat Fisik dan Mental,Laki-laki,0,2017
4295,2017,DKI Jakarta,JAKARTA TIMUR,MAKASAR,MAKASAR,Cacat Mental-Jiwa,Laki-laki,1,2017
4296,2017,DKI Jakarta,JAKARTA TIMUR,MAKASAR,MAKASAR,Cacat Netra-Buta,Laki-laki,0,2017
4297,2017,DKI Jakarta,JAKARTA TIMUR,MAKASAR,MAKASAR,Cacat Rungu-Wicara,Laki-laki,0,2017
4298,2017,DKI Jakarta,JAKARTA TIMUR,MAKASAR,PINANGRANTI,Cacat Fisik,Laki-laki,5,2017
4299,2017,DKI Jakarta,JAKARTA TIMUR,MAKASAR,PINANGRANTI,Cacat Fisik dan Mental,Laki-laki,1,2017
4300,2017,DKI Jakarta,JAKARTA TIMUR,MAKASAR,PINANGRANTI,Cacat Lainnya,Laki-laki,2,2017
4301,2017,DKI Jakarta,JAKARTA TIMUR,MAKASAR,PINANGRANTI,Cacat Mental-Jiwa,Laki-laki,1,2017
4302,2017,DKI Jakarta,JAKARTA TIMUR,MAKASAR,PINANGRANTI,Cacat Netra-Buta,Laki-laki,1,2017
4303,2017,DKI Jakarta,JAKARTA TIMUR,MAKASAR,PINANGRANTI,Cacat Rungu-Wicara,Laki-laki,2,2017
4304,2017,DKI Jakarta,JAKARTA TIMUR,MAKASAR,KEBON PALA,Cacat Fisik,Laki-laki,0,2017
4305,2017,DKI Jakarta,JAKARTA TIMUR,MAKASAR,KEBON PALA,Cacat Lainnya,Laki-laki,2,2017
4306,2017,DKI Jakarta,JAKARTA TIMUR,MAKASAR,KEBON PALA,Cacat Mental-Jiwa,Laki-laki,0,2017
4307,2017,DKI Jakarta,JAKARTA TIMUR,MAKASAR,HALIM PERDANA KUSUMAH,Cacat Fisik,Laki-laki,1,2017
4308,2017,DKI Jakarta,JAKARTA TIMUR,MAKASAR,HALIM PERDANA KUSUMAH,Cacat Lainnya,Laki-laki,1,2017
4309,2017,DKI Jakarta,JAKARTA TIMUR,MAKASAR,HALIM PERDANA KUSUMAH,Cacat Mental-Jiwa,Laki-laki,1,2017
4310,2017,DKI Jakarta,JAKARTA TIMUR,MAKASAR,HALIM PERDANA KUSUMAH,Cacat Rungu-Wicara,Laki-laki,3,2017
4311,2017,DKI Jakarta,JAKARTA TIMUR,MAKASAR,CIPINANG MELAYU,Cacat Fisik,Laki-laki,1,2017
4312,2017,DKI Jakarta,JAKARTA TIMUR,MAKASAR,CIPINANG MELAYU,Cacat Mental-Jiwa,Laki-laki,0,2017
4313,2017,DKI Jakarta,JAKARTA TIMUR,CIRACAS,CIRACAS,Cacat Fisik,Laki-laki,1,2017
4314,2017,DKI Jakarta,JAKARTA TIMUR,CIRACAS,CIRACAS,Cacat Fisik dan Mental,Laki-laki,0,2017
4315,2017,DKI Jakarta,JAKARTA TIMUR,CIRACAS,CIRACAS,Cacat Lainnya,Laki-laki,2,2017
4316,2017,DKI Jakarta,JAKARTA TIMUR,CIRACAS,CIRACAS,Cacat Rungu-Wicara,Laki-laki,1,2017
4317,2017,DKI Jakarta,JAKARTA TIMUR,CIRACAS,CIBUBUR,Cacat Fisik,Laki-laki,1,2017
4318,2017,DKI Jakarta,JAKARTA TIMUR,CIRACAS,CIBUBUR,Cacat Lainnya,Laki-laki,5,2017
4319,2017,DKI Jakarta,JAKARTA TIMUR,CIRACAS,CIBUBUR,Cacat Mental-Jiwa,Laki-laki,1,2017
4320,2017,DKI Jakarta,JAKARTA TIMUR,CIRACAS,CIBUBUR,Cacat Netra-Buta,Laki-laki,1,2017
4321,2017,DKI Jakarta,JAKARTA TIMUR,CIRACAS,CIBUBUR,Cacat Rungu-Wicara,Laki-laki,4,2017
4322,2017,DKI Jakarta,JAKARTA TIMUR,CIRACAS,KELAPA DUA WETAN,Cacat Lainnya,Laki-laki,23,2017
4323,2017,DKI Jakarta,JAKARTA TIMUR,CIRACAS,KELAPA DUA WETAN,Cacat Mental-Jiwa,Laki-laki,0,2017
4324,2017,DKI Jakarta,JAKARTA TIMUR,CIRACAS,KELAPA DUA WETAN,Cacat Netra-Buta,Laki-laki,0,2017
4325,2017,DKI Jakarta,JAKARTA TIMUR,CIRACAS,KELAPA DUA WETAN,Cacat Rungu-Wicara,Laki-laki,0,2017
4326,2017,DKI Jakarta,JAKARTA TIMUR,CIRACAS,SUSUKAN,Cacat Fisik,Laki-laki,0,2017
4327,2017,DKI Jakarta,JAKARTA TIMUR,CIRACAS,SUSUKAN,Cacat Fisik dan Mental,Laki-laki,1,2017
4328,2017,DKI Jakarta,JAKARTA TIMUR,CIRACAS,SUSUKAN,Cacat Lainnya,Laki-laki,0,2017
4329,2017,DKI Jakarta,JAKARTA TIMUR,CIRACAS,SUSUKAN,Cacat Mental-Jiwa,Laki-laki,0,2017
4330,2017,DKI Jakarta,JAKARTA TIMUR,CIRACAS,SUSUKAN,Cacat Netra-Buta,Laki-laki,1,2017
4331,2017,DKI Jakarta,JAKARTA TIMUR,CIRACAS,RAMBUTAN,Cacat Fisik,Laki-laki,7,2017
4332,2017,DKI Jakarta,JAKARTA TIMUR,CIRACAS,RAMBUTAN,Cacat Lainnya,Laki-laki,3,2017
4333,2017,DKI Jakarta,JAKARTA TIMUR,CIRACAS,RAMBUTAN,Cacat Netra-Buta,Laki-laki,2,2017
4334,2017,DKI Jakarta,JAKARTA TIMUR,CIRACAS,RAMBUTAN,Cacat Rungu-Wicara,Laki-laki,2,2017
4335,2017,DKI Jakarta,JAKARTA TIMUR,CIPAYUNG,CIPAYUNG,Cacat Fisik,Laki-laki,4,2017
4336,2017,DKI Jakarta,JAKARTA TIMUR,CIPAYUNG,CIPAYUNG,Cacat Fisik dan Mental,Laki-laki,0,2017
4337,2017,DKI Jakarta,JAKARTA TIMUR,CIPAYUNG,CIPAYUNG,Cacat Lainnya,Laki-laki,52,2017
4338,2017,DKI Jakarta,JAKARTA TIMUR,CIPAYUNG,CIPAYUNG,Cacat Mental-Jiwa,Laki-laki,545,2017
4339,2017,DKI Jakarta,JAKARTA TIMUR,CIPAYUNG,CIPAYUNG,Cacat Netra-Buta,Laki-laki,1,2017
4340,2017,DKI Jakarta,JAKARTA TIMUR,CIPAYUNG,CIPAYUNG,Cacat Rungu-Wicara,Laki-laki,3,2017
4341,2017,DKI Jakarta,JAKARTA TIMUR,CIPAYUNG,CILANGKAP,Cacat Fisik,Laki-laki,1,2017
4342,2017,DKI Jakarta,JAKARTA TIMUR,CIPAYUNG,CILANGKAP,Cacat Lainnya,Laki-laki,2,2017
4343,2017,DKI Jakarta,JAKARTA TIMUR,CIPAYUNG,CILANGKAP,Cacat Mental-Jiwa,Laki-laki,1,2017
4344,2017,DKI Jakarta,JAKARTA TIMUR,CIPAYUNG,PONDOK RANGGON,Cacat Fisik,Laki-laki,0,2017
4345,2017,DKI Jakarta,JAKARTA TIMUR,CIPAYUNG,PONDOK RANGGON,Cacat Lainnya,Laki-laki,0,2017
4346,2017,DKI Jakarta,JAKARTA TIMUR,CIPAYUNG,PONDOK RANGGON,Cacat Mental-Jiwa,Laki-laki,1,2017
4347,2017,DKI Jakarta,JAKARTA TIMUR,CIPAYUNG,MUNJUL,Cacat Fisik,Laki-laki,3,2017
4348,2017,DKI Jakarta,JAKARTA TIMUR,CIPAYUNG,MUNJUL,Cacat Lainnya,Laki-laki,0,2017
4349,2017,DKI Jakarta,JAKARTA TIMUR,CIPAYUNG,MUNJUL,Cacat Mental-Jiwa,Laki-laki,1,2017
4350,2017,DKI Jakarta,JAKARTA TIMUR,CIPAYUNG,SETU,Cacat Fisik,Laki-laki,1,2017
4351,2017,DKI Jakarta,JAKARTA TIMUR,CIPAYUNG,SETU,Cacat Lainnya,Laki-laki,2,2017
4352,2017,DKI Jakarta,JAKARTA TIMUR,CIPAYUNG,SETU,Cacat Rungu-Wicara,Laki-laki,0,2017
4353,2017,DKI Jakarta,JAKARTA TIMUR,CIPAYUNG,BAMBU APUS,Cacat Lainnya,Laki-laki,1,2017
4354,2017,DKI Jakarta,JAKARTA TIMUR,CIPAYUNG,LUBANG BUAYA,Cacat Lainnya,Laki-laki,2,2017
4355,2017,DKI Jakarta,JAKARTA TIMUR,CIPAYUNG,LUBANG BUAYA,Cacat Mental-Jiwa,Laki-laki,2,2017
4356,2017,DKI Jakarta,JAKARTA TIMUR,CIPAYUNG,LUBANG BUAYA,Cacat Rungu-Wicara,Laki-laki,0,2017
4357,2017,DKI Jakarta,JAKARTA TIMUR,CIPAYUNG,CEGER,Cacat Fisik,Laki-laki,1,2017
4358,2017,DKI Jakarta,JAKARTA TIMUR,CIPAYUNG,CEGER,Cacat Lainnya,Laki-laki,0,2017
4359,2017,DKI Jakarta,JAKARTA TIMUR,CIPAYUNG,CEGER,Cacat Mental-Jiwa,Laki-laki,28,2017
4360,2017,DKI Jakarta,ADM. KEPULAUAN SERIBU,KEPULAUAN SERIBU UTARA,PULAU KELAPA,Cacat Fisik dan Mental,Perempuan,1,2017
4361,2017,DKI Jakarta,ADM. KEPULAUAN SERIBU,KEPULAUAN SERIBU UTARA,PULAU KELAPA,Cacat Mental-Jiwa,Perempuan,1,2017
4362,2017,DKI Jakarta,ADM. KEPULAUAN SERIBU,KEPULAUAN SERIBU SELATAN,PULAU UNTUNG JAWA,Cacat Fisik,Perempuan,2,2017
4363,2017,DKI Jakarta,ADM. KEPULAUAN SERIBU,KEPULAUAN SERIBU SELATAN,PULAU UNTUNG JAWA,Cacat Mental-Jiwa,Perempuan,0,2017
4364,2017,DKI Jakarta,ADM. KEPULAUAN SERIBU,KEPULAUAN SERIBU SELATAN,PULAU TIDUNG,Cacat Mental-Jiwa,Perempuan,2,2017
4365,2017,DKI Jakarta,ADM. KEPULAUAN SERIBU,KEPULAUAN SERIBU SELATAN,PULAU TIDUNG,Cacat Rungu-Wicara,Perempuan,0,2017
4366,2017,DKI Jakarta,ADM. KEPULAUAN SERIBU,KEPULAUAN SERIBU SELATAN,PULAU PARI,Cacat Mental-Jiwa,Perempuan,1,2017
4367,2017,DKI Jakarta,JAKARTA PUSAT,GAMBIR,GAMBIR,Cacat Fisik,Perempuan,0,2017
4368,2017,DKI Jakarta,JAKARTA BARAT,GROGOL PETAMBURAN,GROGOL,Cacat Fisik,Perempuan,1,2017
4369,2017,DKI Jakarta,JAKARTA BARAT,GROGOL PETAMBURAN,GROGOL,Cacat Fisik dan Mental,Perempuan,0,2017
4370,2017,DKI Jakarta,JAKARTA BARAT,GROGOL PETAMBURAN,GROGOL,Cacat Lainnya,Perempuan,2,2017
4371,2017,DKI Jakarta,JAKARTA BARAT,GROGOL PETAMBURAN,GROGOL,Cacat Mental-Jiwa,Perempuan,2,2017
4372,2017,DKI Jakarta,JAKARTA BARAT,GROGOL PETAMBURAN,GROGOL,Cacat Rungu-Wicara,Perempuan,0,2017
4373,2017,DKI Jakarta,JAKARTA BARAT,GROGOL PETAMBURAN,TANJUNG DUREN UTARA,Cacat Lainnya,Perempuan,1,2017
4374,2017,DKI Jakarta,JAKARTA BARAT,GROGOL PETAMBURAN,TOMANG,Cacat Fisik,Perempuan,1,2017
4375,2017,DKI Jakarta,JAKARTA BARAT,GROGOL PETAMBURAN,TOMANG,Cacat Lainnya,Perempuan,6,2017
4376,2017,DKI Jakarta,JAKARTA BARAT,GROGOL PETAMBURAN,TOMANG,Cacat Mental-Jiwa,Perempuan,5,2017
4377,2017,DKI Jakarta,JAKARTA BARAT,GROGOL PETAMBURAN,TOMANG,Cacat Netra-Buta,Perempuan,1,2017
4378,2017,DKI Jakarta,JAKARTA BARAT,GROGOL PETAMBURAN,TOMANG,Cacat Rungu-Wicara,Perempuan,3,2017
4379,2017,DKI Jakarta,JAKARTA BARAT,GROGOL PETAMBURAN,JELAMBAR,Cacat Fisik,Perempuan,1,2017
4380,2017,DKI Jakarta,JAKARTA BARAT,GROGOL PETAMBURAN,JELAMBAR,Cacat Fisik dan Mental,Perempuan,2,2017
4381,2017,DKI Jakarta,JAKARTA BARAT,GROGOL PETAMBURAN,JELAMBAR,Cacat Lainnya,Perempuan,2,2017
4382,2017,DKI Jakarta,JAKARTA BARAT,GROGOL PETAMBURAN,JELAMBAR,Cacat Mental-Jiwa,Perempuan,1,2017
4383,2017,DKI Jakarta,JAKARTA BARAT,GROGOL PETAMBURAN,JELAMBAR,Cacat Rungu-Wicara,Perempuan,2,2017
4384,2017,DKI Jakarta,JAKARTA BARAT,GROGOL PETAMBURAN,TANJUNG DUREN SELATAN,Cacat Fisik,Perempuan,0,2017
4385,2017,DKI Jakarta,JAKARTA BARAT,GROGOL PETAMBURAN,TANJUNG DUREN SELATAN,Cacat Lainnya,Perempuan,1,2017
4386,2017,DKI Jakarta,JAKARTA BARAT,GROGOL PETAMBURAN,TANJUNG DUREN SELATAN,Cacat Mental-Jiwa,Perempuan,1,2017
4387,2017,DKI Jakarta,JAKARTA BARAT,GROGOL PETAMBURAN,JELAMBAR BARU,Cacat Fisik,Perempuan,7,2017
4388,2017,DKI Jakarta,JAKARTA BARAT,GROGOL PETAMBURAN,JELAMBAR BARU,Cacat Lainnya,Perempuan,6,2017
4389,2017,DKI Jakarta,JAKARTA BARAT,GROGOL PETAMBURAN,JELAMBAR BARU,Cacat Mental-Jiwa,Perempuan,1,2017
4390,2017,DKI Jakarta,JAKARTA BARAT,GROGOL PETAMBURAN,JELAMBAR BARU,Cacat Netra-Buta,Perempuan,0,2017
4391,2017,DKI Jakarta,JAKARTA BARAT,GROGOL PETAMBURAN,JELAMBAR BARU,Cacat Rungu-Wicara,Perempuan,0,2017
4392,2017,DKI Jakarta,JAKARTA BARAT,GROGOL PETAMBURAN,WIJAYA KUSUMA,Cacat Fisik,Perempuan,4,2017
4393,2017,DKI Jakarta,JAKARTA BARAT,GROGOL PETAMBURAN,WIJAYA KUSUMA,Cacat Fisik dan Mental,Perempuan,1,2017
4394,2017,DKI Jakarta,JAKARTA BARAT,GROGOL PETAMBURAN,WIJAYA KUSUMA,Cacat Lainnya,Perempuan,1,2017
4395,2017,DKI Jakarta,JAKARTA BARAT,GROGOL PETAMBURAN,WIJAYA KUSUMA,Cacat Mental-Jiwa,Perempuan,142,2017
4396,2017,DKI Jakarta,JAKARTA BARAT,GROGOL PETAMBURAN,WIJAYA KUSUMA,Cacat Netra-Buta,Perempuan,2,2017
4397,2017,DKI Jakarta,JAKARTA BARAT,GROGOL PETAMBURAN,WIJAYA KUSUMA,Cacat Rungu-Wicara,Perempuan,0,2017
4398,2017,DKI Jakarta,JAKARTA BARAT,TAMAN SARI,TAMAN SARI,Cacat Fisik dan Mental,Perempuan,1,2017
4399,2017,DKI Jakarta,JAKARTA BARAT,TAMAN SARI,TAMAN SARI,Cacat Lainnya,Perempuan,2,2017
4400,2017,DKI Jakarta,JAKARTA BARAT,TAMAN SARI,TAMAN SARI,Cacat Mental-Jiwa,Perempuan,0,2017
4401,2017,DKI Jakarta,JAKARTA BARAT,TAMAN SARI,TAMAN SARI,Cacat Rungu-Wicara,Perempuan,1,2017
4402,2017,DKI Jakarta,JAKARTA BARAT,TAMAN SARI,KRUKUT,Cacat Mental-Jiwa,Perempuan,5,2017
4403,2017,DKI Jakarta,JAKARTA BARAT,TAMAN SARI,KRUKUT,Cacat Netra-Buta,Perempuan,0,2017
4404,2017,DKI Jakarta,JAKARTA BARAT,TAMAN SARI,KRUKUT,Cacat Rungu-Wicara,Perempuan,0,2017
4405,2017,DKI Jakarta,JAKARTA BARAT,TAMAN SARI,MAPHAR,Cacat Fisik,Perempuan,1,2017
4406,2017,DKI Jakarta,JAKARTA BARAT,TAMAN SARI,MAPHAR,Cacat Lainnya,Perempuan,0,2017
4407,2017,DKI Jakarta,JAKARTA BARAT,TAMAN SARI,MAPHAR,Cacat Netra-Buta,Perempuan,1,2017
4408,2017,DKI Jakarta,JAKARTA BARAT,TAMAN SARI,TANGKI,Cacat Lainnya,Perempuan,3,2017
4409,2017,DKI Jakarta,JAKARTA BARAT,TAMAN SARI,TANGKI,Cacat Mental-Jiwa,Perempuan,0,2017
4410,2017,DKI Jakarta,JAKARTA BARAT,TAMAN SARI,MANGGA BESAR,Cacat Fisik dan Mental,Perempuan,1,2017
4411,2017,DKI Jakarta,JAKARTA BARAT,TAMAN SARI,MANGGA BESAR,Cacat Lainnya,Perempuan,0,2017
4412,2017,DKI Jakarta,JAKARTA BARAT,TAMAN SARI,MANGGA BESAR,Cacat Mental-Jiwa,Perempuan,0,2017
4413,2017,DKI Jakarta,JAKARTA BARAT,TAMAN SARI,MANGGA BESAR,Cacat Rungu-Wicara,Perempuan,0,2017
4414,2017,DKI Jakarta,JAKARTA BARAT,TAMAN SARI,KEAGUNGAN,Cacat Fisik,Perempuan,0,2017
4415,2017,DKI Jakarta,JAKARTA BARAT,TAMAN SARI,KEAGUNGAN,Cacat Fisik dan Mental,Perempuan,0,2017
4416,2017,DKI Jakarta,JAKARTA BARAT,TAMAN SARI,KEAGUNGAN,Cacat Lainnya,Perempuan,1,2017
4417,2017,DKI Jakarta,JAKARTA BARAT,TAMAN SARI,KEAGUNGAN,Cacat Mental-Jiwa,Perempuan,1,2017
4418,2017,DKI Jakarta,JAKARTA BARAT,TAMAN SARI,KEAGUNGAN,Cacat Netra-Buta,Perempuan,1,2017
4419,2017,DKI Jakarta,JAKARTA BARAT,TAMAN SARI,KEAGUNGAN,Cacat Rungu-Wicara,Perempuan,1,2017
4420,2017,DKI Jakarta,JAKARTA BARAT,TAMAN SARI,GLODOK,Cacat Fisik dan Mental,Perempuan,1,2017
4421,2017,DKI Jakarta,JAKARTA BARAT,TAMAN SARI,GLODOK,Cacat Rungu-Wicara,Perempuan,1,2017
4422,2017,DKI Jakarta,JAKARTA BARAT,TAMAN SARI,PINANGSIA,Cacat Fisik,Perempuan,1,2017
4423,2017,DKI Jakarta,JAKARTA BARAT,TAMAN SARI,PINANGSIA,Cacat Fisik dan Mental,Perempuan,0,2017
4424,2017,DKI Jakarta,JAKARTA BARAT,TAMAN SARI,PINANGSIA,Cacat Lainnya,Perempuan,0,2017
4425,2017,DKI Jakarta,JAKARTA BARAT,TAMBORA,TAMBORA,Cacat Fisik,Perempuan,0,2017
4426,2017,DKI Jakarta,JAKARTA BARAT,TAMBORA,TAMBORA,Cacat Lainnya,Perempuan,0,2017
4427,2017,DKI Jakarta,JAKARTA BARAT,TAMBORA,TAMBORA,Cacat Mental-Jiwa,Perempuan,2,2017
4428,2017,DKI Jakarta,JAKARTA BARAT,TAMBORA,KALI ANYAR,Cacat Fisik,Perempuan,0,2017
4429,2017,DKI Jakarta,JAKARTA BARAT,TAMBORA,KALI ANYAR,Cacat Mental-Jiwa,Perempuan,0,2017
4430,2017,DKI Jakarta,JAKARTA BARAT,TAMBORA,KALI ANYAR,Cacat Netra-Buta,Perempuan,0,2017
4431,2017,DKI Jakarta,JAKARTA BARAT,TAMBORA,KALI ANYAR,Cacat Rungu-Wicara,Perempuan,1,2017
4432,2017,DKI Jakarta,JAKARTA BARAT,TAMBORA,DURI UTARA,Cacat Fisik dan Mental,Perempuan,0,2017
4433,2017,DKI Jakarta,JAKARTA BARAT,TAMBORA,DURI UTARA,Cacat Mental-Jiwa,Perempuan,1,2017
4434,2017,DKI Jakarta,JAKARTA BARAT,TAMBORA,DURI UTARA,Cacat Netra-Buta,Perempuan,1,2017
4435,2017,DKI Jakarta,JAKARTA BARAT,TAMBORA,DURI UTARA,Cacat Rungu-Wicara,Perempuan,1,2017
4436,2017,DKI Jakarta,JAKARTA BARAT,TAMBORA,TANAH SEREAL,Cacat Fisik,Perempuan,6,2017
4437,2017,DKI Jakarta,JAKARTA BARAT,TAMBORA,TANAH SEREAL,Cacat Fisik dan Mental,Perempuan,1,2017
4438,2017,DKI Jakarta,JAKARTA BARAT,TAMBORA,TANAH SEREAL,Cacat Lainnya,Perempuan,0,2017
4439,2017,DKI Jakarta,JAKARTA BARAT,TAMBORA,TANAH SEREAL,Cacat Mental-Jiwa,Perempuan,4,2017
4440,2017,DKI Jakarta,JAKARTA BARAT,TAMBORA,TANAH SEREAL,Cacat Netra-Buta,Perempuan,0,2017
4441,2017,DKI Jakarta,JAKARTA BARAT,TAMBORA,TANAH SEREAL,Cacat Rungu-Wicara,Perempuan,1,2017
4442,2017,DKI Jakarta,JAKARTA BARAT,TAMBORA,KRENDANG,Cacat Fisik,Perempuan,2,2017
4443,2017,DKI Jakarta,JAKARTA BARAT,TAMBORA,KRENDANG,Cacat Lainnya,Perempuan,1,2017
4444,2017,DKI Jakarta,JAKARTA BARAT,TAMBORA,KRENDANG,Cacat Mental-Jiwa,Perempuan,2,2017
4445,2017,DKI Jakarta,JAKARTA BARAT,TAMBORA,KRENDANG,Cacat Netra-Buta,Perempuan,0,2017
4446,2017,DKI Jakarta,JAKARTA BARAT,TAMBORA,KRENDANG,Cacat Rungu-Wicara,Perempuan,2,2017
4447,2017,DKI Jakarta,JAKARTA BARAT,TAMBORA,JEMBATAN BESI,Cacat Fisik,Perempuan,5,2017
4448,2017,DKI Jakarta,JAKARTA BARAT,TAMBORA,JEMBATAN BESI,Cacat Fisik dan Mental,Perempuan,0,2017
4449,2017,DKI Jakarta,JAKARTA BARAT,TAMBORA,JEMBATAN BESI,Cacat Lainnya,Perempuan,1,2017
4450,2017,DKI Jakarta,JAKARTA BARAT,TAMBORA,JEMBATAN BESI,Cacat Mental-Jiwa,Perempuan,3,2017
4451,2017,DKI Jakarta,JAKARTA BARAT,TAMBORA,JEMBATAN BESI,Cacat Rungu-Wicara,Perempuan,1,2017
4452,2017,DKI Jakarta,JAKARTA BARAT,TAMBORA,ANGKE,Cacat Fisik,Perempuan,0,2017
4453,2017,DKI Jakarta,JAKARTA BARAT,TAMBORA,ANGKE,Cacat Fisik dan Mental,Perempuan,0,2017
4454,2017,DKI Jakarta,JAKARTA BARAT,TAMBORA,ANGKE,Cacat Lainnya,Perempuan,0,2017
4455,2017,DKI Jakarta,JAKARTA BARAT,TAMBORA,ANGKE,Cacat Mental-Jiwa,Perempuan,1,2017
4456,2017,DKI Jakarta,JAKARTA BARAT,TAMBORA,ANGKE,Cacat Netra-Buta,Perempuan,0,2017
4457,2017,DKI Jakarta,JAKARTA BARAT,TAMBORA,ANGKE,Cacat Rungu-Wicara,Perempuan,1,2017
4458,2017,DKI Jakarta,JAKARTA BARAT,TAMBORA,JEMBATAN LIMA,Cacat Fisik,Perempuan,2,2017
4459,2017,DKI Jakarta,JAKARTA BARAT,TAMBORA,JEMBATAN LIMA,Cacat Fisik dan Mental,Perempuan,2,2017
4460,2017,DKI Jakarta,JAKARTA BARAT,TAMBORA,JEMBATAN LIMA,Cacat Lainnya,Perempuan,1,2017
4461,2017,DKI Jakarta,JAKARTA BARAT,TAMBORA,JEMBATAN LIMA,Cacat Mental-Jiwa,Perempuan,2,2017
4462,2017,DKI Jakarta,JAKARTA BARAT,TAMBORA,JEMBATAN LIMA,Cacat Netra-Buta,Perempuan,1,2017
4463,2017,DKI Jakarta,JAKARTA BARAT,TAMBORA,JEMBATAN LIMA,Cacat Rungu-Wicara,Perempuan,3,2017
4464,2017,DKI Jakarta,JAKARTA BARAT,TAMBORA,PEKOJAN,Cacat Fisik,Perempuan,1,2017
4465,2017,DKI Jakarta,JAKARTA BARAT,TAMBORA,PEKOJAN,Cacat Fisik dan Mental,Perempuan,3,2017
4466,2017,DKI Jakarta,JAKARTA BARAT,TAMBORA,PEKOJAN,Cacat Lainnya,Perempuan,0,2017
4467,2017,DKI Jakarta,JAKARTA BARAT,TAMBORA,PEKOJAN,Cacat Mental-Jiwa,Perempuan,3,2017
4468,2017,DKI Jakarta,JAKARTA BARAT,TAMBORA,PEKOJAN,Cacat Netra-Buta,Perempuan,4,2017
4469,2017,DKI Jakarta,JAKARTA BARAT,TAMBORA,PEKOJAN,Cacat Rungu-Wicara,Perempuan,4,2017
4470,2017,DKI Jakarta,JAKARTA BARAT,TAMBORA,ROA MALAKA,Cacat Fisik dan Mental,Perempuan,1,2017
4471,2017,DKI Jakarta,JAKARTA BARAT,TAMBORA,DURI SELATAN,Cacat Fisik,Perempuan,0,2017
4472,2017,DKI Jakarta,JAKARTA BARAT,TAMBORA,DURI SELATAN,Cacat Rungu-Wicara,Perempuan,0,2017
4473,2017,DKI Jakarta,JAKARTA BARAT,KEBON JERUK,KEBON JERUK,Cacat Fisik,Perempuan,1,2017
4474,2017,DKI Jakarta,JAKARTA BARAT,KEBON JERUK,KEBON JERUK,Cacat Fisik dan Mental,Perempuan,2,2017
4475,2017,DKI Jakarta,JAKARTA BARAT,KEBON JERUK,KEBON JERUK,Cacat Mental-Jiwa,Perempuan,0,2017
4476,2017,DKI Jakarta,JAKARTA BARAT,KEBON JERUK,KEBON JERUK,Cacat Netra-Buta,Perempuan,2,2017
4477,2017,DKI Jakarta,JAKARTA BARAT,KEBON JERUK,KEBON JERUK,Cacat Rungu-Wicara,Perempuan,1,2017
4478,2017,DKI Jakarta,JAKARTA BARAT,KEBON JERUK,SUKABUMI UTARA,Cacat Fisik,Perempuan,1,2017
4479,2017,DKI Jakarta,JAKARTA BARAT,KEBON JERUK,SUKABUMI UTARA,Cacat Lainnya,Perempuan,4,2017
4480,2017,DKI Jakarta,JAKARTA BARAT,KEBON JERUK,SUKABUMI UTARA,Cacat Mental-Jiwa,Perempuan,2,2017
4481,2017,DKI Jakarta,JAKARTA BARAT,KEBON JERUK,SUKABUMI UTARA,Cacat Netra-Buta,Perempuan,0,2017
4482,2017,DKI Jakarta,JAKARTA BARAT,KEBON JERUK,SUKABUMI SELATAN,Cacat Fisik,Perempuan,1,2017
4483,2017,DKI Jakarta,JAKARTA BARAT,KEBON JERUK,SUKABUMI SELATAN,Cacat Lainnya,Perempuan,1,2017
4484,2017,DKI Jakarta,JAKARTA BARAT,KEBON JERUK,SUKABUMI SELATAN,Cacat Mental-Jiwa,Perempuan,1,2017
4485,2017,DKI Jakarta,JAKARTA BARAT,KEBON JERUK,SUKABUMI SELATAN,Cacat Netra-Buta,Perempuan,1,2017
4486,2017,DKI Jakarta,JAKARTA BARAT,KEBON JERUK,SUKABUMI SELATAN,Cacat Rungu-Wicara,Perempuan,0,2017
4487,2017,DKI Jakarta,JAKARTA BARAT,KEBON JERUK,KELAPA DUA,Cacat Mental-Jiwa,Perempuan,1,2017
4488,2017,DKI Jakarta,JAKARTA BARAT,KEBON JERUK,DURI KEPA,Cacat Fisik,Perempuan,0,2017
4489,2017,DKI Jakarta,JAKARTA BARAT,KEBON JERUK,DURI KEPA,Cacat Lainnya,Perempuan,5,2017
4490,2017,DKI Jakarta,JAKARTA BARAT,KEBON JERUK,DURI KEPA,Cacat Mental-Jiwa,Perempuan,2,2017
4491,2017,DKI Jakarta,JAKARTA BARAT,KEBON JERUK,DURI KEPA,Cacat Rungu-Wicara,Perempuan,1,2017
4492,2017,DKI Jakarta,JAKARTA BARAT,KEBON JERUK,KEDOYA UTARA,Cacat Fisik,Perempuan,6,2017
4493,2017,DKI Jakarta,JAKARTA BARAT,KEBON JERUK,KEDOYA UTARA,Cacat Lainnya,Perempuan,0,2017
4494,2017,DKI Jakarta,JAKARTA BARAT,KEBON JERUK,KEDOYA UTARA,Cacat Mental-Jiwa,Perempuan,1,2017
4495,2017,DKI Jakarta,JAKARTA BARAT,PAL MERAH,JATIPULO,Cacat Fisik dan Mental,Perempuan,0,2017
4496,2017,DKI Jakarta,JAKARTA BARAT,PAL MERAH,JATIPULO,Cacat Lainnya,Perempuan,0,2017
4497,2017,DKI Jakarta,JAKARTA BARAT,PAL MERAH,KEMANGGISAN,Cacat Fisik,Perempuan,2,2017
4498,2017,DKI Jakarta,JAKARTA BARAT,PAL MERAH,KEMANGGISAN,Cacat Fisik dan Mental,Perempuan,1,2017
4499,2017,DKI Jakarta,JAKARTA BARAT,PAL MERAH,KEMANGGISAN,Cacat Lainnya,Perempuan,1,2017
4500,2017,DKI Jakarta,JAKARTA BARAT,PAL MERAH,KEMANGGISAN,Cacat Mental-Jiwa,Perempuan,0,2017
4501,2017,DKI Jakarta,JAKARTA BARAT,PAL MERAH,KEMANGGISAN,Cacat Netra-Buta,Perempuan,1,2017
4502,2017,DKI Jakarta,JAKARTA BARAT,PAL MERAH,KEMANGGISAN,Cacat Rungu-Wicara,Perempuan,0,2017
4503,2017,DKI Jakarta,JAKARTA BARAT,PAL MERAH,KOTA BAMBU SELATAN,Cacat Fisik,Perempuan,1,2017
4504,2017,DKI Jakarta,JAKARTA BARAT,PAL MERAH,KOTA BAMBU SELATAN,Cacat Fisik dan Mental,Perempuan,0,2017
4505,2017,DKI Jakarta,JAKARTA BARAT,PAL MERAH,KOTA BAMBU SELATAN,Cacat Mental-Jiwa,Perempuan,2,2017
4506,2017,DKI Jakarta,JAKARTA BARAT,PAL MERAH,KOTA BAMBU SELATAN,Cacat Netra-Buta,Perempuan,2,2017
4507,2017,DKI Jakarta,JAKARTA BARAT,PAL MERAH,KOTA BAMBU SELATAN,Cacat Rungu-Wicara,Perempuan,0,2017
4508,2017,DKI Jakarta,JAKARTA BARAT,KEMBANGAN,KEMBANGAN UTARA,Cacat Lainnya,Perempuan,0,2017
4509,2017,DKI Jakarta,JAKARTA BARAT,KEMBANGAN,KEMBANGAN UTARA,Cacat Mental-Jiwa,Perempuan,2,2017
4510,2017,DKI Jakarta,JAKARTA BARAT,KEMBANGAN,KEMBANGAN UTARA,Cacat Netra-Buta,Perempuan,2,2017
4511,2017,DKI Jakarta,JAKARTA BARAT,KEMBANGAN,KEMBANGAN UTARA,Cacat Rungu-Wicara,Perempuan,3,2017
4512,2017,DKI Jakarta,JAKARTA BARAT,KEMBANGAN,MERUYA UTARA,Cacat Fisik,Perempuan,2,2017
4513,2017,DKI Jakarta,JAKARTA BARAT,KEMBANGAN,MERUYA UTARA,Cacat Lainnya,Perempuan,1,2017
4514,2017,DKI Jakarta,JAKARTA BARAT,KEMBANGAN,MERUYA UTARA,Cacat Mental-Jiwa,Perempuan,6,2017
4515,2017,DKI Jakarta,JAKARTA BARAT,KEMBANGAN,MERUYA UTARA,Cacat Netra-Buta,Perempuan,4,2017
4516,2017,DKI Jakarta,JAKARTA BARAT,KEMBANGAN,MERUYA UTARA,Cacat Rungu-Wicara,Perempuan,5,2017
4517,2017,DKI Jakarta,JAKARTA BARAT,KEMBANGAN,MERUYA SELATAN,Cacat Fisik,Perempuan,0,2017
4518,2017,DKI Jakarta,JAKARTA BARAT,KEMBANGAN,MERUYA SELATAN,Cacat Fisik dan Mental,Perempuan,2,2017
4519,2017,DKI Jakarta,JAKARTA BARAT,KEMBANGAN,MERUYA SELATAN,Cacat Lainnya,Perempuan,2,2017
4520,2017,DKI Jakarta,JAKARTA BARAT,KEMBANGAN,MERUYA SELATAN,Cacat Mental-Jiwa,Perempuan,4,2017
4521,2017,DKI Jakarta,JAKARTA BARAT,KEMBANGAN,MERUYA SELATAN,Cacat Netra-Buta,Perempuan,5,2017
4522,2017,DKI Jakarta,JAKARTA BARAT,KEMBANGAN,MERUYA SELATAN,Cacat Rungu-Wicara,Perempuan,0,2017
4523,2017,DKI Jakarta,JAKARTA BARAT,KEMBANGAN,SRENGSENG,Cacat Fisik,Perempuan,2,2017
4524,2017,DKI Jakarta,JAKARTA BARAT,KEMBANGAN,SRENGSENG,Cacat Fisik dan Mental,Perempuan,0,2017
4525,2017,DKI Jakarta,JAKARTA BARAT,KEMBANGAN,SRENGSENG,Cacat Lainnya,Perempuan,4,2017
4526,2017,DKI Jakarta,JAKARTA BARAT,KEMBANGAN,SRENGSENG,Cacat Mental-Jiwa,Perempuan,2,2017
4527,2017,DKI Jakarta,JAKARTA BARAT,KEMBANGAN,SRENGSENG,Cacat Netra-Buta,Perempuan,2,2017
4528,2017,DKI Jakarta,JAKARTA BARAT,KEMBANGAN,SRENGSENG,Cacat Rungu-Wicara,Perempuan,2,2017
4529,2017,DKI Jakarta,JAKARTA BARAT,KEMBANGAN,JOGLO,Cacat Fisik,Perempuan,1,2017
4530,2017,DKI Jakarta,JAKARTA BARAT,KEMBANGAN,JOGLO,Cacat Lainnya,Perempuan,0,2017
4531,2017,DKI Jakarta,JAKARTA BARAT,KEMBANGAN,JOGLO,Cacat Mental-Jiwa,Perempuan,0,2017
4532,2017,DKI Jakarta,JAKARTA BARAT,KEMBANGAN,JOGLO,Cacat Netra-Buta,Perempuan,2,2017
4533,2017,DKI Jakarta,JAKARTA BARAT,KEMBANGAN,JOGLO,Cacat Rungu-Wicara,Perempuan,2,2017
4534,2017,DKI Jakarta,JAKARTA BARAT,KEMBANGAN,KEMBANGAN SELATAN,Cacat Fisik,Perempuan,1,2017
4535,2017,DKI Jakarta,JAKARTA BARAT,KEMBANGAN,KEMBANGAN SELATAN,Cacat Fisik dan Mental,Perempuan,0,2017
4536,2017,DKI Jakarta,JAKARTA BARAT,KEMBANGAN,KEMBANGAN SELATAN,Cacat Lainnya,Perempuan,1,2017
4537,2017,DKI Jakarta,JAKARTA BARAT,KEBON JERUK,KEDOYA UTARA,Cacat Netra-Buta,Perempuan,2,2017
4538,2017,DKI Jakarta,JAKARTA BARAT,KEBON JERUK,KEDOYA SELATAN,Cacat Fisik,Perempuan,2,2017
4539,2017,DKI Jakarta,JAKARTA BARAT,KEBON JERUK,KEDOYA SELATAN,Cacat Lainnya,Perempuan,3,2017
4540,2017,DKI Jakarta,JAKARTA BARAT,KEBON JERUK,KEDOYA SELATAN,Cacat Mental-Jiwa,Perempuan,10,2017
4541,2017,DKI Jakarta,JAKARTA BARAT,KEBON JERUK,KEDOYA SELATAN,Cacat Rungu-Wicara,Perempuan,0,2017
4542,2017,DKI Jakarta,JAKARTA BARAT,KALI DERES,KALIDERES,Cacat Fisik,Perempuan,1,2017
4543,2017,DKI Jakarta,JAKARTA BARAT,KALI DERES,KALIDERES,Cacat Lainnya,Perempuan,3,2017
4544,2017,DKI Jakarta,JAKARTA BARAT,KALI DERES,KALIDERES,Cacat Mental-Jiwa,Perempuan,0,2017
4545,2017,DKI Jakarta,JAKARTA BARAT,KALI DERES,KALIDERES,Cacat Netra-Buta,Perempuan,1,2017
4546,2017,DKI Jakarta,JAKARTA BARAT,KALI DERES,KALIDERES,Cacat Rungu-Wicara,Perempuan,1,2017
4547,2017,DKI Jakarta,JAKARTA BARAT,KALI DERES,SEMANAN,Cacat Lainnya,Perempuan,2,2017
4548,2017,DKI Jakarta,JAKARTA BARAT,KALI DERES,SEMANAN,Cacat Mental-Jiwa,Perempuan,5,2017
4549,2017,DKI Jakarta,JAKARTA BARAT,KALI DERES,SEMANAN,Cacat Rungu-Wicara,Perempuan,1,2017
4550,2017,DKI Jakarta,JAKARTA BARAT,KALI DERES,TEGAL ALUR,Cacat Fisik,Perempuan,4,2017
4551,2017,DKI Jakarta,JAKARTA BARAT,KALI DERES,TEGAL ALUR,Cacat Fisik dan Mental,Perempuan,0,2017
4552,2017,DKI Jakarta,JAKARTA BARAT,KALI DERES,TEGAL ALUR,Cacat Lainnya,Perempuan,2,2017
4553,2017,DKI Jakarta,JAKARTA BARAT,KALI DERES,TEGAL ALUR,Cacat Mental-Jiwa,Perempuan,4,2017
4554,2017,DKI Jakarta,JAKARTA BARAT,KALI DERES,TEGAL ALUR,Cacat Netra-Buta,Perempuan,0,2017
4555,2017,DKI Jakarta,JAKARTA BARAT,KALI DERES,TEGAL ALUR,Cacat Rungu-Wicara,Perempuan,2,2017
4556,2017,DKI Jakarta,JAKARTA BARAT,KALI DERES,KAMAL,Cacat Fisik,Perempuan,1,2017
4557,2017,DKI Jakarta,JAKARTA BARAT,KALI DERES,KAMAL,Cacat Lainnya,Perempuan,3,2017
4558,2017,DKI Jakarta,JAKARTA BARAT,KALI DERES,KAMAL,Cacat Mental-Jiwa,Perempuan,1,2017
4559,2017,DKI Jakarta,JAKARTA BARAT,KALI DERES,KAMAL,Cacat Netra-Buta,Perempuan,1,2017
4560,2017,DKI Jakarta,JAKARTA BARAT,KALI DERES,PEGADUNGAN,Cacat Fisik,Perempuan,1,2017
4561,2017,DKI Jakarta,JAKARTA BARAT,KALI DERES,PEGADUNGAN,Cacat Fisik dan Mental,Perempuan,10,2017
4562,2017,DKI Jakarta,JAKARTA BARAT,KALI DERES,PEGADUNGAN,Cacat Lainnya,Perempuan,3,2017
4563,2017,DKI Jakarta,JAKARTA BARAT,KALI DERES,PEGADUNGAN,Cacat Mental-Jiwa,Perempuan,11,2017
4564,2017,DKI Jakarta,JAKARTA BARAT,KALI DERES,PEGADUNGAN,Cacat Netra-Buta,Perempuan,1,2017
4565,2017,DKI Jakarta,JAKARTA BARAT,PAL MERAH,PALMERAH,Cacat Fisik,Perempuan,2,2017
4566,2017,DKI Jakarta,JAKARTA BARAT,PAL MERAH,PALMERAH,Cacat Fisik dan Mental,Perempuan,1,2017
4567,2017,DKI Jakarta,JAKARTA BARAT,PAL MERAH,PALMERAH,Cacat Lainnya,Perempuan,1,2017
4568,2017,DKI Jakarta,JAKARTA BARAT,PAL MERAH,PALMERAH,Cacat Mental-Jiwa,Perempuan,2,2017
4569,2017,DKI Jakarta,JAKARTA BARAT,PAL MERAH,PALMERAH,Cacat Netra-Buta,Perempuan,2,2017
4570,2017,DKI Jakarta,JAKARTA BARAT,PAL MERAH,PALMERAH,Cacat Rungu-Wicara,Perempuan,1,2017
4571,2017,DKI Jakarta,JAKARTA BARAT,PAL MERAH,SLIPI,Cacat Fisik,Perempuan,1,2017
4572,2017,DKI Jakarta,JAKARTA BARAT,PAL MERAH,SLIPI,Cacat Fisik dan Mental,Perempuan,0,2017
4573,2017,DKI Jakarta,JAKARTA BARAT,PAL MERAH,KOTA BAMBU UTARA,Cacat Fisik,Perempuan,0,2017
4574,2017,DKI Jakarta,JAKARTA BARAT,PAL MERAH,KOTA BAMBU UTARA,Cacat Fisik dan Mental,Perempuan,2,2017
4575,2017,DKI Jakarta,JAKARTA BARAT,PAL MERAH,KOTA BAMBU UTARA,Cacat Lainnya,Perempuan,1,2017
4576,2017,DKI Jakarta,JAKARTA BARAT,PAL MERAH,KOTA BAMBU UTARA,Cacat Mental-Jiwa,Perempuan,1,2017
4577,2017,DKI Jakarta,JAKARTA BARAT,PAL MERAH,KOTA BAMBU UTARA,Cacat Netra-Buta,Perempuan,2,2017
4578,2017,DKI Jakarta,JAKARTA BARAT,PAL MERAH,KOTA BAMBU UTARA,Cacat Rungu-Wicara,Perempuan,0,2017
4579,2017,DKI Jakarta,JAKARTA BARAT,PAL MERAH,JATIPULO,Cacat Fisik,Perempuan,1,2017
4580,2017,DKI Jakarta,JAKARTA UTARA,KOJA,TUGU UTARA,Cacat Lainnya,Perempuan,6,2017
4581,2017,DKI Jakarta,JAKARTA UTARA,KOJA,TUGU UTARA,Cacat Mental-Jiwa,Perempuan,0,2017
4582,2017,DKI Jakarta,JAKARTA UTARA,KOJA,TUGU UTARA,Cacat Netra-Buta,Perempuan,1,2017
4583,2017,DKI Jakarta,JAKARTA UTARA,KOJA,LAGOA,Cacat Fisik,Perempuan,0,2017
4584,2017,DKI Jakarta,JAKARTA UTARA,KOJA,LAGOA,Cacat Fisik dan Mental,Perempuan,2,2017
4585,2017,DKI Jakarta,JAKARTA UTARA,KOJA,LAGOA,Cacat Mental-Jiwa,Perempuan,2,2017
4586,2017,DKI Jakarta,JAKARTA UTARA,KOJA,LAGOA,Cacat Rungu-Wicara,Perempuan,0,2017
4587,2017,DKI Jakarta,JAKARTA UTARA,KOJA,RAWA BADAK UTARA,Cacat Lainnya,Perempuan,1,2017
4588,2017,DKI Jakarta,JAKARTA UTARA,KOJA,TUGU SELATAN,Cacat Fisik,Perempuan,11,2017
4589,2017,DKI Jakarta,JAKARTA UTARA,KOJA,TUGU SELATAN,Cacat Lainnya,Perempuan,2,2017
4590,2017,DKI Jakarta,JAKARTA UTARA,KOJA,RAWA BADAK SELATAN,Cacat Fisik,Perempuan,1,2017
4591,2017,DKI Jakarta,JAKARTA UTARA,KOJA,RAWA BADAK SELATAN,Cacat Fisik dan Mental,Perempuan,1,2017
4592,2017,DKI Jakarta,JAKARTA UTARA,KOJA,RAWA BADAK SELATAN,Cacat Lainnya,Perempuan,82,2017
4593,2017,DKI Jakarta,JAKARTA UTARA,KOJA,RAWA BADAK SELATAN,Cacat Mental-Jiwa,Perempuan,1,2017
4594,2017,DKI Jakarta,JAKARTA UTARA,KOJA,RAWA BADAK SELATAN,Cacat Rungu-Wicara,Perempuan,0,2017
4595,2017,DKI Jakarta,JAKARTA UTARA,CILINCING,CILINCING,Cacat Fisik,Perempuan,1,2017
4596,2017,DKI Jakarta,JAKARTA UTARA,CILINCING,CILINCING,Cacat Fisik dan Mental,Perempuan,1,2017
4597,2017,DKI Jakarta,JAKARTA UTARA,CILINCING,CILINCING,Cacat Lainnya,Perempuan,1,2017
4598,2017,DKI Jakarta,JAKARTA UTARA,CILINCING,CILINCING,Cacat Mental-Jiwa,Perempuan,0,2017
4599,2017,DKI Jakarta,JAKARTA UTARA,CILINCING,SUKAPURA,Cacat Fisik,Perempuan,1,2017
4600,2017,DKI Jakarta,JAKARTA UTARA,CILINCING,SUKAPURA,Cacat Lainnya,Perempuan,0,2017
4601,2017,DKI Jakarta,JAKARTA UTARA,CILINCING,MARUNDA,Cacat Fisik,Perempuan,2,2017
4602,2017,DKI Jakarta,JAKARTA UTARA,CILINCING,MARUNDA,Cacat Lainnya,Perempuan,0,2017
4603,2017,DKI Jakarta,JAKARTA UTARA,CILINCING,MARUNDA,Cacat Mental-Jiwa,Perempuan,1,2017
4604,2017,DKI Jakarta,JAKARTA UTARA,CILINCING,MARUNDA,Cacat Rungu-Wicara,Perempuan,0,2017
4605,2017,DKI Jakarta,JAKARTA UTARA,CILINCING,KALIBARU,Cacat Lainnya,Perempuan,0,2017
4606,2017,DKI Jakarta,JAKARTA UTARA,CILINCING,SEMPER TIMUR,Cacat Lainnya,Perempuan,2,2017
4607,2017,DKI Jakarta,JAKARTA UTARA,CILINCING,ROROTAN,Cacat Fisik,Perempuan,0,2017
4608,2017,DKI Jakarta,JAKARTA UTARA,CILINCING,ROROTAN,Cacat Lainnya,Perempuan,2,2017
4609,2017,DKI Jakarta,JAKARTA UTARA,CILINCING,ROROTAN,Cacat Mental-Jiwa,Perempuan,2,2017
4610,2017,DKI Jakarta,JAKARTA UTARA,CILINCING,ROROTAN,Cacat Netra-Buta,Perempuan,3,2017
4611,2017,DKI Jakarta,JAKARTA UTARA,CILINCING,ROROTAN,Cacat Rungu-Wicara,Perempuan,1,2017
4612,2017,DKI Jakarta,JAKARTA UTARA,CILINCING,SEMPER BARAT,Cacat Fisik,Perempuan,1,2017
4613,2017,DKI Jakarta,JAKARTA UTARA,CILINCING,SEMPER BARAT,Cacat Lainnya,Perempuan,2,2017
4614,2017,DKI Jakarta,JAKARTA UTARA,CILINCING,SEMPER BARAT,Cacat Netra-Buta,Perempuan,0,2017
4615,2017,DKI Jakarta,JAKARTA UTARA,PADEMANGAN,PADEMANGAN TIMUR,Cacat Fisik,Perempuan,4,2017
4616,2017,DKI Jakarta,JAKARTA UTARA,PADEMANGAN,PADEMANGAN TIMUR,Cacat Fisik dan Mental,Perempuan,0,2017
4617,2017,DKI Jakarta,JAKARTA UTARA,PADEMANGAN,PADEMANGAN TIMUR,Cacat Lainnya,Perempuan,0,2017
4618,2017,DKI Jakarta,JAKARTA UTARA,PADEMANGAN,PADEMANGAN TIMUR,Cacat Mental-Jiwa,Perempuan,0,2017
4619,2017,DKI Jakarta,JAKARTA UTARA,PADEMANGAN,PADEMANGAN TIMUR,Cacat Netra-Buta,Perempuan,1,2017
4620,2017,DKI Jakarta,JAKARTA UTARA,PADEMANGAN,PADEMANGAN TIMUR,Cacat Rungu-Wicara,Perempuan,1,2017
4621,2017,DKI Jakarta,JAKARTA UTARA,PADEMANGAN,PADEMANGAN BARAT,Cacat Fisik,Perempuan,0,2017
4622,2017,DKI Jakarta,JAKARTA UTARA,PADEMANGAN,PADEMANGAN BARAT,Cacat Lainnya,Perempuan,1,2017
4623,2017,DKI Jakarta,JAKARTA UTARA,PADEMANGAN,PADEMANGAN BARAT,Cacat Mental-Jiwa,Perempuan,1,2017
4624,2017,DKI Jakarta,JAKARTA UTARA,PADEMANGAN,PADEMANGAN BARAT,Cacat Rungu-Wicara,Perempuan,0,2017
4625,2017,DKI Jakarta,JAKARTA UTARA,PADEMANGAN,ANCOL,Cacat Fisik,Perempuan,1,2017
4626,2017,DKI Jakarta,JAKARTA UTARA,PADEMANGAN,ANCOL,Cacat Fisik dan Mental,Perempuan,1,2017
4627,2017,DKI Jakarta,JAKARTA UTARA,PADEMANGAN,ANCOL,Cacat Mental-Jiwa,Perempuan,3,2017
4628,2017,DKI Jakarta,JAKARTA UTARA,PADEMANGAN,ANCOL,Cacat Netra-Buta,Perempuan,0,2017
4629,2017,DKI Jakarta,JAKARTA UTARA,KELAPA GADING,KELAPA GADING TIMUR,Cacat Fisik,Perempuan,0,2017
4630,2017,DKI Jakarta,JAKARTA UTARA,KELAPA GADING,KELAPA GADING TIMUR,Cacat Fisik dan Mental,Perempuan,1,2017
4631,2017,DKI Jakarta,JAKARTA UTARA,KELAPA GADING,KELAPA GADING TIMUR,Cacat Lainnya,Perempuan,0,2017
4632,2017,DKI Jakarta,JAKARTA UTARA,KELAPA GADING,KELAPA GADING TIMUR,Cacat Mental-Jiwa,Perempuan,1,2017
4633,2017,DKI Jakarta,JAKARTA UTARA,KELAPA GADING,PEGANGSAAN DUA,Cacat Lainnya,Perempuan,1,2017
4634,2017,DKI Jakarta,JAKARTA UTARA,KELAPA GADING,PEGANGSAAN DUA,Cacat Mental-Jiwa,Perempuan,0,2017
4635,2017,DKI Jakarta,JAKARTA UTARA,KELAPA GADING,PEGANGSAAN DUA,Cacat Netra-Buta,Perempuan,0,2017
4636,2017,DKI Jakarta,JAKARTA UTARA,KELAPA GADING,PEGANGSAAN DUA,Cacat Rungu-Wicara,Perempuan,1,2017
4637,2017,DKI Jakarta,JAKARTA UTARA,KELAPA GADING,KELAPA GADING BARAT,Cacat Fisik dan Mental,Perempuan,1,2017
4638,2017,DKI Jakarta,JAKARTA UTARA,KELAPA GADING,KELAPA GADING BARAT,Cacat Mental-Jiwa,Perempuan,0,2017
4639,2017,DKI Jakarta,JAKARTA BARAT,CENGKARENG,CENGKARENG BARAT,Cacat Fisik,Perempuan,2,2017
4640,2017,DKI Jakarta,JAKARTA BARAT,CENGKARENG,CENGKARENG BARAT,Cacat Fisik dan Mental,Perempuan,4,2017
4641,2017,DKI Jakarta,JAKARTA BARAT,CENGKARENG,CENGKARENG BARAT,Cacat Lainnya,Perempuan,102,2017
4642,2017,DKI Jakarta,JAKARTA BARAT,CENGKARENG,CENGKARENG BARAT,Cacat Mental-Jiwa,Perempuan,256,2017
4643,2017,DKI Jakarta,JAKARTA BARAT,CENGKARENG,CENGKARENG BARAT,Cacat Rungu-Wicara,Perempuan,1,2017
4644,2017,DKI Jakarta,JAKARTA BARAT,CENGKARENG,DURI KOSAMBI,Cacat Fisik,Perempuan,2,2017
4645,2017,DKI Jakarta,JAKARTA BARAT,CENGKARENG,DURI KOSAMBI,Cacat Lainnya,Perempuan,12,2017
4646,2017,DKI Jakarta,JAKARTA BARAT,CENGKARENG,DURI KOSAMBI,Cacat Netra-Buta,Perempuan,1,2017
4647,2017,DKI Jakarta,JAKARTA BARAT,CENGKARENG,DURI KOSAMBI,Cacat Rungu-Wicara,Perempuan,0,2017
4648,2017,DKI Jakarta,JAKARTA BARAT,CENGKARENG,RAWA BUAYA,Cacat Fisik,Perempuan,2,2017
4649,2017,DKI Jakarta,JAKARTA BARAT,CENGKARENG,RAWA BUAYA,Cacat Fisik dan Mental,Perempuan,0,2017
4650,2017,DKI Jakarta,JAKARTA BARAT,CENGKARENG,RAWA BUAYA,Cacat Lainnya,Perempuan,7,2017
4651,2017,DKI Jakarta,JAKARTA BARAT,CENGKARENG,RAWA BUAYA,Cacat Rungu-Wicara,Perempuan,2,2017
4652,2017,DKI Jakarta,JAKARTA BARAT,CENGKARENG,KEDAUNG KALI ANGKE,Cacat Fisik,Perempuan,1,2017
4653,2017,DKI Jakarta,JAKARTA BARAT,CENGKARENG,KEDAUNG KALI ANGKE,Cacat Lainnya,Perempuan,0,2017
4654,2017,DKI Jakarta,JAKARTA BARAT,CENGKARENG,KEDAUNG KALI ANGKE,Cacat Rungu-Wicara,Perempuan,0,2017
4655,2017,DKI Jakarta,JAKARTA BARAT,CENGKARENG,KAPUK,Cacat Fisik,Perempuan,5,2017
4656,2017,DKI Jakarta,JAKARTA BARAT,CENGKARENG,KAPUK,Cacat Fisik dan Mental,Perempuan,1,2017
4657,2017,DKI Jakarta,JAKARTA BARAT,CENGKARENG,KAPUK,Cacat Lainnya,Perempuan,4,2017
4658,2017,DKI Jakarta,JAKARTA BARAT,CENGKARENG,KAPUK,Cacat Mental-Jiwa,Perempuan,1,2017
4659,2017,DKI Jakarta,JAKARTA BARAT,CENGKARENG,KAPUK,Cacat Netra-Buta,Perempuan,1,2017
4660,2017,DKI Jakarta,JAKARTA BARAT,CENGKARENG,KAPUK,Cacat Rungu-Wicara,Perempuan,4,2017
4661,2017,DKI Jakarta,JAKARTA BARAT,CENGKARENG,CENGKARENG TIMUR,Cacat Fisik,Perempuan,9,2017
4662,2017,DKI Jakarta,JAKARTA BARAT,CENGKARENG,CENGKARENG TIMUR,Cacat Fisik dan Mental,Perempuan,1,2017
4663,2017,DKI Jakarta,JAKARTA BARAT,CENGKARENG,CENGKARENG TIMUR,Cacat Lainnya,Perempuan,5,2017
4664,2017,DKI Jakarta,JAKARTA BARAT,CENGKARENG,CENGKARENG TIMUR,Cacat Mental-Jiwa,Perempuan,1,2017
4665,2017,DKI Jakarta,JAKARTA BARAT,KEMBANGAN,KEMBANGAN SELATAN,Cacat Mental-Jiwa,Perempuan,1,2017
4666,2017,DKI Jakarta,JAKARTA SELATAN,TEBET,TEBET TIMUR,Cacat Fisik dan Mental,Perempuan,0,2017
4667,2017,DKI Jakarta,JAKARTA SELATAN,TEBET,TEBET TIMUR,Cacat Lainnya,Perempuan,0,2017
4668,2017,DKI Jakarta,JAKARTA SELATAN,TEBET,TEBET TIMUR,Cacat Mental-Jiwa,Perempuan,4,2017
4669,2017,DKI Jakarta,JAKARTA SELATAN,TEBET,TEBET BARAT,Cacat Lainnya,Perempuan,0,2017
4670,2017,DKI Jakarta,JAKARTA SELATAN,TEBET,TEBET BARAT,Cacat Mental-Jiwa,Perempuan,0,2017
4671,2017,DKI Jakarta,JAKARTA SELATAN,TEBET,MENTENG DALAM,Cacat Fisik,Perempuan,4,2017
4672,2017,DKI Jakarta,JAKARTA SELATAN,TEBET,MENTENG DALAM,Cacat Fisik dan Mental,Perempuan,4,2017
4673,2017,DKI Jakarta,JAKARTA SELATAN,TEBET,MENTENG DALAM,Cacat Lainnya,Perempuan,1,2017
4674,2017,DKI Jakarta,JAKARTA SELATAN,TEBET,MENTENG DALAM,Cacat Mental-Jiwa,Perempuan,8,2017
4675,2017,DKI Jakarta,JAKARTA SELATAN,TEBET,MENTENG DALAM,Cacat Netra-Buta,Perempuan,0,2017
4676,2017,DKI Jakarta,JAKARTA SELATAN,TEBET,MENTENG DALAM,Cacat Rungu-Wicara,Perempuan,3,2017
4677,2017,DKI Jakarta,JAKARTA SELATAN,TEBET,KEBON BARU,Cacat Fisik,Perempuan,1,2017
4678,2017,DKI Jakarta,JAKARTA SELATAN,TEBET,KEBON BARU,Cacat Lainnya,Perempuan,0,2017
4679,2017,DKI Jakarta,JAKARTA SELATAN,TEBET,KEBON BARU,Cacat Netra-Buta,Perempuan,1,2017
4680,2017,DKI Jakarta,JAKARTA SELATAN,TEBET,KEBON BARU,Cacat Rungu-Wicara,Perempuan,0,2017
4681,2017,DKI Jakarta,JAKARTA SELATAN,TEBET,BUKIT DURI,Cacat Mental-Jiwa,Perempuan,1,2017
4682,2017,DKI Jakarta,JAKARTA SELATAN,TEBET,BUKIT DURI,Cacat Rungu-Wicara,Perempuan,0,2017
4683,2017,DKI Jakarta,JAKARTA SELATAN,TEBET,MANGGARAI,Cacat Fisik,Perempuan,3,2017
4684,2017,DKI Jakarta,JAKARTA SELATAN,TEBET,MANGGARAI,Cacat Fisik dan Mental,Perempuan,0,2017
4685,2017,DKI Jakarta,JAKARTA SELATAN,TEBET,MANGGARAI,Cacat Lainnya,Perempuan,0,2017
4686,2017,DKI Jakarta,JAKARTA SELATAN,TEBET,MANGGARAI,Cacat Mental-Jiwa,Perempuan,2,2017
4687,2017,DKI Jakarta,JAKARTA SELATAN,SETIA BUDI,SETIA BUDI,Cacat Mental-Jiwa,Perempuan,1,2017
4688,2017,DKI Jakarta,JAKARTA SELATAN,SETIA BUDI,KARET SEMANGGI,Cacat Lainnya,Perempuan,1,2017
4689,2017,DKI Jakarta,JAKARTA SELATAN,SETIA BUDI,KARET KUNINGAN,Cacat Fisik,Perempuan,1,2017
4690,2017,DKI Jakarta,JAKARTA SELATAN,SETIA BUDI,KARET KUNINGAN,Cacat Rungu-Wicara,Perempuan,0,2017
4691,2017,DKI Jakarta,JAKARTA SELATAN,SETIA BUDI,KARET,Cacat Fisik,Perempuan,0,2017
4692,2017,DKI Jakarta,JAKARTA SELATAN,SETIA BUDI,MENTENG ATAS,Cacat Fisik,Perempuan,1,2017
4693,2017,DKI Jakarta,JAKARTA SELATAN,SETIA BUDI,MENTENG ATAS,Cacat Fisik dan Mental,Perempuan,0,2017
4694,2017,DKI Jakarta,JAKARTA SELATAN,SETIA BUDI,MENTENG ATAS,Cacat Lainnya,Perempuan,1,2017
4695,2017,DKI Jakarta,JAKARTA SELATAN,SETIA BUDI,MENTENG ATAS,Cacat Mental-Jiwa,Perempuan,2,2017
4696,2017,DKI Jakarta,JAKARTA SELATAN,SETIA BUDI,MENTENG ATAS,Cacat Netra-Buta,Perempuan,0,2017
4697,2017,DKI Jakarta,JAKARTA SELATAN,SETIA BUDI,MENTENG ATAS,Cacat Rungu-Wicara,Perempuan,1,2017
4698,2017,DKI Jakarta,JAKARTA SELATAN,SETIA BUDI,PASAR MANGGIS,Cacat Fisik,Perempuan,2,2017
4699,2017,DKI Jakarta,JAKARTA SELATAN,SETIA BUDI,PASAR MANGGIS,Cacat Lainnya,Perempuan,1,2017
4700,2017,DKI Jakarta,JAKARTA SELATAN,SETIA BUDI,PASAR MANGGIS,Cacat Netra-Buta,Perempuan,2,2017
4701,2017,DKI Jakarta,JAKARTA SELATAN,SETIA BUDI,PASAR MANGGIS,Cacat Rungu-Wicara,Perempuan,2,2017
4702,2017,DKI Jakarta,JAKARTA SELATAN,SETIA BUDI,GUNTUR,Cacat Mental-Jiwa,Perempuan,1,2017
4703,2017,DKI Jakarta,JAKARTA SELATAN,MAMPANG PRAPATAN,MAMPANG PRAPATAN,Cacat Fisik,Perempuan,0,2017
4704,2017,DKI Jakarta,JAKARTA SELATAN,MAMPANG PRAPATAN,MAMPANG PRAPATAN,Cacat Mental-Jiwa,Perempuan,4,2017
4705,2017,DKI Jakarta,JAKARTA SELATAN,MAMPANG PRAPATAN,MAMPANG PRAPATAN,Cacat Rungu-Wicara,Perempuan,1,2017
4706,2017,DKI Jakarta,JAKARTA SELATAN,MAMPANG PRAPATAN,BANGKA,Cacat Fisik dan Mental,Perempuan,1,2017
4707,2017,DKI Jakarta,JAKARTA SELATAN,MAMPANG PRAPATAN,BANGKA,Cacat Lainnya,Perempuan,0,2017
4708,2017,DKI Jakarta,JAKARTA SELATAN,MAMPANG PRAPATAN,BANGKA,Cacat Mental-Jiwa,Perempuan,1,2017
4709,2017,DKI Jakarta,JAKARTA SELATAN,MAMPANG PRAPATAN,BANGKA,Cacat Netra-Buta,Perempuan,0,2017
4710,2017,DKI Jakarta,JAKARTA SELATAN,MAMPANG PRAPATAN,BANGKA,Cacat Rungu-Wicara,Perempuan,1,2017
4711,2017,DKI Jakarta,JAKARTA SELATAN,MAMPANG PRAPATAN,PELA MAMPANG,Cacat Fisik,Perempuan,1,2017
4712,2017,DKI Jakarta,JAKARTA SELATAN,MAMPANG PRAPATAN,PELA MAMPANG,Cacat Fisik dan Mental,Perempuan,3,2017
4713,2017,DKI Jakarta,JAKARTA SELATAN,MAMPANG PRAPATAN,PELA MAMPANG,Cacat Lainnya,Perempuan,1,2017
4714,2017,DKI Jakarta,JAKARTA SELATAN,MAMPANG PRAPATAN,PELA MAMPANG,Cacat Mental-Jiwa,Perempuan,3,2017
4715,2017,DKI Jakarta,JAKARTA SELATAN,MAMPANG PRAPATAN,PELA MAMPANG,Cacat Rungu-Wicara,Perempuan,3,2017
4716,2017,DKI Jakarta,JAKARTA SELATAN,MAMPANG PRAPATAN,TEGAL PARANG,Cacat Fisik,Perempuan,1,2017
4717,2017,DKI Jakarta,JAKARTA SELATAN,MAMPANG PRAPATAN,TEGAL PARANG,Cacat Lainnya,Perempuan,3,2017
4718,2017,DKI Jakarta,JAKARTA SELATAN,MAMPANG PRAPATAN,TEGAL PARANG,Cacat Mental-Jiwa,Perempuan,1,2017
4719,2017,DKI Jakarta,JAKARTA SELATAN,MAMPANG PRAPATAN,TEGAL PARANG,Cacat Netra-Buta,Perempuan,1,2017
4720,2017,DKI Jakarta,JAKARTA SELATAN,MAMPANG PRAPATAN,KUNINGAN BARAT,Cacat Lainnya,Perempuan,1,2017
4721,2017,DKI Jakarta,JAKARTA SELATAN,PASAR MINGGU,PASAR MINGGU,Cacat Fisik,Perempuan,1,2017
4722,2017,DKI Jakarta,JAKARTA SELATAN,PASAR MINGGU,JATI PADANG,Cacat Fisik,Perempuan,2,2017
4723,2017,DKI Jakarta,JAKARTA SELATAN,PASAR MINGGU,JATI PADANG,Cacat Fisik dan Mental,Perempuan,1,2017
4724,2017,DKI Jakarta,JAKARTA SELATAN,PASAR MINGGU,JATI PADANG,Cacat Mental-Jiwa,Perempuan,8,2017
4725,2017,DKI Jakarta,JAKARTA SELATAN,PASAR MINGGU,JATI PADANG,Cacat Netra-Buta,Perempuan,1,2017
4726,2017,DKI Jakarta,JAKARTA SELATAN,PASAR MINGGU,JATI PADANG,Cacat Rungu-Wicara,Perempuan,1,2017
4727,2017,DKI Jakarta,JAKARTA SELATAN,PASAR MINGGU,CILANDAK TIMUR,Cacat Lainnya,Perempuan,1,2017
4728,2017,DKI Jakarta,JAKARTA SELATAN,PASAR MINGGU,CILANDAK TIMUR,Cacat Mental-Jiwa,Perempuan,1,2017
4729,2017,DKI Jakarta,JAKARTA SELATAN,PASAR MINGGU,CILANDAK TIMUR,Cacat Rungu-Wicara,Perempuan,0,2017
4730,2017,DKI Jakarta,JAKARTA SELATAN,PASAR MINGGU,RAGUNAN,Cacat Fisik,Perempuan,3,2017
4731,2017,DKI Jakarta,JAKARTA SELATAN,PASAR MINGGU,RAGUNAN,Cacat Lainnya,Perempuan,1,2017
4732,2017,DKI Jakarta,JAKARTA SELATAN,PASAR MINGGU,RAGUNAN,Cacat Mental-Jiwa,Perempuan,0,2017
4733,2017,DKI Jakarta,JAKARTA SELATAN,PASAR MINGGU,RAGUNAN,Cacat Netra-Buta,Perempuan,0,2017
4734,2017,DKI Jakarta,JAKARTA SELATAN,PASAR MINGGU,PEJATEN TIMUR,Cacat Fisik,Perempuan,10,2017
4735,2017,DKI Jakarta,JAKARTA SELATAN,PASAR MINGGU,PEJATEN TIMUR,Cacat Lainnya,Perempuan,1,2017
4736,2017,DKI Jakarta,JAKARTA SELATAN,PASAR MINGGU,PEJATEN TIMUR,Cacat Mental-Jiwa,Perempuan,4,2017
4737,2017,DKI Jakarta,JAKARTA SELATAN,PASAR MINGGU,PEJATEN TIMUR,Cacat Netra-Buta,Perempuan,2,2017
4738,2017,DKI Jakarta,JAKARTA SELATAN,PASAR MINGGU,PEJATEN TIMUR,Cacat Rungu-Wicara,Perempuan,2,2017
4739,2017,DKI Jakarta,JAKARTA SELATAN,PASAR MINGGU,PEJATEN BARAT,Cacat Fisik,Perempuan,1,2017
4740,2017,DKI Jakarta,JAKARTA SELATAN,PASAR MINGGU,PEJATEN BARAT,Cacat Mental-Jiwa,Perempuan,2,2017
4741,2017,DKI Jakarta,JAKARTA SELATAN,PASAR MINGGU,KEBAGUSAN,Cacat Fisik,Perempuan,0,2017
4742,2017,DKI Jakarta,JAKARTA SELATAN,PASAR MINGGU,KEBAGUSAN,Cacat Lainnya,Perempuan,1,2017
4743,2017,DKI Jakarta,JAKARTA SELATAN,PASAR MINGGU,KEBAGUSAN,Cacat Mental-Jiwa,Perempuan,0,2017
4744,2017,DKI Jakarta,JAKARTA SELATAN,PASAR MINGGU,KEBAGUSAN,Cacat Rungu-Wicara,Perempuan,0,2017
4745,2017,DKI Jakarta,JAKARTA SELATAN,KEBAYORAN LAMA,KEBAYORAN LAMA UTARA,Cacat Lainnya,Perempuan,0,2017
4746,2017,DKI Jakarta,JAKARTA SELATAN,KEBAYORAN LAMA,KEBAYORAN LAMA UTARA,Cacat Mental-Jiwa,Perempuan,1,2017
4747,2017,DKI Jakarta,JAKARTA SELATAN,KEBAYORAN LAMA,KEBAYORAN LAMA UTARA,Cacat Rungu-Wicara,Perempuan,1,2017
4748,2017,DKI Jakarta,JAKARTA SELATAN,JAGAKARSA,SRENGSENG SAWAH,Cacat Lainnya,Perempuan,1,2017
4749,2017,DKI Jakarta,JAKARTA SELATAN,JAGAKARSA,SRENGSENG SAWAH,Cacat Mental-Jiwa,Perempuan,2,2017
4750,2017,DKI Jakarta,JAKARTA SELATAN,JAGAKARSA,CIGANJUR,Cacat Fisik,Perempuan,23,2017
4751,2017,DKI Jakarta,JAKARTA SELATAN,JAGAKARSA,CIGANJUR,Cacat Fisik dan Mental,Perempuan,0,2017
4752,2017,DKI Jakarta,JAKARTA SELATAN,JAGAKARSA,CIGANJUR,Cacat Lainnya,Perempuan,2,2017
4753,2017,DKI Jakarta,JAKARTA SELATAN,JAGAKARSA,CIGANJUR,Cacat Mental-Jiwa,Perempuan,0,2017
4754,2017,DKI Jakarta,JAKARTA SELATAN,JAGAKARSA,CIGANJUR,Cacat Netra-Buta,Perempuan,1,2017
4755,2017,DKI Jakarta,JAKARTA SELATAN,JAGAKARSA,CIGANJUR,Cacat Rungu-Wicara,Perempuan,1,2017
4756,2017,DKI Jakarta,JAKARTA SELATAN,JAGAKARSA,LENTENG AGUNG,Cacat Fisik,Perempuan,2,2017
4757,2017,DKI Jakarta,JAKARTA SELATAN,JAGAKARSA,LENTENG AGUNG,Cacat Lainnya,Perempuan,4,2017
4758,2017,DKI Jakarta,JAKARTA SELATAN,JAGAKARSA,LENTENG AGUNG,Cacat Mental-Jiwa,Perempuan,0,2017
4759,2017,DKI Jakarta,JAKARTA SELATAN,JAGAKARSA,LENTENG AGUNG,Cacat Rungu-Wicara,Perempuan,1,2017
4760,2017,DKI Jakarta,JAKARTA SELATAN,JAGAKARSA,TANJUNG BARAT,Cacat Fisik,Perempuan,0,2017
4761,2017,DKI Jakarta,JAKARTA SELATAN,JAGAKARSA,TANJUNG BARAT,Cacat Fisik dan Mental,Perempuan,1,2017
4762,2017,DKI Jakarta,JAKARTA SELATAN,JAGAKARSA,TANJUNG BARAT,Cacat Lainnya,Perempuan,2,2017
4763,2017,DKI Jakarta,JAKARTA SELATAN,JAGAKARSA,TANJUNG BARAT,Cacat Mental-Jiwa,Perempuan,0,2017
4764,2017,DKI Jakarta,JAKARTA SELATAN,JAGAKARSA,TANJUNG BARAT,Cacat Netra-Buta,Perempuan,1,2017
4765,2017,DKI Jakarta,JAKARTA SELATAN,JAGAKARSA,CIPEDAK,Cacat Fisik,Perempuan,0,2017
4766,2017,DKI Jakarta,JAKARTA SELATAN,JAGAKARSA,CIPEDAK,Cacat Mental-Jiwa,Perempuan,3,2017
4767,2017,DKI Jakarta,JAKARTA SELATAN,JAGAKARSA,CIPEDAK,Cacat Rungu-Wicara,Perempuan,0,2017
4768,2017,DKI Jakarta,JAKARTA SELATAN,PESANGGRAHAN,PESANGGRAHAN,Cacat Fisik,Perempuan,1,2017
4769,2017,DKI Jakarta,JAKARTA SELATAN,PESANGGRAHAN,PESANGGRAHAN,Cacat Rungu-Wicara,Perempuan,0,2017
4770,2017,DKI Jakarta,JAKARTA SELATAN,PESANGGRAHAN,BINTARO,Cacat Fisik,Perempuan,0,2017
4771,2017,DKI Jakarta,JAKARTA SELATAN,PESANGGRAHAN,BINTARO,Cacat Lainnya,Perempuan,1,2017
4772,2017,DKI Jakarta,JAKARTA SELATAN,PESANGGRAHAN,BINTARO,Cacat Mental-Jiwa,Perempuan,2,2017
4773,2017,DKI Jakarta,JAKARTA SELATAN,PESANGGRAHAN,PETUKANGAN UTARA,Cacat Fisik,Perempuan,3,2017
4774,2017,DKI Jakarta,JAKARTA SELATAN,PESANGGRAHAN,PETUKANGAN UTARA,Cacat Fisik dan Mental,Perempuan,1,2017
4775,2017,DKI Jakarta,JAKARTA SELATAN,PESANGGRAHAN,PETUKANGAN UTARA,Cacat Lainnya,Perempuan,7,2017
4776,2017,DKI Jakarta,JAKARTA SELATAN,PESANGGRAHAN,PETUKANGAN UTARA,Cacat Mental-Jiwa,Perempuan,0,2017
4777,2017,DKI Jakarta,JAKARTA SELATAN,PESANGGRAHAN,PETUKANGAN UTARA,Cacat Netra-Buta,Perempuan,0,2017
4778,2017,DKI Jakarta,JAKARTA SELATAN,PESANGGRAHAN,PETUKANGAN SELATAN,Cacat Fisik,Perempuan,1,2017
4779,2017,DKI Jakarta,JAKARTA SELATAN,PESANGGRAHAN,PETUKANGAN SELATAN,Cacat Fisik dan Mental,Perempuan,1,2017
4780,2017,DKI Jakarta,JAKARTA SELATAN,PESANGGRAHAN,PETUKANGAN SELATAN,Cacat Lainnya,Perempuan,2,2017
4781,2017,DKI Jakarta,JAKARTA SELATAN,PESANGGRAHAN,PETUKANGAN SELATAN,Cacat Mental-Jiwa,Perempuan,1,2017
4782,2017,DKI Jakarta,JAKARTA SELATAN,PESANGGRAHAN,PETUKANGAN SELATAN,Cacat Rungu-Wicara,Perempuan,1,2017
4783,2017,DKI Jakarta,JAKARTA SELATAN,PESANGGRAHAN,ULUJAMI,Cacat Fisik,Perempuan,1,2017
4784,2017,DKI Jakarta,JAKARTA SELATAN,PESANGGRAHAN,ULUJAMI,Cacat Fisik dan Mental,Perempuan,0,2017
4785,2017,DKI Jakarta,JAKARTA SELATAN,PESANGGRAHAN,ULUJAMI,Cacat Lainnya,Perempuan,2,2017
4786,2017,DKI Jakarta,JAKARTA SELATAN,PESANGGRAHAN,ULUJAMI,Cacat Mental-Jiwa,Perempuan,0,2017
4787,2017,DKI Jakarta,JAKARTA TIMUR,MATRAMAN,PISANGAN BARU,Cacat Fisik,Perempuan,9,2017
4788,2017,DKI Jakarta,JAKARTA TIMUR,MATRAMAN,PISANGAN BARU,Cacat Fisik dan Mental,Perempuan,0,2017
4789,2017,DKI Jakarta,JAKARTA TIMUR,MATRAMAN,PISANGAN BARU,Cacat Lainnya,Perempuan,4,2017
4790,2017,DKI Jakarta,JAKARTA TIMUR,MATRAMAN,PISANGAN BARU,Cacat Mental-Jiwa,Perempuan,4,2017
4791,2017,DKI Jakarta,JAKARTA TIMUR,MATRAMAN,PISANGAN BARU,Cacat Netra-Buta,Perempuan,0,2017
4792,2017,DKI Jakarta,JAKARTA TIMUR,MATRAMAN,PISANGAN BARU,Cacat Rungu-Wicara,Perempuan,1,2017
4793,2017,DKI Jakarta,JAKARTA TIMUR,MATRAMAN,UTAN KAYU UTARA,Cacat Fisik,Perempuan,0,2017
4794,2017,DKI Jakarta,JAKARTA TIMUR,MATRAMAN,UTAN KAYU UTARA,Cacat Fisik dan Mental,Perempuan,1,2017
4795,2017,DKI Jakarta,JAKARTA TIMUR,MATRAMAN,UTAN KAYU UTARA,Cacat Lainnya,Perempuan,3,2017
4796,2017,DKI Jakarta,JAKARTA TIMUR,MATRAMAN,UTAN KAYU UTARA,Cacat Mental-Jiwa,Perempuan,0,2017
4797,2017,DKI Jakarta,JAKARTA TIMUR,MATRAMAN,UTAN KAYU UTARA,Cacat Netra-Buta,Perempuan,0,2017
4798,2017,DKI Jakarta,JAKARTA TIMUR,MATRAMAN,UTAN KAYU UTARA,Cacat Rungu-Wicara,Perempuan,0,2017
4799,2017,DKI Jakarta,JAKARTA TIMUR,MATRAMAN,KAYU MANIS,Cacat Lainnya,Perempuan,1,2017
4800,2017,DKI Jakarta,JAKARTA TIMUR,MATRAMAN,PALMERIAM,Cacat Fisik,Perempuan,1,2017
4801,2017,DKI Jakarta,JAKARTA TIMUR,MATRAMAN,PALMERIAM,Cacat Fisik dan Mental,Perempuan,1,2017
4802,2017,DKI Jakarta,JAKARTA TIMUR,MATRAMAN,PALMERIAM,Cacat Lainnya,Perempuan,0,2017
4803,2017,DKI Jakarta,JAKARTA TIMUR,MATRAMAN,PALMERIAM,Cacat Mental-Jiwa,Perempuan,2,2017
4804,2017,DKI Jakarta,JAKARTA TIMUR,MATRAMAN,PALMERIAM,Cacat Netra-Buta,Perempuan,0,2017
4805,2017,DKI Jakarta,JAKARTA TIMUR,MATRAMAN,PALMERIAM,Cacat Rungu-Wicara,Perempuan,0,2017
4806,2017,DKI Jakarta,JAKARTA TIMUR,MATRAMAN,KEBON MANGGIS,Cacat Fisik,Perempuan,1,2017
4807,2017,DKI Jakarta,JAKARTA TIMUR,MATRAMAN,KEBON MANGGIS,Cacat Fisik dan Mental,Perempuan,0,2017
4808,2017,DKI Jakarta,JAKARTA TIMUR,MATRAMAN,KEBON MANGGIS,Cacat Mental-Jiwa,Perempuan,1,2017
4809,2017,DKI Jakarta,JAKARTA TIMUR,MATRAMAN,UTAN KAYU SELATAN,Cacat Fisik,Perempuan,1,2017
4810,2017,DKI Jakarta,JAKARTA TIMUR,MATRAMAN,UTAN KAYU SELATAN,Cacat Lainnya,Perempuan,0,2017
4811,2017,DKI Jakarta,JAKARTA TIMUR,MATRAMAN,UTAN KAYU SELATAN,Cacat Mental-Jiwa,Perempuan,0,2017
4812,2017,DKI Jakarta,JAKARTA TIMUR,MATRAMAN,UTAN KAYU SELATAN,Cacat Netra-Buta,Perempuan,1,2017
4813,2017,DKI Jakarta,JAKARTA TIMUR,PULO GADUNG,PULO GADUNG,Cacat Fisik,Perempuan,3,2017
4814,2017,DKI Jakarta,JAKARTA TIMUR,PULO GADUNG,PULO GADUNG,Cacat Lainnya,Perempuan,1,2017
4815,2017,DKI Jakarta,JAKARTA TIMUR,PULO GADUNG,PULO GADUNG,Cacat Mental-Jiwa,Perempuan,0,2017
4816,2017,DKI Jakarta,JAKARTA TIMUR,PULO GADUNG,PISANGAN TIMUR,Cacat Fisik,Perempuan,0,2017
4817,2017,DKI Jakarta,JAKARTA TIMUR,PULO GADUNG,PISANGAN TIMUR,Cacat Lainnya,Perempuan,3,2017
4818,2017,DKI Jakarta,JAKARTA TIMUR,PULO GADUNG,PISANGAN TIMUR,Cacat Mental-Jiwa,Perempuan,1,2017
4819,2017,DKI Jakarta,JAKARTA TIMUR,PULO GADUNG,CIPINANG,Cacat Netra-Buta,Perempuan,0,2017
4820,2017,DKI Jakarta,JAKARTA TIMUR,PULO GADUNG,CIPINANG,Cacat Rungu-Wicara,Perempuan,1,2017
4821,2017,DKI Jakarta,JAKARTA TIMUR,PULO GADUNG,JATINEGARA KAUM,Cacat Fisik,Perempuan,1,2017
4822,2017,DKI Jakarta,JAKARTA TIMUR,PULO GADUNG,JATINEGARA KAUM,Cacat Lainnya,Perempuan,0,2017
4823,2017,DKI Jakarta,JAKARTA TIMUR,PULO GADUNG,JATINEGARA KAUM,Cacat Mental-Jiwa,Perempuan,3,2017
4824,2017,DKI Jakarta,JAKARTA TIMUR,PULO GADUNG,RAWAMANGUN,Cacat Fisik,Perempuan,1,2017
4825,2017,DKI Jakarta,JAKARTA TIMUR,PULO GADUNG,RAWAMANGUN,Cacat Lainnya,Perempuan,1,2017
4826,2017,DKI Jakarta,JAKARTA TIMUR,PULO GADUNG,RAWAMANGUN,Cacat Mental-Jiwa,Perempuan,2,2017
4827,2017,DKI Jakarta,JAKARTA TIMUR,PULO GADUNG,KAYU PUTIH,Cacat Fisik,Perempuan,0,2017
4828,2017,DKI Jakarta,JAKARTA TIMUR,PULO GADUNG,KAYU PUTIH,Cacat Fisik dan Mental,Perempuan,0,2017
4829,2017,DKI Jakarta,JAKARTA TIMUR,PULO GADUNG,KAYU PUTIH,Cacat Lainnya,Perempuan,0,2017
4830,2017,DKI Jakarta,JAKARTA TIMUR,PULO GADUNG,KAYU PUTIH,Cacat Mental-Jiwa,Perempuan,1,2017
4831,2017,DKI Jakarta,JAKARTA TIMUR,PULO GADUNG,JATI,Cacat Fisik,Perempuan,1,2017
4832,2017,DKI Jakarta,JAKARTA TIMUR,KRAMATJATI,BATU AMPAR,Cacat Netra-Buta,Perempuan,1,2017
4833,2017,DKI Jakarta,JAKARTA TIMUR,KRAMATJATI,BATU AMPAR,Cacat Rungu-Wicara,Perempuan,3,2017
4834,2017,DKI Jakarta,JAKARTA TIMUR,KRAMATJATI,BALEKAMBANG,Cacat Fisik,Perempuan,0,2017
4835,2017,DKI Jakarta,JAKARTA TIMUR,KRAMATJATI,BALEKAMBANG,Cacat Fisik dan Mental,Perempuan,0,2017
4836,2017,DKI Jakarta,JAKARTA TIMUR,KRAMATJATI,BALEKAMBANG,Cacat Lainnya,Perempuan,1,2017
4837,2017,DKI Jakarta,JAKARTA TIMUR,KRAMATJATI,BALEKAMBANG,Cacat Mental-Jiwa,Perempuan,1,2017
4838,2017,DKI Jakarta,JAKARTA TIMUR,KRAMATJATI,BALEKAMBANG,Cacat Netra-Buta,Perempuan,1,2017
4839,2017,DKI Jakarta,JAKARTA TIMUR,KRAMATJATI,BALEKAMBANG,Cacat Rungu-Wicara,Perempuan,0,2017
4840,2017,DKI Jakarta,JAKARTA TIMUR,KRAMATJATI,CILILITAN,Cacat Fisik dan Mental,Perempuan,1,2017
4841,2017,DKI Jakarta,JAKARTA TIMUR,KRAMATJATI,CILILITAN,Cacat Mental-Jiwa,Perempuan,3,2017
4842,2017,DKI Jakarta,JAKARTA TIMUR,KRAMATJATI,CILILITAN,Cacat Rungu-Wicara,Perempuan,1,2017
4843,2017,DKI Jakarta,JAKARTA TIMUR,KRAMATJATI,CAWANG,Cacat Fisik,Perempuan,0,2017
4844,2017,DKI Jakarta,JAKARTA TIMUR,KRAMATJATI,CAWANG,Cacat Lainnya,Perempuan,1,2017
4845,2017,DKI Jakarta,JAKARTA TIMUR,KRAMATJATI,CAWANG,Cacat Rungu-Wicara,Perempuan,1,2017
4846,2017,DKI Jakarta,JAKARTA TIMUR,PASAR REBO,GEDONG,Cacat Fisik,Perempuan,0,2017
4847,2017,DKI Jakarta,JAKARTA TIMUR,PASAR REBO,GEDONG,Cacat Mental-Jiwa,Perempuan,3,2017
4848,2017,DKI Jakarta,JAKARTA TIMUR,PASAR REBO,BARU,Cacat Fisik,Perempuan,2,2017
4849,2017,DKI Jakarta,JAKARTA TIMUR,PASAR REBO,BARU,Cacat Fisik dan Mental,Perempuan,1,2017
4850,2017,DKI Jakarta,JAKARTA TIMUR,PASAR REBO,BARU,Cacat Lainnya,Perempuan,0,2017
4851,2017,DKI Jakarta,JAKARTA TIMUR,PASAR REBO,BARU,Cacat Mental-Jiwa,Perempuan,0,2017
4852,2017,DKI Jakarta,JAKARTA TIMUR,PASAR REBO,BARU,Cacat Netra-Buta,Perempuan,0,2017
4853,2017,DKI Jakarta,JAKARTA TIMUR,PASAR REBO,CIJANTUNG,Cacat Fisik,Perempuan,4,2017
4854,2017,DKI Jakarta,JAKARTA TIMUR,PASAR REBO,CIJANTUNG,Cacat Fisik dan Mental,Perempuan,0,2017
4855,2017,DKI Jakarta,JAKARTA TIMUR,PASAR REBO,CIJANTUNG,Cacat Lainnya,Perempuan,7,2017
4856,2017,DKI Jakarta,JAKARTA TIMUR,PASAR REBO,CIJANTUNG,Cacat Mental-Jiwa,Perempuan,3,2017
4857,2017,DKI Jakarta,JAKARTA TIMUR,PASAR REBO,CIJANTUNG,Cacat Netra-Buta,Perempuan,2,2017
4858,2017,DKI Jakarta,JAKARTA TIMUR,PASAR REBO,CIJANTUNG,Cacat Rungu-Wicara,Perempuan,1,2017
4859,2017,DKI Jakarta,JAKARTA TIMUR,PASAR REBO,KALISARI,Cacat Fisik,Perempuan,0,2017
4860,2017,DKI Jakarta,JAKARTA TIMUR,PASAR REBO,KALISARI,Cacat Fisik dan Mental,Perempuan,1,2017
4861,2017,DKI Jakarta,JAKARTA TIMUR,PASAR REBO,KALISARI,Cacat Mental-Jiwa,Perempuan,1,2017
4862,2017,DKI Jakarta,JAKARTA TIMUR,PASAR REBO,KALISARI,Cacat Netra-Buta,Perempuan,2,2017
4863,2017,DKI Jakarta,JAKARTA TIMUR,PASAR REBO,KALISARI,Cacat Rungu-Wicara,Perempuan,1,2017
4864,2017,DKI Jakarta,JAKARTA TIMUR,PASAR REBO,PEKAYON,Cacat Fisik dan Mental,Perempuan,1,2017
4865,2017,DKI Jakarta,JAKARTA TIMUR,PASAR REBO,PEKAYON,Cacat Lainnya,Perempuan,2,2017
4866,2017,DKI Jakarta,JAKARTA TIMUR,PASAR REBO,PEKAYON,Cacat Mental-Jiwa,Perempuan,0,2017
4867,2017,DKI Jakarta,JAKARTA TIMUR,PASAR REBO,PEKAYON,Cacat Netra-Buta,Perempuan,2,2017
4868,2017,DKI Jakarta,JAKARTA TIMUR,PASAR REBO,PEKAYON,Cacat Rungu-Wicara,Perempuan,1,2017
4869,2017,DKI Jakarta,JAKARTA TIMUR,CAKUNG,JATINEGARA,Cacat Fisik,Perempuan,3,2017
4870,2017,DKI Jakarta,JAKARTA TIMUR,CAKUNG,JATINEGARA,Cacat Lainnya,Perempuan,0,2017
4871,2017,DKI Jakarta,JAKARTA TIMUR,CAKUNG,JATINEGARA,Cacat Mental-Jiwa,Perempuan,1,2017
4872,2017,DKI Jakarta,JAKARTA TIMUR,CAKUNG,JATINEGARA,Cacat Netra-Buta,Perempuan,0,2017
4873,2017,DKI Jakarta,JAKARTA TIMUR,CAKUNG,RAWA TERATE,Cacat Lainnya,Perempuan,0,2017
4874,2017,DKI Jakarta,JAKARTA TIMUR,CAKUNG,RAWA TERATE,Cacat Mental-Jiwa,Perempuan,1,2017
4875,2017,DKI Jakarta,JAKARTA TIMUR,PULO GADUNG,JATI,Cacat Fisik dan Mental,Perempuan,1,2017
4876,2017,DKI Jakarta,JAKARTA TIMUR,PULO GADUNG,JATI,Cacat Lainnya,Perempuan,1,2017
4877,2017,DKI Jakarta,JAKARTA TIMUR,PULO GADUNG,JATI,Cacat Rungu-Wicara,Perempuan,1,2017
4878,2017,DKI Jakarta,JAKARTA TIMUR,JATINEGARA,KAMPUNG MELAYU,Cacat Mental-Jiwa,Perempuan,0,2017
4879,2017,DKI Jakarta,JAKARTA TIMUR,JATINEGARA,BIDARA CINA,Cacat Fisik,Perempuan,2,2017
4880,2017,DKI Jakarta,JAKARTA TIMUR,JATINEGARA,BIDARA CINA,Cacat Fisik dan Mental,Perempuan,0,2017
4881,2017,DKI Jakarta,JAKARTA TIMUR,JATINEGARA,BIDARA CINA,Cacat Lainnya,Perempuan,6,2017
4882,2017,DKI Jakarta,JAKARTA TIMUR,JATINEGARA,BIDARA CINA,Cacat Mental-Jiwa,Perempuan,1,2017
4883,2017,DKI Jakarta,JAKARTA TIMUR,JATINEGARA,BIDARA CINA,Cacat Rungu-Wicara,Perempuan,1,2017
4884,2017,DKI Jakarta,JAKARTA TIMUR,JATINEGARA,BALI MESTER,Cacat Fisik dan Mental,Perempuan,0,2017
4885,2017,DKI Jakarta,JAKARTA TIMUR,JATINEGARA,BALI MESTER,Cacat Lainnya,Perempuan,0,2017
4886,2017,DKI Jakarta,JAKARTA TIMUR,JATINEGARA,BALI MESTER,Cacat Mental-Jiwa,Perempuan,1,2017
4887,2017,DKI Jakarta,JAKARTA TIMUR,JATINEGARA,RAWA BUNGA,Cacat Fisik,Perempuan,1,2017
4888,2017,DKI Jakarta,JAKARTA TIMUR,JATINEGARA,RAWA BUNGA,Cacat Fisik dan Mental,Perempuan,1,2017
4889,2017,DKI Jakarta,JAKARTA TIMUR,JATINEGARA,RAWA BUNGA,Cacat Lainnya,Perempuan,1,2017
4890,2017,DKI Jakarta,JAKARTA TIMUR,JATINEGARA,RAWA BUNGA,Cacat Mental-Jiwa,Perempuan,2,2017
4891,2017,DKI Jakarta,JAKARTA TIMUR,JATINEGARA,CIPINANG CEMPEDAK,Cacat Fisik,Perempuan,2,2017
4892,2017,DKI Jakarta,JAKARTA TIMUR,JATINEGARA,CIPINANG CEMPEDAK,Cacat Fisik dan Mental,Perempuan,1,2017
4893,2017,DKI Jakarta,JAKARTA TIMUR,JATINEGARA,CIPINANG CEMPEDAK,Cacat Mental-Jiwa,Perempuan,2,2017
4894,2017,DKI Jakarta,JAKARTA TIMUR,JATINEGARA,CIPINANG CEMPEDAK,Cacat Rungu-Wicara,Perempuan,0,2017
4895,2017,DKI Jakarta,JAKARTA TIMUR,JATINEGARA,CIPINANG MUARA,Cacat Fisik dan Mental,Perempuan,0,2017
4896,2017,DKI Jakarta,JAKARTA TIMUR,JATINEGARA,CIPINANG BESAR SELATAN,Cacat Fisik,Perempuan,1,2017
4897,2017,DKI Jakarta,JAKARTA TIMUR,JATINEGARA,CIPINANG BESAR SELATAN,Cacat Fisik dan Mental,Perempuan,1,2017
4898,2017,DKI Jakarta,JAKARTA TIMUR,JATINEGARA,CIPINANG BESAR SELATAN,Cacat Lainnya,Perempuan,2,2017
4899,2017,DKI Jakarta,JAKARTA TIMUR,JATINEGARA,CIPINANG BESAR SELATAN,Cacat Netra-Buta,Perempuan,1,2017
4900,2017,DKI Jakarta,JAKARTA TIMUR,JATINEGARA,CIPINANG BESAR SELATAN,Cacat Rungu-Wicara,Perempuan,2,2017
4901,2017,DKI Jakarta,JAKARTA TIMUR,JATINEGARA,CIPINANG BESAR UTARA,Cacat Fisik,Perempuan,1,2017
4902,2017,DKI Jakarta,JAKARTA TIMUR,JATINEGARA,CIPINANG BESAR UTARA,Cacat Lainnya,Perempuan,1,2017
4903,2017,DKI Jakarta,JAKARTA TIMUR,KRAMATJATI,KRAMATJATI,Cacat Lainnya,Perempuan,1,2017
4904,2017,DKI Jakarta,JAKARTA TIMUR,KRAMATJATI,KRAMATJATI,Cacat Mental-Jiwa,Perempuan,0,2017
4905,2017,DKI Jakarta,JAKARTA TIMUR,KRAMATJATI,KRAMATJATI,Cacat Netra-Buta,Perempuan,1,2017
4906,2017,DKI Jakarta,JAKARTA TIMUR,KRAMATJATI,KRAMATJATI,Cacat Rungu-Wicara,Perempuan,3,2017
4907,2017,DKI Jakarta,JAKARTA TIMUR,KRAMATJATI,TENGAH,Cacat Fisik,Perempuan,0,2017
4908,2017,DKI Jakarta,JAKARTA TIMUR,KRAMATJATI,TENGAH,Cacat Lainnya,Perempuan,0,2017
4909,2017,DKI Jakarta,JAKARTA TIMUR,KRAMATJATI,TENGAH,Cacat Mental-Jiwa,Perempuan,1,2017
4910,2017,DKI Jakarta,JAKARTA TIMUR,KRAMATJATI,DUKUH,Cacat Lainnya,Perempuan,0,2017
4911,2017,DKI Jakarta,JAKARTA TIMUR,KRAMATJATI,DUKUH,Cacat Mental-Jiwa,Perempuan,2,2017
4912,2017,DKI Jakarta,JAKARTA TIMUR,KRAMATJATI,DUKUH,Cacat Rungu-Wicara,Perempuan,0,2017
4913,2017,DKI Jakarta,JAKARTA TIMUR,KRAMATJATI,BATU AMPAR,Cacat Fisik,Perempuan,2,2017
4914,2017,DKI Jakarta,JAKARTA TIMUR,KRAMATJATI,BATU AMPAR,Cacat Fisik dan Mental,Perempuan,0,2017
4915,2017,DKI Jakarta,JAKARTA TIMUR,KRAMATJATI,BATU AMPAR,Cacat Lainnya,Perempuan,3,2017
4916,2017,DKI Jakarta,JAKARTA TIMUR,KRAMATJATI,BATU AMPAR,Cacat Mental-Jiwa,Perempuan,3,2017
4917,2017,DKI Jakarta,JAKARTA SELATAN,KEBAYORAN LAMA,PONDOK PINANG,Cacat Fisik,Perempuan,0,2017
4918,2017,DKI Jakarta,JAKARTA SELATAN,KEBAYORAN LAMA,PONDOK PINANG,Cacat Fisik dan Mental,Perempuan,1,2017
4919,2017,DKI Jakarta,JAKARTA SELATAN,KEBAYORAN LAMA,PONDOK PINANG,Cacat Lainnya,Perempuan,1,2017
4920,2017,DKI Jakarta,JAKARTA SELATAN,KEBAYORAN LAMA,PONDOK PINANG,Cacat Mental-Jiwa,Perempuan,1,2017
4921,2017,DKI Jakarta,JAKARTA SELATAN,KEBAYORAN LAMA,PONDOK PINANG,Cacat Netra-Buta,Perempuan,0,2017
4922,2017,DKI Jakarta,JAKARTA SELATAN,KEBAYORAN LAMA,PONDOK PINANG,Cacat Rungu-Wicara,Perempuan,1,2017
4923,2017,DKI Jakarta,JAKARTA SELATAN,KEBAYORAN LAMA,CIPULIR,Cacat Fisik,Perempuan,5,2017
4924,2017,DKI Jakarta,JAKARTA SELATAN,KEBAYORAN LAMA,CIPULIR,Cacat Fisik dan Mental,Perempuan,1,2017
4925,2017,DKI Jakarta,JAKARTA SELATAN,KEBAYORAN LAMA,CIPULIR,Cacat Lainnya,Perempuan,2,2017
4926,2017,DKI Jakarta,JAKARTA SELATAN,KEBAYORAN LAMA,CIPULIR,Cacat Netra-Buta,Perempuan,0,2017
4927,2017,DKI Jakarta,JAKARTA SELATAN,KEBAYORAN LAMA,GROGOL UTARA,Cacat Fisik,Perempuan,0,2017
4928,2017,DKI Jakarta,JAKARTA SELATAN,KEBAYORAN LAMA,GROGOL UTARA,Cacat Lainnya,Perempuan,1,2017
4929,2017,DKI Jakarta,JAKARTA SELATAN,KEBAYORAN LAMA,GROGOL UTARA,Cacat Rungu-Wicara,Perempuan,1,2017
4930,2017,DKI Jakarta,JAKARTA SELATAN,KEBAYORAN LAMA,GROGOL SELATAN,Cacat Fisik,Perempuan,1,2017
4931,2017,DKI Jakarta,JAKARTA SELATAN,KEBAYORAN LAMA,GROGOL SELATAN,Cacat Lainnya,Perempuan,1,2017
4932,2017,DKI Jakarta,JAKARTA SELATAN,KEBAYORAN LAMA,KEBAYORAN LAMA SELATAN,Cacat Fisik,Perempuan,0,2017
4933,2017,DKI Jakarta,JAKARTA SELATAN,KEBAYORAN LAMA,KEBAYORAN LAMA SELATAN,Cacat Fisik dan Mental,Perempuan,1,2017
4934,2017,DKI Jakarta,JAKARTA SELATAN,KEBAYORAN LAMA,KEBAYORAN LAMA SELATAN,Cacat Lainnya,Perempuan,1,2017
4935,2017,DKI Jakarta,JAKARTA SELATAN,KEBAYORAN LAMA,KEBAYORAN LAMA SELATAN,Cacat Mental-Jiwa,Perempuan,1,2017
4936,2017,DKI Jakarta,JAKARTA SELATAN,KEBAYORAN LAMA,KEBAYORAN LAMA SELATAN,Cacat Rungu-Wicara,Perempuan,1,2017
4937,2017,DKI Jakarta,JAKARTA SELATAN,CILANDAK,CILANDAK BARAT,Cacat Lainnya,Perempuan,0,2017
4938,2017,DKI Jakarta,JAKARTA SELATAN,CILANDAK,CILANDAK BARAT,Cacat Rungu-Wicara,Perempuan,1,2017
4939,2017,DKI Jakarta,JAKARTA SELATAN,CILANDAK,LEBAK BULUS,Cacat Fisik,Perempuan,1,2017
4940,2017,DKI Jakarta,JAKARTA SELATAN,CILANDAK,LEBAK BULUS,Cacat Lainnya,Perempuan,1,2017
4941,2017,DKI Jakarta,JAKARTA SELATAN,CILANDAK,LEBAK BULUS,Cacat Mental-Jiwa,Perempuan,0,2017
4942,2017,DKI Jakarta,JAKARTA SELATAN,CILANDAK,PONDOK LABU,Cacat Fisik,Perempuan,1,2017
4943,2017,DKI Jakarta,JAKARTA SELATAN,CILANDAK,PONDOK LABU,Cacat Lainnya,Perempuan,0,2017
4944,2017,DKI Jakarta,JAKARTA SELATAN,CILANDAK,PONDOK LABU,Cacat Mental-Jiwa,Perempuan,2,2017
4945,2017,DKI Jakarta,JAKARTA SELATAN,CILANDAK,PONDOK LABU,Cacat Netra-Buta,Perempuan,1,2017
4946,2017,DKI Jakarta,JAKARTA SELATAN,CILANDAK,GANDARIA SELATAN,Cacat Fisik,Perempuan,1,2017
4947,2017,DKI Jakarta,JAKARTA SELATAN,CILANDAK,GANDARIA SELATAN,Cacat Lainnya,Perempuan,1,2017
4948,2017,DKI Jakarta,JAKARTA SELATAN,CILANDAK,GANDARIA SELATAN,Cacat Netra-Buta,Perempuan,2,2017
4949,2017,DKI Jakarta,JAKARTA SELATAN,CILANDAK,CIPETE SELATAN,Cacat Fisik,Perempuan,1,2017
4950,2017,DKI Jakarta,JAKARTA SELATAN,CILANDAK,CIPETE SELATAN,Cacat Fisik dan Mental,Perempuan,1,2017
4951,2017,DKI Jakarta,JAKARTA SELATAN,CILANDAK,CIPETE SELATAN,Cacat Lainnya,Perempuan,1,2017
4952,2017,DKI Jakarta,JAKARTA SELATAN,CILANDAK,CIPETE SELATAN,Cacat Mental-Jiwa,Perempuan,0,2017
4953,2017,DKI Jakarta,JAKARTA SELATAN,CILANDAK,CIPETE SELATAN,Cacat Netra-Buta,Perempuan,0,2017
4954,2017,DKI Jakarta,JAKARTA SELATAN,KEBAYORAN BARU,MELAWAI,Cacat Fisik,Perempuan,0,2017
4955,2017,DKI Jakarta,JAKARTA SELATAN,KEBAYORAN BARU,MELAWAI,Cacat Lainnya,Perempuan,1,2017
4956,2017,DKI Jakarta,JAKARTA SELATAN,KEBAYORAN BARU,MELAWAI,Cacat Mental-Jiwa,Perempuan,0,2017
4957,2017,DKI Jakarta,JAKARTA SELATAN,KEBAYORAN BARU,GUNUNG,Cacat Fisik,Perempuan,1,2017
4958,2017,DKI Jakarta,JAKARTA SELATAN,KEBAYORAN BARU,GUNUNG,Cacat Mental-Jiwa,Perempuan,0,2017
4959,2017,DKI Jakarta,JAKARTA SELATAN,KEBAYORAN BARU,GUNUNG,Cacat Netra-Buta,Perempuan,1,2017
4960,2017,DKI Jakarta,JAKARTA SELATAN,KEBAYORAN BARU,GUNUNG,Cacat Rungu-Wicara,Perempuan,2,2017
4961,2017,DKI Jakarta,JAKARTA SELATAN,KEBAYORAN BARU,KRAMAT PELA,Cacat Fisik,Perempuan,0,2017
4962,2017,DKI Jakarta,JAKARTA SELATAN,KEBAYORAN BARU,KRAMAT PELA,Cacat Lainnya,Perempuan,0,2017
4963,2017,DKI Jakarta,JAKARTA SELATAN,KEBAYORAN BARU,KRAMAT PELA,Cacat Mental-Jiwa,Perempuan,1,2017
4964,2017,DKI Jakarta,JAKARTA SELATAN,KEBAYORAN BARU,SELONG,Cacat Mental-Jiwa,Perempuan,1,2017
4965,2017,DKI Jakarta,JAKARTA SELATAN,KEBAYORAN BARU,RAWA BARAT,Cacat Lainnya,Perempuan,1,2017
4966,2017,DKI Jakarta,JAKARTA SELATAN,KEBAYORAN BARU,PULO,Cacat Mental-Jiwa,Perempuan,1,2017
4967,2017,DKI Jakarta,JAKARTA SELATAN,KEBAYORAN BARU,GANDARIA UTARA,Cacat Fisik,Perempuan,0,2017
4968,2017,DKI Jakarta,JAKARTA SELATAN,KEBAYORAN BARU,GANDARIA UTARA,Cacat Rungu-Wicara,Perempuan,0,2017
4969,2017,DKI Jakarta,JAKARTA SELATAN,KEBAYORAN BARU,CIPETE UTARA,Cacat Lainnya,Perempuan,0,2017
4970,2017,DKI Jakarta,JAKARTA SELATAN,KEBAYORAN BARU,CIPETE UTARA,Cacat Mental-Jiwa,Perempuan,1,2017
4971,2017,DKI Jakarta,JAKARTA SELATAN,KEBAYORAN BARU,CIPETE UTARA,Cacat Rungu-Wicara,Perempuan,1,2017
4972,2017,DKI Jakarta,JAKARTA SELATAN,PANCORAN,PANCORAN,Cacat Lainnya,Perempuan,0,2017
4973,2017,DKI Jakarta,JAKARTA SELATAN,PANCORAN,PANCORAN,Cacat Mental-Jiwa,Perempuan,1,2017
4974,2017,DKI Jakarta,JAKARTA SELATAN,PANCORAN,KALIBATA,Cacat Fisik,Perempuan,0,2017
4975,2017,DKI Jakarta,JAKARTA SELATAN,PANCORAN,KALIBATA,Cacat Fisik dan Mental,Perempuan,1,2017
4976,2017,DKI Jakarta,JAKARTA SELATAN,PANCORAN,KALIBATA,Cacat Lainnya,Perempuan,1,2017
4977,2017,DKI Jakarta,JAKARTA SELATAN,PANCORAN,KALIBATA,Cacat Mental-Jiwa,Perempuan,0,2017
4978,2017,DKI Jakarta,JAKARTA SELATAN,PANCORAN,KALIBATA,Cacat Netra-Buta,Perempuan,0,2017
4979,2017,DKI Jakarta,JAKARTA SELATAN,PANCORAN,KALIBATA,Cacat Rungu-Wicara,Perempuan,1,2017
4980,2017,DKI Jakarta,JAKARTA SELATAN,PANCORAN,RAWAJATI,Cacat Fisik,Perempuan,1,2017
4981,2017,DKI Jakarta,JAKARTA SELATAN,PANCORAN,RAWAJATI,Cacat Fisik dan Mental,Perempuan,0,2017
4982,2017,DKI Jakarta,JAKARTA SELATAN,PANCORAN,RAWAJATI,Cacat Lainnya,Perempuan,3,2017
4983,2017,DKI Jakarta,JAKARTA SELATAN,PANCORAN,RAWAJATI,Cacat Mental-Jiwa,Perempuan,1,2017
4984,2017,DKI Jakarta,JAKARTA SELATAN,PANCORAN,DUREN TIGA,Cacat Fisik,Perempuan,1,2017
4985,2017,DKI Jakarta,JAKARTA SELATAN,PANCORAN,DUREN TIGA,Cacat Mental-Jiwa,Perempuan,2,2017
4986,2017,DKI Jakarta,JAKARTA SELATAN,PANCORAN,DUREN TIGA,Cacat Netra-Buta,Perempuan,1,2017
4987,2017,DKI Jakarta,JAKARTA SELATAN,PANCORAN,DUREN TIGA,Cacat Rungu-Wicara,Perempuan,1,2017
4988,2017,DKI Jakarta,JAKARTA SELATAN,PANCORAN,PENGADEGAN,Cacat Fisik,Perempuan,0,2017
4989,2017,DKI Jakarta,JAKARTA SELATAN,PANCORAN,PENGADEGAN,Cacat Mental-Jiwa,Perempuan,0,2017
4990,2017,DKI Jakarta,JAKARTA SELATAN,PANCORAN,PENGADEGAN,Cacat Netra-Buta,Perempuan,0,2017
4991,2017,DKI Jakarta,JAKARTA SELATAN,PANCORAN,PENGADEGAN,Cacat Rungu-Wicara,Perempuan,1,2017
4992,2017,DKI Jakarta,JAKARTA SELATAN,PANCORAN,CIKOKO,Cacat Fisik,Perempuan,1,2017
4993,2017,DKI Jakarta,JAKARTA SELATAN,PANCORAN,CIKOKO,Cacat Fisik dan Mental,Perempuan,1,2017
4994,2017,DKI Jakarta,JAKARTA SELATAN,JAGAKARSA,JAGAKARSA,Cacat Fisik,Perempuan,4,2017
4995,2017,DKI Jakarta,JAKARTA SELATAN,JAGAKARSA,JAGAKARSA,Cacat Fisik dan Mental,Perempuan,0,2017
4996,2017,DKI Jakarta,JAKARTA SELATAN,JAGAKARSA,JAGAKARSA,Cacat Lainnya,Perempuan,2,2017
4997,2017,DKI Jakarta,JAKARTA SELATAN,JAGAKARSA,JAGAKARSA,Cacat Mental-Jiwa,Perempuan,2,2017
4998,2017,DKI Jakarta,JAKARTA SELATAN,JAGAKARSA,JAGAKARSA,Cacat Netra-Buta,Perempuan,1,2017
4999,2017,DKI Jakarta,JAKARTA SELATAN,JAGAKARSA,JAGAKARSA,Cacat Rungu-Wicara,Perempuan,3,2017
5000,2018,DKI Jakarta,JAKARTA SELATAN,KEBAYORAN BARU,GANDARIA UTARA,Cacat Lainnya,Perempuan,1,2018
5001,2018,DKI Jakarta,JAKARTA SELATAN,KEBAYORAN BARU,CIPETE UTARA,Cacat Mental-Jiwa,Perempuan,1,2018
5002,2018,DKI Jakarta,JAKARTA SELATAN,KEBAYORAN BARU,CIPETE UTARA,Cacat Lainnya,Perempuan,0,2018
5003,2018,DKI Jakarta,JAKARTA SELATAN,PANCORAN,PANCORAN,Cacat Mental-Jiwa,Perempuan,1,2018
5004,2018,DKI Jakarta,JAKARTA SELATAN,PANCORAN,PANCORAN,Cacat Fisik dan Mental,Perempuan,0,2018
5005,2018,DKI Jakarta,JAKARTA SELATAN,PANCORAN,PANCORAN,Cacat Lainnya,Perempuan,0,2018
5006,2018,DKI Jakarta,JAKARTA SELATAN,PANCORAN,KALIBATA,Cacat Fisik,Perempuan,0,2018
5007,2018,DKI Jakarta,JAKARTA SELATAN,PANCORAN,KALIBATA,Cacat Netra-Buta,Perempuan,0,2018
5008,2018,DKI Jakarta,JAKARTA SELATAN,PANCORAN,KALIBATA,Cacat Rungu-Wicara,Perempuan,1,2018
5009,2018,DKI Jakarta,JAKARTA SELATAN,PANCORAN,KALIBATA,Cacat Mental-Jiwa,Perempuan,3,2018
5010,2018,DKI Jakarta,JAKARTA SELATAN,PANCORAN,KALIBATA,Cacat Fisik dan Mental,Perempuan,0,2018
5011,2018,DKI Jakarta,JAKARTA SELATAN,PANCORAN,KALIBATA,Cacat Lainnya,Perempuan,1,2018
5012,2018,DKI Jakarta,JAKARTA SELATAN,PANCORAN,RAWAJATI,Cacat Fisik,Perempuan,0,2018
5013,2018,DKI Jakarta,JAKARTA SELATAN,PANCORAN,RAWAJATI,Cacat Netra-Buta,Perempuan,0,2018
5014,2018,DKI Jakarta,JAKARTA SELATAN,PANCORAN,RAWAJATI,Cacat Rungu-Wicara,Perempuan,1,2018
5015,2018,DKI Jakarta,JAKARTA SELATAN,PANCORAN,RAWAJATI,Cacat Mental-Jiwa,Perempuan,2,2018
5016,2018,DKI Jakarta,JAKARTA SELATAN,PANCORAN,RAWAJATI,Cacat Fisik dan Mental,Perempuan,0,2018
5017,2018,DKI Jakarta,JAKARTA SELATAN,PANCORAN,RAWAJATI,Cacat Lainnya,Perempuan,4,2018
5018,2018,DKI Jakarta,JAKARTA SELATAN,PANCORAN,DUREN TIGA,Cacat Fisik,Perempuan,1,2018
5019,2018,DKI Jakarta,JAKARTA SELATAN,PANCORAN,DUREN TIGA,Cacat Netra-Buta,Perempuan,1,2018
5020,2018,DKI Jakarta,JAKARTA SELATAN,PANCORAN,DUREN TIGA,Cacat Rungu-Wicara,Perempuan,2,2018
5021,2018,DKI Jakarta,JAKARTA SELATAN,PANCORAN,DUREN TIGA,Cacat Mental-Jiwa,Perempuan,1,2018
5022,2018,DKI Jakarta,JAKARTA SELATAN,PANCORAN,PENGADEGAN,Cacat Fisik,Perempuan,0,2018
5023,2018,DKI Jakarta,JAKARTA SELATAN,PANCORAN,PENGADEGAN,Cacat Netra-Buta,Perempuan,0,2018
5024,2018,DKI Jakarta,JAKARTA SELATAN,PANCORAN,PENGADEGAN,Cacat Rungu-Wicara,Perempuan,1,2018
5025,2018,DKI Jakarta,JAKARTA SELATAN,PANCORAN,PENGADEGAN,Cacat Mental-Jiwa,Perempuan,0,2018
5026,2018,DKI Jakarta,JAKARTA SELATAN,PANCORAN,CIKOKO,Cacat Rungu-Wicara,Perempuan,0,2018
5027,2018,DKI Jakarta,JAKARTA SELATAN,PANCORAN,CIKOKO,Cacat Fisik dan Mental,Perempuan,1,2018
5028,2018,DKI Jakarta,JAKARTA SELATAN,JAGAKARSA,JAGAKARSA,Cacat Fisik,Perempuan,2,2018
5029,2018,DKI Jakarta,JAKARTA SELATAN,JAGAKARSA,JAGAKARSA,Cacat Netra-Buta,Perempuan,1,2018
5030,2018,DKI Jakarta,JAKARTA SELATAN,JAGAKARSA,JAGAKARSA,Cacat Rungu-Wicara,Perempuan,4,2018
5031,2018,DKI Jakarta,JAKARTA SELATAN,JAGAKARSA,JAGAKARSA,Cacat Mental-Jiwa,Perempuan,1,2018
5032,2018,DKI Jakarta,JAKARTA SELATAN,JAGAKARSA,JAGAKARSA,Cacat Fisik dan Mental,Perempuan,2,2018
5033,2018,DKI Jakarta,JAKARTA SELATAN,JAGAKARSA,JAGAKARSA,Cacat Lainnya,Perempuan,3,2018
5034,2018,DKI Jakarta,JAKARTA SELATAN,JAGAKARSA,SRENGSENG SAWAH,Cacat Mental-Jiwa,Perempuan,1,2018
5035,2018,DKI Jakarta,JAKARTA SELATAN,JAGAKARSA,SRENGSENG SAWAH,Cacat Lainnya,Perempuan,1,2018
5036,2018,DKI Jakarta,JAKARTA SELATAN,JAGAKARSA,CIGANJUR,Cacat Fisik,Perempuan,20,2018
5037,2018,DKI Jakarta,JAKARTA SELATAN,JAGAKARSA,CIGANJUR,Cacat Netra-Buta,Perempuan,1,2018
5038,2018,DKI Jakarta,JAKARTA SELATAN,JAGAKARSA,CIGANJUR,Cacat Rungu-Wicara,Perempuan,0,2018
5039,2018,DKI Jakarta,JAKARTA SELATAN,JAGAKARSA,CIGANJUR,Cacat Mental-Jiwa,Perempuan,0,2018
5040,2018,DKI Jakarta,JAKARTA SELATAN,JAGAKARSA,CIGANJUR,Cacat Lainnya,Perempuan,3,2018
5041,2018,DKI Jakarta,JAKARTA SELATAN,JAGAKARSA,LENTENG AGUNG,Cacat Fisik,Perempuan,3,2018
5042,2018,DKI Jakarta,JAKARTA BARAT,TAMAN SARI,GLODOK,Cacat Fisik,Laki-laki,0,2018
5043,2018,DKI Jakarta,JAKARTA BARAT,TAMAN SARI,GLODOK,Cacat Rungu-Wicara,Laki-laki,0,2018
5044,2018,DKI Jakarta,JAKARTA BARAT,TAMAN SARI,PINANGSIA,Cacat Fisik,Laki-laki,0,2018
5045,2018,DKI Jakarta,JAKARTA BARAT,TAMAN SARI,PINANGSIA,Cacat Lainnya,Laki-laki,2,2018
5046,2018,DKI Jakarta,JAKARTA BARAT,TAMBORA,TAMBORA,Cacat Fisik,Laki-laki,3,2018
5047,2018,DKI Jakarta,JAKARTA BARAT,TAMBORA,TAMBORA,Cacat Netra-Buta,Laki-laki,0,2018
5048,2018,DKI Jakarta,JAKARTA BARAT,TAMBORA,TAMBORA,Cacat Mental-Jiwa,Laki-laki,1,2018
5049,2018,DKI Jakarta,JAKARTA BARAT,TAMBORA,TAMBORA,Cacat Lainnya,Laki-laki,2,2018
5050,2018,DKI Jakarta,JAKARTA BARAT,TAMBORA,KALI ANYAR,Cacat Fisik,Laki-laki,1,2018
5051,2018,DKI Jakarta,JAKARTA BARAT,TAMBORA,KALI ANYAR,Cacat Netra-Buta,Laki-laki,1,2018
5052,2018,DKI Jakarta,JAKARTA BARAT,TAMBORA,KALI ANYAR,Cacat Rungu-Wicara,Laki-laki,1,2018
5053,2018,DKI Jakarta,JAKARTA BARAT,TAMBORA,KALI ANYAR,Cacat Mental-Jiwa,Laki-laki,4,2018
5054,2018,DKI Jakarta,JAKARTA BARAT,TAMBORA,DURI UTARA,Cacat Netra-Buta,Laki-laki,0,2018
5055,2018,DKI Jakarta,JAKARTA BARAT,TAMBORA,DURI UTARA,Cacat Rungu-Wicara,Laki-laki,0,2018
5056,2018,DKI Jakarta,JAKARTA BARAT,TAMBORA,DURI UTARA,Cacat Mental-Jiwa,Laki-laki,0,2018
5057,2018,DKI Jakarta,JAKARTA BARAT,TAMBORA,DURI UTARA,Cacat Fisik dan Mental,Laki-laki,1,2018
5058,2018,DKI Jakarta,JAKARTA BARAT,TAMBORA,TANAH SEREAL,Cacat Fisik,Laki-laki,13,2018
5059,2018,DKI Jakarta,JAKARTA BARAT,TAMBORA,TANAH SEREAL,Cacat Netra-Buta,Laki-laki,2,2018
5060,2018,DKI Jakarta,JAKARTA BARAT,TAMBORA,TANAH SEREAL,Cacat Rungu-Wicara,Laki-laki,4,2018
5061,2018,DKI Jakarta,JAKARTA BARAT,TAMBORA,TANAH SEREAL,Cacat Mental-Jiwa,Laki-laki,8,2018
5062,2018,DKI Jakarta,JAKARTA BARAT,TAMBORA,TANAH SEREAL,Cacat Fisik dan Mental,Laki-laki,2,2018
5063,2018,DKI Jakarta,JAKARTA BARAT,TAMBORA,TANAH SEREAL,Cacat Lainnya,Laki-laki,1,2018
5064,2018,DKI Jakarta,JAKARTA BARAT,TAMBORA,KRENDANG,Cacat Fisik,Laki-laki,3,2018
5065,2018,DKI Jakarta,JAKARTA BARAT,TAMBORA,KRENDANG,Cacat Netra-Buta,Laki-laki,2,2018
5066,2018,DKI Jakarta,JAKARTA BARAT,TAMBORA,KRENDANG,Cacat Rungu-Wicara,Laki-laki,3,2018
5067,2018,DKI Jakarta,JAKARTA BARAT,TAMBORA,KRENDANG,Cacat Mental-Jiwa,Laki-laki,2,2018
5068,2018,DKI Jakarta,JAKARTA BARAT,TAMBORA,KRENDANG,Cacat Lainnya,Laki-laki,1,2018
5069,2018,DKI Jakarta,JAKARTA BARAT,TAMBORA,JEMBATAN BESI,Cacat Fisik,Laki-laki,4,2018
5070,2018,DKI Jakarta,JAKARTA BARAT,TAMBORA,JEMBATAN BESI,Cacat Rungu-Wicara,Laki-laki,2,2018
5071,2018,DKI Jakarta,JAKARTA BARAT,TAMBORA,JEMBATAN BESI,Cacat Mental-Jiwa,Laki-laki,3,2018
5072,2018,DKI Jakarta,JAKARTA BARAT,TAMBORA,JEMBATAN BESI,Cacat Fisik dan Mental,Laki-laki,2,2018
5073,2018,DKI Jakarta,JAKARTA BARAT,TAMBORA,JEMBATAN BESI,Cacat Lainnya,Laki-laki,0,2018
5074,2018,DKI Jakarta,JAKARTA BARAT,TAMBORA,ANGKE,Cacat Fisik,Laki-laki,8,2018
5075,2018,DKI Jakarta,JAKARTA BARAT,TAMBORA,ANGKE,Cacat Netra-Buta,Laki-laki,2,2018
5076,2018,DKI Jakarta,JAKARTA BARAT,TAMBORA,ANGKE,Cacat Rungu-Wicara,Laki-laki,2,2018
5077,2018,DKI Jakarta,JAKARTA BARAT,TAMBORA,ANGKE,Cacat Mental-Jiwa,Laki-laki,2,2018
5078,2018,DKI Jakarta,JAKARTA BARAT,TAMBORA,ANGKE,Cacat Fisik dan Mental,Laki-laki,2,2018
5079,2018,DKI Jakarta,JAKARTA BARAT,TAMBORA,ANGKE,Cacat Lainnya,Laki-laki,1,2018
5080,2018,DKI Jakarta,JAKARTA BARAT,TAMBORA,JEMBATAN LIMA,Cacat Fisik,Laki-laki,3,2018
5081,2018,DKI Jakarta,JAKARTA BARAT,TAMBORA,JEMBATAN LIMA,Cacat Netra-Buta,Laki-laki,0,2018
5082,2018,DKI Jakarta,JAKARTA BARAT,TAMBORA,JEMBATAN LIMA,Cacat Rungu-Wicara,Laki-laki,3,2018
5083,2018,DKI Jakarta,JAKARTA BARAT,TAMBORA,JEMBATAN LIMA,Cacat Mental-Jiwa,Laki-laki,4,2018
5084,2018,DKI Jakarta,JAKARTA BARAT,TAMBORA,JEMBATAN LIMA,Cacat Fisik dan Mental,Laki-laki,0,2018
5085,2018,DKI Jakarta,JAKARTA TIMUR,CIPAYUNG,CEGER,Cacat Mental-Jiwa,Laki-laki,2,2018
5086,2018,DKI Jakarta,ADM. KEPULAUAN SERIBU,KEPULAUAN SERIBU UTARA,PULAU KELAPA,Cacat Fisik,Perempuan,0,2018
5087,2018,DKI Jakarta,ADM. KEPULAUAN SERIBU,KEPULAUAN SERIBU UTARA,PULAU KELAPA,Cacat Rungu-Wicara,Perempuan,1,2018
5088,2018,DKI Jakarta,ADM. KEPULAUAN SERIBU,KEPULAUAN SERIBU UTARA,PULAU KELAPA,Cacat Mental-Jiwa,Perempuan,1,2018
5089,2018,DKI Jakarta,ADM. KEPULAUAN SERIBU,KEPULAUAN SERIBU UTARA,PULAU KELAPA,Cacat Fisik dan Mental,Perempuan,2,2018
5090,2018,DKI Jakarta,ADM. KEPULAUAN SERIBU,KEPULAUAN SERIBU SELATAN,PULAU UNTUNG JAWA,Cacat Fisik,Perempuan,2,2018
5091,2018,DKI Jakarta,ADM. KEPULAUAN SERIBU,KEPULAUAN SERIBU SELATAN,PULAU UNTUNG JAWA,Cacat Mental-Jiwa,Perempuan,1,2018
5092,2018,DKI Jakarta,ADM. KEPULAUAN SERIBU,KEPULAUAN SERIBU SELATAN,PULAU TIDUNG,Cacat Fisik,Perempuan,0,2018
5093,2018,DKI Jakarta,ADM. KEPULAUAN SERIBU,KEPULAUAN SERIBU SELATAN,PULAU TIDUNG,Cacat Rungu-Wicara,Perempuan,1,2018
5094,2018,DKI Jakarta,ADM. KEPULAUAN SERIBU,KEPULAUAN SERIBU SELATAN,PULAU TIDUNG,Cacat Mental-Jiwa,Perempuan,4,2018
5095,2018,DKI Jakarta,ADM. KEPULAUAN SERIBU,KEPULAUAN SERIBU SELATAN,PULAU TIDUNG,Cacat Fisik dan Mental,Perempuan,2,2018
5096,2018,DKI Jakarta,ADM. KEPULAUAN SERIBU,KEPULAUAN SERIBU SELATAN,PULAU TIDUNG,Cacat Lainnya,Perempuan,0,2018
5097,2018,DKI Jakarta,ADM. KEPULAUAN SERIBU,KEPULAUAN SERIBU SELATAN,PULAU PARI,Cacat Mental-Jiwa,Perempuan,0,2018
5098,2018,DKI Jakarta,JAKARTA PUSAT,GAMBIR,GAMBIR,Cacat Fisik,Perempuan,0,2018
5099,2018,DKI Jakarta,JAKARTA PUSAT,GAMBIR,GAMBIR,Cacat Fisik dan Mental,Perempuan,0,2018
5100,2018,DKI Jakarta,JAKARTA PUSAT,GAMBIR,CIDENG,Cacat Fisik,Perempuan,1,2018
5101,2018,DKI Jakarta,JAKARTA PUSAT,GAMBIR,CIDENG,Cacat Netra-Buta,Perempuan,1,2018
5102,2018,DKI Jakarta,JAKARTA PUSAT,GAMBIR,CIDENG,Cacat Rungu-Wicara,Perempuan,0,2018
5103,2018,DKI Jakarta,JAKARTA PUSAT,GAMBIR,CIDENG,Cacat Mental-Jiwa,Perempuan,1,2018
5104,2018,DKI Jakarta,JAKARTA PUSAT,GAMBIR,CIDENG,Cacat Fisik dan Mental,Perempuan,0,2018
5105,2018,DKI Jakarta,JAKARTA PUSAT,GAMBIR,CIDENG,Cacat Lainnya,Perempuan,4,2018
5106,2018,DKI Jakarta,JAKARTA PUSAT,GAMBIR,PETOJO UTARA,Cacat Fisik,Perempuan,0,2018
5107,2018,DKI Jakarta,JAKARTA PUSAT,GAMBIR,PETOJO UTARA,Cacat Fisik dan Mental,Perempuan,0,2018
5108,2018,DKI Jakarta,JAKARTA PUSAT,GAMBIR,PETOJO UTARA,Cacat Lainnya,Perempuan,0,2018
5109,2018,DKI Jakarta,JAKARTA PUSAT,GAMBIR,PETOJO SELATAN,Cacat Fisik,Perempuan,0,2018
5110,2018,DKI Jakarta,JAKARTA PUSAT,GAMBIR,PETOJO SELATAN,Cacat Rungu-Wicara,Perempuan,1,2018
5111,2018,DKI Jakarta,JAKARTA PUSAT,GAMBIR,PETOJO SELATAN,Cacat Fisik dan Mental,Perempuan,0,2018
5112,2018,DKI Jakarta,JAKARTA PUSAT,GAMBIR,PETOJO SELATAN,Cacat Lainnya,Perempuan,0,2018
5113,2018,DKI Jakarta,JAKARTA PUSAT,GAMBIR,KEBON KELAPA,Cacat Mental-Jiwa,Perempuan,1,2018
5114,2018,DKI Jakarta,JAKARTA PUSAT,GAMBIR,DURI PULO,Cacat Mental-Jiwa,Perempuan,1,2018
5115,2018,DKI Jakarta,JAKARTA PUSAT,SAWAH BESAR,PASAR BARU,Cacat Fisik,Perempuan,0,2018
5116,2018,DKI Jakarta,JAKARTA PUSAT,SAWAH BESAR,PASAR BARU,Cacat Lainnya,Perempuan,0,2018
5117,2018,DKI Jakarta,JAKARTA PUSAT,SAWAH BESAR,KARANG ANYAR,Cacat Mental-Jiwa,Perempuan,1,2018
5118,2018,DKI Jakarta,JAKARTA PUSAT,SAWAH BESAR,KARTINI,Cacat Fisik,Perempuan,0,2018
5119,2018,DKI Jakarta,JAKARTA PUSAT,SAWAH BESAR,GUNUNG SAHARI UTARA,Cacat Fisik,Perempuan,0,2018
5120,2018,DKI Jakarta,JAKARTA PUSAT,SAWAH BESAR,MANGGA DUA SELATAN,Cacat Fisik,Perempuan,2,2018
5121,2018,DKI Jakarta,JAKARTA PUSAT,SAWAH BESAR,MANGGA DUA SELATAN,Cacat Mental-Jiwa,Perempuan,1,2018
5122,2018,DKI Jakarta,JAKARTA PUSAT,SAWAH BESAR,MANGGA DUA SELATAN,Cacat Lainnya,Perempuan,1,2018
5123,2018,DKI Jakarta,JAKARTA PUSAT,KEMAYORAN,KEMAYORAN,Cacat Fisik,Perempuan,0,2018
5124,2018,DKI Jakarta,JAKARTA PUSAT,KEMAYORAN,KEMAYORAN,Cacat Netra-Buta,Perempuan,0,2018
5125,2018,DKI Jakarta,JAKARTA PUSAT,KEMAYORAN,KEMAYORAN,Cacat Rungu-Wicara,Perempuan,1,2018
5126,2018,DKI Jakarta,JAKARTA SELATAN,JAGAKARSA,LENTENG AGUNG,Cacat Rungu-Wicara,Perempuan,1,2018
5127,2018,DKI Jakarta,JAKARTA SELATAN,JAGAKARSA,LENTENG AGUNG,Cacat Mental-Jiwa,Perempuan,2,2018
5128,2018,DKI Jakarta,JAKARTA SELATAN,JAGAKARSA,LENTENG AGUNG,Cacat Lainnya,Perempuan,1,2018
5129,2018,DKI Jakarta,JAKARTA SELATAN,JAGAKARSA,TANJUNG BARAT,Cacat Fisik,Perempuan,0,2018
5130,2018,DKI Jakarta,JAKARTA SELATAN,JAGAKARSA,TANJUNG BARAT,Cacat Netra-Buta,Perempuan,1,2018
5131,2018,DKI Jakarta,JAKARTA SELATAN,JAGAKARSA,TANJUNG BARAT,Cacat Rungu-Wicara,Perempuan,2,2018
5132,2018,DKI Jakarta,JAKARTA SELATAN,JAGAKARSA,TANJUNG BARAT,Cacat Mental-Jiwa,Perempuan,0,2018
5133,2018,DKI Jakarta,JAKARTA SELATAN,JAGAKARSA,TANJUNG BARAT,Cacat Fisik dan Mental,Perempuan,1,2018
5134,2018,DKI Jakarta,JAKARTA SELATAN,JAGAKARSA,TANJUNG BARAT,Cacat Lainnya,Perempuan,5,2018
5135,2018,DKI Jakarta,JAKARTA SELATAN,JAGAKARSA,CIPEDAK,Cacat Fisik,Perempuan,0,2018
5136,2018,DKI Jakarta,JAKARTA SELATAN,JAGAKARSA,CIPEDAK,Cacat Rungu-Wicara,Perempuan,0,2018
5137,2018,DKI Jakarta,JAKARTA SELATAN,JAGAKARSA,CIPEDAK,Cacat Mental-Jiwa,Perempuan,3,2018
5138,2018,DKI Jakarta,JAKARTA SELATAN,JAGAKARSA,CIPEDAK,Cacat Lainnya,Perempuan,1,2018
5139,2018,DKI Jakarta,JAKARTA SELATAN,PESANGGRAHAN,PESANGGRAHAN,Cacat Fisik,Perempuan,1,2018
5140,2018,DKI Jakarta,JAKARTA SELATAN,PESANGGRAHAN,PESANGGRAHAN,Cacat Netra-Buta,Perempuan,0,2018
5141,2018,DKI Jakarta,JAKARTA SELATAN,PESANGGRAHAN,PESANGGRAHAN,Cacat Rungu-Wicara,Perempuan,0,2018
5142,2018,DKI Jakarta,JAKARTA SELATAN,PESANGGRAHAN,BINTARO,Cacat Fisik,Perempuan,1,2018
5143,2018,DKI Jakarta,JAKARTA SELATAN,PESANGGRAHAN,BINTARO,Cacat Mental-Jiwa,Perempuan,1,2018
5144,2018,DKI Jakarta,JAKARTA SELATAN,PESANGGRAHAN,BINTARO,Cacat Lainnya,Perempuan,1,2018
5145,2018,DKI Jakarta,JAKARTA SELATAN,PESANGGRAHAN,PETUKANGAN UTARA,Cacat Fisik,Perempuan,2,2018
5146,2018,DKI Jakarta,JAKARTA SELATAN,PESANGGRAHAN,PETUKANGAN UTARA,Cacat Netra-Buta,Perempuan,0,2018
5147,2018,DKI Jakarta,JAKARTA SELATAN,PESANGGRAHAN,PETUKANGAN UTARA,Cacat Mental-Jiwa,Perempuan,0,2018
5148,2018,DKI Jakarta,JAKARTA SELATAN,PESANGGRAHAN,PETUKANGAN UTARA,Cacat Fisik dan Mental,Perempuan,1,2018
5149,2018,DKI Jakarta,JAKARTA SELATAN,PESANGGRAHAN,PETUKANGAN UTARA,Cacat Lainnya,Perempuan,4,2018
5150,2018,DKI Jakarta,JAKARTA SELATAN,PESANGGRAHAN,PETUKANGAN SELATAN,Cacat Fisik,Perempuan,1,2018
5151,2018,DKI Jakarta,JAKARTA SELATAN,PESANGGRAHAN,PETUKANGAN SELATAN,Cacat Rungu-Wicara,Perempuan,1,2018
5152,2018,DKI Jakarta,JAKARTA SELATAN,PESANGGRAHAN,PETUKANGAN SELATAN,Cacat Mental-Jiwa,Perempuan,1,2018
5153,2018,DKI Jakarta,JAKARTA SELATAN,PESANGGRAHAN,PETUKANGAN SELATAN,Cacat Lainnya,Perempuan,3,2018
5154,2018,DKI Jakarta,JAKARTA SELATAN,PESANGGRAHAN,ULUJAMI,Cacat Fisik,Perempuan,1,2018
5155,2018,DKI Jakarta,JAKARTA SELATAN,PESANGGRAHAN,ULUJAMI,Cacat Fisik dan Mental,Perempuan,0,2018
5156,2018,DKI Jakarta,JAKARTA SELATAN,PESANGGRAHAN,ULUJAMI,Cacat Lainnya,Perempuan,3,2018
5157,2018,DKI Jakarta,JAKARTA TIMUR,MATRAMAN,PISANGAN BARU,Cacat Fisik,Perempuan,9,2018
5158,2018,DKI Jakarta,JAKARTA TIMUR,MATRAMAN,PISANGAN BARU,Cacat Netra-Buta,Perempuan,0,2018
5159,2018,DKI Jakarta,JAKARTA TIMUR,MATRAMAN,PISANGAN BARU,Cacat Rungu-Wicara,Perempuan,1,2018
5160,2018,DKI Jakarta,JAKARTA TIMUR,MATRAMAN,PISANGAN BARU,Cacat Mental-Jiwa,Perempuan,2,2018
5161,2018,DKI Jakarta,JAKARTA TIMUR,MATRAMAN,PISANGAN BARU,Cacat Fisik dan Mental,Perempuan,1,2018
5162,2018,DKI Jakarta,JAKARTA TIMUR,MATRAMAN,PISANGAN BARU,Cacat Lainnya,Perempuan,3,2018
5163,2018,DKI Jakarta,JAKARTA TIMUR,MATRAMAN,UTAN KAYU UTARA,Cacat Fisik,Perempuan,0,2018
5164,2018,DKI Jakarta,JAKARTA TIMUR,MATRAMAN,UTAN KAYU UTARA,Cacat Netra-Buta,Perempuan,1,2018
5165,2018,DKI Jakarta,JAKARTA TIMUR,MATRAMAN,UTAN KAYU UTARA,Cacat Rungu-Wicara,Perempuan,1,2018
5166,2018,DKI Jakarta,JAKARTA TIMUR,MATRAMAN,UTAN KAYU UTARA,Cacat Mental-Jiwa,Perempuan,0,2018
5167,2018,DKI Jakarta,JAKARTA TIMUR,MATRAMAN,UTAN KAYU UTARA,Cacat Fisik dan Mental,Perempuan,0,2018
5168,2018,DKI Jakarta,JAKARTA BARAT,TAMBORA,JEMBATAN LIMA,Cacat Lainnya,Laki-laki,3,2018
5169,2018,DKI Jakarta,JAKARTA BARAT,TAMBORA,PEKOJAN,Cacat Fisik,Laki-laki,3,2018
5170,2018,DKI Jakarta,JAKARTA BARAT,TAMBORA,PEKOJAN,Cacat Netra-Buta,Laki-laki,7,2018
5171,2018,DKI Jakarta,JAKARTA BARAT,TAMBORA,PEKOJAN,Cacat Rungu-Wicara,Laki-laki,5,2018
5172,2018,DKI Jakarta,JAKARTA BARAT,TAMBORA,PEKOJAN,Cacat Mental-Jiwa,Laki-laki,9,2018
5173,2018,DKI Jakarta,JAKARTA BARAT,TAMBORA,PEKOJAN,Cacat Fisik dan Mental,Laki-laki,3,2018
5174,2018,DKI Jakarta,JAKARTA BARAT,TAMBORA,PEKOJAN,Cacat Lainnya,Laki-laki,5,2018
5175,2018,DKI Jakarta,JAKARTA BARAT,TAMBORA,DURI SELATAN,Cacat Fisik,Laki-laki,2,2018
5176,2018,DKI Jakarta,JAKARTA BARAT,TAMBORA,DURI SELATAN,Cacat Rungu-Wicara,Laki-laki,1,2018
5177,2018,DKI Jakarta,JAKARTA BARAT,TAMBORA,DURI SELATAN,Cacat Mental-Jiwa,Laki-laki,1,2018
5178,2018,DKI Jakarta,JAKARTA BARAT,KEBON JERUK,KEBON JERUK,Cacat Fisik,Laki-laki,3,2018
5179,2018,DKI Jakarta,JAKARTA BARAT,KEBON JERUK,KEBON JERUK,Cacat Netra-Buta,Laki-laki,4,2018
5180,2018,DKI Jakarta,JAKARTA BARAT,KEBON JERUK,KEBON JERUK,Cacat Rungu-Wicara,Laki-laki,2,2018
5181,2018,DKI Jakarta,JAKARTA BARAT,KEBON JERUK,KEBON JERUK,Cacat Mental-Jiwa,Laki-laki,1,2018
5182,2018,DKI Jakarta,JAKARTA BARAT,KEBON JERUK,KEBON JERUK,Cacat Fisik dan Mental,Laki-laki,0,2018
5183,2018,DKI Jakarta,JAKARTA BARAT,KEBON JERUK,KEBON JERUK,Cacat Lainnya,Laki-laki,2,2018
5184,2018,DKI Jakarta,JAKARTA BARAT,KEBON JERUK,SUKABUMI UTARA,Cacat Fisik,Laki-laki,1,2018
5185,2018,DKI Jakarta,JAKARTA BARAT,KEBON JERUK,SUKABUMI UTARA,Cacat Netra-Buta,Laki-laki,2,2018
5186,2018,DKI Jakarta,JAKARTA BARAT,KEBON JERUK,SUKABUMI UTARA,Cacat Mental-Jiwa,Laki-laki,3,2018
5187,2018,DKI Jakarta,JAKARTA BARAT,KEBON JERUK,SUKABUMI UTARA,Cacat Lainnya,Laki-laki,5,2018
5188,2018,DKI Jakarta,JAKARTA BARAT,KEBON JERUK,SUKABUMI SELATAN,Cacat Fisik,Laki-laki,1,2018
5189,2018,DKI Jakarta,JAKARTA BARAT,KEBON JERUK,SUKABUMI SELATAN,Cacat Netra-Buta,Laki-laki,3,2018
5190,2018,DKI Jakarta,JAKARTA BARAT,KEBON JERUK,SUKABUMI SELATAN,Cacat Mental-Jiwa,Laki-laki,4,2018
5191,2018,DKI Jakarta,JAKARTA BARAT,KEBON JERUK,SUKABUMI SELATAN,Cacat Fisik dan Mental,Laki-laki,0,2018
5192,2018,DKI Jakarta,JAKARTA BARAT,KEBON JERUK,SUKABUMI SELATAN,Cacat Lainnya,Laki-laki,1,2018
5193,2018,DKI Jakarta,JAKARTA BARAT,KEBON JERUK,KELAPA DUA,Cacat Mental-Jiwa,Laki-laki,1,2018
5194,2018,DKI Jakarta,JAKARTA BARAT,KEBON JERUK,DURI KEPA,Cacat Fisik,Laki-laki,3,2018
5195,2018,DKI Jakarta,JAKARTA BARAT,KEBON JERUK,DURI KEPA,Cacat Rungu-Wicara,Laki-laki,0,2018
5196,2018,DKI Jakarta,JAKARTA BARAT,KEBON JERUK,DURI KEPA,Cacat Mental-Jiwa,Laki-laki,0,2018
5197,2018,DKI Jakarta,JAKARTA BARAT,KEBON JERUK,DURI KEPA,Cacat Lainnya,Laki-laki,1,2018
5198,2018,DKI Jakarta,JAKARTA BARAT,KEBON JERUK,KEDOYA UTARA,Cacat Fisik,Laki-laki,5,2018
5199,2018,DKI Jakarta,JAKARTA BARAT,KEBON JERUK,KEDOYA UTARA,Cacat Netra-Buta,Laki-laki,0,2018
5200,2018,DKI Jakarta,JAKARTA BARAT,KEBON JERUK,KEDOYA UTARA,Cacat Mental-Jiwa,Laki-laki,5,2018
5201,2018,DKI Jakarta,JAKARTA BARAT,KEBON JERUK,KEDOYA UTARA,Cacat Fisik dan Mental,Laki-laki,4,2018
5202,2018,DKI Jakarta,JAKARTA BARAT,KEBON JERUK,KEDOYA UTARA,Cacat Lainnya,Laki-laki,1,2018
5203,2018,DKI Jakarta,JAKARTA BARAT,KEBON JERUK,KEDOYA SELATAN,Cacat Fisik,Laki-laki,0,2018
5204,2018,DKI Jakarta,JAKARTA BARAT,KEBON JERUK,KEDOYA SELATAN,Cacat Rungu-Wicara,Laki-laki,1,2018
5205,2018,DKI Jakarta,JAKARTA BARAT,KEBON JERUK,KEDOYA SELATAN,Cacat Mental-Jiwa,Laki-laki,2,2018
5206,2018,DKI Jakarta,JAKARTA BARAT,KEBON JERUK,KEDOYA SELATAN,Cacat Lainnya,Laki-laki,1,2018
5207,2018,DKI Jakarta,JAKARTA BARAT,KALI DERES,KALIDERES,Cacat Fisik,Laki-laki,1,2018
5208,2018,DKI Jakarta,JAKARTA BARAT,KALI DERES,KALIDERES,Cacat Netra-Buta,Laki-laki,0,2018
5209,2018,DKI Jakarta,JAKARTA BARAT,KALI DERES,KALIDERES,Cacat Rungu-Wicara,Laki-laki,1,2018
5210,2018,DKI Jakarta,JAKARTA PUSAT,KEMAYORAN,KEMAYORAN,Cacat Lainnya,Perempuan,4,2018
5211,2018,DKI Jakarta,JAKARTA PUSAT,KEMAYORAN,KEBON KOSONG,Cacat Rungu-Wicara,Perempuan,0,2018
5212,2018,DKI Jakarta,JAKARTA PUSAT,KEMAYORAN,KEBON KOSONG,Cacat Mental-Jiwa,Perempuan,3,2018
5213,2018,DKI Jakarta,JAKARTA PUSAT,KEMAYORAN,KEBON KOSONG,Cacat Fisik dan Mental,Perempuan,2,2018
5214,2018,DKI Jakarta,JAKARTA PUSAT,KEMAYORAN,KEBON KOSONG,Cacat Lainnya,Perempuan,3,2018
5215,2018,DKI Jakarta,JAKARTA PUSAT,KEMAYORAN,HARAPAN MULIA,Cacat Fisik,Perempuan,2,2018
5216,2018,DKI Jakarta,JAKARTA PUSAT,KEMAYORAN,HARAPAN MULIA,Cacat Netra-Buta,Perempuan,0,2018
5217,2018,DKI Jakarta,JAKARTA PUSAT,KEMAYORAN,HARAPAN MULIA,Cacat Rungu-Wicara,Perempuan,3,2018
5218,2018,DKI Jakarta,JAKARTA PUSAT,KEMAYORAN,HARAPAN MULIA,Cacat Mental-Jiwa,Perempuan,2,2018
5219,2018,DKI Jakarta,JAKARTA PUSAT,KEMAYORAN,HARAPAN MULIA,Cacat Fisik dan Mental,Perempuan,1,2018
5220,2018,DKI Jakarta,JAKARTA PUSAT,KEMAYORAN,HARAPAN MULIA,Cacat Lainnya,Perempuan,3,2018
5221,2018,DKI Jakarta,JAKARTA PUSAT,KEMAYORAN,SERDANG,Cacat Rungu-Wicara,Perempuan,0,2018
5222,2018,DKI Jakarta,JAKARTA PUSAT,KEMAYORAN,SERDANG,Cacat Mental-Jiwa,Perempuan,1,2018
5223,2018,DKI Jakarta,JAKARTA PUSAT,KEMAYORAN,SERDANG,Cacat Lainnya,Perempuan,0,2018
5224,2018,DKI Jakarta,JAKARTA PUSAT,KEMAYORAN,GUNUNG SAHARI SELATAN,Cacat Fisik,Perempuan,2,2018
5225,2018,DKI Jakarta,JAKARTA PUSAT,KEMAYORAN,GUNUNG SAHARI SELATAN,Cacat Netra-Buta,Perempuan,1,2018
5226,2018,DKI Jakarta,JAKARTA PUSAT,KEMAYORAN,GUNUNG SAHARI SELATAN,Cacat Rungu-Wicara,Perempuan,2,2018
5227,2018,DKI Jakarta,JAKARTA PUSAT,KEMAYORAN,GUNUNG SAHARI SELATAN,Cacat Mental-Jiwa,Perempuan,1,2018
5228,2018,DKI Jakarta,JAKARTA PUSAT,KEMAYORAN,GUNUNG SAHARI SELATAN,Cacat Fisik dan Mental,Perempuan,0,2018
5229,2018,DKI Jakarta,JAKARTA PUSAT,KEMAYORAN,GUNUNG SAHARI SELATAN,Cacat Lainnya,Perempuan,2,2018
5230,2018,DKI Jakarta,JAKARTA PUSAT,KEMAYORAN,CEMPAKA BARU,Cacat Fisik,Perempuan,1,2018
5231,2018,DKI Jakarta,JAKARTA PUSAT,KEMAYORAN,CEMPAKA BARU,Cacat Netra-Buta,Perempuan,0,2018
5232,2018,DKI Jakarta,JAKARTA PUSAT,KEMAYORAN,CEMPAKA BARU,Cacat Mental-Jiwa,Perempuan,2,2018
5233,2018,DKI Jakarta,JAKARTA PUSAT,KEMAYORAN,CEMPAKA BARU,Cacat Lainnya,Perempuan,2,2018
5234,2018,DKI Jakarta,JAKARTA PUSAT,KEMAYORAN,SUMUR BATU,Cacat Fisik,Perempuan,0,2018
5235,2018,DKI Jakarta,JAKARTA PUSAT,KEMAYORAN,SUMUR BATU,Cacat Fisik dan Mental,Perempuan,0,2018
5236,2018,DKI Jakarta,JAKARTA PUSAT,KEMAYORAN,SUMUR BATU,Cacat Lainnya,Perempuan,1,2018
5237,2018,DKI Jakarta,JAKARTA PUSAT,KEMAYORAN,UTAN PANJANG,Cacat Fisik,Perempuan,0,2018
5238,2018,DKI Jakarta,JAKARTA PUSAT,KEMAYORAN,UTAN PANJANG,Cacat Netra-Buta,Perempuan,1,2018
5239,2018,DKI Jakarta,JAKARTA PUSAT,S E N E N,SENEN,Cacat Mental-Jiwa,Perempuan,0,2018
5240,2018,DKI Jakarta,JAKARTA PUSAT,S E N E N,KENARI,Cacat Mental-Jiwa,Perempuan,1,2018
5241,2018,DKI Jakarta,JAKARTA PUSAT,S E N E N,KENARI,Cacat Lainnya,Perempuan,1,2018
5242,2018,DKI Jakarta,JAKARTA PUSAT,S E N E N,PASEBAN,Cacat Mental-Jiwa,Perempuan,1,2018
5243,2018,DKI Jakarta,JAKARTA PUSAT,S E N E N,PASEBAN,Cacat Fisik dan Mental,Perempuan,1,2018
5244,2018,DKI Jakarta,JAKARTA PUSAT,S E N E N,PASEBAN,Cacat Lainnya,Perempuan,0,2018
5245,2018,DKI Jakarta,JAKARTA PUSAT,S E N E N,KRAMAT,Cacat Fisik,Perempuan,5,2018
5246,2018,DKI Jakarta,JAKARTA PUSAT,S E N E N,KRAMAT,Cacat Netra-Buta,Perempuan,0,2018
5247,2018,DKI Jakarta,JAKARTA PUSAT,S E N E N,KRAMAT,Cacat Rungu-Wicara,Perempuan,1,2018
5248,2018,DKI Jakarta,JAKARTA PUSAT,S E N E N,KRAMAT,Cacat Mental-Jiwa,Perempuan,1,2018
5249,2018,DKI Jakarta,JAKARTA PUSAT,S E N E N,KRAMAT,Cacat Lainnya,Perempuan,0,2018
5250,2018,DKI Jakarta,JAKARTA PUSAT,S E N E N,KWITANG,Cacat Fisik,Perempuan,2,2018
5251,2018,DKI Jakarta,JAKARTA PUSAT,S E N E N,KWITANG,Cacat Rungu-Wicara,Perempuan,0,2018
5252,2018,DKI Jakarta,JAKARTA PUSAT,S E N E N,KWITANG,Cacat Mental-Jiwa,Perempuan,1,2018
5253,2018,DKI Jakarta,JAKARTA TIMUR,MATRAMAN,UTAN KAYU UTARA,Cacat Lainnya,Perempuan,2,2018
5254,2018,DKI Jakarta,JAKARTA TIMUR,MATRAMAN,KAYU MANIS,Cacat Mental-Jiwa,Perempuan,0,2018
5255,2018,DKI Jakarta,JAKARTA TIMUR,MATRAMAN,KAYU MANIS,Cacat Lainnya,Perempuan,2,2018
5256,2018,DKI Jakarta,JAKARTA TIMUR,MATRAMAN,PALMERIAM,Cacat Fisik,Perempuan,1,2018
5257,2018,DKI Jakarta,JAKARTA TIMUR,MATRAMAN,PALMERIAM,Cacat Netra-Buta,Perempuan,0,2018
5258,2018,DKI Jakarta,JAKARTA TIMUR,MATRAMAN,PALMERIAM,Cacat Rungu-Wicara,Perempuan,0,2018
5259,2018,DKI Jakarta,JAKARTA TIMUR,MATRAMAN,PALMERIAM,Cacat Mental-Jiwa,Perempuan,3,2018
5260,2018,DKI Jakarta,JAKARTA TIMUR,MATRAMAN,PALMERIAM,Cacat Fisik dan Mental,Perempuan,1,2018
5261,2018,DKI Jakarta,JAKARTA TIMUR,MATRAMAN,PALMERIAM,Cacat Lainnya,Perempuan,0,2018
5262,2018,DKI Jakarta,JAKARTA TIMUR,MATRAMAN,KEBON MANGGIS,Cacat Fisik,Perempuan,2,2018
5263,2018,DKI Jakarta,JAKARTA TIMUR,MATRAMAN,KEBON MANGGIS,Cacat Netra-Buta,Perempuan,1,2018
5264,2018,DKI Jakarta,JAKARTA TIMUR,MATRAMAN,KEBON MANGGIS,Cacat Rungu-Wicara,Perempuan,2,2018
5265,2018,DKI Jakarta,JAKARTA TIMUR,MATRAMAN,KEBON MANGGIS,Cacat Mental-Jiwa,Perempuan,7,2018
5266,2018,DKI Jakarta,JAKARTA TIMUR,MATRAMAN,KEBON MANGGIS,Cacat Lainnya,Perempuan,1,2018
5267,2018,DKI Jakarta,JAKARTA TIMUR,MATRAMAN,UTAN KAYU SELATAN,Cacat Fisik,Perempuan,1,2018
5268,2018,DKI Jakarta,JAKARTA TIMUR,MATRAMAN,UTAN KAYU SELATAN,Cacat Netra-Buta,Perempuan,1,2018
5269,2018,DKI Jakarta,JAKARTA TIMUR,MATRAMAN,UTAN KAYU SELATAN,Cacat Rungu-Wicara,Perempuan,0,2018
5270,2018,DKI Jakarta,JAKARTA TIMUR,MATRAMAN,UTAN KAYU SELATAN,Cacat Mental-Jiwa,Perempuan,0,2018
5271,2018,DKI Jakarta,JAKARTA TIMUR,MATRAMAN,UTAN KAYU SELATAN,Cacat Lainnya,Perempuan,2,2018
5272,2018,DKI Jakarta,JAKARTA TIMUR,PULO GADUNG,PULO GADUNG,Cacat Fisik,Perempuan,2,2018
5273,2018,DKI Jakarta,JAKARTA TIMUR,PULO GADUNG,PULO GADUNG,Cacat Mental-Jiwa,Perempuan,0,2018
5274,2018,DKI Jakarta,JAKARTA TIMUR,PULO GADUNG,PULO GADUNG,Cacat Lainnya,Perempuan,0,2018
5275,2018,DKI Jakarta,JAKARTA TIMUR,PULO GADUNG,PISANGAN TIMUR,Cacat Fisik,Perempuan,2,2018
5276,2018,DKI Jakarta,JAKARTA TIMUR,PULO GADUNG,PISANGAN TIMUR,Cacat Rungu-Wicara,Perempuan,0,2018
5277,2018,DKI Jakarta,JAKARTA TIMUR,PULO GADUNG,PISANGAN TIMUR,Cacat Mental-Jiwa,Perempuan,2,2018
5278,2018,DKI Jakarta,JAKARTA TIMUR,PULO GADUNG,PISANGAN TIMUR,Cacat Lainnya,Perempuan,2,2018
5279,2018,DKI Jakarta,JAKARTA TIMUR,PULO GADUNG,CIPINANG,Cacat Fisik,Perempuan,0,2018
5280,2018,DKI Jakarta,JAKARTA TIMUR,PULO GADUNG,CIPINANG,Cacat Netra-Buta,Perempuan,2,2018
5281,2018,DKI Jakarta,JAKARTA TIMUR,PULO GADUNG,CIPINANG,Cacat Rungu-Wicara,Perempuan,1,2018
5282,2018,DKI Jakarta,JAKARTA TIMUR,PULO GADUNG,JATINEGARA KAUM,Cacat Fisik,Perempuan,1,2018
5283,2018,DKI Jakarta,JAKARTA TIMUR,PULO GADUNG,JATINEGARA KAUM,Cacat Fisik dan Mental,Perempuan,0,2018
5284,2018,DKI Jakarta,JAKARTA TIMUR,PULO GADUNG,JATINEGARA KAUM,Cacat Lainnya,Perempuan,0,2018
5285,2018,DKI Jakarta,JAKARTA TIMUR,PULO GADUNG,RAWAMANGUN,Cacat Fisik,Perempuan,0,2018
5286,2018,DKI Jakarta,JAKARTA TIMUR,PULO GADUNG,RAWAMANGUN,Cacat Mental-Jiwa,Perempuan,2,2018
5287,2018,DKI Jakarta,JAKARTA TIMUR,PULO GADUNG,RAWAMANGUN,Cacat Lainnya,Perempuan,1,2018
5288,2018,DKI Jakarta,JAKARTA TIMUR,PULO GADUNG,KAYU PUTIH,Cacat Fisik,Perempuan,0,2018
5289,2018,DKI Jakarta,JAKARTA TIMUR,PULO GADUNG,KAYU PUTIH,Cacat Mental-Jiwa,Perempuan,1,2018
5290,2018,DKI Jakarta,JAKARTA TIMUR,PULO GADUNG,KAYU PUTIH,Cacat Fisik dan Mental,Perempuan,0,2018
5291,2018,DKI Jakarta,JAKARTA TIMUR,PULO GADUNG,KAYU PUTIH,Cacat Lainnya,Perempuan,0,2018
5292,2018,DKI Jakarta,JAKARTA TIMUR,PULO GADUNG,JATI,Cacat Fisik,Perempuan,1,2018
5293,2018,DKI Jakarta,JAKARTA TIMUR,PULO GADUNG,JATI,Cacat Rungu-Wicara,Perempuan,1,2018
5294,2018,DKI Jakarta,JAKARTA TIMUR,PULO GADUNG,JATI,Cacat Mental-Jiwa,Perempuan,1,2018
5295,2018,DKI Jakarta,JAKARTA TIMUR,PULO GADUNG,JATI,Cacat Lainnya,Perempuan,1,2018
5296,2018,DKI Jakarta,JAKARTA BARAT,KALI DERES,KALIDERES,Cacat Mental-Jiwa,Laki-laki,3,2018
5297,2018,DKI Jakarta,JAKARTA BARAT,KALI DERES,KALIDERES,Cacat Lainnya,Laki-laki,0,2018
5298,2018,DKI Jakarta,JAKARTA BARAT,KALI DERES,SEMANAN,Cacat Fisik,Laki-laki,0,2018
5299,2018,DKI Jakarta,JAKARTA BARAT,KALI DERES,SEMANAN,Cacat Rungu-Wicara,Laki-laki,0,2018
5300,2018,DKI Jakarta,JAKARTA BARAT,KALI DERES,SEMANAN,Cacat Mental-Jiwa,Laki-laki,1,2018
5301,2018,DKI Jakarta,JAKARTA BARAT,KALI DERES,SEMANAN,Cacat Lainnya,Laki-laki,2,2018
5302,2018,DKI Jakarta,JAKARTA BARAT,KALI DERES,TEGAL ALUR,Cacat Fisik,Laki-laki,2,2018
5303,2018,DKI Jakarta,JAKARTA BARAT,KALI DERES,TEGAL ALUR,Cacat Rungu-Wicara,Laki-laki,1,2018
5304,2018,DKI Jakarta,JAKARTA BARAT,KALI DERES,TEGAL ALUR,Cacat Mental-Jiwa,Laki-laki,5,2018
5305,2018,DKI Jakarta,JAKARTA BARAT,KALI DERES,TEGAL ALUR,Cacat Lainnya,Laki-laki,3,2018
5306,2018,DKI Jakarta,JAKARTA BARAT,KALI DERES,KAMAL,Cacat Fisik,Laki-laki,5,2018
5307,2018,DKI Jakarta,JAKARTA BARAT,KALI DERES,KAMAL,Cacat Netra-Buta,Laki-laki,1,2018
5308,2018,DKI Jakarta,JAKARTA BARAT,KALI DERES,KAMAL,Cacat Mental-Jiwa,Laki-laki,2,2018
5309,2018,DKI Jakarta,JAKARTA BARAT,KALI DERES,KAMAL,Cacat Lainnya,Laki-laki,8,2018
5310,2018,DKI Jakarta,JAKARTA BARAT,KALI DERES,PEGADUNGAN,Cacat Fisik,Laki-laki,3,2018
5311,2018,DKI Jakarta,JAKARTA BARAT,KALI DERES,PEGADUNGAN,Cacat Netra-Buta,Laki-laki,1,2018
5312,2018,DKI Jakarta,JAKARTA BARAT,KALI DERES,PEGADUNGAN,Cacat Rungu-Wicara,Laki-laki,1,2018
5313,2018,DKI Jakarta,JAKARTA BARAT,KALI DERES,PEGADUNGAN,Cacat Mental-Jiwa,Laki-laki,12,2018
5314,2018,DKI Jakarta,JAKARTA BARAT,KALI DERES,PEGADUNGAN,Cacat Fisik dan Mental,Laki-laki,6,2018
5315,2018,DKI Jakarta,JAKARTA BARAT,KALI DERES,PEGADUNGAN,Cacat Lainnya,Laki-laki,6,2018
5316,2018,DKI Jakarta,JAKARTA BARAT,PAL MERAH,PALMERAH,Cacat Fisik,Laki-laki,1,2018
5317,2018,DKI Jakarta,JAKARTA BARAT,PAL MERAH,PALMERAH,Cacat Netra-Buta,Laki-laki,0,2018
5318,2018,DKI Jakarta,JAKARTA BARAT,PAL MERAH,PALMERAH,Cacat Rungu-Wicara,Laki-laki,1,2018
5319,2018,DKI Jakarta,JAKARTA BARAT,PAL MERAH,PALMERAH,Cacat Mental-Jiwa,Laki-laki,4,2018
5320,2018,DKI Jakarta,JAKARTA BARAT,PAL MERAH,PALMERAH,Cacat Fisik dan Mental,Laki-laki,1,2018
5321,2018,DKI Jakarta,JAKARTA BARAT,PAL MERAH,PALMERAH,Cacat Lainnya,Laki-laki,0,2018
5322,2018,DKI Jakarta,JAKARTA BARAT,PAL MERAH,SLIPI,Cacat Fisik,Laki-laki,0,2018
5323,2018,DKI Jakarta,JAKARTA BARAT,PAL MERAH,SLIPI,Cacat Rungu-Wicara,Laki-laki,1,2018
5324,2018,DKI Jakarta,JAKARTA BARAT,PAL MERAH,SLIPI,Cacat Mental-Jiwa,Laki-laki,1,2018
5325,2018,DKI Jakarta,JAKARTA BARAT,PAL MERAH,SLIPI,Cacat Fisik dan Mental,Laki-laki,1,2018
5326,2018,DKI Jakarta,JAKARTA BARAT,PAL MERAH,SLIPI,Cacat Lainnya,Laki-laki,1,2018
5327,2018,DKI Jakarta,JAKARTA BARAT,PAL MERAH,KOTA BAMBU UTARA,Cacat Fisik,Laki-laki,1,2018
5328,2018,DKI Jakarta,JAKARTA BARAT,PAL MERAH,KOTA BAMBU UTARA,Cacat Netra-Buta,Laki-laki,0,2018
5329,2018,DKI Jakarta,JAKARTA BARAT,PAL MERAH,KOTA BAMBU UTARA,Cacat Rungu-Wicara,Laki-laki,1,2018
5330,2018,DKI Jakarta,JAKARTA BARAT,PAL MERAH,KOTA BAMBU UTARA,Cacat Mental-Jiwa,Laki-laki,4,2018
5331,2018,DKI Jakarta,JAKARTA BARAT,PAL MERAH,KOTA BAMBU UTARA,Cacat Fisik dan Mental,Laki-laki,2,2018
5332,2018,DKI Jakarta,JAKARTA BARAT,PAL MERAH,KOTA BAMBU UTARA,Cacat Lainnya,Laki-laki,0,2018
5333,2018,DKI Jakarta,JAKARTA BARAT,PAL MERAH,JATIPULO,Cacat Fisik,Laki-laki,0,2018
5334,2018,DKI Jakarta,JAKARTA BARAT,PAL MERAH,JATIPULO,Cacat Rungu-Wicara,Laki-laki,1,2018
5335,2018,DKI Jakarta,JAKARTA BARAT,PAL MERAH,JATIPULO,Cacat Fisik dan Mental,Laki-laki,1,2018
5336,2018,DKI Jakarta,JAKARTA BARAT,PAL MERAH,JATIPULO,Cacat Lainnya,Laki-laki,1,2018
5337,2018,DKI Jakarta,JAKARTA BARAT,PAL MERAH,KEMANGGISAN,Cacat Fisik,Laki-laki,1,2018
5338,2018,DKI Jakarta,JAKARTA BARAT,PAL MERAH,KEMANGGISAN,Cacat Netra-Buta,Laki-laki,3,2018
5339,2018,DKI Jakarta,JAKARTA PUSAT,S E N E N,KWITANG,Cacat Lainnya,Perempuan,0,2018
5340,2018,DKI Jakarta,JAKARTA PUSAT,S E N E N,BUNGUR,Cacat Fisik,Perempuan,0,2018
5341,2018,DKI Jakarta,JAKARTA PUSAT,S E N E N,BUNGUR,Cacat Netra-Buta,Perempuan,0,2018
5342,2018,DKI Jakarta,JAKARTA PUSAT,S E N E N,BUNGUR,Cacat Rungu-Wicara,Perempuan,1,2018
5343,2018,DKI Jakarta,JAKARTA PUSAT,S E N E N,BUNGUR,Cacat Lainnya,Perempuan,1,2018
5344,2018,DKI Jakarta,JAKARTA PUSAT,CEMPAKA PUTIH,CEMPAKA PUTIH TIMUR,Cacat Lainnya,Perempuan,1,2018
5345,2018,DKI Jakarta,JAKARTA PUSAT,CEMPAKA PUTIH,CEMPAKA PUTIH BARAT,Cacat Fisik,Perempuan,1,2018
5346,2018,DKI Jakarta,JAKARTA PUSAT,CEMPAKA PUTIH,CEMPAKA PUTIH BARAT,Cacat Rungu-Wicara,Perempuan,1,2018
5347,2018,DKI Jakarta,JAKARTA PUSAT,CEMPAKA PUTIH,CEMPAKA PUTIH BARAT,Cacat Mental-Jiwa,Perempuan,0,2018
5348,2018,DKI Jakarta,JAKARTA PUSAT,CEMPAKA PUTIH,RAWASARI,Cacat Rungu-Wicara,Perempuan,1,2018
5349,2018,DKI Jakarta,JAKARTA PUSAT,CEMPAKA PUTIH,RAWASARI,Cacat Mental-Jiwa,Perempuan,2,2018
5350,2018,DKI Jakarta,JAKARTA PUSAT,CEMPAKA PUTIH,RAWASARI,Cacat Lainnya,Perempuan,1,2018
5351,2018,DKI Jakarta,JAKARTA PUSAT,MENTENG,MENTENG,Cacat Fisik,Perempuan,0,2018
5352,2018,DKI Jakarta,JAKARTA PUSAT,MENTENG,MENTENG,Cacat Rungu-Wicara,Perempuan,1,2018
5353,2018,DKI Jakarta,JAKARTA PUSAT,MENTENG,MENTENG,Cacat Mental-Jiwa,Perempuan,1,2018
5354,2018,DKI Jakarta,JAKARTA PUSAT,MENTENG,MENTENG,Cacat Fisik dan Mental,Perempuan,0,2018
5355,2018,DKI Jakarta,JAKARTA PUSAT,MENTENG,PEGANGSAAN,Cacat Fisik,Perempuan,1,2018
5356,2018,DKI Jakarta,JAKARTA PUSAT,MENTENG,PEGANGSAAN,Cacat Netra-Buta,Perempuan,0,2018
5357,2018,DKI Jakarta,JAKARTA PUSAT,MENTENG,PEGANGSAAN,Cacat Rungu-Wicara,Perempuan,1,2018
5358,2018,DKI Jakarta,JAKARTA PUSAT,MENTENG,PEGANGSAAN,Cacat Mental-Jiwa,Perempuan,2,2018
5359,2018,DKI Jakarta,JAKARTA PUSAT,MENTENG,PEGANGSAAN,Cacat Fisik dan Mental,Perempuan,0,2018
5360,2018,DKI Jakarta,JAKARTA PUSAT,MENTENG,PEGANGSAAN,Cacat Lainnya,Perempuan,2,2018
5361,2018,DKI Jakarta,JAKARTA PUSAT,MENTENG,CIKINI,Cacat Mental-Jiwa,Perempuan,1,2018
5362,2018,DKI Jakarta,JAKARTA PUSAT,MENTENG,GONDANGDIA,Cacat Fisik dan Mental,Perempuan,0,2018
5363,2018,DKI Jakarta,JAKARTA PUSAT,MENTENG,KEBON SIRIH,Cacat Netra-Buta,Perempuan,1,2018
5364,2018,DKI Jakarta,JAKARTA PUSAT,MENTENG,KEBON SIRIH,Cacat Rungu-Wicara,Perempuan,0,2018
5365,2018,DKI Jakarta,JAKARTA PUSAT,MENTENG,KEBON SIRIH,Cacat Lainnya,Perempuan,2,2018
5366,2018,DKI Jakarta,JAKARTA PUSAT,TANAH ABANG,BENDUNGAN HILIR,Cacat Netra-Buta,Perempuan,0,2018
5367,2018,DKI Jakarta,JAKARTA PUSAT,TANAH ABANG,BENDUNGAN HILIR,Cacat Mental-Jiwa,Perempuan,1,2018
5368,2018,DKI Jakarta,JAKARTA PUSAT,TANAH ABANG,KARET TENGSIN,Cacat Fisik,Perempuan,2,2018
5369,2018,DKI Jakarta,JAKARTA PUSAT,TANAH ABANG,KARET TENGSIN,Cacat Lainnya,Perempuan,0,2018
5370,2018,DKI Jakarta,JAKARTA PUSAT,TANAH ABANG,PETAMBURAN,Cacat Fisik,Perempuan,0,2018
5371,2018,DKI Jakarta,JAKARTA PUSAT,TANAH ABANG,PETAMBURAN,Cacat Rungu-Wicara,Perempuan,1,2018
5372,2018,DKI Jakarta,JAKARTA PUSAT,TANAH ABANG,PETAMBURAN,Cacat Mental-Jiwa,Perempuan,1,2018
5373,2018,DKI Jakarta,JAKARTA PUSAT,TANAH ABANG,PETAMBURAN,Cacat Fisik dan Mental,Perempuan,2,2018
5374,2018,DKI Jakarta,JAKARTA PUSAT,TANAH ABANG,KEBON MELATI,Cacat Fisik,Perempuan,2,2018
5375,2018,DKI Jakarta,JAKARTA PUSAT,TANAH ABANG,KEBON MELATI,Cacat Netra-Buta,Perempuan,1,2018
5376,2018,DKI Jakarta,JAKARTA PUSAT,TANAH ABANG,KEBON MELATI,Cacat Rungu-Wicara,Perempuan,0,2018
5377,2018,DKI Jakarta,JAKARTA PUSAT,TANAH ABANG,KEBON MELATI,Cacat Mental-Jiwa,Perempuan,2,2018
5378,2018,DKI Jakarta,JAKARTA PUSAT,TANAH ABANG,KEBON MELATI,Cacat Lainnya,Perempuan,0,2018
5379,2018,DKI Jakarta,JAKARTA PUSAT,TANAH ABANG,KEBON KACANG,Cacat Fisik,Perempuan,0,2018
5380,2018,DKI Jakarta,JAKARTA PUSAT,TANAH ABANG,KEBON KACANG,Cacat Mental-Jiwa,Perempuan,0,2018
5381,2018,DKI Jakarta,JAKARTA TIMUR,JATINEGARA,KAMPUNG MELAYU,Cacat Mental-Jiwa,Perempuan,0,2018
5382,2018,DKI Jakarta,JAKARTA TIMUR,JATINEGARA,KAMPUNG MELAYU,Cacat Lainnya,Perempuan,0,2018
5383,2018,DKI Jakarta,JAKARTA TIMUR,JATINEGARA,BIDARA CINA,Cacat Fisik,Perempuan,1,2018
5384,2018,DKI Jakarta,JAKARTA TIMUR,JATINEGARA,BIDARA CINA,Cacat Rungu-Wicara,Perempuan,1,2018
5385,2018,DKI Jakarta,JAKARTA TIMUR,JATINEGARA,BIDARA CINA,Cacat Mental-Jiwa,Perempuan,1,2018
5386,2018,DKI Jakarta,JAKARTA TIMUR,JATINEGARA,BIDARA CINA,Cacat Lainnya,Perempuan,6,2018
5387,2018,DKI Jakarta,JAKARTA TIMUR,JATINEGARA,BALI MESTER,Cacat Mental-Jiwa,Perempuan,0,2018
5388,2018,DKI Jakarta,JAKARTA TIMUR,JATINEGARA,RAWA BUNGA,Cacat Fisik,Perempuan,1,2018
5389,2018,DKI Jakarta,JAKARTA TIMUR,JATINEGARA,RAWA BUNGA,Cacat Mental-Jiwa,Perempuan,1,2018
5390,2018,DKI Jakarta,JAKARTA TIMUR,JATINEGARA,RAWA BUNGA,Cacat Lainnya,Perempuan,1,2018
5391,2018,DKI Jakarta,JAKARTA TIMUR,JATINEGARA,CIPINANG CEMPEDAK,Cacat Fisik,Perempuan,3,2018
5392,2018,DKI Jakarta,JAKARTA TIMUR,JATINEGARA,CIPINANG CEMPEDAK,Cacat Rungu-Wicara,Perempuan,0,2018
5393,2018,DKI Jakarta,JAKARTA TIMUR,JATINEGARA,CIPINANG CEMPEDAK,Cacat Mental-Jiwa,Perempuan,2,2018
5394,2018,DKI Jakarta,JAKARTA TIMUR,JATINEGARA,CIPINANG CEMPEDAK,Cacat Fisik dan Mental,Perempuan,1,2018
5395,2018,DKI Jakarta,JAKARTA TIMUR,JATINEGARA,CIPINANG CEMPEDAK,Cacat Lainnya,Perempuan,3,2018
5396,2018,DKI Jakarta,JAKARTA TIMUR,JATINEGARA,CIPINANG MUARA,Cacat Fisik,Perempuan,0,2018
5397,2018,DKI Jakarta,JAKARTA TIMUR,JATINEGARA,CIPINANG MUARA,Cacat Fisik dan Mental,Perempuan,0,2018
5398,2018,DKI Jakarta,JAKARTA TIMUR,JATINEGARA,CIPINANG BESAR SELATAN,Cacat Fisik,Perempuan,1,2018
5399,2018,DKI Jakarta,JAKARTA TIMUR,JATINEGARA,CIPINANG BESAR SELATAN,Cacat Netra-Buta,Perempuan,1,2018
5400,2018,DKI Jakarta,JAKARTA TIMUR,JATINEGARA,CIPINANG BESAR SELATAN,Cacat Rungu-Wicara,Perempuan,2,2018
5401,2018,DKI Jakarta,JAKARTA TIMUR,JATINEGARA,CIPINANG BESAR SELATAN,Cacat Lainnya,Perempuan,2,2018
5402,2018,DKI Jakarta,JAKARTA TIMUR,JATINEGARA,CIPINANG BESAR UTARA,Cacat Fisik,Perempuan,2,2018
5403,2018,DKI Jakarta,JAKARTA TIMUR,JATINEGARA,CIPINANG BESAR UTARA,Cacat Mental-Jiwa,Perempuan,1,2018
5404,2018,DKI Jakarta,JAKARTA TIMUR,JATINEGARA,CIPINANG BESAR UTARA,Cacat Lainnya,Perempuan,1,2018
5405,2018,DKI Jakarta,JAKARTA TIMUR,KRAMATJATI,KRAMATJATI,Cacat Netra-Buta,Perempuan,1,2018
5406,2018,DKI Jakarta,JAKARTA TIMUR,KRAMATJATI,KRAMATJATI,Cacat Rungu-Wicara,Perempuan,3,2018
5407,2018,DKI Jakarta,JAKARTA TIMUR,KRAMATJATI,KRAMATJATI,Cacat Mental-Jiwa,Perempuan,0,2018
5408,2018,DKI Jakarta,JAKARTA TIMUR,KRAMATJATI,KRAMATJATI,Cacat Lainnya,Perempuan,1,2018
5409,2018,DKI Jakarta,JAKARTA TIMUR,KRAMATJATI,TENGAH,Cacat Fisik,Perempuan,0,2018
5410,2018,DKI Jakarta,JAKARTA TIMUR,KRAMATJATI,TENGAH,Cacat Mental-Jiwa,Perempuan,1,2018
5411,2018,DKI Jakarta,JAKARTA TIMUR,KRAMATJATI,TENGAH,Cacat Lainnya,Perempuan,0,2018
5412,2018,DKI Jakarta,JAKARTA TIMUR,KRAMATJATI,DUKUH,Cacat Rungu-Wicara,Perempuan,0,2018
5413,2018,DKI Jakarta,JAKARTA TIMUR,KRAMATJATI,DUKUH,Cacat Mental-Jiwa,Perempuan,2,2018
5414,2018,DKI Jakarta,JAKARTA TIMUR,KRAMATJATI,DUKUH,Cacat Lainnya,Perempuan,0,2018
5415,2018,DKI Jakarta,JAKARTA TIMUR,KRAMATJATI,BATU AMPAR,Cacat Netra-Buta,Perempuan,2,2018
5416,2018,DKI Jakarta,JAKARTA TIMUR,KRAMATJATI,BATU AMPAR,Cacat Rungu-Wicara,Perempuan,3,2018
5417,2018,DKI Jakarta,JAKARTA TIMUR,KRAMATJATI,BATU AMPAR,Cacat Mental-Jiwa,Perempuan,4,2018
5418,2018,DKI Jakarta,JAKARTA TIMUR,KRAMATJATI,BATU AMPAR,Cacat Fisik dan Mental,Perempuan,0,2018
5419,2018,DKI Jakarta,JAKARTA TIMUR,KRAMATJATI,BATU AMPAR,Cacat Lainnya,Perempuan,2,2018
5420,2018,DKI Jakarta,JAKARTA TIMUR,KRAMATJATI,BALEKAMBANG,Cacat Fisik,Perempuan,2,2018
5421,2018,DKI Jakarta,JAKARTA TIMUR,KRAMATJATI,BALEKAMBANG,Cacat Netra-Buta,Perempuan,0,2018
5422,2018,DKI Jakarta,JAKARTA TIMUR,KRAMATJATI,BALEKAMBANG,Cacat Rungu-Wicara,Perempuan,0,2018
5423,2018,DKI Jakarta,JAKARTA BARAT,PAL MERAH,KEMANGGISAN,Cacat Rungu-Wicara,Laki-laki,2,2018
5424,2018,DKI Jakarta,JAKARTA BARAT,PAL MERAH,KEMANGGISAN,Cacat Mental-Jiwa,Laki-laki,4,2018
5425,2018,DKI Jakarta,JAKARTA BARAT,PAL MERAH,KEMANGGISAN,Cacat Fisik dan Mental,Laki-laki,1,2018
5426,2018,DKI Jakarta,JAKARTA BARAT,PAL MERAH,KEMANGGISAN,Cacat Lainnya,Laki-laki,1,2018
5427,2018,DKI Jakarta,JAKARTA BARAT,PAL MERAH,KOTA BAMBU SELATAN,Cacat Fisik,Laki-laki,2,2018
5428,2018,DKI Jakarta,JAKARTA BARAT,PAL MERAH,KOTA BAMBU SELATAN,Cacat Netra-Buta,Laki-laki,1,2018
5429,2018,DKI Jakarta,JAKARTA BARAT,PAL MERAH,KOTA BAMBU SELATAN,Cacat Rungu-Wicara,Laki-laki,1,2018
5430,2018,DKI Jakarta,JAKARTA BARAT,PAL MERAH,KOTA BAMBU SELATAN,Cacat Mental-Jiwa,Laki-laki,2,2018
5431,2018,DKI Jakarta,JAKARTA BARAT,PAL MERAH,KOTA BAMBU SELATAN,Cacat Fisik dan Mental,Laki-laki,2,2018
5432,2018,DKI Jakarta,JAKARTA BARAT,PAL MERAH,KOTA BAMBU SELATAN,Cacat Lainnya,Laki-laki,1,2018
5433,2018,DKI Jakarta,JAKARTA BARAT,KEMBANGAN,KEMBANGAN UTARA,Cacat Netra-Buta,Laki-laki,1,2018
5434,2018,DKI Jakarta,JAKARTA BARAT,KEMBANGAN,KEMBANGAN UTARA,Cacat Rungu-Wicara,Laki-laki,9,2018
5435,2018,DKI Jakarta,JAKARTA BARAT,KEMBANGAN,KEMBANGAN UTARA,Cacat Mental-Jiwa,Laki-laki,2,2018
5436,2018,DKI Jakarta,JAKARTA BARAT,KEMBANGAN,KEMBANGAN UTARA,Cacat Lainnya,Laki-laki,2,2018
5437,2018,DKI Jakarta,JAKARTA BARAT,KEMBANGAN,MERUYA UTARA,Cacat Fisik,Laki-laki,0,2018
5438,2018,DKI Jakarta,JAKARTA BARAT,KEMBANGAN,MERUYA UTARA,Cacat Netra-Buta,Laki-laki,3,2018
5439,2018,DKI Jakarta,JAKARTA BARAT,KEMBANGAN,MERUYA UTARA,Cacat Rungu-Wicara,Laki-laki,3,2018
5440,2018,DKI Jakarta,JAKARTA BARAT,KEMBANGAN,MERUYA UTARA,Cacat Mental-Jiwa,Laki-laki,1,2018
5441,2018,DKI Jakarta,JAKARTA BARAT,KEMBANGAN,MERUYA UTARA,Cacat Lainnya,Laki-laki,1,2018
5442,2018,DKI Jakarta,JAKARTA BARAT,KEMBANGAN,MERUYA SELATAN,Cacat Fisik,Laki-laki,2,2018
5443,2018,DKI Jakarta,JAKARTA BARAT,KEMBANGAN,MERUYA SELATAN,Cacat Netra-Buta,Laki-laki,6,2018
5444,2018,DKI Jakarta,JAKARTA BARAT,KEMBANGAN,MERUYA SELATAN,Cacat Rungu-Wicara,Laki-laki,1,2018
5445,2018,DKI Jakarta,JAKARTA BARAT,KEMBANGAN,MERUYA SELATAN,Cacat Mental-Jiwa,Laki-laki,3,2018
5446,2018,DKI Jakarta,JAKARTA BARAT,KEMBANGAN,MERUYA SELATAN,Cacat Fisik dan Mental,Laki-laki,1,2018
5447,2018,DKI Jakarta,JAKARTA BARAT,KEMBANGAN,MERUYA SELATAN,Cacat Lainnya,Laki-laki,0,2018
5448,2018,DKI Jakarta,JAKARTA BARAT,KEMBANGAN,SRENGSENG,Cacat Fisik,Laki-laki,1,2018
5449,2018,DKI Jakarta,JAKARTA BARAT,KEMBANGAN,SRENGSENG,Cacat Netra-Buta,Laki-laki,1,2018
5450,2018,DKI Jakarta,JAKARTA BARAT,KEMBANGAN,SRENGSENG,Cacat Rungu-Wicara,Laki-laki,2,2018
5451,2018,DKI Jakarta,JAKARTA BARAT,KEMBANGAN,SRENGSENG,Cacat Mental-Jiwa,Laki-laki,1,2018
5452,2018,DKI Jakarta,JAKARTA BARAT,KEMBANGAN,SRENGSENG,Cacat Fisik dan Mental,Laki-laki,1,2018
5453,2018,DKI Jakarta,JAKARTA BARAT,KEMBANGAN,SRENGSENG,Cacat Lainnya,Laki-laki,3,2018
5454,2018,DKI Jakarta,JAKARTA BARAT,KEMBANGAN,JOGLO,Cacat Netra-Buta,Laki-laki,1,2018
5455,2018,DKI Jakarta,JAKARTA BARAT,KEMBANGAN,JOGLO,Cacat Rungu-Wicara,Laki-laki,0,2018
5456,2018,DKI Jakarta,JAKARTA BARAT,KEMBANGAN,JOGLO,Cacat Mental-Jiwa,Laki-laki,1,2018
5457,2018,DKI Jakarta,JAKARTA BARAT,KEMBANGAN,JOGLO,Cacat Lainnya,Laki-laki,3,2018
5458,2018,DKI Jakarta,JAKARTA BARAT,KEMBANGAN,KEMBANGAN SELATAN,Cacat Fisik,Laki-laki,1,2018
5459,2018,DKI Jakarta,JAKARTA BARAT,KEMBANGAN,KEMBANGAN SELATAN,Cacat Rungu-Wicara,Laki-laki,1,2018
5460,2018,DKI Jakarta,JAKARTA BARAT,KEMBANGAN,KEMBANGAN SELATAN,Cacat Mental-Jiwa,Laki-laki,0,2018
5461,2018,DKI Jakarta,JAKARTA BARAT,KEMBANGAN,KEMBANGAN SELATAN,Cacat Fisik dan Mental,Laki-laki,1,2018
5462,2018,DKI Jakarta,JAKARTA BARAT,KEMBANGAN,KEMBANGAN SELATAN,Cacat Lainnya,Laki-laki,0,2018
5463,2018,DKI Jakarta,JAKARTA SELATAN,TEBET,TEBET TIMUR,Cacat Netra-Buta,Laki-laki,0,2018
5464,2018,DKI Jakarta,JAKARTA SELATAN,TEBET,TEBET TIMUR,Cacat Rungu-Wicara,Laki-laki,0,2018
5465,2018,DKI Jakarta,JAKARTA PUSAT,TANAH ABANG,KEBON KACANG,Cacat Fisik dan Mental,Perempuan,1,2018
5466,2018,DKI Jakarta,JAKARTA PUSAT,TANAH ABANG,KEBON KACANG,Cacat Lainnya,Perempuan,1,2018
5467,2018,DKI Jakarta,JAKARTA PUSAT,TANAH ABANG,KAMPUNG BALI,Cacat Fisik,Perempuan,0,2018
5468,2018,DKI Jakarta,JAKARTA PUSAT,TANAH ABANG,KAMPUNG BALI,Cacat Mental-Jiwa,Perempuan,1,2018
5469,2018,DKI Jakarta,JAKARTA PUSAT,TANAH ABANG,KAMPUNG BALI,Cacat Lainnya,Perempuan,2,2018
5470,2018,DKI Jakarta,JAKARTA PUSAT,JOHAR BARU,JOHAR BARU,Cacat Rungu-Wicara,Perempuan,5,2018
5471,2018,DKI Jakarta,JAKARTA PUSAT,JOHAR BARU,JOHAR BARU,Cacat Mental-Jiwa,Perempuan,1,2018
5472,2018,DKI Jakarta,JAKARTA PUSAT,JOHAR BARU,JOHAR BARU,Cacat Lainnya,Perempuan,1,2018
5473,2018,DKI Jakarta,JAKARTA PUSAT,JOHAR BARU,KAMPUNG RAWA,Cacat Fisik,Perempuan,1,2018
5474,2018,DKI Jakarta,JAKARTA PUSAT,JOHAR BARU,KAMPUNG RAWA,Cacat Netra-Buta,Perempuan,1,2018
5475,2018,DKI Jakarta,JAKARTA PUSAT,JOHAR BARU,KAMPUNG RAWA,Cacat Mental-Jiwa,Perempuan,4,2018
5476,2018,DKI Jakarta,JAKARTA PUSAT,JOHAR BARU,KAMPUNG RAWA,Cacat Fisik dan Mental,Perempuan,1,2018
5477,2018,DKI Jakarta,JAKARTA PUSAT,JOHAR BARU,KAMPUNG RAWA,Cacat Lainnya,Perempuan,0,2018
5478,2018,DKI Jakarta,JAKARTA PUSAT,JOHAR BARU,GALUR,Cacat Netra-Buta,Perempuan,0,2018
5479,2018,DKI Jakarta,JAKARTA PUSAT,JOHAR BARU,GALUR,Cacat Lainnya,Perempuan,0,2018
5480,2018,DKI Jakarta,JAKARTA PUSAT,JOHAR BARU,TANAH TINGGI,Cacat Netra-Buta,Perempuan,0,2018
5481,2018,DKI Jakarta,JAKARTA PUSAT,JOHAR BARU,TANAH TINGGI,Cacat Mental-Jiwa,Perempuan,0,2018
5482,2018,DKI Jakarta,JAKARTA PUSAT,JOHAR BARU,TANAH TINGGI,Cacat Fisik dan Mental,Perempuan,1,2018
5483,2018,DKI Jakarta,JAKARTA PUSAT,JOHAR BARU,TANAH TINGGI,Cacat Lainnya,Perempuan,0,2018
5484,2018,DKI Jakarta,JAKARTA UTARA,PENJARINGAN,PENJARINGAN,Cacat Fisik,Perempuan,3,2018
5485,2018,DKI Jakarta,JAKARTA UTARA,PENJARINGAN,PENJARINGAN,Cacat Netra-Buta,Perempuan,1,2018
5486,2018,DKI Jakarta,JAKARTA UTARA,PENJARINGAN,PENJARINGAN,Cacat Rungu-Wicara,Perempuan,1,2018
5487,2018,DKI Jakarta,JAKARTA UTARA,PENJARINGAN,PENJARINGAN,Cacat Mental-Jiwa,Perempuan,1,2018
5488,2018,DKI Jakarta,JAKARTA UTARA,PENJARINGAN,PENJARINGAN,Cacat Lainnya,Perempuan,2,2018
5489,2018,DKI Jakarta,JAKARTA UTARA,PENJARINGAN,KAPUK MUARA,Cacat Fisik,Perempuan,2,2018
5490,2018,DKI Jakarta,JAKARTA UTARA,PENJARINGAN,KAPUK MUARA,Cacat Netra-Buta,Perempuan,1,2018
5491,2018,DKI Jakarta,JAKARTA UTARA,PENJARINGAN,KAPUK MUARA,Cacat Rungu-Wicara,Perempuan,0,2018
5492,2018,DKI Jakarta,JAKARTA UTARA,PENJARINGAN,KAPUK MUARA,Cacat Fisik dan Mental,Perempuan,1,2018
5493,2018,DKI Jakarta,JAKARTA UTARA,PENJARINGAN,KAPUK MUARA,Cacat Lainnya,Perempuan,2,2018
5494,2018,DKI Jakarta,JAKARTA UTARA,PENJARINGAN,PEJAGALAN,Cacat Fisik,Perempuan,3,2018
5495,2018,DKI Jakarta,JAKARTA UTARA,PENJARINGAN,PEJAGALAN,Cacat Netra-Buta,Perempuan,2,2018
5496,2018,DKI Jakarta,JAKARTA UTARA,PENJARINGAN,PEJAGALAN,Cacat Rungu-Wicara,Perempuan,5,2018
5497,2018,DKI Jakarta,JAKARTA UTARA,PENJARINGAN,PEJAGALAN,Cacat Mental-Jiwa,Perempuan,8,2018
5498,2018,DKI Jakarta,JAKARTA UTARA,PENJARINGAN,PEJAGALAN,Cacat Fisik dan Mental,Perempuan,1,2018
5499,2018,DKI Jakarta,JAKARTA UTARA,PENJARINGAN,PEJAGALAN,Cacat Lainnya,Perempuan,1,2018
5500,2018,DKI Jakarta,JAKARTA UTARA,PENJARINGAN,PLUIT,Cacat Mental-Jiwa,Perempuan,1,2018
5501,2018,DKI Jakarta,JAKARTA UTARA,PENJARINGAN,PLUIT,Cacat Fisik dan Mental,Perempuan,0,2018
5502,2018,DKI Jakarta,JAKARTA UTARA,TANJUNG PRIOK,TANJUNG PRIOK,Cacat Fisik,Perempuan,0,2018
5503,2018,DKI Jakarta,JAKARTA UTARA,TANJUNG PRIOK,TANJUNG PRIOK,Cacat Mental-Jiwa,Perempuan,0,2018
5504,2018,DKI Jakarta,JAKARTA UTARA,TANJUNG PRIOK,SUNTER JAYA,Cacat Fisik,Perempuan,0,2018
5505,2018,DKI Jakarta,JAKARTA UTARA,TANJUNG PRIOK,SUNTER JAYA,Cacat Mental-Jiwa,Perempuan,0,2018
5506,2018,DKI Jakarta,JAKARTA UTARA,TANJUNG PRIOK,PAPANGGO,Cacat Fisik,Perempuan,0,2018
5507,2018,DKI Jakarta,JAKARTA TIMUR,KRAMATJATI,BALEKAMBANG,Cacat Mental-Jiwa,Perempuan,1,2018
5508,2018,DKI Jakarta,JAKARTA TIMUR,KRAMATJATI,BALEKAMBANG,Cacat Fisik dan Mental,Perempuan,0,2018
5509,2018,DKI Jakarta,JAKARTA TIMUR,KRAMATJATI,BALEKAMBANG,Cacat Lainnya,Perempuan,1,2018
5510,2018,DKI Jakarta,JAKARTA TIMUR,KRAMATJATI,CILILITAN,Cacat Netra-Buta,Perempuan,0,2018
5511,2018,DKI Jakarta,JAKARTA TIMUR,KRAMATJATI,CILILITAN,Cacat Rungu-Wicara,Perempuan,2,2018
5512,2018,DKI Jakarta,JAKARTA TIMUR,KRAMATJATI,CILILITAN,Cacat Mental-Jiwa,Perempuan,2,2018
5513,2018,DKI Jakarta,JAKARTA TIMUR,KRAMATJATI,CILILITAN,Cacat Fisik dan Mental,Perempuan,1,2018
5514,2018,DKI Jakarta,JAKARTA TIMUR,KRAMATJATI,CILILITAN,Cacat Lainnya,Perempuan,3,2018
5515,2018,DKI Jakarta,JAKARTA TIMUR,KRAMATJATI,CAWANG,Cacat Fisik,Perempuan,1,2018
5516,2018,DKI Jakarta,JAKARTA TIMUR,KRAMATJATI,CAWANG,Cacat Netra-Buta,Perempuan,0,2018
5517,2018,DKI Jakarta,JAKARTA TIMUR,KRAMATJATI,CAWANG,Cacat Rungu-Wicara,Perempuan,2,2018
5518,2018,DKI Jakarta,JAKARTA TIMUR,KRAMATJATI,CAWANG,Cacat Mental-Jiwa,Perempuan,1,2018
5519,2018,DKI Jakarta,JAKARTA TIMUR,KRAMATJATI,CAWANG,Cacat Lainnya,Perempuan,6,2018
5520,2018,DKI Jakarta,JAKARTA TIMUR,PASAR REBO,GEDONG,Cacat Fisik,Perempuan,0,2018
5521,2018,DKI Jakarta,JAKARTA TIMUR,PASAR REBO,GEDONG,Cacat Netra-Buta,Perempuan,0,2018
5522,2018,DKI Jakarta,JAKARTA TIMUR,PASAR REBO,GEDONG,Cacat Mental-Jiwa,Perempuan,3,2018
5523,2018,DKI Jakarta,JAKARTA TIMUR,PASAR REBO,GEDONG,Cacat Fisik dan Mental,Perempuan,0,2018
5524,2018,DKI Jakarta,JAKARTA TIMUR,PASAR REBO,BARU,Cacat Fisik,Perempuan,2,2018
5525,2018,DKI Jakarta,JAKARTA TIMUR,PASAR REBO,BARU,Cacat Netra-Buta,Perempuan,0,2018
5526,2018,DKI Jakarta,JAKARTA TIMUR,PASAR REBO,BARU,Cacat Fisik dan Mental,Perempuan,1,2018
5527,2018,DKI Jakarta,JAKARTA TIMUR,PASAR REBO,BARU,Cacat Lainnya,Perempuan,1,2018
5528,2018,DKI Jakarta,JAKARTA TIMUR,PASAR REBO,CIJANTUNG,Cacat Fisik,Perempuan,4,2018
5529,2018,DKI Jakarta,JAKARTA TIMUR,PASAR REBO,CIJANTUNG,Cacat Netra-Buta,Perempuan,2,2018
5530,2018,DKI Jakarta,JAKARTA TIMUR,PASAR REBO,CIJANTUNG,Cacat Rungu-Wicara,Perempuan,1,2018
5531,2018,DKI Jakarta,JAKARTA TIMUR,PASAR REBO,CIJANTUNG,Cacat Mental-Jiwa,Perempuan,2,2018
5532,2018,DKI Jakarta,JAKARTA TIMUR,PASAR REBO,CIJANTUNG,Cacat Fisik dan Mental,Perempuan,0,2018
5533,2018,DKI Jakarta,JAKARTA TIMUR,PASAR REBO,CIJANTUNG,Cacat Lainnya,Perempuan,7,2018
5534,2018,DKI Jakarta,JAKARTA TIMUR,PASAR REBO,KALISARI,Cacat Fisik,Perempuan,0,2018
5535,2018,DKI Jakarta,JAKARTA TIMUR,PASAR REBO,KALISARI,Cacat Netra-Buta,Perempuan,2,2018
5536,2018,DKI Jakarta,JAKARTA TIMUR,PASAR REBO,KALISARI,Cacat Rungu-Wicara,Perempuan,1,2018
5537,2018,DKI Jakarta,JAKARTA TIMUR,PASAR REBO,KALISARI,Cacat Mental-Jiwa,Perempuan,1,2018
5538,2018,DKI Jakarta,JAKARTA TIMUR,PASAR REBO,KALISARI,Cacat Fisik dan Mental,Perempuan,1,2018
5539,2018,DKI Jakarta,JAKARTA TIMUR,PASAR REBO,KALISARI,Cacat Lainnya,Perempuan,1,2018
5540,2018,DKI Jakarta,JAKARTA TIMUR,PASAR REBO,PEKAYON,Cacat Fisik,Perempuan,1,2018
5541,2018,DKI Jakarta,JAKARTA TIMUR,PASAR REBO,PEKAYON,Cacat Netra-Buta,Perempuan,2,2018
5542,2018,DKI Jakarta,JAKARTA TIMUR,PASAR REBO,PEKAYON,Cacat Rungu-Wicara,Perempuan,1,2018
5543,2018,DKI Jakarta,JAKARTA TIMUR,PASAR REBO,PEKAYON,Cacat Mental-Jiwa,Perempuan,0,2018
5544,2018,DKI Jakarta,JAKARTA TIMUR,PASAR REBO,PEKAYON,Cacat Fisik dan Mental,Perempuan,1,2018
5545,2018,DKI Jakarta,JAKARTA TIMUR,PASAR REBO,PEKAYON,Cacat Lainnya,Perempuan,3,2018
5546,2018,DKI Jakarta,JAKARTA TIMUR,CAKUNG,JATINEGARA,Cacat Fisik,Perempuan,5,2018
5547,2018,DKI Jakarta,JAKARTA TIMUR,CAKUNG,JATINEGARA,Cacat Netra-Buta,Perempuan,0,2018
5548,2018,DKI Jakarta,JAKARTA TIMUR,CAKUNG,JATINEGARA,Cacat Mental-Jiwa,Perempuan,1,2018
5549,2018,DKI Jakarta,JAKARTA TIMUR,CAKUNG,JATINEGARA,Cacat Lainnya,Perempuan,0,2018
5550,2018,DKI Jakarta,JAKARTA SELATAN,TEBET,TEBET TIMUR,Cacat Mental-Jiwa,Laki-laki,1,2018
5551,2018,DKI Jakarta,JAKARTA SELATAN,TEBET,TEBET TIMUR,Cacat Fisik dan Mental,Laki-laki,1,2018
5552,2018,DKI Jakarta,JAKARTA SELATAN,TEBET,TEBET TIMUR,Cacat Lainnya,Laki-laki,2,2018
5553,2018,DKI Jakarta,JAKARTA SELATAN,TEBET,TEBET BARAT,Cacat Mental-Jiwa,Laki-laki,2,2018
5554,2018,DKI Jakarta,JAKARTA SELATAN,TEBET,MENTENG DALAM,Cacat Fisik,Laki-laki,3,2018
5555,2018,DKI Jakarta,JAKARTA SELATAN,TEBET,MENTENG DALAM,Cacat Netra-Buta,Laki-laki,3,2018
5556,2018,DKI Jakarta,JAKARTA SELATAN,TEBET,MENTENG DALAM,Cacat Rungu-Wicara,Laki-laki,5,2018
5557,2018,DKI Jakarta,JAKARTA SELATAN,TEBET,MENTENG DALAM,Cacat Mental-Jiwa,Laki-laki,14,2018
5558,2018,DKI Jakarta,JAKARTA SELATAN,TEBET,MENTENG DALAM,Cacat Fisik dan Mental,Laki-laki,3,2018
5559,2018,DKI Jakarta,JAKARTA SELATAN,TEBET,MENTENG DALAM,Cacat Lainnya,Laki-laki,0,2018
5560,2018,DKI Jakarta,JAKARTA SELATAN,TEBET,KEBON BARU,Cacat Fisik,Laki-laki,2,2018
5561,2018,DKI Jakarta,JAKARTA SELATAN,TEBET,KEBON BARU,Cacat Netra-Buta,Laki-laki,0,2018
5562,2018,DKI Jakarta,JAKARTA SELATAN,TEBET,KEBON BARU,Cacat Rungu-Wicara,Laki-laki,1,2018
5563,2018,DKI Jakarta,JAKARTA SELATAN,TEBET,BUKIT DURI,Cacat Fisik,Laki-laki,0,2018
5564,2018,DKI Jakarta,JAKARTA SELATAN,TEBET,BUKIT DURI,Cacat Rungu-Wicara,Laki-laki,1,2018
5565,2018,DKI Jakarta,JAKARTA SELATAN,TEBET,BUKIT DURI,Cacat Mental-Jiwa,Laki-laki,2,2018
5566,2018,DKI Jakarta,JAKARTA SELATAN,TEBET,BUKIT DURI,Cacat Lainnya,Laki-laki,1,2018
5567,2018,DKI Jakarta,JAKARTA SELATAN,TEBET,MANGGARAI SELATAN,Cacat Netra-Buta,Laki-laki,1,2018
5568,2018,DKI Jakarta,JAKARTA SELATAN,TEBET,MANGGARAI SELATAN,Cacat Mental-Jiwa,Laki-laki,0,2018
5569,2018,DKI Jakarta,JAKARTA SELATAN,TEBET,MANGGARAI SELATAN,Cacat Fisik dan Mental,Laki-laki,0,2018
5570,2018,DKI Jakarta,JAKARTA SELATAN,TEBET,MANGGARAI,Cacat Fisik,Laki-laki,1,2018
5571,2018,DKI Jakarta,JAKARTA SELATAN,TEBET,MANGGARAI,Cacat Rungu-Wicara,Laki-laki,2,2018
5572,2018,DKI Jakarta,JAKARTA SELATAN,TEBET,MANGGARAI,Cacat Mental-Jiwa,Laki-laki,0,2018
5573,2018,DKI Jakarta,JAKARTA SELATAN,TEBET,MANGGARAI,Cacat Fisik dan Mental,Laki-laki,1,2018
5574,2018,DKI Jakarta,JAKARTA SELATAN,TEBET,MANGGARAI,Cacat Lainnya,Laki-laki,1,2018
5575,2018,DKI Jakarta,JAKARTA SELATAN,SETIA BUDI,SETIA BUDI,Cacat Mental-Jiwa,Laki-laki,0,2018
5576,2018,DKI Jakarta,JAKARTA SELATAN,SETIA BUDI,KARET SEMANGGI,Cacat Lainnya,Laki-laki,0,2018
5577,2018,DKI Jakarta,JAKARTA SELATAN,SETIA BUDI,KARET KUNINGAN,Cacat Fisik,Laki-laki,3,2018
5578,2018,DKI Jakarta,JAKARTA SELATAN,SETIA BUDI,KARET KUNINGAN,Cacat Fisik dan Mental,Laki-laki,0,2018
5579,2018,DKI Jakarta,JAKARTA SELATAN,SETIA BUDI,KARET,Cacat Fisik,Laki-laki,1,2018
5580,2018,DKI Jakarta,JAKARTA SELATAN,SETIA BUDI,KARET,Cacat Mental-Jiwa,Laki-laki,0,2018
5581,2018,DKI Jakarta,JAKARTA SELATAN,SETIA BUDI,MENTENG ATAS,Cacat Fisik,Laki-laki,0,2018
5582,2018,DKI Jakarta,JAKARTA SELATAN,SETIA BUDI,MENTENG ATAS,Cacat Netra-Buta,Laki-laki,1,2018
5583,2018,DKI Jakarta,JAKARTA SELATAN,SETIA BUDI,MENTENG ATAS,Cacat Rungu-Wicara,Laki-laki,1,2018
5584,2018,DKI Jakarta,JAKARTA SELATAN,SETIA BUDI,MENTENG ATAS,Cacat Mental-Jiwa,Laki-laki,3,2018
5585,2018,DKI Jakarta,JAKARTA SELATAN,SETIA BUDI,MENTENG ATAS,Cacat Lainnya,Laki-laki,0,2018
5586,2018,DKI Jakarta,JAKARTA SELATAN,SETIA BUDI,PASAR MANGGIS,Cacat Fisik,Laki-laki,1,2018
5587,2018,DKI Jakarta,JAKARTA SELATAN,SETIA BUDI,PASAR MANGGIS,Cacat Netra-Buta,Laki-laki,1,2018
5588,2018,DKI Jakarta,JAKARTA SELATAN,SETIA BUDI,PASAR MANGGIS,Cacat Rungu-Wicara,Laki-laki,2,2018
5589,2018,DKI Jakarta,JAKARTA SELATAN,SETIA BUDI,PASAR MANGGIS,Cacat Fisik dan Mental,Laki-laki,0,2018
5590,2018,DKI Jakarta,JAKARTA SELATAN,SETIA BUDI,PASAR MANGGIS,Cacat Lainnya,Laki-laki,2,2018
5591,2018,DKI Jakarta,JAKARTA SELATAN,SETIA BUDI,GUNTUR,Cacat Mental-Jiwa,Laki-laki,0,2018
5592,2018,DKI Jakarta,JAKARTA UTARA,TANJUNG PRIOK,PAPANGGO,Cacat Netra-Buta,Perempuan,2,2018
5593,2018,DKI Jakarta,JAKARTA UTARA,TANJUNG PRIOK,PAPANGGO,Cacat Rungu-Wicara,Perempuan,1,2018
5594,2018,DKI Jakarta,JAKARTA UTARA,TANJUNG PRIOK,PAPANGGO,Cacat Mental-Jiwa,Perempuan,1,2018
5595,2018,DKI Jakarta,JAKARTA UTARA,TANJUNG PRIOK,PAPANGGO,Cacat Fisik dan Mental,Perempuan,0,2018
5596,2018,DKI Jakarta,JAKARTA UTARA,TANJUNG PRIOK,PAPANGGO,Cacat Lainnya,Perempuan,2,2018
5597,2018,DKI Jakarta,JAKARTA UTARA,TANJUNG PRIOK,SUNGAI BAMBU,Cacat Fisik,Perempuan,1,2018
5598,2018,DKI Jakarta,JAKARTA UTARA,TANJUNG PRIOK,SUNGAI BAMBU,Cacat Mental-Jiwa,Perempuan,0,2018
5599,2018,DKI Jakarta,JAKARTA UTARA,TANJUNG PRIOK,SUNGAI BAMBU,Cacat Lainnya,Perempuan,2,2018
5600,2018,DKI Jakarta,JAKARTA UTARA,TANJUNG PRIOK,KEBON BAWANG,Cacat Fisik,Perempuan,9,2018
5601,2018,DKI Jakarta,JAKARTA UTARA,TANJUNG PRIOK,KEBON BAWANG,Cacat Netra-Buta,Perempuan,1,2018
5602,2018,DKI Jakarta,JAKARTA UTARA,TANJUNG PRIOK,KEBON BAWANG,Cacat Rungu-Wicara,Perempuan,4,2018
5603,2018,DKI Jakarta,JAKARTA UTARA,TANJUNG PRIOK,KEBON BAWANG,Cacat Mental-Jiwa,Perempuan,0,2018
5604,2018,DKI Jakarta,JAKARTA UTARA,TANJUNG PRIOK,KEBON BAWANG,Cacat Fisik dan Mental,Perempuan,1,2018
5605,2018,DKI Jakarta,JAKARTA UTARA,TANJUNG PRIOK,KEBON BAWANG,Cacat Lainnya,Perempuan,1,2018
5606,2018,DKI Jakarta,JAKARTA UTARA,TANJUNG PRIOK,SUNTER AGUNG,Cacat Netra-Buta,Perempuan,0,2018
5607,2018,DKI Jakarta,JAKARTA UTARA,TANJUNG PRIOK,SUNTER AGUNG,Cacat Rungu-Wicara,Perempuan,0,2018
5608,2018,DKI Jakarta,JAKARTA UTARA,TANJUNG PRIOK,SUNTER AGUNG,Cacat Mental-Jiwa,Perempuan,0,2018
5609,2018,DKI Jakarta,JAKARTA UTARA,TANJUNG PRIOK,SUNTER AGUNG,Cacat Fisik dan Mental,Perempuan,0,2018
5610,2018,DKI Jakarta,JAKARTA UTARA,TANJUNG PRIOK,SUNTER AGUNG,Cacat Lainnya,Perempuan,0,2018
5611,2018,DKI Jakarta,JAKARTA UTARA,TANJUNG PRIOK,WARAKAS,Cacat Fisik,Perempuan,0,2018
5612,2018,DKI Jakarta,JAKARTA UTARA,TANJUNG PRIOK,WARAKAS,Cacat Mental-Jiwa,Perempuan,0,2018
5613,2018,DKI Jakarta,JAKARTA UTARA,TANJUNG PRIOK,WARAKAS,Cacat Lainnya,Perempuan,1,2018
5614,2018,DKI Jakarta,JAKARTA UTARA,KOJA,KOJA,Cacat Mental-Jiwa,Perempuan,0,2018
5615,2018,DKI Jakarta,JAKARTA UTARA,KOJA,KOJA,Cacat Lainnya,Perempuan,0,2018
5616,2018,DKI Jakarta,JAKARTA UTARA,KOJA,TUGU UTARA,Cacat Fisik,Perempuan,3,2018
5617,2018,DKI Jakarta,JAKARTA UTARA,KOJA,TUGU UTARA,Cacat Netra-Buta,Perempuan,1,2018
5618,2018,DKI Jakarta,JAKARTA UTARA,KOJA,TUGU UTARA,Cacat Mental-Jiwa,Perempuan,0,2018
5619,2018,DKI Jakarta,JAKARTA UTARA,KOJA,TUGU UTARA,Cacat Lainnya,Perempuan,3,2018
5620,2018,DKI Jakarta,JAKARTA UTARA,KOJA,LAGOA,Cacat Fisik,Perempuan,0,2018
5621,2018,DKI Jakarta,JAKARTA UTARA,KOJA,LAGOA,Cacat Netra-Buta,Perempuan,0,2018
5622,2018,DKI Jakarta,JAKARTA UTARA,KOJA,LAGOA,Cacat Rungu-Wicara,Perempuan,0,2018
5623,2018,DKI Jakarta,JAKARTA UTARA,KOJA,LAGOA,Cacat Mental-Jiwa,Perempuan,2,2018
5624,2018,DKI Jakarta,JAKARTA UTARA,KOJA,LAGOA,Cacat Fisik dan Mental,Perempuan,2,2018
5625,2018,DKI Jakarta,JAKARTA UTARA,KOJA,LAGOA,Cacat Lainnya,Perempuan,1,2018
5626,2018,DKI Jakarta,JAKARTA UTARA,KOJA,RAWA BADAK UTARA,Cacat Fisik,Perempuan,4,2018
5627,2018,DKI Jakarta,JAKARTA UTARA,KOJA,RAWA BADAK UTARA,Cacat Rungu-Wicara,Perempuan,0,2018
5628,2018,DKI Jakarta,JAKARTA UTARA,KOJA,RAWA BADAK UTARA,Cacat Fisik dan Mental,Perempuan,0,2018
5629,2018,DKI Jakarta,JAKARTA UTARA,KOJA,RAWA BADAK UTARA,Cacat Lainnya,Perempuan,1,2018
5630,2018,DKI Jakarta,JAKARTA UTARA,KOJA,TUGU SELATAN,Cacat Fisik,Perempuan,12,2018
5631,2018,DKI Jakarta,JAKARTA UTARA,KOJA,TUGU SELATAN,Cacat Lainnya,Perempuan,2,2018
5632,2018,DKI Jakarta,JAKARTA UTARA,KOJA,RAWA BADAK SELATAN,Cacat Fisik,Perempuan,1,2018
5633,2018,DKI Jakarta,JAKARTA UTARA,KOJA,RAWA BADAK SELATAN,Cacat Rungu-Wicara,Perempuan,0,2018
5634,2018,DKI Jakarta,JAKARTA UTARA,KOJA,RAWA BADAK SELATAN,Cacat Fisik dan Mental,Perempuan,1,2018
5635,2018,DKI Jakarta,JAKARTA TIMUR,CAKUNG,RAWA TERATE,Cacat Netra-Buta,Perempuan,0,2018
5636,2018,DKI Jakarta,JAKARTA TIMUR,CAKUNG,RAWA TERATE,Cacat Rungu-Wicara,Perempuan,0,2018
5637,2018,DKI Jakarta,JAKARTA TIMUR,CAKUNG,RAWA TERATE,Cacat Mental-Jiwa,Perempuan,1,2018
5638,2018,DKI Jakarta,JAKARTA TIMUR,CAKUNG,RAWA TERATE,Cacat Lainnya,Perempuan,0,2018
5639,2018,DKI Jakarta,JAKARTA TIMUR,CAKUNG,PENGGILINGAN,Cacat Fisik,Perempuan,6,2018
5640,2018,DKI Jakarta,JAKARTA TIMUR,CAKUNG,PENGGILINGAN,Cacat Netra-Buta,Perempuan,5,2018
5641,2018,DKI Jakarta,JAKARTA TIMUR,CAKUNG,PENGGILINGAN,Cacat Rungu-Wicara,Perempuan,10,2018
5642,2018,DKI Jakarta,JAKARTA TIMUR,CAKUNG,PENGGILINGAN,Cacat Mental-Jiwa,Perempuan,8,2018
5643,2018,DKI Jakarta,JAKARTA TIMUR,CAKUNG,PENGGILINGAN,Cacat Fisik dan Mental,Perempuan,2,2018
5644,2018,DKI Jakarta,JAKARTA TIMUR,CAKUNG,PENGGILINGAN,Cacat Lainnya,Perempuan,6,2018
5645,2018,DKI Jakarta,JAKARTA TIMUR,CAKUNG,CAKUNG TIMUR,Cacat Fisik,Perempuan,0,2018
5646,2018,DKI Jakarta,JAKARTA TIMUR,CAKUNG,CAKUNG TIMUR,Cacat Netra-Buta,Perempuan,0,2018
5647,2018,DKI Jakarta,JAKARTA TIMUR,CAKUNG,CAKUNG TIMUR,Cacat Rungu-Wicara,Perempuan,0,2018
5648,2018,DKI Jakarta,JAKARTA TIMUR,CAKUNG,CAKUNG TIMUR,Cacat Mental-Jiwa,Perempuan,1,2018
5649,2018,DKI Jakarta,JAKARTA TIMUR,CAKUNG,CAKUNG TIMUR,Cacat Lainnya,Perempuan,0,2018
5650,2018,DKI Jakarta,JAKARTA TIMUR,CAKUNG,PULO GEBANG,Cacat Fisik,Perempuan,0,2018
5651,2018,DKI Jakarta,JAKARTA TIMUR,CAKUNG,PULO GEBANG,Cacat Netra-Buta,Perempuan,1,2018
5652,2018,DKI Jakarta,JAKARTA TIMUR,CAKUNG,PULO GEBANG,Cacat Fisik dan Mental,Perempuan,0,2018
5653,2018,DKI Jakarta,JAKARTA TIMUR,CAKUNG,PULO GEBANG,Cacat Lainnya,Perempuan,3,2018
5654,2018,DKI Jakarta,JAKARTA TIMUR,CAKUNG,UJUNG MENTENG,Cacat Fisik,Perempuan,1,2018
5655,2018,DKI Jakarta,JAKARTA TIMUR,CAKUNG,UJUNG MENTENG,Cacat Mental-Jiwa,Perempuan,0,2018
5656,2018,DKI Jakarta,JAKARTA TIMUR,CAKUNG,UJUNG MENTENG,Cacat Lainnya,Perempuan,1,2018
5657,2018,DKI Jakarta,JAKARTA TIMUR,CAKUNG,CAKUNG BARAT,Cacat Fisik,Perempuan,4,2018
5658,2018,DKI Jakarta,JAKARTA TIMUR,CAKUNG,CAKUNG BARAT,Cacat Mental-Jiwa,Perempuan,2,2018
5659,2018,DKI Jakarta,JAKARTA TIMUR,CAKUNG,CAKUNG BARAT,Cacat Lainnya,Perempuan,2,2018
5660,2018,DKI Jakarta,JAKARTA TIMUR,DUREN SAWIT,DUREN SAWIT,Cacat Fisik,Perempuan,0,2018
5661,2018,DKI Jakarta,JAKARTA TIMUR,DUREN SAWIT,DUREN SAWIT,Cacat Netra-Buta,Perempuan,0,2018
5662,2018,DKI Jakarta,JAKARTA TIMUR,DUREN SAWIT,DUREN SAWIT,Cacat Rungu-Wicara,Perempuan,1,2018
5663,2018,DKI Jakarta,JAKARTA TIMUR,DUREN SAWIT,DUREN SAWIT,Cacat Mental-Jiwa,Perempuan,1,2018
5664,2018,DKI Jakarta,JAKARTA TIMUR,DUREN SAWIT,DUREN SAWIT,Cacat Fisik dan Mental,Perempuan,0,2018
5665,2018,DKI Jakarta,JAKARTA TIMUR,DUREN SAWIT,DUREN SAWIT,Cacat Lainnya,Perempuan,1,2018
5666,2018,DKI Jakarta,JAKARTA TIMUR,DUREN SAWIT,PONDOK BAMBU,Cacat Fisik,Perempuan,5,2018
5667,2018,DKI Jakarta,JAKARTA TIMUR,DUREN SAWIT,PONDOK BAMBU,Cacat Netra-Buta,Perempuan,2,2018
5668,2018,DKI Jakarta,JAKARTA TIMUR,DUREN SAWIT,PONDOK BAMBU,Cacat Rungu-Wicara,Perempuan,1,2018
5669,2018,DKI Jakarta,JAKARTA TIMUR,DUREN SAWIT,PONDOK BAMBU,Cacat Mental-Jiwa,Perempuan,1,2018
5670,2018,DKI Jakarta,JAKARTA TIMUR,DUREN SAWIT,PONDOK BAMBU,Cacat Fisik dan Mental,Perempuan,2,2018
5671,2018,DKI Jakarta,JAKARTA TIMUR,DUREN SAWIT,PONDOK BAMBU,Cacat Lainnya,Perempuan,4,2018
5672,2018,DKI Jakarta,JAKARTA TIMUR,DUREN SAWIT,KLENDER,Cacat Fisik,Perempuan,4,2018
5673,2018,DKI Jakarta,JAKARTA TIMUR,DUREN SAWIT,KLENDER,Cacat Netra-Buta,Perempuan,1,2018
5674,2018,DKI Jakarta,JAKARTA TIMUR,DUREN SAWIT,KLENDER,Cacat Rungu-Wicara,Perempuan,3,2018
5675,2018,DKI Jakarta,JAKARTA TIMUR,DUREN SAWIT,KLENDER,Cacat Mental-Jiwa,Perempuan,5,2018
5676,2018,DKI Jakarta,JAKARTA TIMUR,DUREN SAWIT,KLENDER,Cacat Fisik dan Mental,Perempuan,2,2018
5677,2018,DKI Jakarta,JAKARTA TIMUR,DUREN SAWIT,KLENDER,Cacat Lainnya,Perempuan,4,2018
5678,2018,DKI Jakarta,JAKARTA SELATAN,SETIA BUDI,GUNTUR,Cacat Lainnya,Laki-laki,0,2018
5679,2018,DKI Jakarta,JAKARTA SELATAN,SETIA BUDI,KUNINGAN TIMUR,Cacat Mental-Jiwa,Laki-laki,0,2018
5680,2018,DKI Jakarta,JAKARTA SELATAN,SETIA BUDI,KUNINGAN TIMUR,Cacat Fisik dan Mental,Laki-laki,0,2018
5681,2018,DKI Jakarta,JAKARTA SELATAN,SETIA BUDI,KUNINGAN TIMUR,Cacat Lainnya,Laki-laki,0,2018
5682,2018,DKI Jakarta,JAKARTA SELATAN,MAMPANG PRAPATAN,MAMPANG PRAPATAN,Cacat Fisik,Laki-laki,5,2018
5683,2018,DKI Jakarta,JAKARTA SELATAN,MAMPANG PRAPATAN,MAMPANG PRAPATAN,Cacat Rungu-Wicara,Laki-laki,1,2018
5684,2018,DKI Jakarta,JAKARTA SELATAN,MAMPANG PRAPATAN,MAMPANG PRAPATAN,Cacat Mental-Jiwa,Laki-laki,4,2018
5685,2018,DKI Jakarta,JAKARTA SELATAN,MAMPANG PRAPATAN,MAMPANG PRAPATAN,Cacat Lainnya,Laki-laki,0,2018
5686,2018,DKI Jakarta,JAKARTA SELATAN,MAMPANG PRAPATAN,BANGKA,Cacat Fisik,Laki-laki,1,2018
5687,2018,DKI Jakarta,JAKARTA SELATAN,MAMPANG PRAPATAN,BANGKA,Cacat Netra-Buta,Laki-laki,1,2018
5688,2018,DKI Jakarta,JAKARTA SELATAN,MAMPANG PRAPATAN,BANGKA,Cacat Rungu-Wicara,Laki-laki,1,2018
5689,2018,DKI Jakarta,JAKARTA SELATAN,MAMPANG PRAPATAN,BANGKA,Cacat Mental-Jiwa,Laki-laki,4,2018
5690,2018,DKI Jakarta,JAKARTA SELATAN,MAMPANG PRAPATAN,BANGKA,Cacat Fisik dan Mental,Laki-laki,1,2018
5691,2018,DKI Jakarta,JAKARTA SELATAN,MAMPANG PRAPATAN,BANGKA,Cacat Lainnya,Laki-laki,1,2018
5692,2018,DKI Jakarta,JAKARTA SELATAN,MAMPANG PRAPATAN,PELA MAMPANG,Cacat Fisik,Laki-laki,1,2018
5693,2018,DKI Jakarta,JAKARTA SELATAN,MAMPANG PRAPATAN,PELA MAMPANG,Cacat Netra-Buta,Laki-laki,0,2018
5694,2018,DKI Jakarta,JAKARTA SELATAN,MAMPANG PRAPATAN,PELA MAMPANG,Cacat Rungu-Wicara,Laki-laki,1,2018
5695,2018,DKI Jakarta,JAKARTA SELATAN,MAMPANG PRAPATAN,PELA MAMPANG,Cacat Mental-Jiwa,Laki-laki,8,2018
5696,2018,DKI Jakarta,JAKARTA SELATAN,MAMPANG PRAPATAN,PELA MAMPANG,Cacat Fisik dan Mental,Laki-laki,1,2018
5697,2018,DKI Jakarta,JAKARTA SELATAN,MAMPANG PRAPATAN,PELA MAMPANG,Cacat Lainnya,Laki-laki,2,2018
5698,2018,DKI Jakarta,JAKARTA SELATAN,MAMPANG PRAPATAN,TEGAL PARANG,Cacat Fisik,Laki-laki,0,2018
5699,2018,DKI Jakarta,JAKARTA SELATAN,MAMPANG PRAPATAN,TEGAL PARANG,Cacat Netra-Buta,Laki-laki,2,2018
5700,2018,DKI Jakarta,JAKARTA SELATAN,MAMPANG PRAPATAN,TEGAL PARANG,Cacat Mental-Jiwa,Laki-laki,2,2018
5701,2018,DKI Jakarta,JAKARTA SELATAN,MAMPANG PRAPATAN,TEGAL PARANG,Cacat Fisik dan Mental,Laki-laki,0,2018
5702,2018,DKI Jakarta,JAKARTA SELATAN,MAMPANG PRAPATAN,TEGAL PARANG,Cacat Lainnya,Laki-laki,0,2018
5703,2018,DKI Jakarta,JAKARTA SELATAN,MAMPANG PRAPATAN,KUNINGAN BARAT,Cacat Fisik dan Mental,Laki-laki,0,2018
5704,2018,DKI Jakarta,JAKARTA SELATAN,MAMPANG PRAPATAN,KUNINGAN BARAT,Cacat Lainnya,Laki-laki,2,2018
5705,2018,DKI Jakarta,JAKARTA SELATAN,PASAR MINGGU,PASAR MINGGU,Cacat Fisik,Laki-laki,2,2018
5706,2018,DKI Jakarta,JAKARTA SELATAN,PASAR MINGGU,PASAR MINGGU,Cacat Mental-Jiwa,Laki-laki,0,2018
5707,2018,DKI Jakarta,JAKARTA SELATAN,PASAR MINGGU,JATI PADANG,Cacat Fisik,Laki-laki,3,2018
5708,2018,DKI Jakarta,JAKARTA SELATAN,PASAR MINGGU,JATI PADANG,Cacat Netra-Buta,Laki-laki,0,2018
5709,2018,DKI Jakarta,JAKARTA SELATAN,PASAR MINGGU,JATI PADANG,Cacat Rungu-Wicara,Laki-laki,0,2018
5710,2018,DKI Jakarta,JAKARTA SELATAN,PASAR MINGGU,JATI PADANG,Cacat Mental-Jiwa,Laki-laki,3,2018
5711,2018,DKI Jakarta,JAKARTA SELATAN,PASAR MINGGU,JATI PADANG,Cacat Fisik dan Mental,Laki-laki,0,2018
5712,2018,DKI Jakarta,JAKARTA SELATAN,PASAR MINGGU,JATI PADANG,Cacat Lainnya,Laki-laki,1,2018
5713,2018,DKI Jakarta,JAKARTA SELATAN,PASAR MINGGU,CILANDAK TIMUR,Cacat Rungu-Wicara,Laki-laki,1,2018
5714,2018,DKI Jakarta,JAKARTA SELATAN,PASAR MINGGU,CILANDAK TIMUR,Cacat Mental-Jiwa,Laki-laki,0,2018
5715,2018,DKI Jakarta,JAKARTA SELATAN,PASAR MINGGU,RAGUNAN,Cacat Fisik,Laki-laki,4,2018
5716,2018,DKI Jakarta,JAKARTA SELATAN,PASAR MINGGU,RAGUNAN,Cacat Netra-Buta,Laki-laki,2,2018
5717,2018,DKI Jakarta,JAKARTA SELATAN,PASAR MINGGU,RAGUNAN,Cacat Mental-Jiwa,Laki-laki,0,2018
5718,2018,DKI Jakarta,JAKARTA SELATAN,PASAR MINGGU,RAGUNAN,Cacat Lainnya,Laki-laki,2,2018
5719,2018,DKI Jakarta,JAKARTA UTARA,KOJA,RAWA BADAK SELATAN,Cacat Lainnya,Perempuan,78,2018
5720,2018,DKI Jakarta,JAKARTA UTARA,CILINCING,CILINCING,Cacat Fisik,Perempuan,1,2018
5721,2018,DKI Jakarta,JAKARTA UTARA,CILINCING,CILINCING,Cacat Rungu-Wicara,Perempuan,1,2018
5722,2018,DKI Jakarta,JAKARTA UTARA,CILINCING,CILINCING,Cacat Lainnya,Perempuan,1,2018
5723,2018,DKI Jakarta,JAKARTA UTARA,CILINCING,SUKAPURA,Cacat Fisik,Perempuan,1,2018
5724,2018,DKI Jakarta,JAKARTA UTARA,CILINCING,SUKAPURA,Cacat Lainnya,Perempuan,0,2018
5725,2018,DKI Jakarta,JAKARTA UTARA,CILINCING,MARUNDA,Cacat Fisik,Perempuan,3,2018
5726,2018,DKI Jakarta,JAKARTA UTARA,CILINCING,MARUNDA,Cacat Netra-Buta,Perempuan,1,2018
5727,2018,DKI Jakarta,JAKARTA UTARA,CILINCING,MARUNDA,Cacat Rungu-Wicara,Perempuan,1,2018
5728,2018,DKI Jakarta,JAKARTA UTARA,CILINCING,MARUNDA,Cacat Mental-Jiwa,Perempuan,0,2018
5729,2018,DKI Jakarta,JAKARTA UTARA,CILINCING,MARUNDA,Cacat Lainnya,Perempuan,0,2018
5730,2018,DKI Jakarta,JAKARTA UTARA,CILINCING,KALIBARU,Cacat Fisik,Perempuan,1,2018
5731,2018,DKI Jakarta,JAKARTA UTARA,CILINCING,KALIBARU,Cacat Mental-Jiwa,Perempuan,0,2018
5732,2018,DKI Jakarta,JAKARTA UTARA,CILINCING,KALIBARU,Cacat Lainnya,Perempuan,0,2018
5733,2018,DKI Jakarta,JAKARTA UTARA,CILINCING,SEMPER TIMUR,Cacat Fisik,Perempuan,1,2018
5734,2018,DKI Jakarta,JAKARTA UTARA,CILINCING,SEMPER TIMUR,Cacat Netra-Buta,Perempuan,0,2018
5735,2018,DKI Jakarta,JAKARTA UTARA,CILINCING,SEMPER TIMUR,Cacat Lainnya,Perempuan,2,2018
5736,2018,DKI Jakarta,JAKARTA UTARA,CILINCING,ROROTAN,Cacat Fisik,Perempuan,0,2018
5737,2018,DKI Jakarta,JAKARTA UTARA,CILINCING,ROROTAN,Cacat Netra-Buta,Perempuan,2,2018
5738,2018,DKI Jakarta,JAKARTA UTARA,CILINCING,ROROTAN,Cacat Rungu-Wicara,Perempuan,2,2018
5739,2018,DKI Jakarta,JAKARTA UTARA,CILINCING,ROROTAN,Cacat Mental-Jiwa,Perempuan,2,2018
5740,2018,DKI Jakarta,JAKARTA UTARA,CILINCING,ROROTAN,Cacat Lainnya,Perempuan,2,2018
5741,2018,DKI Jakarta,JAKARTA UTARA,CILINCING,SEMPER BARAT,Cacat Fisik,Perempuan,1,2018
5742,2018,DKI Jakarta,JAKARTA UTARA,CILINCING,SEMPER BARAT,Cacat Netra-Buta,Perempuan,0,2018
5743,2018,DKI Jakarta,JAKARTA UTARA,CILINCING,SEMPER BARAT,Cacat Rungu-Wicara,Perempuan,0,2018
5744,2018,DKI Jakarta,JAKARTA UTARA,CILINCING,SEMPER BARAT,Cacat Mental-Jiwa,Perempuan,1,2018
5745,2018,DKI Jakarta,JAKARTA UTARA,CILINCING,SEMPER BARAT,Cacat Lainnya,Perempuan,1,2018
5746,2018,DKI Jakarta,JAKARTA UTARA,PADEMANGAN,PADEMANGAN TIMUR,Cacat Fisik,Perempuan,4,2018
5747,2018,DKI Jakarta,JAKARTA UTARA,PADEMANGAN,PADEMANGAN TIMUR,Cacat Netra-Buta,Perempuan,1,2018
5748,2018,DKI Jakarta,JAKARTA UTARA,PADEMANGAN,PADEMANGAN TIMUR,Cacat Rungu-Wicara,Perempuan,2,2018
5749,2018,DKI Jakarta,JAKARTA UTARA,PADEMANGAN,PADEMANGAN TIMUR,Cacat Mental-Jiwa,Perempuan,0,2018
5750,2018,DKI Jakarta,JAKARTA UTARA,PADEMANGAN,PADEMANGAN TIMUR,Cacat Fisik dan Mental,Perempuan,0,2018
5751,2018,DKI Jakarta,JAKARTA UTARA,PADEMANGAN,PADEMANGAN TIMUR,Cacat Lainnya,Perempuan,0,2018
5752,2018,DKI Jakarta,JAKARTA UTARA,PADEMANGAN,PADEMANGAN BARAT,Cacat Fisik,Perempuan,1,2018
5753,2018,DKI Jakarta,JAKARTA UTARA,PADEMANGAN,PADEMANGAN BARAT,Cacat Rungu-Wicara,Perempuan,0,2018
5754,2018,DKI Jakarta,JAKARTA UTARA,PADEMANGAN,PADEMANGAN BARAT,Cacat Mental-Jiwa,Perempuan,2,2018
5755,2018,DKI Jakarta,JAKARTA UTARA,PADEMANGAN,PADEMANGAN BARAT,Cacat Fisik dan Mental,Perempuan,1,2018
5756,2018,DKI Jakarta,JAKARTA UTARA,PADEMANGAN,PADEMANGAN BARAT,Cacat Lainnya,Perempuan,1,2018
5757,2018,DKI Jakarta,JAKARTA UTARA,PADEMANGAN,ANCOL,Cacat Fisik,Perempuan,1,2018
5758,2018,DKI Jakarta,JAKARTA UTARA,PADEMANGAN,ANCOL,Cacat Netra-Buta,Perempuan,0,2018
5759,2018,DKI Jakarta,JAKARTA UTARA,PADEMANGAN,ANCOL,Cacat Mental-Jiwa,Perempuan,3,2018
5760,2018,DKI Jakarta,JAKARTA UTARA,PADEMANGAN,ANCOL,Cacat Fisik dan Mental,Perempuan,2,2018
5761,2018,DKI Jakarta,JAKARTA UTARA,KELAPA GADING,KELAPA GADING TIMUR,Cacat Fisik,Perempuan,1,2018
5762,2018,DKI Jakarta,JAKARTA TIMUR,DUREN SAWIT,PONDOK KELAPA,Cacat Fisik,Perempuan,4,2018
5763,2018,DKI Jakarta,JAKARTA TIMUR,DUREN SAWIT,PONDOK KELAPA,Cacat Netra-Buta,Perempuan,1,2018
5764,2018,DKI Jakarta,JAKARTA TIMUR,DUREN SAWIT,PONDOK KELAPA,Cacat Rungu-Wicara,Perempuan,2,2018
5765,2018,DKI Jakarta,JAKARTA TIMUR,DUREN SAWIT,PONDOK KELAPA,Cacat Mental-Jiwa,Perempuan,0,2018
5766,2018,DKI Jakarta,JAKARTA TIMUR,DUREN SAWIT,PONDOK KELAPA,Cacat Lainnya,Perempuan,3,2018
5767,2018,DKI Jakarta,JAKARTA TIMUR,DUREN SAWIT,MALAKA SARI,Cacat Fisik,Perempuan,2,2018
5768,2018,DKI Jakarta,JAKARTA TIMUR,DUREN SAWIT,MALAKA SARI,Cacat Netra-Buta,Perempuan,1,2018
5769,2018,DKI Jakarta,JAKARTA TIMUR,DUREN SAWIT,MALAKA SARI,Cacat Rungu-Wicara,Perempuan,1,2018
5770,2018,DKI Jakarta,JAKARTA TIMUR,DUREN SAWIT,MALAKA SARI,Cacat Mental-Jiwa,Perempuan,1,2018
5771,2018,DKI Jakarta,JAKARTA TIMUR,DUREN SAWIT,MALAKA SARI,Cacat Fisik dan Mental,Perempuan,0,2018
5772,2018,DKI Jakarta,JAKARTA TIMUR,DUREN SAWIT,MALAKA JAYA,Cacat Fisik,Perempuan,3,2018
5773,2018,DKI Jakarta,JAKARTA TIMUR,DUREN SAWIT,MALAKA JAYA,Cacat Netra-Buta,Perempuan,1,2018
5774,2018,DKI Jakarta,JAKARTA TIMUR,DUREN SAWIT,MALAKA JAYA,Cacat Rungu-Wicara,Perempuan,4,2018
5775,2018,DKI Jakarta,JAKARTA TIMUR,DUREN SAWIT,MALAKA JAYA,Cacat Mental-Jiwa,Perempuan,2,2018
5776,2018,DKI Jakarta,JAKARTA TIMUR,DUREN SAWIT,MALAKA JAYA,Cacat Fisik dan Mental,Perempuan,2,2018
5777,2018,DKI Jakarta,JAKARTA TIMUR,DUREN SAWIT,MALAKA JAYA,Cacat Lainnya,Perempuan,2,2018
5778,2018,DKI Jakarta,JAKARTA TIMUR,DUREN SAWIT,PONDOK KOPI,Cacat Netra-Buta,Perempuan,0,2018
5779,2018,DKI Jakarta,JAKARTA TIMUR,DUREN SAWIT,PONDOK KOPI,Cacat Rungu-Wicara,Perempuan,1,2018
5780,2018,DKI Jakarta,JAKARTA TIMUR,DUREN SAWIT,PONDOK KOPI,Cacat Mental-Jiwa,Perempuan,1,2018
5781,2018,DKI Jakarta,JAKARTA TIMUR,DUREN SAWIT,PONDOK KOPI,Cacat Lainnya,Perempuan,1,2018
5782,2018,DKI Jakarta,JAKARTA TIMUR,MAKASAR,MAKASAR,Cacat Netra-Buta,Perempuan,1,2018
5783,2018,DKI Jakarta,JAKARTA TIMUR,MAKASAR,MAKASAR,Cacat Rungu-Wicara,Perempuan,3,2018
5784,2018,DKI Jakarta,JAKARTA TIMUR,MAKASAR,MAKASAR,Cacat Mental-Jiwa,Perempuan,1,2018
5785,2018,DKI Jakarta,JAKARTA TIMUR,MAKASAR,MAKASAR,Cacat Fisik dan Mental,Perempuan,1,2018
5786,2018,DKI Jakarta,JAKARTA TIMUR,MAKASAR,MAKASAR,Cacat Lainnya,Perempuan,0,2018
5787,2018,DKI Jakarta,JAKARTA TIMUR,MAKASAR,PINANGRANTI,Cacat Fisik,Perempuan,0,2018
5788,2018,DKI Jakarta,JAKARTA TIMUR,MAKASAR,PINANGRANTI,Cacat Netra-Buta,Perempuan,0,2018
5789,2018,DKI Jakarta,JAKARTA TIMUR,MAKASAR,PINANGRANTI,Cacat Rungu-Wicara,Perempuan,0,2018
5790,2018,DKI Jakarta,JAKARTA TIMUR,MAKASAR,PINANGRANTI,Cacat Mental-Jiwa,Perempuan,0,2018
5791,2018,DKI Jakarta,JAKARTA TIMUR,MAKASAR,PINANGRANTI,Cacat Fisik dan Mental,Perempuan,0,2018
5792,2018,DKI Jakarta,JAKARTA TIMUR,MAKASAR,PINANGRANTI,Cacat Lainnya,Perempuan,1,2018
5793,2018,DKI Jakarta,JAKARTA TIMUR,MAKASAR,KEBON PALA,Cacat Fisik,Perempuan,2,2018
5794,2018,DKI Jakarta,JAKARTA TIMUR,MAKASAR,KEBON PALA,Cacat Mental-Jiwa,Perempuan,1,2018
5795,2018,DKI Jakarta,JAKARTA TIMUR,MAKASAR,KEBON PALA,Cacat Lainnya,Perempuan,4,2018
5796,2018,DKI Jakarta,JAKARTA TIMUR,MAKASAR,HALIM PERDANA KUSUMAH,Cacat Fisik,Perempuan,3,2018
5797,2018,DKI Jakarta,JAKARTA TIMUR,MAKASAR,HALIM PERDANA KUSUMAH,Cacat Rungu-Wicara,Perempuan,3,2018
5798,2018,DKI Jakarta,JAKARTA TIMUR,MAKASAR,HALIM PERDANA KUSUMAH,Cacat Mental-Jiwa,Perempuan,1,2018
5799,2018,DKI Jakarta,JAKARTA TIMUR,MAKASAR,HALIM PERDANA KUSUMAH,Cacat Fisik dan Mental,Perempuan,0,2018
5800,2018,DKI Jakarta,JAKARTA TIMUR,MAKASAR,HALIM PERDANA KUSUMAH,Cacat Lainnya,Perempuan,1,2018
5801,2018,DKI Jakarta,JAKARTA TIMUR,MAKASAR,CIPINANG MELAYU,Cacat Fisik,Perempuan,0,2018
5802,2018,DKI Jakarta,JAKARTA TIMUR,MAKASAR,CIPINANG MELAYU,Cacat Rungu-Wicara,Perempuan,0,2018
5803,2018,DKI Jakarta,JAKARTA TIMUR,CIRACAS,CIRACAS,Cacat Fisik,Perempuan,0,2018
5804,2018,DKI Jakarta,JAKARTA SELATAN,PASAR MINGGU,PEJATEN TIMUR,Cacat Fisik,Laki-laki,21,2018
5805,2018,DKI Jakarta,JAKARTA SELATAN,PASAR MINGGU,PEJATEN TIMUR,Cacat Netra-Buta,Laki-laki,5,2018
5806,2018,DKI Jakarta,JAKARTA SELATAN,PASAR MINGGU,PEJATEN TIMUR,Cacat Rungu-Wicara,Laki-laki,2,2018
5807,2018,DKI Jakarta,JAKARTA SELATAN,PASAR MINGGU,PEJATEN TIMUR,Cacat Mental-Jiwa,Laki-laki,7,2018
5808,2018,DKI Jakarta,JAKARTA SELATAN,PASAR MINGGU,PEJATEN TIMUR,Cacat Lainnya,Laki-laki,1,2018
5809,2018,DKI Jakarta,JAKARTA SELATAN,PASAR MINGGU,PEJATEN BARAT,Cacat Fisik,Laki-laki,1,2018
5810,2018,DKI Jakarta,JAKARTA SELATAN,PASAR MINGGU,PEJATEN BARAT,Cacat Mental-Jiwa,Laki-laki,4,2018
5811,2018,DKI Jakarta,JAKARTA SELATAN,PASAR MINGGU,PEJATEN BARAT,Cacat Fisik dan Mental,Laki-laki,0,2018
5812,2018,DKI Jakarta,JAKARTA SELATAN,PASAR MINGGU,PEJATEN BARAT,Cacat Lainnya,Laki-laki,0,2018
5813,2018,DKI Jakarta,JAKARTA SELATAN,PASAR MINGGU,KEBAGUSAN,Cacat Fisik,Laki-laki,1,2018
5814,2018,DKI Jakarta,JAKARTA SELATAN,PASAR MINGGU,KEBAGUSAN,Cacat Netra-Buta,Laki-laki,2,2018
5815,2018,DKI Jakarta,JAKARTA SELATAN,PASAR MINGGU,KEBAGUSAN,Cacat Rungu-Wicara,Laki-laki,2,2018
5816,2018,DKI Jakarta,JAKARTA SELATAN,PASAR MINGGU,KEBAGUSAN,Cacat Lainnya,Laki-laki,2,2018
5817,2018,DKI Jakarta,JAKARTA SELATAN,KEBAYORAN LAMA,KEBAYORAN LAMA UTARA,Cacat Rungu-Wicara,Laki-laki,0,2018
5818,2018,DKI Jakarta,JAKARTA SELATAN,KEBAYORAN LAMA,KEBAYORAN LAMA UTARA,Cacat Mental-Jiwa,Laki-laki,1,2018
5819,2018,DKI Jakarta,JAKARTA SELATAN,KEBAYORAN LAMA,KEBAYORAN LAMA UTARA,Cacat Lainnya,Laki-laki,1,2018
5820,2018,DKI Jakarta,JAKARTA SELATAN,KEBAYORAN LAMA,PONDOK PINANG,Cacat Fisik,Laki-laki,1,2018
5821,2018,DKI Jakarta,JAKARTA SELATAN,KEBAYORAN LAMA,PONDOK PINANG,Cacat Netra-Buta,Laki-laki,1,2018
5822,2018,DKI Jakarta,JAKARTA SELATAN,KEBAYORAN LAMA,PONDOK PINANG,Cacat Rungu-Wicara,Laki-laki,1,2018
5823,2018,DKI Jakarta,JAKARTA SELATAN,KEBAYORAN LAMA,PONDOK PINANG,Cacat Mental-Jiwa,Laki-laki,5,2018
5824,2018,DKI Jakarta,JAKARTA SELATAN,KEBAYORAN LAMA,PONDOK PINANG,Cacat Fisik dan Mental,Laki-laki,1,2018
5825,2018,DKI Jakarta,JAKARTA SELATAN,KEBAYORAN LAMA,PONDOK PINANG,Cacat Lainnya,Laki-laki,2,2018
5826,2018,DKI Jakarta,JAKARTA SELATAN,KEBAYORAN LAMA,CIPULIR,Cacat Fisik,Laki-laki,8,2018
5827,2018,DKI Jakarta,JAKARTA SELATAN,KEBAYORAN LAMA,CIPULIR,Cacat Netra-Buta,Laki-laki,1,2018
5828,2018,DKI Jakarta,JAKARTA SELATAN,KEBAYORAN LAMA,CIPULIR,Cacat Rungu-Wicara,Laki-laki,0,2018
5829,2018,DKI Jakarta,JAKARTA SELATAN,KEBAYORAN LAMA,CIPULIR,Cacat Mental-Jiwa,Laki-laki,1,2018
5830,2018,DKI Jakarta,JAKARTA SELATAN,KEBAYORAN LAMA,CIPULIR,Cacat Fisik dan Mental,Laki-laki,1,2018
5831,2018,DKI Jakarta,JAKARTA SELATAN,KEBAYORAN LAMA,CIPULIR,Cacat Lainnya,Laki-laki,1,2018
5832,2018,DKI Jakarta,JAKARTA SELATAN,KEBAYORAN LAMA,GROGOL UTARA,Cacat Fisik,Laki-laki,3,2018
5833,2018,DKI Jakarta,JAKARTA SELATAN,KEBAYORAN LAMA,GROGOL UTARA,Cacat Rungu-Wicara,Laki-laki,0,2018
5834,2018,DKI Jakarta,JAKARTA SELATAN,KEBAYORAN LAMA,GROGOL UTARA,Cacat Mental-Jiwa,Laki-laki,5,2018
5835,2018,DKI Jakarta,JAKARTA SELATAN,KEBAYORAN LAMA,GROGOL UTARA,Cacat Fisik dan Mental,Laki-laki,0,2018
5836,2018,DKI Jakarta,JAKARTA SELATAN,KEBAYORAN LAMA,GROGOL UTARA,Cacat Lainnya,Laki-laki,2,2018
5837,2018,DKI Jakarta,JAKARTA SELATAN,KEBAYORAN LAMA,GROGOL SELATAN,Cacat Fisik,Laki-laki,1,2018
5838,2018,DKI Jakarta,JAKARTA SELATAN,KEBAYORAN LAMA,GROGOL SELATAN,Cacat Rungu-Wicara,Laki-laki,0,2018
5839,2018,DKI Jakarta,JAKARTA SELATAN,KEBAYORAN LAMA,GROGOL SELATAN,Cacat Lainnya,Laki-laki,1,2018
5840,2018,DKI Jakarta,JAKARTA SELATAN,KEBAYORAN LAMA,KEBAYORAN LAMA SELATAN,Cacat Fisik,Laki-laki,1,2018
5841,2018,DKI Jakarta,JAKARTA SELATAN,KEBAYORAN LAMA,KEBAYORAN LAMA SELATAN,Cacat Rungu-Wicara,Laki-laki,1,2018
5842,2018,DKI Jakarta,JAKARTA SELATAN,KEBAYORAN LAMA,KEBAYORAN LAMA SELATAN,Cacat Mental-Jiwa,Laki-laki,5,2018
5843,2018,DKI Jakarta,JAKARTA SELATAN,KEBAYORAN LAMA,KEBAYORAN LAMA SELATAN,Cacat Lainnya,Laki-laki,2,2018
5844,2018,DKI Jakarta,JAKARTA SELATAN,CILANDAK,CILANDAK BARAT,Cacat Rungu-Wicara,Laki-laki,1,2018
5845,2018,DKI Jakarta,JAKARTA UTARA,KELAPA GADING,KELAPA GADING TIMUR,Cacat Mental-Jiwa,Perempuan,1,2018
5846,2018,DKI Jakarta,JAKARTA UTARA,KELAPA GADING,KELAPA GADING TIMUR,Cacat Fisik dan Mental,Perempuan,1,2018
5847,2018,DKI Jakarta,JAKARTA UTARA,KELAPA GADING,PEGANGSAAN DUA,Cacat Netra-Buta,Perempuan,0,2018
5848,2018,DKI Jakarta,JAKARTA UTARA,KELAPA GADING,PEGANGSAAN DUA,Cacat Rungu-Wicara,Perempuan,1,2018
5849,2018,DKI Jakarta,JAKARTA UTARA,KELAPA GADING,PEGANGSAAN DUA,Cacat Mental-Jiwa,Perempuan,0,2018
5850,2018,DKI Jakarta,JAKARTA UTARA,KELAPA GADING,PEGANGSAAN DUA,Cacat Lainnya,Perempuan,3,2018
5851,2018,DKI Jakarta,JAKARTA UTARA,KELAPA GADING,KELAPA GADING BARAT,Cacat Mental-Jiwa,Perempuan,0,2018
5852,2018,DKI Jakarta,JAKARTA UTARA,KELAPA GADING,KELAPA GADING BARAT,Cacat Lainnya,Perempuan,1,2018
5853,2018,DKI Jakarta,JAKARTA BARAT,CENGKARENG,CENGKARENG BARAT,Cacat Fisik,Perempuan,7,2018
5854,2018,DKI Jakarta,JAKARTA BARAT,CENGKARENG,CENGKARENG BARAT,Cacat Netra-Buta,Perempuan,4,2018
5855,2018,DKI Jakarta,JAKARTA BARAT,CENGKARENG,CENGKARENG BARAT,Cacat Rungu-Wicara,Perempuan,1,2018
5856,2018,DKI Jakarta,JAKARTA BARAT,CENGKARENG,CENGKARENG BARAT,Cacat Mental-Jiwa,Perempuan,183,2018
5857,2018,DKI Jakarta,JAKARTA BARAT,CENGKARENG,CENGKARENG BARAT,Cacat Fisik dan Mental,Perempuan,4,2018
5858,2018,DKI Jakarta,JAKARTA BARAT,CENGKARENG,CENGKARENG BARAT,Cacat Lainnya,Perempuan,55,2018
5859,2018,DKI Jakarta,JAKARTA BARAT,CENGKARENG,DURI KOSAMBI,Cacat Fisik,Perempuan,2,2018
5860,2018,DKI Jakarta,JAKARTA BARAT,CENGKARENG,DURI KOSAMBI,Cacat Netra-Buta,Perempuan,1,2018
5861,2018,DKI Jakarta,JAKARTA BARAT,CENGKARENG,DURI KOSAMBI,Cacat Rungu-Wicara,Perempuan,2,2018
5862,2018,DKI Jakarta,JAKARTA BARAT,CENGKARENG,DURI KOSAMBI,Cacat Lainnya,Perempuan,11,2018
5863,2018,DKI Jakarta,JAKARTA BARAT,CENGKARENG,RAWA BUAYA,Cacat Fisik,Perempuan,3,2018
5864,2018,DKI Jakarta,JAKARTA BARAT,CENGKARENG,RAWA BUAYA,Cacat Rungu-Wicara,Perempuan,2,2018
5865,2018,DKI Jakarta,JAKARTA BARAT,CENGKARENG,RAWA BUAYA,Cacat Fisik dan Mental,Perempuan,0,2018
5866,2018,DKI Jakarta,JAKARTA BARAT,CENGKARENG,RAWA BUAYA,Cacat Lainnya,Perempuan,5,2018
5867,2018,DKI Jakarta,JAKARTA BARAT,CENGKARENG,KEDAUNG KALI ANGKE,Cacat Fisik,Perempuan,1,2018
5868,2018,DKI Jakarta,JAKARTA BARAT,CENGKARENG,KEDAUNG KALI ANGKE,Cacat Rungu-Wicara,Perempuan,2,2018
5869,2018,DKI Jakarta,JAKARTA BARAT,CENGKARENG,KEDAUNG KALI ANGKE,Cacat Lainnya,Perempuan,3,2018
5870,2018,DKI Jakarta,JAKARTA BARAT,CENGKARENG,KAPUK,Cacat Fisik,Perempuan,7,2018
5871,2018,DKI Jakarta,JAKARTA BARAT,CENGKARENG,KAPUK,Cacat Netra-Buta,Perempuan,1,2018
5872,2018,DKI Jakarta,JAKARTA BARAT,CENGKARENG,KAPUK,Cacat Rungu-Wicara,Perempuan,4,2018
5873,2018,DKI Jakarta,JAKARTA BARAT,CENGKARENG,KAPUK,Cacat Mental-Jiwa,Perempuan,1,2018
5874,2018,DKI Jakarta,JAKARTA BARAT,CENGKARENG,KAPUK,Cacat Fisik dan Mental,Perempuan,1,2018
5875,2018,DKI Jakarta,JAKARTA BARAT,CENGKARENG,KAPUK,Cacat Lainnya,Perempuan,4,2018
5876,2018,DKI Jakarta,JAKARTA BARAT,CENGKARENG,CENGKARENG TIMUR,Cacat Fisik,Perempuan,8,2018
5877,2018,DKI Jakarta,JAKARTA BARAT,CENGKARENG,CENGKARENG TIMUR,Cacat Mental-Jiwa,Perempuan,2,2018
5878,2018,DKI Jakarta,JAKARTA BARAT,CENGKARENG,CENGKARENG TIMUR,Cacat Fisik dan Mental,Perempuan,1,2018
5879,2018,DKI Jakarta,JAKARTA BARAT,CENGKARENG,CENGKARENG TIMUR,Cacat Lainnya,Perempuan,5,2018
5880,2018,DKI Jakarta,JAKARTA BARAT,GROGOL PETAMBURAN,GROGOL,Cacat Fisik,Perempuan,1,2018
5881,2018,DKI Jakarta,JAKARTA BARAT,GROGOL PETAMBURAN,GROGOL,Cacat Rungu-Wicara,Perempuan,0,2018
5882,2018,DKI Jakarta,JAKARTA BARAT,GROGOL PETAMBURAN,GROGOL,Cacat Mental-Jiwa,Perempuan,1,2018
5883,2018,DKI Jakarta,JAKARTA BARAT,GROGOL PETAMBURAN,GROGOL,Cacat Fisik dan Mental,Perempuan,0,2018
5884,2018,DKI Jakarta,JAKARTA BARAT,GROGOL PETAMBURAN,GROGOL,Cacat Lainnya,Perempuan,3,2018
5885,2018,DKI Jakarta,JAKARTA BARAT,GROGOL PETAMBURAN,TANJUNG DUREN UTARA,Cacat Fisik,Perempuan,1,2018
5886,2018,DKI Jakarta,JAKARTA TIMUR,CIRACAS,CIRACAS,Cacat Netra-Buta,Perempuan,0,2018
5887,2018,DKI Jakarta,JAKARTA TIMUR,CIRACAS,CIRACAS,Cacat Rungu-Wicara,Perempuan,0,2018
5888,2018,DKI Jakarta,JAKARTA TIMUR,CIRACAS,CIRACAS,Cacat Mental-Jiwa,Perempuan,2,2018
5889,2018,DKI Jakarta,JAKARTA TIMUR,CIRACAS,CIRACAS,Cacat Fisik dan Mental,Perempuan,1,2018
5890,2018,DKI Jakarta,JAKARTA TIMUR,CIRACAS,CIRACAS,Cacat Lainnya,Perempuan,4,2018
5891,2018,DKI Jakarta,JAKARTA TIMUR,CIRACAS,CIBUBUR,Cacat Fisik,Perempuan,0,2018
5892,2018,DKI Jakarta,JAKARTA TIMUR,CIRACAS,CIBUBUR,Cacat Netra-Buta,Perempuan,0,2018
5893,2018,DKI Jakarta,JAKARTA TIMUR,CIRACAS,CIBUBUR,Cacat Rungu-Wicara,Perempuan,2,2018
5894,2018,DKI Jakarta,JAKARTA TIMUR,CIRACAS,CIBUBUR,Cacat Mental-Jiwa,Perempuan,1,2018
5895,2018,DKI Jakarta,JAKARTA TIMUR,CIRACAS,CIBUBUR,Cacat Lainnya,Perempuan,1,2018
5896,2018,DKI Jakarta,JAKARTA TIMUR,CIRACAS,KELAPA DUA WETAN,Cacat Fisik,Perempuan,1,2018
5897,2018,DKI Jakarta,JAKARTA TIMUR,CIRACAS,KELAPA DUA WETAN,Cacat Netra-Buta,Perempuan,2,2018
5898,2018,DKI Jakarta,JAKARTA TIMUR,CIRACAS,KELAPA DUA WETAN,Cacat Rungu-Wicara,Perempuan,1,2018
5899,2018,DKI Jakarta,JAKARTA TIMUR,CIRACAS,KELAPA DUA WETAN,Cacat Mental-Jiwa,Perempuan,1,2018
5900,2018,DKI Jakarta,JAKARTA TIMUR,CIRACAS,KELAPA DUA WETAN,Cacat Fisik dan Mental,Perempuan,0,2018
5901,2018,DKI Jakarta,JAKARTA TIMUR,CIRACAS,KELAPA DUA WETAN,Cacat Lainnya,Perempuan,32,2018
5902,2018,DKI Jakarta,JAKARTA TIMUR,CIRACAS,SUSUKAN,Cacat Fisik,Perempuan,2,2018
5903,2018,DKI Jakarta,JAKARTA TIMUR,CIRACAS,SUSUKAN,Cacat Netra-Buta,Perempuan,0,2018
5904,2018,DKI Jakarta,JAKARTA TIMUR,CIRACAS,SUSUKAN,Cacat Rungu-Wicara,Perempuan,1,2018
5905,2018,DKI Jakarta,JAKARTA TIMUR,CIRACAS,SUSUKAN,Cacat Fisik dan Mental,Perempuan,1,2018
5906,2018,DKI Jakarta,JAKARTA TIMUR,CIRACAS,SUSUKAN,Cacat Lainnya,Perempuan,1,2018
5907,2018,DKI Jakarta,JAKARTA TIMUR,CIRACAS,RAMBUTAN,Cacat Fisik,Perempuan,6,2018
5908,2018,DKI Jakarta,JAKARTA TIMUR,CIRACAS,RAMBUTAN,Cacat Netra-Buta,Perempuan,2,2018
5909,2018,DKI Jakarta,JAKARTA TIMUR,CIRACAS,RAMBUTAN,Cacat Rungu-Wicara,Perempuan,1,2018
5910,2018,DKI Jakarta,JAKARTA TIMUR,CIRACAS,RAMBUTAN,Cacat Lainnya,Perempuan,2,2018
5911,2018,DKI Jakarta,JAKARTA TIMUR,CIPAYUNG,CIPAYUNG,Cacat Fisik,Perempuan,7,2018
5912,2018,DKI Jakarta,JAKARTA TIMUR,CIPAYUNG,CIPAYUNG,Cacat Netra-Buta,Perempuan,2,2018
5913,2018,DKI Jakarta,JAKARTA TIMUR,CIPAYUNG,CIPAYUNG,Cacat Rungu-Wicara,Perempuan,2,2018
5914,2018,DKI Jakarta,JAKARTA TIMUR,CIPAYUNG,CIPAYUNG,Cacat Mental-Jiwa,Perempuan,369,2018
5915,2018,DKI Jakarta,JAKARTA TIMUR,CIPAYUNG,CIPAYUNG,Cacat Fisik dan Mental,Perempuan,1,2018
5916,2018,DKI Jakarta,JAKARTA TIMUR,CIPAYUNG,CIPAYUNG,Cacat Lainnya,Perempuan,59,2018
5917,2018,DKI Jakarta,JAKARTA TIMUR,CIPAYUNG,CILANGKAP,Cacat Fisik,Perempuan,1,2018
5918,2018,DKI Jakarta,JAKARTA TIMUR,CIPAYUNG,CILANGKAP,Cacat Rungu-Wicara,Perempuan,1,2018
5919,2018,DKI Jakarta,JAKARTA TIMUR,CIPAYUNG,CILANGKAP,Cacat Mental-Jiwa,Perempuan,0,2018
5920,2018,DKI Jakarta,JAKARTA TIMUR,CIPAYUNG,CILANGKAP,Cacat Lainnya,Perempuan,0,2018
5921,2018,DKI Jakarta,JAKARTA TIMUR,CIPAYUNG,PONDOK RANGGON,Cacat Fisik,Perempuan,1,2018
5922,2018,DKI Jakarta,JAKARTA TIMUR,CIPAYUNG,PONDOK RANGGON,Cacat Mental-Jiwa,Perempuan,0,2018
5923,2018,DKI Jakarta,JAKARTA TIMUR,CIPAYUNG,PONDOK RANGGON,Cacat Lainnya,Perempuan,2,2018
5924,2018,DKI Jakarta,JAKARTA TIMUR,CIPAYUNG,MUNJUL,Cacat Fisik,Perempuan,0,2018
5925,2018,DKI Jakarta,JAKARTA TIMUR,CIPAYUNG,MUNJUL,Cacat Lainnya,Perempuan,2,2018
5926,2018,DKI Jakarta,JAKARTA TIMUR,CIPAYUNG,SETU,Cacat Fisik,Perempuan,0,2018
5927,2018,DKI Jakarta,JAKARTA TIMUR,CIPAYUNG,SETU,Cacat Rungu-Wicara,Perempuan,2,2018
5928,2018,DKI Jakarta,JAKARTA TIMUR,CIPAYUNG,SETU,Cacat Lainnya,Perempuan,0,2018
5929,2018,DKI Jakarta,JAKARTA TIMUR,CIPAYUNG,BAMBU APUS,Cacat Fisik,Perempuan,0,2018
5930,2018,DKI Jakarta,JAKARTA SELATAN,CILANDAK,CILANDAK BARAT,Cacat Fisik dan Mental,Laki-laki,2,2018
5931,2018,DKI Jakarta,JAKARTA SELATAN,CILANDAK,CILANDAK BARAT,Cacat Lainnya,Laki-laki,1,2018
5932,2018,DKI Jakarta,JAKARTA SELATAN,CILANDAK,LEBAK BULUS,Cacat Fisik,Laki-laki,0,2018
5933,2018,DKI Jakarta,JAKARTA SELATAN,CILANDAK,LEBAK BULUS,Cacat Rungu-Wicara,Laki-laki,1,2018
5934,2018,DKI Jakarta,JAKARTA SELATAN,CILANDAK,LEBAK BULUS,Cacat Mental-Jiwa,Laki-laki,1,2018
5935,2018,DKI Jakarta,JAKARTA SELATAN,CILANDAK,LEBAK BULUS,Cacat Lainnya,Laki-laki,1,2018
5936,2018,DKI Jakarta,JAKARTA SELATAN,CILANDAK,PONDOK LABU,Cacat Fisik,Laki-laki,3,2018
5937,2018,DKI Jakarta,JAKARTA SELATAN,CILANDAK,PONDOK LABU,Cacat Netra-Buta,Laki-laki,1,2018
5938,2018,DKI Jakarta,JAKARTA SELATAN,CILANDAK,PONDOK LABU,Cacat Mental-Jiwa,Laki-laki,1,2018
5939,2018,DKI Jakarta,JAKARTA SELATAN,CILANDAK,PONDOK LABU,Cacat Lainnya,Laki-laki,5,2018
5940,2018,DKI Jakarta,JAKARTA SELATAN,CILANDAK,GANDARIA SELATAN,Cacat Fisik,Laki-laki,0,2018
5941,2018,DKI Jakarta,JAKARTA SELATAN,CILANDAK,GANDARIA SELATAN,Cacat Netra-Buta,Laki-laki,0,2018
5942,2018,DKI Jakarta,JAKARTA SELATAN,CILANDAK,GANDARIA SELATAN,Cacat Mental-Jiwa,Laki-laki,4,2018
5943,2018,DKI Jakarta,JAKARTA SELATAN,CILANDAK,GANDARIA SELATAN,Cacat Lainnya,Laki-laki,0,2018
5944,2018,DKI Jakarta,JAKARTA SELATAN,CILANDAK,CIPETE SELATAN,Cacat Fisik,Laki-laki,1,2018
5945,2018,DKI Jakarta,JAKARTA SELATAN,CILANDAK,CIPETE SELATAN,Cacat Netra-Buta,Laki-laki,1,2018
5946,2018,DKI Jakarta,JAKARTA SELATAN,CILANDAK,CIPETE SELATAN,Cacat Fisik dan Mental,Laki-laki,1,2018
5947,2018,DKI Jakarta,JAKARTA SELATAN,CILANDAK,CIPETE SELATAN,Cacat Lainnya,Laki-laki,1,2018
5948,2018,DKI Jakarta,JAKARTA SELATAN,KEBAYORAN BARU,MELAWAI,Cacat Fisik,Laki-laki,1,2018
5949,2018,DKI Jakarta,JAKARTA SELATAN,KEBAYORAN BARU,MELAWAI,Cacat Mental-Jiwa,Laki-laki,1,2018
5950,2018,DKI Jakarta,JAKARTA SELATAN,KEBAYORAN BARU,GUNUNG,Cacat Fisik,Laki-laki,1,2018
5951,2018,DKI Jakarta,JAKARTA SELATAN,KEBAYORAN BARU,GUNUNG,Cacat Netra-Buta,Laki-laki,0,2018
5952,2018,DKI Jakarta,JAKARTA SELATAN,KEBAYORAN BARU,GUNUNG,Cacat Rungu-Wicara,Laki-laki,0,2018
5953,2018,DKI Jakarta,JAKARTA SELATAN,KEBAYORAN BARU,GUNUNG,Cacat Mental-Jiwa,Laki-laki,2,2018
5954,2018,DKI Jakarta,JAKARTA SELATAN,KEBAYORAN BARU,KRAMAT PELA,Cacat Fisik,Laki-laki,1,2018
5955,2018,DKI Jakarta,JAKARTA SELATAN,KEBAYORAN BARU,KRAMAT PELA,Cacat Mental-Jiwa,Laki-laki,0,2018
5956,2018,DKI Jakarta,JAKARTA SELATAN,KEBAYORAN BARU,KRAMAT PELA,Cacat Lainnya,Laki-laki,1,2018
5957,2018,DKI Jakarta,JAKARTA SELATAN,KEBAYORAN BARU,SELONG,Cacat Mental-Jiwa,Laki-laki,0,2018
5958,2018,DKI Jakarta,JAKARTA SELATAN,KEBAYORAN BARU,RAWA BARAT,Cacat Mental-Jiwa,Laki-laki,1,2018
5959,2018,DKI Jakarta,JAKARTA SELATAN,KEBAYORAN BARU,RAWA BARAT,Cacat Lainnya,Laki-laki,3,2018
5960,2018,DKI Jakarta,JAKARTA SELATAN,KEBAYORAN BARU,SENAYAN,Cacat Mental-Jiwa,Laki-laki,1,2018
5961,2018,DKI Jakarta,JAKARTA SELATAN,KEBAYORAN BARU,PULO,Cacat Fisik,Laki-laki,1,2018
5962,2018,DKI Jakarta,JAKARTA SELATAN,KEBAYORAN BARU,PULO,Cacat Mental-Jiwa,Laki-laki,0,2018
5963,2018,DKI Jakarta,JAKARTA SELATAN,KEBAYORAN BARU,PETOGOGAN,Cacat Mental-Jiwa,Laki-laki,1,2018
5964,2018,DKI Jakarta,JAKARTA SELATAN,KEBAYORAN BARU,GANDARIA UTARA,Cacat Fisik,Laki-laki,1,2018
5965,2018,DKI Jakarta,JAKARTA SELATAN,KEBAYORAN BARU,GANDARIA UTARA,Cacat Rungu-Wicara,Laki-laki,1,2018
5966,2018,DKI Jakarta,JAKARTA SELATAN,KEBAYORAN BARU,GANDARIA UTARA,Cacat Mental-Jiwa,Laki-laki,2,2018
5967,2018,DKI Jakarta,JAKARTA SELATAN,KEBAYORAN BARU,GANDARIA UTARA,Cacat Fisik dan Mental,Laki-laki,1,2018
5968,2018,DKI Jakarta,JAKARTA SELATAN,KEBAYORAN BARU,GANDARIA UTARA,Cacat Lainnya,Laki-laki,0,2018
5969,2018,DKI Jakarta,JAKARTA SELATAN,KEBAYORAN BARU,CIPETE UTARA,Cacat Mental-Jiwa,Laki-laki,2,2018
5970,2018,DKI Jakarta,JAKARTA SELATAN,KEBAYORAN BARU,CIPETE UTARA,Cacat Lainnya,Laki-laki,1,2018
5971,2018,DKI Jakarta,JAKARTA SELATAN,PANCORAN,PANCORAN,Cacat Mental-Jiwa,Laki-laki,2,2018
5972,2018,DKI Jakarta,JAKARTA BARAT,GROGOL PETAMBURAN,TANJUNG DUREN UTARA,Cacat Lainnya,Perempuan,1,2018
5973,2018,DKI Jakarta,JAKARTA BARAT,GROGOL PETAMBURAN,TOMANG,Cacat Fisik,Perempuan,0,2018
5974,2018,DKI Jakarta,JAKARTA BARAT,GROGOL PETAMBURAN,TOMANG,Cacat Netra-Buta,Perempuan,0,2018
5975,2018,DKI Jakarta,JAKARTA BARAT,GROGOL PETAMBURAN,TOMANG,Cacat Rungu-Wicara,Perempuan,3,2018
5976,2018,DKI Jakarta,JAKARTA BARAT,GROGOL PETAMBURAN,TOMANG,Cacat Mental-Jiwa,Perempuan,4,2018
5977,2018,DKI Jakarta,JAKARTA BARAT,GROGOL PETAMBURAN,TOMANG,Cacat Lainnya,Perempuan,6,2018
5978,2018,DKI Jakarta,JAKARTA BARAT,GROGOL PETAMBURAN,JELAMBAR,Cacat Fisik,Perempuan,1,2018
5979,2018,DKI Jakarta,JAKARTA BARAT,GROGOL PETAMBURAN,JELAMBAR,Cacat Rungu-Wicara,Perempuan,2,2018
5980,2018,DKI Jakarta,JAKARTA BARAT,GROGOL PETAMBURAN,JELAMBAR,Cacat Mental-Jiwa,Perempuan,2,2018
5981,2018,DKI Jakarta,JAKARTA BARAT,GROGOL PETAMBURAN,JELAMBAR,Cacat Fisik dan Mental,Perempuan,2,2018
5982,2018,DKI Jakarta,JAKARTA BARAT,GROGOL PETAMBURAN,JELAMBAR,Cacat Lainnya,Perempuan,2,2018
5983,2018,DKI Jakarta,JAKARTA BARAT,GROGOL PETAMBURAN,TANJUNG DUREN SELATAN,Cacat Fisik,Perempuan,0,2018
5984,2018,DKI Jakarta,JAKARTA BARAT,GROGOL PETAMBURAN,TANJUNG DUREN SELATAN,Cacat Mental-Jiwa,Perempuan,0,2018
5985,2018,DKI Jakarta,JAKARTA BARAT,GROGOL PETAMBURAN,TANJUNG DUREN SELATAN,Cacat Lainnya,Perempuan,1,2018
5986,2018,DKI Jakarta,JAKARTA BARAT,GROGOL PETAMBURAN,JELAMBAR BARU,Cacat Fisik,Perempuan,7,2018
5987,2018,DKI Jakarta,JAKARTA BARAT,GROGOL PETAMBURAN,JELAMBAR BARU,Cacat Netra-Buta,Perempuan,0,2018
5988,2018,DKI Jakarta,JAKARTA BARAT,GROGOL PETAMBURAN,JELAMBAR BARU,Cacat Rungu-Wicara,Perempuan,0,2018
5989,2018,DKI Jakarta,JAKARTA BARAT,GROGOL PETAMBURAN,JELAMBAR BARU,Cacat Mental-Jiwa,Perempuan,4,2018
5990,2018,DKI Jakarta,JAKARTA BARAT,GROGOL PETAMBURAN,JELAMBAR BARU,Cacat Lainnya,Perempuan,1,2018
5991,2018,DKI Jakarta,JAKARTA BARAT,GROGOL PETAMBURAN,WIJAYA KUSUMA,Cacat Fisik,Perempuan,4,2018
5992,2018,DKI Jakarta,JAKARTA BARAT,GROGOL PETAMBURAN,WIJAYA KUSUMA,Cacat Netra-Buta,Perempuan,3,2018
5993,2018,DKI Jakarta,JAKARTA BARAT,GROGOL PETAMBURAN,WIJAYA KUSUMA,Cacat Rungu-Wicara,Perempuan,0,2018
5994,2018,DKI Jakarta,JAKARTA BARAT,GROGOL PETAMBURAN,WIJAYA KUSUMA,Cacat Mental-Jiwa,Perempuan,188,2018
5995,2018,DKI Jakarta,JAKARTA BARAT,GROGOL PETAMBURAN,WIJAYA KUSUMA,Cacat Fisik dan Mental,Perempuan,1,2018
5996,2018,DKI Jakarta,JAKARTA BARAT,GROGOL PETAMBURAN,WIJAYA KUSUMA,Cacat Lainnya,Perempuan,2,2018
5997,2018,DKI Jakarta,JAKARTA BARAT,TAMAN SARI,TAMAN SARI,Cacat Rungu-Wicara,Perempuan,1,2018
5998,2018,DKI Jakarta,JAKARTA BARAT,TAMAN SARI,TAMAN SARI,Cacat Fisik dan Mental,Perempuan,1,2018
5999,2018,DKI Jakarta,JAKARTA BARAT,TAMAN SARI,TAMAN SARI,Cacat Lainnya,Perempuan,3,2018
6000,2018,DKI Jakarta,JAKARTA BARAT,TAMAN SARI,KRUKUT,Cacat Netra-Buta,Perempuan,0,2018
6001,2018,DKI Jakarta,JAKARTA BARAT,TAMAN SARI,KRUKUT,Cacat Rungu-Wicara,Perempuan,0,2018
6002,2018,DKI Jakarta,JAKARTA BARAT,TAMAN SARI,KRUKUT,Cacat Mental-Jiwa,Perempuan,5,2018
6003,2018,DKI Jakarta,JAKARTA BARAT,TAMAN SARI,KRUKUT,Cacat Lainnya,Perempuan,0,2018
6004,2018,DKI Jakarta,JAKARTA BARAT,TAMAN SARI,MAPHAR,Cacat Fisik,Perempuan,1,2018
6005,2018,DKI Jakarta,JAKARTA BARAT,TAMAN SARI,MAPHAR,Cacat Netra-Buta,Perempuan,1,2018
6006,2018,DKI Jakarta,JAKARTA BARAT,TAMAN SARI,MAPHAR,Cacat Lainnya,Perempuan,0,2018
6007,2018,DKI Jakarta,JAKARTA BARAT,TAMAN SARI,TANGKI,Cacat Lainnya,Perempuan,3,2018
6008,2018,DKI Jakarta,JAKARTA BARAT,TAMAN SARI,MANGGA BESAR,Cacat Rungu-Wicara,Perempuan,0,2018
6009,2018,DKI Jakarta,JAKARTA BARAT,TAMAN SARI,MANGGA BESAR,Cacat Mental-Jiwa,Perempuan,0,2018
6010,2018,DKI Jakarta,JAKARTA BARAT,TAMAN SARI,MANGGA BESAR,Cacat Lainnya,Perempuan,1,2018
6011,2018,DKI Jakarta,JAKARTA BARAT,TAMAN SARI,KEAGUNGAN,Cacat Fisik,Perempuan,0,2018
6012,2018,DKI Jakarta,JAKARTA BARAT,TAMAN SARI,KEAGUNGAN,Cacat Netra-Buta,Perempuan,1,2018
6013,2018,DKI Jakarta,JAKARTA TIMUR,CIPAYUNG,BAMBU APUS,Cacat Lainnya,Perempuan,1,2018
6014,2018,DKI Jakarta,JAKARTA TIMUR,CIPAYUNG,LUBANG BUAYA,Cacat Rungu-Wicara,Perempuan,1,2018
6015,2018,DKI Jakarta,JAKARTA TIMUR,CIPAYUNG,LUBANG BUAYA,Cacat Mental-Jiwa,Perempuan,0,2018
6016,2018,DKI Jakarta,JAKARTA TIMUR,CIPAYUNG,LUBANG BUAYA,Cacat Lainnya,Perempuan,3,2018
6017,2018,DKI Jakarta,JAKARTA TIMUR,CIPAYUNG,CEGER,Cacat Fisik,Perempuan,0,2018
6018,2018,DKI Jakarta,JAKARTA TIMUR,CIPAYUNG,CEGER,Cacat Mental-Jiwa,Perempuan,2,2018
6019,2018,DKI Jakarta,ADM. KEPULAUAN SERIBU,KEPULAUAN SERIBU UTARA,PULAU KELAPA,Cacat Fisik,Laki-laki,1,2018
6020,2018,DKI Jakarta,ADM. KEPULAUAN SERIBU,KEPULAUAN SERIBU UTARA,PULAU KELAPA,Cacat Rungu-Wicara,Laki-laki,0,2018
6021,2018,DKI Jakarta,ADM. KEPULAUAN SERIBU,KEPULAUAN SERIBU UTARA,PULAU KELAPA,Cacat Mental-Jiwa,Laki-laki,1,2018
6022,2018,DKI Jakarta,ADM. KEPULAUAN SERIBU,KEPULAUAN SERIBU UTARA,PULAU KELAPA,Cacat Fisik dan Mental,Laki-laki,2,2018
6023,2018,DKI Jakarta,ADM. KEPULAUAN SERIBU,KEPULAUAN SERIBU SELATAN,PULAU UNTUNG JAWA,Cacat Fisik,Laki-laki,1,2018
6024,2018,DKI Jakarta,ADM. KEPULAUAN SERIBU,KEPULAUAN SERIBU SELATAN,PULAU UNTUNG JAWA,Cacat Mental-Jiwa,Laki-laki,0,2018
6025,2018,DKI Jakarta,ADM. KEPULAUAN SERIBU,KEPULAUAN SERIBU SELATAN,PULAU TIDUNG,Cacat Fisik,Laki-laki,10,2018
6026,2018,DKI Jakarta,ADM. KEPULAUAN SERIBU,KEPULAUAN SERIBU SELATAN,PULAU TIDUNG,Cacat Rungu-Wicara,Laki-laki,2,2018
6027,2018,DKI Jakarta,ADM. KEPULAUAN SERIBU,KEPULAUAN SERIBU SELATAN,PULAU TIDUNG,Cacat Mental-Jiwa,Laki-laki,3,2018
6028,2018,DKI Jakarta,ADM. KEPULAUAN SERIBU,KEPULAUAN SERIBU SELATAN,PULAU TIDUNG,Cacat Fisik dan Mental,Laki-laki,2,2018
6029,2018,DKI Jakarta,ADM. KEPULAUAN SERIBU,KEPULAUAN SERIBU SELATAN,PULAU TIDUNG,Cacat Lainnya,Laki-laki,1,2018
6030,2018,DKI Jakarta,ADM. KEPULAUAN SERIBU,KEPULAUAN SERIBU SELATAN,PULAU PARI,Cacat Mental-Jiwa,Laki-laki,1,2018
6031,2018,DKI Jakarta,JAKARTA PUSAT,GAMBIR,GAMBIR,Cacat Fisik,Laki-laki,2,2018
6032,2018,DKI Jakarta,JAKARTA PUSAT,GAMBIR,GAMBIR,Cacat Fisik dan Mental,Laki-laki,1,2018
6033,2018,DKI Jakarta,JAKARTA PUSAT,GAMBIR,CIDENG,Cacat Fisik,Laki-laki,0,2018
6034,2018,DKI Jakarta,JAKARTA PUSAT,GAMBIR,CIDENG,Cacat Netra-Buta,Laki-laki,2,2018
6035,2018,DKI Jakarta,JAKARTA PUSAT,GAMBIR,CIDENG,Cacat Rungu-Wicara,Laki-laki,1,2018
6036,2018,DKI Jakarta,JAKARTA PUSAT,GAMBIR,CIDENG,Cacat Mental-Jiwa,Laki-laki,1,2018
6037,2018,DKI Jakarta,JAKARTA PUSAT,GAMBIR,CIDENG,Cacat Fisik dan Mental,Laki-laki,1,2018
6038,2018,DKI Jakarta,JAKARTA PUSAT,GAMBIR,CIDENG,Cacat Lainnya,Laki-laki,2,2018
6039,2018,DKI Jakarta,JAKARTA PUSAT,GAMBIR,PETOJO UTARA,Cacat Fisik,Laki-laki,1,2018
6040,2018,DKI Jakarta,JAKARTA PUSAT,GAMBIR,PETOJO UTARA,Cacat Fisik dan Mental,Laki-laki,1,2018
6041,2018,DKI Jakarta,JAKARTA PUSAT,GAMBIR,PETOJO UTARA,Cacat Lainnya,Laki-laki,1,2018
6042,2018,DKI Jakarta,JAKARTA PUSAT,GAMBIR,PETOJO SELATAN,Cacat Fisik,Laki-laki,1,2018
6043,2018,DKI Jakarta,JAKARTA PUSAT,GAMBIR,PETOJO SELATAN,Cacat Rungu-Wicara,Laki-laki,1,2018
6044,2018,DKI Jakarta,JAKARTA PUSAT,GAMBIR,PETOJO SELATAN,Cacat Fisik dan Mental,Laki-laki,2,2018
6045,2018,DKI Jakarta,JAKARTA PUSAT,GAMBIR,PETOJO SELATAN,Cacat Lainnya,Laki-laki,1,2018
6046,2018,DKI Jakarta,JAKARTA PUSAT,GAMBIR,KEBON KELAPA,Cacat Mental-Jiwa,Laki-laki,0,2018
6047,2018,DKI Jakarta,JAKARTA PUSAT,GAMBIR,DURI PULO,Cacat Mental-Jiwa,Laki-laki,0,2018
6048,2018,DKI Jakarta,JAKARTA PUSAT,SAWAH BESAR,PASAR BARU,Cacat Fisik,Laki-laki,1,2018
6049,2018,DKI Jakarta,JAKARTA PUSAT,SAWAH BESAR,PASAR BARU,Cacat Lainnya,Laki-laki,1,2018
6050,2018,DKI Jakarta,JAKARTA PUSAT,SAWAH BESAR,KARANG ANYAR,Cacat Mental-Jiwa,Laki-laki,1,2018
6051,2018,DKI Jakarta,JAKARTA PUSAT,SAWAH BESAR,KARTINI,Cacat Fisik,Laki-laki,1,2018
6052,2018,DKI Jakarta,JAKARTA PUSAT,SAWAH BESAR,GUNUNG SAHARI UTARA,Cacat Fisik,Laki-laki,2,2018
6053,2018,DKI Jakarta,JAKARTA PUSAT,SAWAH BESAR,MANGGA DUA SELATAN,Cacat Fisik,Laki-laki,1,2018
6054,2018,DKI Jakarta,JAKARTA PUSAT,SAWAH BESAR,MANGGA DUA SELATAN,Cacat Mental-Jiwa,Laki-laki,0,2018
6055,2018,DKI Jakarta,JAKARTA PUSAT,SAWAH BESAR,MANGGA DUA SELATAN,Cacat Lainnya,Laki-laki,1,2018
6056,2018,DKI Jakarta,JAKARTA PUSAT,KEMAYORAN,KEMAYORAN,Cacat Fisik,Laki-laki,2,2018
6057,2018,DKI Jakarta,JAKARTA PUSAT,KEMAYORAN,KEMAYORAN,Cacat Netra-Buta,Laki-laki,1,2018
6058,2018,DKI Jakarta,JAKARTA PUSAT,KEMAYORAN,KEMAYORAN,Cacat Rungu-Wicara,Laki-laki,0,2018
6059,2018,DKI Jakarta,JAKARTA PUSAT,KEMAYORAN,KEMAYORAN,Cacat Lainnya,Laki-laki,1,2018
6060,2018,DKI Jakarta,JAKARTA SELATAN,PANCORAN,PANCORAN,Cacat Fisik dan Mental,Laki-laki,1,2018
6061,2018,DKI Jakarta,JAKARTA SELATAN,PANCORAN,PANCORAN,Cacat Lainnya,Laki-laki,2,2018
6062,2018,DKI Jakarta,JAKARTA SELATAN,PANCORAN,KALIBATA,Cacat Fisik,Laki-laki,4,2018
6063,2018,DKI Jakarta,JAKARTA SELATAN,PANCORAN,KALIBATA,Cacat Netra-Buta,Laki-laki,1,2018
6064,2018,DKI Jakarta,JAKARTA SELATAN,PANCORAN,KALIBATA,Cacat Rungu-Wicara,Laki-laki,1,2018
6065,2018,DKI Jakarta,JAKARTA SELATAN,PANCORAN,KALIBATA,Cacat Mental-Jiwa,Laki-laki,1,2018
6066,2018,DKI Jakarta,JAKARTA SELATAN,PANCORAN,KALIBATA,Cacat Fisik dan Mental,Laki-laki,1,2018
6067,2018,DKI Jakarta,JAKARTA SELATAN,PANCORAN,KALIBATA,Cacat Lainnya,Laki-laki,1,2018
6068,2018,DKI Jakarta,JAKARTA SELATAN,PANCORAN,RAWAJATI,Cacat Fisik,Laki-laki,3,2018
6069,2018,DKI Jakarta,JAKARTA SELATAN,PANCORAN,RAWAJATI,Cacat Netra-Buta,Laki-laki,1,2018
6070,2018,DKI Jakarta,JAKARTA SELATAN,PANCORAN,RAWAJATI,Cacat Rungu-Wicara,Laki-laki,0,2018
6071,2018,DKI Jakarta,JAKARTA SELATAN,PANCORAN,RAWAJATI,Cacat Mental-Jiwa,Laki-laki,2,2018
6072,2018,DKI Jakarta,JAKARTA SELATAN,PANCORAN,RAWAJATI,Cacat Fisik dan Mental,Laki-laki,3,2018
6073,2018,DKI Jakarta,JAKARTA SELATAN,PANCORAN,RAWAJATI,Cacat Lainnya,Laki-laki,4,2018
6074,2018,DKI Jakarta,JAKARTA SELATAN,PANCORAN,DUREN TIGA,Cacat Fisik,Laki-laki,1,2018
6075,2018,DKI Jakarta,JAKARTA SELATAN,PANCORAN,DUREN TIGA,Cacat Netra-Buta,Laki-laki,1,2018
6076,2018,DKI Jakarta,JAKARTA SELATAN,PANCORAN,DUREN TIGA,Cacat Rungu-Wicara,Laki-laki,0,2018
6077,2018,DKI Jakarta,JAKARTA SELATAN,PANCORAN,DUREN TIGA,Cacat Mental-Jiwa,Laki-laki,1,2018
6078,2018,DKI Jakarta,JAKARTA SELATAN,PANCORAN,PENGADEGAN,Cacat Fisik,Laki-laki,2,2018
6079,2018,DKI Jakarta,JAKARTA SELATAN,PANCORAN,PENGADEGAN,Cacat Netra-Buta,Laki-laki,1,2018
6080,2018,DKI Jakarta,JAKARTA SELATAN,PANCORAN,PENGADEGAN,Cacat Rungu-Wicara,Laki-laki,1,2018
6081,2018,DKI Jakarta,JAKARTA SELATAN,PANCORAN,PENGADEGAN,Cacat Mental-Jiwa,Laki-laki,3,2018
6082,2018,DKI Jakarta,JAKARTA SELATAN,PANCORAN,CIKOKO,Cacat Rungu-Wicara,Laki-laki,1,2018
6083,2018,DKI Jakarta,JAKARTA SELATAN,PANCORAN,CIKOKO,Cacat Fisik dan Mental,Laki-laki,1,2018
6084,2018,DKI Jakarta,JAKARTA SELATAN,JAGAKARSA,JAGAKARSA,Cacat Fisik,Laki-laki,3,2018
6085,2018,DKI Jakarta,JAKARTA SELATAN,JAGAKARSA,JAGAKARSA,Cacat Netra-Buta,Laki-laki,0,2018
6086,2018,DKI Jakarta,JAKARTA SELATAN,JAGAKARSA,JAGAKARSA,Cacat Rungu-Wicara,Laki-laki,1,2018
6087,2018,DKI Jakarta,JAKARTA SELATAN,JAGAKARSA,JAGAKARSA,Cacat Mental-Jiwa,Laki-laki,4,2018
6088,2018,DKI Jakarta,JAKARTA SELATAN,JAGAKARSA,JAGAKARSA,Cacat Fisik dan Mental,Laki-laki,1,2018
6089,2018,DKI Jakarta,JAKARTA SELATAN,JAGAKARSA,JAGAKARSA,Cacat Lainnya,Laki-laki,8,2018
6090,2018,DKI Jakarta,JAKARTA SELATAN,JAGAKARSA,SRENGSENG SAWAH,Cacat Mental-Jiwa,Laki-laki,1,2018
6091,2018,DKI Jakarta,JAKARTA SELATAN,JAGAKARSA,SRENGSENG SAWAH,Cacat Lainnya,Laki-laki,2,2018
6092,2018,DKI Jakarta,JAKARTA SELATAN,JAGAKARSA,CIGANJUR,Cacat Fisik,Laki-laki,34,2018
6093,2018,DKI Jakarta,JAKARTA SELATAN,JAGAKARSA,CIGANJUR,Cacat Netra-Buta,Laki-laki,0,2018
6094,2018,DKI Jakarta,JAKARTA SELATAN,JAGAKARSA,CIGANJUR,Cacat Rungu-Wicara,Laki-laki,2,2018
6095,2018,DKI Jakarta,JAKARTA SELATAN,JAGAKARSA,CIGANJUR,Cacat Mental-Jiwa,Laki-laki,1,2018
6096,2018,DKI Jakarta,JAKARTA SELATAN,JAGAKARSA,CIGANJUR,Cacat Lainnya,Laki-laki,4,2018
6097,2018,DKI Jakarta,JAKARTA SELATAN,JAGAKARSA,LENTENG AGUNG,Cacat Fisik,Laki-laki,0,2018
6098,2018,DKI Jakarta,JAKARTA SELATAN,JAGAKARSA,LENTENG AGUNG,Cacat Rungu-Wicara,Laki-laki,0,2018
6099,2018,DKI Jakarta,JAKARTA SELATAN,JAGAKARSA,LENTENG AGUNG,Cacat Mental-Jiwa,Laki-laki,1,2018
6100,2018,DKI Jakarta,JAKARTA SELATAN,JAGAKARSA,LENTENG AGUNG,Cacat Lainnya,Laki-laki,0,2018
6101,2018,DKI Jakarta,JAKARTA SELATAN,JAGAKARSA,TANJUNG BARAT,Cacat Fisik,Laki-laki,1,2018
6102,2018,DKI Jakarta,JAKARTA SELATAN,JAGAKARSA,TANJUNG BARAT,Cacat Netra-Buta,Laki-laki,0,2018
6103,2018,DKI Jakarta,JAKARTA BARAT,TAMAN SARI,KEAGUNGAN,Cacat Rungu-Wicara,Perempuan,1,2018
6104,2018,DKI Jakarta,JAKARTA BARAT,TAMAN SARI,KEAGUNGAN,Cacat Mental-Jiwa,Perempuan,1,2018
6105,2018,DKI Jakarta,JAKARTA BARAT,TAMAN SARI,KEAGUNGAN,Cacat Lainnya,Perempuan,1,2018
6106,2018,DKI Jakarta,JAKARTA BARAT,TAMAN SARI,GLODOK,Cacat Fisik,Perempuan,1,2018
6107,2018,DKI Jakarta,JAKARTA BARAT,TAMAN SARI,GLODOK,Cacat Rungu-Wicara,Perempuan,1,2018
6108,2018,DKI Jakarta,JAKARTA BARAT,TAMAN SARI,PINANGSIA,Cacat Fisik,Perempuan,1,2018
6109,2018,DKI Jakarta,JAKARTA BARAT,TAMAN SARI,PINANGSIA,Cacat Lainnya,Perempuan,0,2018
6110,2018,DKI Jakarta,JAKARTA BARAT,TAMBORA,TAMBORA,Cacat Fisik,Perempuan,0,2018
6111,2018,DKI Jakarta,JAKARTA BARAT,TAMBORA,TAMBORA,Cacat Netra-Buta,Perempuan,1,2018
6112,2018,DKI Jakarta,JAKARTA BARAT,TAMBORA,TAMBORA,Cacat Mental-Jiwa,Perempuan,2,2018
6113,2018,DKI Jakarta,JAKARTA BARAT,TAMBORA,TAMBORA,Cacat Lainnya,Perempuan,0,2018
6114,2018,DKI Jakarta,JAKARTA BARAT,TAMBORA,KALI ANYAR,Cacat Fisik,Perempuan,0,2018
6115,2018,DKI Jakarta,JAKARTA BARAT,TAMBORA,KALI ANYAR,Cacat Netra-Buta,Perempuan,0,2018
6116,2018,DKI Jakarta,JAKARTA BARAT,TAMBORA,KALI ANYAR,Cacat Rungu-Wicara,Perempuan,1,2018
6117,2018,DKI Jakarta,JAKARTA BARAT,TAMBORA,KALI ANYAR,Cacat Mental-Jiwa,Perempuan,0,2018
6118,2018,DKI Jakarta,JAKARTA BARAT,TAMBORA,DURI UTARA,Cacat Netra-Buta,Perempuan,1,2018
6119,2018,DKI Jakarta,JAKARTA BARAT,TAMBORA,DURI UTARA,Cacat Rungu-Wicara,Perempuan,1,2018
6120,2018,DKI Jakarta,JAKARTA BARAT,TAMBORA,DURI UTARA,Cacat Mental-Jiwa,Perempuan,1,2018
6121,2018,DKI Jakarta,JAKARTA BARAT,TAMBORA,DURI UTARA,Cacat Fisik dan Mental,Perempuan,2,2018
6122,2018,DKI Jakarta,JAKARTA BARAT,TAMBORA,TANAH SEREAL,Cacat Fisik,Perempuan,6,2018
6123,2018,DKI Jakarta,JAKARTA BARAT,TAMBORA,TANAH SEREAL,Cacat Netra-Buta,Perempuan,0,2018
6124,2018,DKI Jakarta,JAKARTA BARAT,TAMBORA,TANAH SEREAL,Cacat Rungu-Wicara,Perempuan,1,2018
6125,2018,DKI Jakarta,JAKARTA BARAT,TAMBORA,TANAH SEREAL,Cacat Mental-Jiwa,Perempuan,5,2018
6126,2018,DKI Jakarta,JAKARTA BARAT,TAMBORA,TANAH SEREAL,Cacat Fisik dan Mental,Perempuan,1,2018
6127,2018,DKI Jakarta,JAKARTA BARAT,TAMBORA,TANAH SEREAL,Cacat Lainnya,Perempuan,1,2018
6128,2018,DKI Jakarta,JAKARTA BARAT,TAMBORA,KRENDANG,Cacat Fisik,Perempuan,2,2018
6129,2018,DKI Jakarta,JAKARTA BARAT,TAMBORA,KRENDANG,Cacat Netra-Buta,Perempuan,0,2018
6130,2018,DKI Jakarta,JAKARTA BARAT,TAMBORA,KRENDANG,Cacat Rungu-Wicara,Perempuan,2,2018
6131,2018,DKI Jakarta,JAKARTA BARAT,TAMBORA,KRENDANG,Cacat Mental-Jiwa,Perempuan,2,2018
6132,2018,DKI Jakarta,JAKARTA BARAT,TAMBORA,KRENDANG,Cacat Lainnya,Perempuan,2,2018
6133,2018,DKI Jakarta,JAKARTA BARAT,TAMBORA,JEMBATAN BESI,Cacat Fisik,Perempuan,4,2018
6134,2018,DKI Jakarta,JAKARTA BARAT,TAMBORA,JEMBATAN BESI,Cacat Rungu-Wicara,Perempuan,1,2018
6135,2018,DKI Jakarta,JAKARTA BARAT,TAMBORA,JEMBATAN BESI,Cacat Mental-Jiwa,Perempuan,3,2018
6136,2018,DKI Jakarta,JAKARTA BARAT,TAMBORA,JEMBATAN BESI,Cacat Fisik dan Mental,Perempuan,0,2018
6137,2018,DKI Jakarta,JAKARTA BARAT,TAMBORA,JEMBATAN BESI,Cacat Lainnya,Perempuan,1,2018
6138,2018,DKI Jakarta,JAKARTA BARAT,TAMBORA,ANGKE,Cacat Fisik,Perempuan,0,2018
6139,2018,DKI Jakarta,JAKARTA BARAT,TAMBORA,ANGKE,Cacat Netra-Buta,Perempuan,0,2018
6140,2018,DKI Jakarta,JAKARTA BARAT,TAMBORA,ANGKE,Cacat Rungu-Wicara,Perempuan,1,2018
6141,2018,DKI Jakarta,JAKARTA BARAT,TAMBORA,ANGKE,Cacat Mental-Jiwa,Perempuan,0,2018
6142,2018,DKI Jakarta,JAKARTA BARAT,TAMBORA,ANGKE,Cacat Fisik dan Mental,Perempuan,0,2018
6143,2018,DKI Jakarta,JAKARTA BARAT,TAMBORA,ANGKE,Cacat Lainnya,Perempuan,0,2018
6144,2018,DKI Jakarta,JAKARTA BARAT,TAMBORA,JEMBATAN LIMA,Cacat Fisik,Perempuan,2,2018
6145,2018,DKI Jakarta,JAKARTA BARAT,TAMBORA,JEMBATAN LIMA,Cacat Netra-Buta,Perempuan,1,2018
6146,2018,DKI Jakarta,JAKARTA PUSAT,KEMAYORAN,KEBON KOSONG,Cacat Rungu-Wicara,Laki-laki,1,2018
6147,2018,DKI Jakarta,JAKARTA PUSAT,KEMAYORAN,KEBON KOSONG,Cacat Mental-Jiwa,Laki-laki,1,2018
6148,2018,DKI Jakarta,JAKARTA PUSAT,KEMAYORAN,KEBON KOSONG,Cacat Fisik dan Mental,Laki-laki,1,2018
6149,2018,DKI Jakarta,JAKARTA PUSAT,KEMAYORAN,KEBON KOSONG,Cacat Lainnya,Laki-laki,1,2018
6150,2018,DKI Jakarta,JAKARTA PUSAT,KEMAYORAN,HARAPAN MULIA,Cacat Fisik,Laki-laki,4,2018
6151,2018,DKI Jakarta,JAKARTA PUSAT,KEMAYORAN,HARAPAN MULIA,Cacat Netra-Buta,Laki-laki,1,2018
6152,2018,DKI Jakarta,JAKARTA PUSAT,KEMAYORAN,HARAPAN MULIA,Cacat Rungu-Wicara,Laki-laki,3,2018
6153,2018,DKI Jakarta,JAKARTA PUSAT,KEMAYORAN,HARAPAN MULIA,Cacat Mental-Jiwa,Laki-laki,2,2018
6154,2018,DKI Jakarta,JAKARTA PUSAT,KEMAYORAN,HARAPAN MULIA,Cacat Fisik dan Mental,Laki-laki,0,2018
6155,2018,DKI Jakarta,JAKARTA PUSAT,KEMAYORAN,HARAPAN MULIA,Cacat Lainnya,Laki-laki,5,2018
6156,2018,DKI Jakarta,JAKARTA PUSAT,KEMAYORAN,SERDANG,Cacat Rungu-Wicara,Laki-laki,1,2018
6157,2018,DKI Jakarta,JAKARTA PUSAT,KEMAYORAN,SERDANG,Cacat Mental-Jiwa,Laki-laki,0,2018
6158,2018,DKI Jakarta,JAKARTA PUSAT,KEMAYORAN,SERDANG,Cacat Lainnya,Laki-laki,2,2018
6159,2018,DKI Jakarta,JAKARTA PUSAT,KEMAYORAN,GUNUNG SAHARI SELATAN,Cacat Fisik,Laki-laki,5,2018
6160,2018,DKI Jakarta,JAKARTA PUSAT,KEMAYORAN,GUNUNG SAHARI SELATAN,Cacat Netra-Buta,Laki-laki,1,2018
6161,2018,DKI Jakarta,JAKARTA PUSAT,KEMAYORAN,GUNUNG SAHARI SELATAN,Cacat Rungu-Wicara,Laki-laki,2,2018
6162,2018,DKI Jakarta,JAKARTA PUSAT,KEMAYORAN,GUNUNG SAHARI SELATAN,Cacat Mental-Jiwa,Laki-laki,7,2018
6163,2018,DKI Jakarta,JAKARTA PUSAT,KEMAYORAN,GUNUNG SAHARI SELATAN,Cacat Fisik dan Mental,Laki-laki,1,2018
6164,2018,DKI Jakarta,JAKARTA PUSAT,KEMAYORAN,GUNUNG SAHARI SELATAN,Cacat Lainnya,Laki-laki,4,2018
6165,2018,DKI Jakarta,JAKARTA PUSAT,KEMAYORAN,CEMPAKA BARU,Cacat Fisik,Laki-laki,3,2018
6166,2018,DKI Jakarta,JAKARTA PUSAT,KEMAYORAN,CEMPAKA BARU,Cacat Netra-Buta,Laki-laki,1,2018
6167,2018,DKI Jakarta,JAKARTA PUSAT,KEMAYORAN,CEMPAKA BARU,Cacat Mental-Jiwa,Laki-laki,0,2018
6168,2018,DKI Jakarta,JAKARTA PUSAT,KEMAYORAN,CEMPAKA BARU,Cacat Lainnya,Laki-laki,3,2018
6169,2018,DKI Jakarta,JAKARTA PUSAT,KEMAYORAN,SUMUR BATU,Cacat Fisik,Laki-laki,1,2018
6170,2018,DKI Jakarta,JAKARTA PUSAT,KEMAYORAN,SUMUR BATU,Cacat Fisik dan Mental,Laki-laki,1,2018
6171,2018,DKI Jakarta,JAKARTA PUSAT,KEMAYORAN,SUMUR BATU,Cacat Lainnya,Laki-laki,0,2018
6172,2018,DKI Jakarta,JAKARTA PUSAT,KEMAYORAN,UTAN PANJANG,Cacat Fisik,Laki-laki,1,2018
6173,2018,DKI Jakarta,JAKARTA PUSAT,KEMAYORAN,UTAN PANJANG,Cacat Netra-Buta,Laki-laki,0,2018
6174,2018,DKI Jakarta,JAKARTA PUSAT,S E N E N,SENEN,Cacat Mental-Jiwa,Laki-laki,1,2018
6175,2018,DKI Jakarta,JAKARTA PUSAT,S E N E N,KENARI,Cacat Mental-Jiwa,Laki-laki,0,2018
6176,2018,DKI Jakarta,JAKARTA PUSAT,S E N E N,KENARI,Cacat Lainnya,Laki-laki,0,2018
6177,2018,DKI Jakarta,JAKARTA PUSAT,S E N E N,PASEBAN,Cacat Mental-Jiwa,Laki-laki,0,2018
6178,2018,DKI Jakarta,JAKARTA PUSAT,S E N E N,PASEBAN,Cacat Fisik dan Mental,Laki-laki,0,2018
6179,2018,DKI Jakarta,JAKARTA PUSAT,S E N E N,PASEBAN,Cacat Lainnya,Laki-laki,1,2018
6180,2018,DKI Jakarta,JAKARTA PUSAT,S E N E N,KRAMAT,Cacat Fisik,Laki-laki,6,2018
6181,2018,DKI Jakarta,JAKARTA PUSAT,S E N E N,KRAMAT,Cacat Netra-Buta,Laki-laki,1,2018
6182,2018,DKI Jakarta,JAKARTA PUSAT,S E N E N,KRAMAT,Cacat Rungu-Wicara,Laki-laki,1,2018
6183,2018,DKI Jakarta,JAKARTA PUSAT,S E N E N,KRAMAT,Cacat Mental-Jiwa,Laki-laki,1,2018
6184,2018,DKI Jakarta,JAKARTA PUSAT,S E N E N,KRAMAT,Cacat Lainnya,Laki-laki,1,2018
6185,2018,DKI Jakarta,JAKARTA PUSAT,S E N E N,KWITANG,Cacat Fisik,Laki-laki,0,2018
6186,2018,DKI Jakarta,JAKARTA PUSAT,S E N E N,KWITANG,Cacat Rungu-Wicara,Laki-laki,1,2018
6187,2018,DKI Jakarta,JAKARTA PUSAT,S E N E N,KWITANG,Cacat Mental-Jiwa,Laki-laki,2,2018
6188,2018,DKI Jakarta,JAKARTA PUSAT,S E N E N,KWITANG,Cacat Lainnya,Laki-laki,1,2018
6189,2018,DKI Jakarta,JAKARTA SELATAN,JAGAKARSA,TANJUNG BARAT,Cacat Rungu-Wicara,Laki-laki,0,2018
6190,2018,DKI Jakarta,JAKARTA SELATAN,JAGAKARSA,TANJUNG BARAT,Cacat Mental-Jiwa,Laki-laki,4,2018
6191,2018,DKI Jakarta,JAKARTA SELATAN,JAGAKARSA,TANJUNG BARAT,Cacat Fisik dan Mental,Laki-laki,2,2018
6192,2018,DKI Jakarta,JAKARTA SELATAN,JAGAKARSA,TANJUNG BARAT,Cacat Lainnya,Laki-laki,2,2018
6193,2018,DKI Jakarta,JAKARTA SELATAN,JAGAKARSA,CIPEDAK,Cacat Fisik,Laki-laki,2,2018
6194,2018,DKI Jakarta,JAKARTA SELATAN,JAGAKARSA,CIPEDAK,Cacat Rungu-Wicara,Laki-laki,1,2018
6195,2018,DKI Jakarta,JAKARTA SELATAN,JAGAKARSA,CIPEDAK,Cacat Mental-Jiwa,Laki-laki,1,2018
6196,2018,DKI Jakarta,JAKARTA SELATAN,JAGAKARSA,CIPEDAK,Cacat Lainnya,Laki-laki,0,2018
6197,2018,DKI Jakarta,JAKARTA SELATAN,PESANGGRAHAN,PESANGGRAHAN,Cacat Fisik,Laki-laki,1,2018
6198,2018,DKI Jakarta,JAKARTA SELATAN,PESANGGRAHAN,PESANGGRAHAN,Cacat Netra-Buta,Laki-laki,1,2018
6199,2018,DKI Jakarta,JAKARTA SELATAN,PESANGGRAHAN,PESANGGRAHAN,Cacat Rungu-Wicara,Laki-laki,1,2018
6200,2018,DKI Jakarta,JAKARTA SELATAN,PESANGGRAHAN,BINTARO,Cacat Fisik,Laki-laki,1,2018
6201,2018,DKI Jakarta,JAKARTA SELATAN,PESANGGRAHAN,BINTARO,Cacat Mental-Jiwa,Laki-laki,0,2018
6202,2018,DKI Jakarta,JAKARTA SELATAN,PESANGGRAHAN,BINTARO,Cacat Lainnya,Laki-laki,0,2018
6203,2018,DKI Jakarta,JAKARTA SELATAN,PESANGGRAHAN,PETUKANGAN UTARA,Cacat Fisik,Laki-laki,4,2018
6204,2018,DKI Jakarta,JAKARTA SELATAN,PESANGGRAHAN,PETUKANGAN UTARA,Cacat Netra-Buta,Laki-laki,3,2018
6205,2018,DKI Jakarta,JAKARTA SELATAN,PESANGGRAHAN,PETUKANGAN UTARA,Cacat Mental-Jiwa,Laki-laki,2,2018
6206,2018,DKI Jakarta,JAKARTA SELATAN,PESANGGRAHAN,PETUKANGAN UTARA,Cacat Fisik dan Mental,Laki-laki,1,2018
6207,2018,DKI Jakarta,JAKARTA SELATAN,PESANGGRAHAN,PETUKANGAN UTARA,Cacat Lainnya,Laki-laki,6,2018
6208,2018,DKI Jakarta,JAKARTA SELATAN,PESANGGRAHAN,PETUKANGAN SELATAN,Cacat Fisik,Laki-laki,2,2018
6209,2018,DKI Jakarta,JAKARTA SELATAN,PESANGGRAHAN,PETUKANGAN SELATAN,Cacat Rungu-Wicara,Laki-laki,0,2018
6210,2018,DKI Jakarta,JAKARTA SELATAN,PESANGGRAHAN,PETUKANGAN SELATAN,Cacat Mental-Jiwa,Laki-laki,0,2018
6211,2018,DKI Jakarta,JAKARTA SELATAN,PESANGGRAHAN,PETUKANGAN SELATAN,Cacat Lainnya,Laki-laki,5,2018
6212,2018,DKI Jakarta,JAKARTA SELATAN,PESANGGRAHAN,ULUJAMI,Cacat Fisik,Laki-laki,0,2018
6213,2018,DKI Jakarta,JAKARTA SELATAN,PESANGGRAHAN,ULUJAMI,Cacat Fisik dan Mental,Laki-laki,1,2018
6214,2018,DKI Jakarta,JAKARTA SELATAN,PESANGGRAHAN,ULUJAMI,Cacat Lainnya,Laki-laki,1,2018
6215,2018,DKI Jakarta,JAKARTA TIMUR,MATRAMAN,PISANGAN BARU,Cacat Fisik,Laki-laki,14,2018
6216,2018,DKI Jakarta,JAKARTA TIMUR,MATRAMAN,PISANGAN BARU,Cacat Netra-Buta,Laki-laki,3,2018
6217,2018,DKI Jakarta,JAKARTA TIMUR,MATRAMAN,PISANGAN BARU,Cacat Rungu-Wicara,Laki-laki,1,2018
6218,2018,DKI Jakarta,JAKARTA TIMUR,MATRAMAN,PISANGAN BARU,Cacat Mental-Jiwa,Laki-laki,12,2018
6219,2018,DKI Jakarta,JAKARTA TIMUR,MATRAMAN,PISANGAN BARU,Cacat Fisik dan Mental,Laki-laki,2,2018
6220,2018,DKI Jakarta,JAKARTA TIMUR,MATRAMAN,PISANGAN BARU,Cacat Lainnya,Laki-laki,3,2018
6221,2018,DKI Jakarta,JAKARTA TIMUR,MATRAMAN,UTAN KAYU UTARA,Cacat Fisik,Laki-laki,1,2018
6222,2018,DKI Jakarta,JAKARTA TIMUR,MATRAMAN,UTAN KAYU UTARA,Cacat Netra-Buta,Laki-laki,1,2018
6223,2018,DKI Jakarta,JAKARTA TIMUR,MATRAMAN,UTAN KAYU UTARA,Cacat Rungu-Wicara,Laki-laki,3,2018
6224,2018,DKI Jakarta,JAKARTA TIMUR,MATRAMAN,UTAN KAYU UTARA,Cacat Mental-Jiwa,Laki-laki,1,2018
6225,2018,DKI Jakarta,JAKARTA TIMUR,MATRAMAN,UTAN KAYU UTARA,Cacat Fisik dan Mental,Laki-laki,2,2018
6226,2018,DKI Jakarta,JAKARTA TIMUR,MATRAMAN,UTAN KAYU UTARA,Cacat Lainnya,Laki-laki,2,2018
6227,2018,DKI Jakarta,JAKARTA TIMUR,MATRAMAN,KAYU MANIS,Cacat Mental-Jiwa,Laki-laki,1,2018
6228,2018,DKI Jakarta,JAKARTA TIMUR,MATRAMAN,KAYU MANIS,Cacat Lainnya,Laki-laki,2,2018
6229,2018,DKI Jakarta,JAKARTA TIMUR,MATRAMAN,PALMERIAM,Cacat Fisik,Laki-laki,0,2018
6230,2018,DKI Jakarta,JAKARTA TIMUR,MATRAMAN,PALMERIAM,Cacat Netra-Buta,Laki-laki,1,2018
6231,2018,DKI Jakarta,JAKARTA BARAT,TAMBORA,JEMBATAN LIMA,Cacat Rungu-Wicara,Perempuan,3,2018
6232,2018,DKI Jakarta,JAKARTA BARAT,TAMBORA,JEMBATAN LIMA,Cacat Mental-Jiwa,Perempuan,2,2018
6233,2018,DKI Jakarta,JAKARTA BARAT,TAMBORA,JEMBATAN LIMA,Cacat Fisik dan Mental,Perempuan,2,2018
6234,2018,DKI Jakarta,JAKARTA BARAT,TAMBORA,JEMBATAN LIMA,Cacat Lainnya,Perempuan,1,2018
6235,2018,DKI Jakarta,JAKARTA BARAT,TAMBORA,PEKOJAN,Cacat Fisik,Perempuan,1,2018
6236,2018,DKI Jakarta,JAKARTA BARAT,TAMBORA,PEKOJAN,Cacat Netra-Buta,Perempuan,4,2018
6237,2018,DKI Jakarta,JAKARTA BARAT,TAMBORA,PEKOJAN,Cacat Rungu-Wicara,Perempuan,3,2018
6238,2018,DKI Jakarta,JAKARTA BARAT,TAMBORA,PEKOJAN,Cacat Mental-Jiwa,Perempuan,4,2018
6239,2018,DKI Jakarta,JAKARTA BARAT,TAMBORA,PEKOJAN,Cacat Fisik dan Mental,Perempuan,5,2018
6240,2018,DKI Jakarta,JAKARTA BARAT,TAMBORA,PEKOJAN,Cacat Lainnya,Perempuan,0,2018
6241,2018,DKI Jakarta,JAKARTA BARAT,TAMBORA,DURI SELATAN,Cacat Fisik,Perempuan,0,2018
6242,2018,DKI Jakarta,JAKARTA BARAT,TAMBORA,DURI SELATAN,Cacat Rungu-Wicara,Perempuan,0,2018
6243,2018,DKI Jakarta,JAKARTA BARAT,TAMBORA,DURI SELATAN,Cacat Mental-Jiwa,Perempuan,0,2018
6244,2018,DKI Jakarta,JAKARTA BARAT,KEBON JERUK,KEBON JERUK,Cacat Fisik,Perempuan,2,2018
6245,2018,DKI Jakarta,JAKARTA BARAT,KEBON JERUK,KEBON JERUK,Cacat Netra-Buta,Perempuan,1,2018
6246,2018,DKI Jakarta,JAKARTA BARAT,KEBON JERUK,KEBON JERUK,Cacat Rungu-Wicara,Perempuan,1,2018
6247,2018,DKI Jakarta,JAKARTA BARAT,KEBON JERUK,KEBON JERUK,Cacat Mental-Jiwa,Perempuan,1,2018
6248,2018,DKI Jakarta,JAKARTA BARAT,KEBON JERUK,KEBON JERUK,Cacat Fisik dan Mental,Perempuan,2,2018
6249,2018,DKI Jakarta,JAKARTA BARAT,KEBON JERUK,KEBON JERUK,Cacat Lainnya,Perempuan,0,2018
6250,2018,DKI Jakarta,JAKARTA BARAT,KEBON JERUK,SUKABUMI UTARA,Cacat Fisik,Perempuan,0,2018
6251,2018,DKI Jakarta,JAKARTA BARAT,KEBON JERUK,SUKABUMI UTARA,Cacat Netra-Buta,Perempuan,1,2018
6252,2018,DKI Jakarta,JAKARTA BARAT,KEBON JERUK,SUKABUMI UTARA,Cacat Mental-Jiwa,Perempuan,2,2018
6253,2018,DKI Jakarta,JAKARTA BARAT,KEBON JERUK,SUKABUMI UTARA,Cacat Lainnya,Perempuan,4,2018
6254,2018,DKI Jakarta,JAKARTA BARAT,KEBON JERUK,SUKABUMI SELATAN,Cacat Fisik,Perempuan,1,2018
6255,2018,DKI Jakarta,JAKARTA BARAT,KEBON JERUK,SUKABUMI SELATAN,Cacat Netra-Buta,Perempuan,1,2018
6256,2018,DKI Jakarta,JAKARTA BARAT,KEBON JERUK,SUKABUMI SELATAN,Cacat Mental-Jiwa,Perempuan,1,2018
6257,2018,DKI Jakarta,JAKARTA BARAT,KEBON JERUK,SUKABUMI SELATAN,Cacat Fisik dan Mental,Perempuan,1,2018
6258,2018,DKI Jakarta,JAKARTA BARAT,KEBON JERUK,SUKABUMI SELATAN,Cacat Lainnya,Perempuan,1,2018
6259,2018,DKI Jakarta,JAKARTA BARAT,KEBON JERUK,KELAPA DUA,Cacat Mental-Jiwa,Perempuan,0,2018
6260,2018,DKI Jakarta,JAKARTA BARAT,KEBON JERUK,DURI KEPA,Cacat Fisik,Perempuan,1,2018
6261,2018,DKI Jakarta,JAKARTA BARAT,KEBON JERUK,DURI KEPA,Cacat Rungu-Wicara,Perempuan,1,2018
6262,2018,DKI Jakarta,JAKARTA BARAT,KEBON JERUK,DURI KEPA,Cacat Mental-Jiwa,Perempuan,2,2018
6263,2018,DKI Jakarta,JAKARTA BARAT,KEBON JERUK,DURI KEPA,Cacat Lainnya,Perempuan,5,2018
6264,2018,DKI Jakarta,JAKARTA BARAT,KEBON JERUK,KEDOYA UTARA,Cacat Fisik,Perempuan,6,2018
6265,2018,DKI Jakarta,JAKARTA BARAT,KEBON JERUK,KEDOYA UTARA,Cacat Netra-Buta,Perempuan,2,2018
6266,2018,DKI Jakarta,JAKARTA BARAT,KEBON JERUK,KEDOYA UTARA,Cacat Mental-Jiwa,Perempuan,1,2018
6267,2018,DKI Jakarta,JAKARTA BARAT,KEBON JERUK,KEDOYA UTARA,Cacat Fisik dan Mental,Perempuan,3,2018
6268,2018,DKI Jakarta,JAKARTA BARAT,KEBON JERUK,KEDOYA UTARA,Cacat Lainnya,Perempuan,2,2018
6269,2018,DKI Jakarta,JAKARTA BARAT,KEBON JERUK,KEDOYA SELATAN,Cacat Fisik,Perempuan,2,2018
6270,2018,DKI Jakarta,JAKARTA BARAT,KEBON JERUK,KEDOYA SELATAN,Cacat Rungu-Wicara,Perempuan,1,2018
6271,2018,DKI Jakarta,JAKARTA BARAT,KEBON JERUK,KEDOYA SELATAN,Cacat Mental-Jiwa,Perempuan,2,2018
6272,2018,DKI Jakarta,JAKARTA BARAT,KEBON JERUK,KEDOYA SELATAN,Cacat Lainnya,Perempuan,2,2018
6273,2018,DKI Jakarta,JAKARTA PUSAT,S E N E N,BUNGUR,Cacat Fisik,Laki-laki,2,2018
6274,2018,DKI Jakarta,JAKARTA PUSAT,S E N E N,BUNGUR,Cacat Netra-Buta,Laki-laki,1,2018
6275,2018,DKI Jakarta,JAKARTA PUSAT,S E N E N,BUNGUR,Cacat Rungu-Wicara,Laki-laki,0,2018
6276,2018,DKI Jakarta,JAKARTA PUSAT,S E N E N,BUNGUR,Cacat Lainnya,Laki-laki,2,2018
6277,2018,DKI Jakarta,JAKARTA PUSAT,CEMPAKA PUTIH,CEMPAKA PUTIH TIMUR,Cacat Lainnya,Laki-laki,0,2018
6278,2018,DKI Jakarta,JAKARTA PUSAT,CEMPAKA PUTIH,CEMPAKA PUTIH BARAT,Cacat Fisik,Laki-laki,1,2018
6279,2018,DKI Jakarta,JAKARTA PUSAT,CEMPAKA PUTIH,CEMPAKA PUTIH BARAT,Cacat Rungu-Wicara,Laki-laki,0,2018
6280,2018,DKI Jakarta,JAKARTA PUSAT,CEMPAKA PUTIH,CEMPAKA PUTIH BARAT,Cacat Mental-Jiwa,Laki-laki,1,2018
6281,2018,DKI Jakarta,JAKARTA PUSAT,CEMPAKA PUTIH,RAWASARI,Cacat Rungu-Wicara,Laki-laki,0,2018
6282,2018,DKI Jakarta,JAKARTA PUSAT,CEMPAKA PUTIH,RAWASARI,Cacat Mental-Jiwa,Laki-laki,1,2018
6283,2018,DKI Jakarta,JAKARTA PUSAT,CEMPAKA PUTIH,RAWASARI,Cacat Lainnya,Laki-laki,0,2018
6284,2018,DKI Jakarta,JAKARTA PUSAT,MENTENG,MENTENG,Cacat Fisik,Laki-laki,1,2018
6285,2018,DKI Jakarta,JAKARTA PUSAT,MENTENG,MENTENG,Cacat Rungu-Wicara,Laki-laki,0,2018
6286,2018,DKI Jakarta,JAKARTA PUSAT,MENTENG,MENTENG,Cacat Mental-Jiwa,Laki-laki,0,2018
6287,2018,DKI Jakarta,JAKARTA PUSAT,MENTENG,MENTENG,Cacat Fisik dan Mental,Laki-laki,1,2018
6288,2018,DKI Jakarta,JAKARTA PUSAT,MENTENG,PEGANGSAAN,Cacat Fisik,Laki-laki,2,2018
6289,2018,DKI Jakarta,JAKARTA PUSAT,MENTENG,PEGANGSAAN,Cacat Netra-Buta,Laki-laki,3,2018
6290,2018,DKI Jakarta,JAKARTA PUSAT,MENTENG,PEGANGSAAN,Cacat Rungu-Wicara,Laki-laki,1,2018
6291,2018,DKI Jakarta,JAKARTA PUSAT,MENTENG,PEGANGSAAN,Cacat Mental-Jiwa,Laki-laki,3,2018
6292,2018,DKI Jakarta,JAKARTA PUSAT,MENTENG,PEGANGSAAN,Cacat Fisik dan Mental,Laki-laki,1,2018
6293,2018,DKI Jakarta,JAKARTA PUSAT,MENTENG,PEGANGSAAN,Cacat Lainnya,Laki-laki,1,2018
6294,2018,DKI Jakarta,JAKARTA PUSAT,MENTENG,CIKINI,Cacat Mental-Jiwa,Laki-laki,0,2018
6295,2018,DKI Jakarta,JAKARTA PUSAT,MENTENG,GONDANGDIA,Cacat Fisik dan Mental,Laki-laki,1,2018
6296,2018,DKI Jakarta,JAKARTA PUSAT,MENTENG,KEBON SIRIH,Cacat Netra-Buta,Laki-laki,0,2018
6297,2018,DKI Jakarta,JAKARTA PUSAT,MENTENG,KEBON SIRIH,Cacat Rungu-Wicara,Laki-laki,1,2018
6298,2018,DKI Jakarta,JAKARTA PUSAT,MENTENG,KEBON SIRIH,Cacat Lainnya,Laki-laki,0,2018
6299,2018,DKI Jakarta,JAKARTA PUSAT,TANAH ABANG,BENDUNGAN HILIR,Cacat Netra-Buta,Laki-laki,1,2018
6300,2018,DKI Jakarta,JAKARTA PUSAT,TANAH ABANG,BENDUNGAN HILIR,Cacat Mental-Jiwa,Laki-laki,0,2018
6301,2018,DKI Jakarta,JAKARTA PUSAT,TANAH ABANG,KARET TENGSIN,Cacat Fisik,Laki-laki,1,2018
6302,2018,DKI Jakarta,JAKARTA PUSAT,TANAH ABANG,KARET TENGSIN,Cacat Lainnya,Laki-laki,3,2018
6303,2018,DKI Jakarta,JAKARTA PUSAT,TANAH ABANG,PETAMBURAN,Cacat Fisik,Laki-laki,1,2018
6304,2018,DKI Jakarta,JAKARTA PUSAT,TANAH ABANG,PETAMBURAN,Cacat Rungu-Wicara,Laki-laki,0,2018
6305,2018,DKI Jakarta,JAKARTA PUSAT,TANAH ABANG,PETAMBURAN,Cacat Mental-Jiwa,Laki-laki,2,2018
6306,2018,DKI Jakarta,JAKARTA PUSAT,TANAH ABANG,PETAMBURAN,Cacat Fisik dan Mental,Laki-laki,1,2018
6307,2018,DKI Jakarta,JAKARTA PUSAT,TANAH ABANG,KEBON MELATI,Cacat Fisik,Laki-laki,3,2018
6308,2018,DKI Jakarta,JAKARTA PUSAT,TANAH ABANG,KEBON MELATI,Cacat Netra-Buta,Laki-laki,0,2018
6309,2018,DKI Jakarta,JAKARTA PUSAT,TANAH ABANG,KEBON MELATI,Cacat Rungu-Wicara,Laki-laki,1,2018
6310,2018,DKI Jakarta,JAKARTA PUSAT,TANAH ABANG,KEBON MELATI,Cacat Mental-Jiwa,Laki-laki,1,2018
6311,2018,DKI Jakarta,JAKARTA PUSAT,TANAH ABANG,KEBON MELATI,Cacat Lainnya,Laki-laki,1,2018
6312,2018,DKI Jakarta,JAKARTA PUSAT,TANAH ABANG,KEBON KACANG,Cacat Fisik,Laki-laki,1,2018
6313,2018,DKI Jakarta,JAKARTA PUSAT,TANAH ABANG,KEBON KACANG,Cacat Mental-Jiwa,Laki-laki,1,2018
6314,2018,DKI Jakarta,JAKARTA PUSAT,TANAH ABANG,KEBON KACANG,Cacat Fisik dan Mental,Laki-laki,0,2018
6315,2018,DKI Jakarta,JAKARTA TIMUR,MATRAMAN,PALMERIAM,Cacat Rungu-Wicara,Laki-laki,1,2018
6316,2018,DKI Jakarta,JAKARTA TIMUR,MATRAMAN,PALMERIAM,Cacat Mental-Jiwa,Laki-laki,1,2018
6317,2018,DKI Jakarta,JAKARTA TIMUR,MATRAMAN,PALMERIAM,Cacat Fisik dan Mental,Laki-laki,0,2018
6318,2018,DKI Jakarta,JAKARTA TIMUR,MATRAMAN,PALMERIAM,Cacat Lainnya,Laki-laki,1,2018
6319,2018,DKI Jakarta,JAKARTA TIMUR,MATRAMAN,KEBON MANGGIS,Cacat Fisik,Laki-laki,3,2018
6320,2018,DKI Jakarta,JAKARTA TIMUR,MATRAMAN,KEBON MANGGIS,Cacat Netra-Buta,Laki-laki,0,2018
6321,2018,DKI Jakarta,JAKARTA TIMUR,MATRAMAN,KEBON MANGGIS,Cacat Rungu-Wicara,Laki-laki,2,2018
6322,2018,DKI Jakarta,JAKARTA TIMUR,MATRAMAN,KEBON MANGGIS,Cacat Mental-Jiwa,Laki-laki,4,2018
6323,2018,DKI Jakarta,JAKARTA TIMUR,MATRAMAN,KEBON MANGGIS,Cacat Lainnya,Laki-laki,1,2018
6324,2018,DKI Jakarta,JAKARTA TIMUR,MATRAMAN,UTAN KAYU SELATAN,Cacat Fisik,Laki-laki,1,2018
6325,2018,DKI Jakarta,JAKARTA TIMUR,MATRAMAN,UTAN KAYU SELATAN,Cacat Netra-Buta,Laki-laki,0,2018
6326,2018,DKI Jakarta,JAKARTA TIMUR,MATRAMAN,UTAN KAYU SELATAN,Cacat Rungu-Wicara,Laki-laki,1,2018
6327,2018,DKI Jakarta,JAKARTA TIMUR,MATRAMAN,UTAN KAYU SELATAN,Cacat Mental-Jiwa,Laki-laki,1,2018
6328,2018,DKI Jakarta,JAKARTA TIMUR,MATRAMAN,UTAN KAYU SELATAN,Cacat Lainnya,Laki-laki,2,2018
6329,2018,DKI Jakarta,JAKARTA TIMUR,PULO GADUNG,PULO GADUNG,Cacat Fisik,Laki-laki,1,2018
6330,2018,DKI Jakarta,JAKARTA TIMUR,PULO GADUNG,PULO GADUNG,Cacat Mental-Jiwa,Laki-laki,1,2018
6331,2018,DKI Jakarta,JAKARTA TIMUR,PULO GADUNG,PULO GADUNG,Cacat Lainnya,Laki-laki,1,2018
6332,2018,DKI Jakarta,JAKARTA TIMUR,PULO GADUNG,PISANGAN TIMUR,Cacat Fisik,Laki-laki,1,2018
6333,2018,DKI Jakarta,JAKARTA TIMUR,PULO GADUNG,PISANGAN TIMUR,Cacat Rungu-Wicara,Laki-laki,1,2018
6334,2018,DKI Jakarta,JAKARTA TIMUR,PULO GADUNG,PISANGAN TIMUR,Cacat Mental-Jiwa,Laki-laki,1,2018
6335,2018,DKI Jakarta,JAKARTA TIMUR,PULO GADUNG,PISANGAN TIMUR,Cacat Lainnya,Laki-laki,2,2018
6336,2018,DKI Jakarta,JAKARTA TIMUR,PULO GADUNG,CIPINANG,Cacat Fisik,Laki-laki,1,2018
6337,2018,DKI Jakarta,JAKARTA TIMUR,PULO GADUNG,CIPINANG,Cacat Netra-Buta,Laki-laki,2,2018
6338,2018,DKI Jakarta,JAKARTA TIMUR,PULO GADUNG,CIPINANG,Cacat Rungu-Wicara,Laki-laki,1,2018
6339,2018,DKI Jakarta,JAKARTA TIMUR,PULO GADUNG,JATINEGARA KAUM,Cacat Fisik,Laki-laki,2,2018
6340,2018,DKI Jakarta,JAKARTA TIMUR,PULO GADUNG,JATINEGARA KAUM,Cacat Fisik dan Mental,Laki-laki,1,2018
6341,2018,DKI Jakarta,JAKARTA TIMUR,PULO GADUNG,JATINEGARA KAUM,Cacat Lainnya,Laki-laki,1,2018
6342,2018,DKI Jakarta,JAKARTA TIMUR,PULO GADUNG,RAWAMANGUN,Cacat Fisik,Laki-laki,2,2018
6343,2018,DKI Jakarta,JAKARTA TIMUR,PULO GADUNG,RAWAMANGUN,Cacat Mental-Jiwa,Laki-laki,1,2018
6344,2018,DKI Jakarta,JAKARTA TIMUR,PULO GADUNG,RAWAMANGUN,Cacat Lainnya,Laki-laki,0,2018
6345,2018,DKI Jakarta,JAKARTA TIMUR,PULO GADUNG,KAYU PUTIH,Cacat Fisik,Laki-laki,2,2018
6346,2018,DKI Jakarta,JAKARTA TIMUR,PULO GADUNG,KAYU PUTIH,Cacat Mental-Jiwa,Laki-laki,0,2018
6347,2018,DKI Jakarta,JAKARTA TIMUR,PULO GADUNG,KAYU PUTIH,Cacat Fisik dan Mental,Laki-laki,1,2018
6348,2018,DKI Jakarta,JAKARTA TIMUR,PULO GADUNG,KAYU PUTIH,Cacat Lainnya,Laki-laki,1,2018
6349,2018,DKI Jakarta,JAKARTA TIMUR,PULO GADUNG,JATI,Cacat Fisik,Laki-laki,2,2018
6350,2018,DKI Jakarta,JAKARTA TIMUR,PULO GADUNG,JATI,Cacat Rungu-Wicara,Laki-laki,0,2018
6351,2018,DKI Jakarta,JAKARTA TIMUR,PULO GADUNG,JATI,Cacat Mental-Jiwa,Laki-laki,1,2018
6352,2018,DKI Jakarta,JAKARTA TIMUR,PULO GADUNG,JATI,Cacat Lainnya,Laki-laki,1,2018
6353,2018,DKI Jakarta,JAKARTA TIMUR,JATINEGARA,KAMPUNG MELAYU,Cacat Mental-Jiwa,Laki-laki,1,2018
6354,2018,DKI Jakarta,JAKARTA TIMUR,JATINEGARA,KAMPUNG MELAYU,Cacat Lainnya,Laki-laki,1,2018
6355,2018,DKI Jakarta,JAKARTA TIMUR,JATINEGARA,BIDARA CINA,Cacat Fisik,Laki-laki,4,2018
6356,2018,DKI Jakarta,JAKARTA TIMUR,JATINEGARA,BIDARA CINA,Cacat Rungu-Wicara,Laki-laki,2,2018
6357,2018,DKI Jakarta,JAKARTA BARAT,KALI DERES,KALIDERES,Cacat Fisik,Perempuan,1,2018
6358,2018,DKI Jakarta,JAKARTA BARAT,KALI DERES,KALIDERES,Cacat Netra-Buta,Perempuan,1,2018
6359,2018,DKI Jakarta,JAKARTA BARAT,KALI DERES,KALIDERES,Cacat Rungu-Wicara,Perempuan,1,2018
6360,2018,DKI Jakarta,JAKARTA BARAT,KALI DERES,KALIDERES,Cacat Mental-Jiwa,Perempuan,0,2018
6361,2018,DKI Jakarta,JAKARTA BARAT,KALI DERES,KALIDERES,Cacat Lainnya,Perempuan,3,2018
6362,2018,DKI Jakarta,JAKARTA BARAT,KALI DERES,SEMANAN,Cacat Fisik,Perempuan,3,2018
6363,2018,DKI Jakarta,JAKARTA BARAT,KALI DERES,SEMANAN,Cacat Rungu-Wicara,Perempuan,1,2018
6364,2018,DKI Jakarta,JAKARTA BARAT,KALI DERES,SEMANAN,Cacat Mental-Jiwa,Perempuan,4,2018
6365,2018,DKI Jakarta,JAKARTA BARAT,KALI DERES,SEMANAN,Cacat Lainnya,Perempuan,5,2018
6366,2018,DKI Jakarta,JAKARTA BARAT,KALI DERES,TEGAL ALUR,Cacat Fisik,Perempuan,1,2018
6367,2018,DKI Jakarta,JAKARTA BARAT,KALI DERES,TEGAL ALUR,Cacat Rungu-Wicara,Perempuan,2,2018
6368,2018,DKI Jakarta,JAKARTA BARAT,KALI DERES,TEGAL ALUR,Cacat Mental-Jiwa,Perempuan,2,2018
6369,2018,DKI Jakarta,JAKARTA BARAT,KALI DERES,TEGAL ALUR,Cacat Lainnya,Perempuan,4,2018
6370,2018,DKI Jakarta,JAKARTA BARAT,KALI DERES,KAMAL,Cacat Fisik,Perempuan,0,2018
6371,2018,DKI Jakarta,JAKARTA BARAT,KALI DERES,KAMAL,Cacat Netra-Buta,Perempuan,1,2018
6372,2018,DKI Jakarta,JAKARTA BARAT,KALI DERES,KAMAL,Cacat Mental-Jiwa,Perempuan,1,2018
6373,2018,DKI Jakarta,JAKARTA BARAT,KALI DERES,KAMAL,Cacat Lainnya,Perempuan,2,2018
6374,2018,DKI Jakarta,JAKARTA BARAT,KALI DERES,PEGADUNGAN,Cacat Fisik,Perempuan,2,2018
6375,2018,DKI Jakarta,JAKARTA BARAT,KALI DERES,PEGADUNGAN,Cacat Netra-Buta,Perempuan,2,2018
6376,2018,DKI Jakarta,JAKARTA BARAT,KALI DERES,PEGADUNGAN,Cacat Rungu-Wicara,Perempuan,2,2018
6377,2018,DKI Jakarta,JAKARTA BARAT,KALI DERES,PEGADUNGAN,Cacat Mental-Jiwa,Perempuan,10,2018
6378,2018,DKI Jakarta,JAKARTA BARAT,KALI DERES,PEGADUNGAN,Cacat Fisik dan Mental,Perempuan,8,2018
6379,2018,DKI Jakarta,JAKARTA BARAT,KALI DERES,PEGADUNGAN,Cacat Lainnya,Perempuan,3,2018
6380,2018,DKI Jakarta,JAKARTA BARAT,PAL MERAH,PALMERAH,Cacat Fisik,Perempuan,2,2018
6381,2018,DKI Jakarta,JAKARTA BARAT,PAL MERAH,PALMERAH,Cacat Netra-Buta,Perempuan,1,2018
6382,2018,DKI Jakarta,JAKARTA BARAT,PAL MERAH,PALMERAH,Cacat Rungu-Wicara,Perempuan,1,2018
6383,2018,DKI Jakarta,JAKARTA BARAT,PAL MERAH,PALMERAH,Cacat Mental-Jiwa,Perempuan,2,2018
6384,2018,DKI Jakarta,JAKARTA BARAT,PAL MERAH,PALMERAH,Cacat Fisik dan Mental,Perempuan,0,2018
6385,2018,DKI Jakarta,JAKARTA BARAT,PAL MERAH,PALMERAH,Cacat Lainnya,Perempuan,1,2018
6386,2018,DKI Jakarta,JAKARTA BARAT,PAL MERAH,SLIPI,Cacat Fisik,Perempuan,1,2018
6387,2018,DKI Jakarta,JAKARTA BARAT,PAL MERAH,SLIPI,Cacat Rungu-Wicara,Perempuan,0,2018
6388,2018,DKI Jakarta,JAKARTA BARAT,PAL MERAH,SLIPI,Cacat Mental-Jiwa,Perempuan,0,2018
6389,2018,DKI Jakarta,JAKARTA BARAT,PAL MERAH,SLIPI,Cacat Fisik dan Mental,Perempuan,1,2018
6390,2018,DKI Jakarta,JAKARTA BARAT,PAL MERAH,SLIPI,Cacat Lainnya,Perempuan,0,2018
6391,2018,DKI Jakarta,JAKARTA BARAT,PAL MERAH,KOTA BAMBU UTARA,Cacat Fisik,Perempuan,0,2018
6392,2018,DKI Jakarta,JAKARTA BARAT,PAL MERAH,KOTA BAMBU UTARA,Cacat Netra-Buta,Perempuan,3,2018
6393,2018,DKI Jakarta,JAKARTA BARAT,PAL MERAH,KOTA BAMBU UTARA,Cacat Rungu-Wicara,Perempuan,0,2018
6394,2018,DKI Jakarta,JAKARTA BARAT,PAL MERAH,KOTA BAMBU UTARA,Cacat Mental-Jiwa,Perempuan,0,2018
6395,2018,DKI Jakarta,JAKARTA BARAT,PAL MERAH,KOTA BAMBU UTARA,Cacat Fisik dan Mental,Perempuan,3,2018
6396,2018,DKI Jakarta,JAKARTA BARAT,PAL MERAH,KOTA BAMBU UTARA,Cacat Lainnya,Perempuan,2,2018
6397,2018,DKI Jakarta,JAKARTA BARAT,PAL MERAH,JATIPULO,Cacat Fisik,Perempuan,1,2018
6398,2018,DKI Jakarta,JAKARTA BARAT,PAL MERAH,JATIPULO,Cacat Rungu-Wicara,Perempuan,0,2018
6399,2018,DKI Jakarta,JAKARTA BARAT,PAL MERAH,JATIPULO,Cacat Fisik dan Mental,Perempuan,0,2018
6400,2018,DKI Jakarta,JAKARTA PUSAT,TANAH ABANG,KEBON KACANG,Cacat Lainnya,Laki-laki,1,2018
6401,2018,DKI Jakarta,JAKARTA PUSAT,TANAH ABANG,KAMPUNG BALI,Cacat Fisik,Laki-laki,2,2018
6402,2018,DKI Jakarta,JAKARTA PUSAT,TANAH ABANG,KAMPUNG BALI,Cacat Mental-Jiwa,Laki-laki,0,2018
6403,2018,DKI Jakarta,JAKARTA PUSAT,TANAH ABANG,KAMPUNG BALI,Cacat Lainnya,Laki-laki,3,2018
6404,2018,DKI Jakarta,JAKARTA PUSAT,JOHAR BARU,JOHAR BARU,Cacat Rungu-Wicara,Laki-laki,2,2018
6405,2018,DKI Jakarta,JAKARTA PUSAT,JOHAR BARU,JOHAR BARU,Cacat Mental-Jiwa,Laki-laki,2,2018
6406,2018,DKI Jakarta,JAKARTA PUSAT,JOHAR BARU,JOHAR BARU,Cacat Lainnya,Laki-laki,2,2018
6407,2018,DKI Jakarta,JAKARTA PUSAT,JOHAR BARU,KAMPUNG RAWA,Cacat Fisik,Laki-laki,2,2018
6408,2018,DKI Jakarta,JAKARTA PUSAT,JOHAR BARU,KAMPUNG RAWA,Cacat Netra-Buta,Laki-laki,2,2018
6409,2018,DKI Jakarta,JAKARTA PUSAT,JOHAR BARU,KAMPUNG RAWA,Cacat Mental-Jiwa,Laki-laki,2,2018
6410,2018,DKI Jakarta,JAKARTA PUSAT,JOHAR BARU,KAMPUNG RAWA,Cacat Fisik dan Mental,Laki-laki,0,2018
6411,2018,DKI Jakarta,JAKARTA PUSAT,JOHAR BARU,KAMPUNG RAWA,Cacat Lainnya,Laki-laki,1,2018
6412,2018,DKI Jakarta,JAKARTA PUSAT,JOHAR BARU,GALUR,Cacat Netra-Buta,Laki-laki,4,2018
6413,2018,DKI Jakarta,JAKARTA PUSAT,JOHAR BARU,GALUR,Cacat Lainnya,Laki-laki,2,2018
6414,2018,DKI Jakarta,JAKARTA PUSAT,JOHAR BARU,TANAH TINGGI,Cacat Netra-Buta,Laki-laki,1,2018
6415,2018,DKI Jakarta,JAKARTA PUSAT,JOHAR BARU,TANAH TINGGI,Cacat Mental-Jiwa,Laki-laki,1,2018
6416,2018,DKI Jakarta,JAKARTA PUSAT,JOHAR BARU,TANAH TINGGI,Cacat Fisik dan Mental,Laki-laki,0,2018
6417,2018,DKI Jakarta,JAKARTA PUSAT,JOHAR BARU,TANAH TINGGI,Cacat Lainnya,Laki-laki,1,2018
6418,2018,DKI Jakarta,JAKARTA UTARA,PENJARINGAN,PENJARINGAN,Cacat Fisik,Laki-laki,8,2018
6419,2018,DKI Jakarta,JAKARTA UTARA,PENJARINGAN,PENJARINGAN,Cacat Netra-Buta,Laki-laki,1,2018
6420,2018,DKI Jakarta,JAKARTA UTARA,PENJARINGAN,PENJARINGAN,Cacat Rungu-Wicara,Laki-laki,0,2018
6421,2018,DKI Jakarta,JAKARTA UTARA,PENJARINGAN,PENJARINGAN,Cacat Mental-Jiwa,Laki-laki,1,2018
6422,2018,DKI Jakarta,JAKARTA UTARA,PENJARINGAN,PENJARINGAN,Cacat Lainnya,Laki-laki,0,2018
6423,2018,DKI Jakarta,JAKARTA UTARA,PENJARINGAN,KAPUK MUARA,Cacat Fisik,Laki-laki,19,2018
6424,2018,DKI Jakarta,JAKARTA UTARA,PENJARINGAN,KAPUK MUARA,Cacat Netra-Buta,Laki-laki,0,2018
6425,2018,DKI Jakarta,JAKARTA UTARA,PENJARINGAN,KAPUK MUARA,Cacat Rungu-Wicara,Laki-laki,2,2018
6426,2018,DKI Jakarta,JAKARTA UTARA,PENJARINGAN,KAPUK MUARA,Cacat Fisik dan Mental,Laki-laki,0,2018
6427,2018,DKI Jakarta,JAKARTA UTARA,PENJARINGAN,KAPUK MUARA,Cacat Lainnya,Laki-laki,2,2018
6428,2018,DKI Jakarta,JAKARTA UTARA,PENJARINGAN,PEJAGALAN,Cacat Fisik,Laki-laki,5,2018
6429,2018,DKI Jakarta,JAKARTA UTARA,PENJARINGAN,PEJAGALAN,Cacat Netra-Buta,Laki-laki,3,2018
6430,2018,DKI Jakarta,JAKARTA UTARA,PENJARINGAN,PEJAGALAN,Cacat Rungu-Wicara,Laki-laki,5,2018
6431,2018,DKI Jakarta,JAKARTA UTARA,PENJARINGAN,PEJAGALAN,Cacat Mental-Jiwa,Laki-laki,12,2018
6432,2018,DKI Jakarta,JAKARTA UTARA,PENJARINGAN,PEJAGALAN,Cacat Fisik dan Mental,Laki-laki,3,2018
6433,2018,DKI Jakarta,JAKARTA UTARA,PENJARINGAN,PEJAGALAN,Cacat Lainnya,Laki-laki,1,2018
6434,2018,DKI Jakarta,JAKARTA UTARA,PENJARINGAN,PLUIT,Cacat Mental-Jiwa,Laki-laki,2,2018
6435,2018,DKI Jakarta,JAKARTA UTARA,PENJARINGAN,PLUIT,Cacat Fisik dan Mental,Laki-laki,1,2018
6436,2018,DKI Jakarta,JAKARTA UTARA,TANJUNG PRIOK,TANJUNG PRIOK,Cacat Fisik,Laki-laki,1,2018
6437,2018,DKI Jakarta,JAKARTA UTARA,TANJUNG PRIOK,TANJUNG PRIOK,Cacat Mental-Jiwa,Laki-laki,3,2018
6438,2018,DKI Jakarta,JAKARTA UTARA,TANJUNG PRIOK,SUNTER JAYA,Cacat Fisik,Laki-laki,1,2018
6439,2018,DKI Jakarta,JAKARTA UTARA,TANJUNG PRIOK,SUNTER JAYA,Cacat Mental-Jiwa,Laki-laki,1,2018
6440,2018,DKI Jakarta,JAKARTA UTARA,TANJUNG PRIOK,PAPANGGO,Cacat Fisik,Laki-laki,1,2018
6441,2018,DKI Jakarta,JAKARTA UTARA,TANJUNG PRIOK,PAPANGGO,Cacat Netra-Buta,Laki-laki,1,2018
6442,2018,DKI Jakarta,JAKARTA TIMUR,JATINEGARA,BIDARA CINA,Cacat Mental-Jiwa,Laki-laki,5,2018
6443,2018,DKI Jakarta,JAKARTA TIMUR,JATINEGARA,BIDARA CINA,Cacat Lainnya,Laki-laki,6,2018
6444,2018,DKI Jakarta,JAKARTA TIMUR,JATINEGARA,BALI MESTER,Cacat Mental-Jiwa,Laki-laki,1,2018
6445,2018,DKI Jakarta,JAKARTA TIMUR,JATINEGARA,RAWA BUNGA,Cacat Fisik,Laki-laki,2,2018
6446,2018,DKI Jakarta,JAKARTA TIMUR,JATINEGARA,RAWA BUNGA,Cacat Mental-Jiwa,Laki-laki,1,2018
6447,2018,DKI Jakarta,JAKARTA TIMUR,JATINEGARA,RAWA BUNGA,Cacat Lainnya,Laki-laki,0,2018
6448,2018,DKI Jakarta,JAKARTA TIMUR,JATINEGARA,CIPINANG CEMPEDAK,Cacat Fisik,Laki-laki,1,2018
6449,2018,DKI Jakarta,JAKARTA TIMUR,JATINEGARA,CIPINANG CEMPEDAK,Cacat Rungu-Wicara,Laki-laki,1,2018
6450,2018,DKI Jakarta,JAKARTA TIMUR,JATINEGARA,CIPINANG CEMPEDAK,Cacat Mental-Jiwa,Laki-laki,1,2018
6451,2018,DKI Jakarta,JAKARTA TIMUR,JATINEGARA,CIPINANG CEMPEDAK,Cacat Fisik dan Mental,Laki-laki,3,2018
6452,2018,DKI Jakarta,JAKARTA TIMUR,JATINEGARA,CIPINANG CEMPEDAK,Cacat Lainnya,Laki-laki,0,2018
6453,2018,DKI Jakarta,JAKARTA TIMUR,JATINEGARA,CIPINANG MUARA,Cacat Fisik,Laki-laki,1,2018
6454,2018,DKI Jakarta,JAKARTA TIMUR,JATINEGARA,CIPINANG MUARA,Cacat Fisik dan Mental,Laki-laki,1,2018
6455,2018,DKI Jakarta,JAKARTA TIMUR,JATINEGARA,CIPINANG BESAR SELATAN,Cacat Fisik,Laki-laki,3,2018
6456,2018,DKI Jakarta,JAKARTA TIMUR,JATINEGARA,CIPINANG BESAR SELATAN,Cacat Netra-Buta,Laki-laki,2,2018
6457,2018,DKI Jakarta,JAKARTA TIMUR,JATINEGARA,CIPINANG BESAR SELATAN,Cacat Rungu-Wicara,Laki-laki,3,2018
6458,2018,DKI Jakarta,JAKARTA TIMUR,JATINEGARA,CIPINANG BESAR SELATAN,Cacat Lainnya,Laki-laki,0,2018
6459,2018,DKI Jakarta,JAKARTA TIMUR,JATINEGARA,CIPINANG BESAR UTARA,Cacat Fisik,Laki-laki,1,2018
6460,2018,DKI Jakarta,JAKARTA TIMUR,JATINEGARA,CIPINANG BESAR UTARA,Cacat Mental-Jiwa,Laki-laki,0,2018
6461,2018,DKI Jakarta,JAKARTA TIMUR,JATINEGARA,CIPINANG BESAR UTARA,Cacat Lainnya,Laki-laki,0,2018
6462,2018,DKI Jakarta,JAKARTA TIMUR,KRAMATJATI,KRAMATJATI,Cacat Netra-Buta,Laki-laki,0,2018
6463,2018,DKI Jakarta,JAKARTA TIMUR,KRAMATJATI,KRAMATJATI,Cacat Rungu-Wicara,Laki-laki,1,2018
6464,2018,DKI Jakarta,JAKARTA TIMUR,KRAMATJATI,KRAMATJATI,Cacat Mental-Jiwa,Laki-laki,1,2018
6465,2018,DKI Jakarta,JAKARTA TIMUR,KRAMATJATI,KRAMATJATI,Cacat Lainnya,Laki-laki,0,2018
6466,2018,DKI Jakarta,JAKARTA TIMUR,KRAMATJATI,TENGAH,Cacat Fisik,Laki-laki,1,2018
6467,2018,DKI Jakarta,JAKARTA TIMUR,KRAMATJATI,TENGAH,Cacat Mental-Jiwa,Laki-laki,0,2018
6468,2018,DKI Jakarta,JAKARTA TIMUR,KRAMATJATI,TENGAH,Cacat Lainnya,Laki-laki,2,2018
6469,2018,DKI Jakarta,JAKARTA TIMUR,KRAMATJATI,DUKUH,Cacat Rungu-Wicara,Laki-laki,1,2018
6470,2018,DKI Jakarta,JAKARTA TIMUR,KRAMATJATI,DUKUH,Cacat Mental-Jiwa,Laki-laki,2,2018
6471,2018,DKI Jakarta,JAKARTA TIMUR,KRAMATJATI,DUKUH,Cacat Lainnya,Laki-laki,2,2018
6472,2018,DKI Jakarta,JAKARTA TIMUR,KRAMATJATI,BATU AMPAR,Cacat Netra-Buta,Laki-laki,2,2018
6473,2018,DKI Jakarta,JAKARTA TIMUR,KRAMATJATI,BATU AMPAR,Cacat Rungu-Wicara,Laki-laki,4,2018
6474,2018,DKI Jakarta,JAKARTA TIMUR,KRAMATJATI,BATU AMPAR,Cacat Mental-Jiwa,Laki-laki,1,2018
6475,2018,DKI Jakarta,JAKARTA TIMUR,KRAMATJATI,BATU AMPAR,Cacat Fisik dan Mental,Laki-laki,2,2018
6476,2018,DKI Jakarta,JAKARTA TIMUR,KRAMATJATI,BATU AMPAR,Cacat Lainnya,Laki-laki,3,2018
6477,2018,DKI Jakarta,JAKARTA TIMUR,KRAMATJATI,BALEKAMBANG,Cacat Fisik,Laki-laki,1,2018
6478,2018,DKI Jakarta,JAKARTA TIMUR,KRAMATJATI,BALEKAMBANG,Cacat Netra-Buta,Laki-laki,1,2018
6479,2018,DKI Jakarta,JAKARTA TIMUR,KRAMATJATI,BALEKAMBANG,Cacat Rungu-Wicara,Laki-laki,1,2018
6480,2018,DKI Jakarta,JAKARTA TIMUR,KRAMATJATI,BALEKAMBANG,Cacat Mental-Jiwa,Laki-laki,2,2018
6481,2018,DKI Jakarta,JAKARTA TIMUR,KRAMATJATI,BALEKAMBANG,Cacat Fisik dan Mental,Laki-laki,1,2018
6482,2018,DKI Jakarta,JAKARTA TIMUR,KRAMATJATI,BALEKAMBANG,Cacat Lainnya,Laki-laki,1,2018
6483,2018,DKI Jakarta,JAKARTA TIMUR,KRAMATJATI,CILILITAN,Cacat Netra-Buta,Laki-laki,1,2018
6484,2018,DKI Jakarta,JAKARTA BARAT,PAL MERAH,JATIPULO,Cacat Lainnya,Perempuan,0,2018
6485,2018,DKI Jakarta,JAKARTA BARAT,PAL MERAH,KEMANGGISAN,Cacat Fisik,Perempuan,1,2018
6486,2018,DKI Jakarta,JAKARTA BARAT,PAL MERAH,KEMANGGISAN,Cacat Netra-Buta,Perempuan,0,2018
6487,2018,DKI Jakarta,JAKARTA BARAT,PAL MERAH,KEMANGGISAN,Cacat Rungu-Wicara,Perempuan,0,2018
6488,2018,DKI Jakarta,JAKARTA BARAT,PAL MERAH,KEMANGGISAN,Cacat Mental-Jiwa,Perempuan,0,2018
6489,2018,DKI Jakarta,JAKARTA BARAT,PAL MERAH,KEMANGGISAN,Cacat Fisik dan Mental,Perempuan,1,2018
6490,2018,DKI Jakarta,JAKARTA BARAT,PAL MERAH,KEMANGGISAN,Cacat Lainnya,Perempuan,1,2018
6491,2018,DKI Jakarta,JAKARTA BARAT,PAL MERAH,KOTA BAMBU SELATAN,Cacat Fisik,Perempuan,1,2018
6492,2018,DKI Jakarta,JAKARTA BARAT,PAL MERAH,KOTA BAMBU SELATAN,Cacat Netra-Buta,Perempuan,2,2018
6493,2018,DKI Jakarta,JAKARTA BARAT,PAL MERAH,KOTA BAMBU SELATAN,Cacat Rungu-Wicara,Perempuan,0,2018
6494,2018,DKI Jakarta,JAKARTA BARAT,PAL MERAH,KOTA BAMBU SELATAN,Cacat Mental-Jiwa,Perempuan,2,2018
6495,2018,DKI Jakarta,JAKARTA BARAT,PAL MERAH,KOTA BAMBU SELATAN,Cacat Fisik dan Mental,Perempuan,0,2018
6496,2018,DKI Jakarta,JAKARTA BARAT,PAL MERAH,KOTA BAMBU SELATAN,Cacat Lainnya,Perempuan,0,2018
6497,2018,DKI Jakarta,JAKARTA BARAT,KEMBANGAN,KEMBANGAN UTARA,Cacat Netra-Buta,Perempuan,3,2018
6498,2018,DKI Jakarta,JAKARTA BARAT,KEMBANGAN,KEMBANGAN UTARA,Cacat Rungu-Wicara,Perempuan,4,2018
6499,2018,DKI Jakarta,JAKARTA BARAT,KEMBANGAN,KEMBANGAN UTARA,Cacat Mental-Jiwa,Perempuan,1,2018
6500,2018,DKI Jakarta,JAKARTA BARAT,KEMBANGAN,KEMBANGAN UTARA,Cacat Lainnya,Perempuan,2,2018
6501,2018,DKI Jakarta,JAKARTA BARAT,KEMBANGAN,MERUYA UTARA,Cacat Fisik,Perempuan,2,2018
6502,2018,DKI Jakarta,JAKARTA BARAT,KEMBANGAN,MERUYA UTARA,Cacat Netra-Buta,Perempuan,2,2018
6503,2018,DKI Jakarta,JAKARTA BARAT,KEMBANGAN,MERUYA UTARA,Cacat Rungu-Wicara,Perempuan,4,2018
6504,2018,DKI Jakarta,JAKARTA BARAT,KEMBANGAN,MERUYA UTARA,Cacat Mental-Jiwa,Perempuan,5,2018
6505,2018,DKI Jakarta,JAKARTA BARAT,KEMBANGAN,MERUYA UTARA,Cacat Lainnya,Perempuan,2,2018
6506,2018,DKI Jakarta,JAKARTA BARAT,KEMBANGAN,MERUYA SELATAN,Cacat Fisik,Perempuan,0,2018
6507,2018,DKI Jakarta,JAKARTA BARAT,KEMBANGAN,MERUYA SELATAN,Cacat Netra-Buta,Perempuan,6,2018
6508,2018,DKI Jakarta,JAKARTA BARAT,KEMBANGAN,MERUYA SELATAN,Cacat Rungu-Wicara,Perempuan,0,2018
6509,2018,DKI Jakarta,JAKARTA BARAT,KEMBANGAN,MERUYA SELATAN,Cacat Mental-Jiwa,Perempuan,2,2018
6510,2018,DKI Jakarta,JAKARTA BARAT,KEMBANGAN,MERUYA SELATAN,Cacat Fisik dan Mental,Perempuan,2,2018
6511,2018,DKI Jakarta,JAKARTA BARAT,KEMBANGAN,MERUYA SELATAN,Cacat Lainnya,Perempuan,1,2018
6512,2018,DKI Jakarta,JAKARTA BARAT,KEMBANGAN,SRENGSENG,Cacat Fisik,Perempuan,2,2018
6513,2018,DKI Jakarta,JAKARTA BARAT,KEMBANGAN,SRENGSENG,Cacat Netra-Buta,Perempuan,3,2018
6514,2018,DKI Jakarta,JAKARTA BARAT,KEMBANGAN,SRENGSENG,Cacat Rungu-Wicara,Perempuan,2,2018
6515,2018,DKI Jakarta,JAKARTA BARAT,KEMBANGAN,SRENGSENG,Cacat Mental-Jiwa,Perempuan,1,2018
6516,2018,DKI Jakarta,JAKARTA BARAT,KEMBANGAN,SRENGSENG,Cacat Fisik dan Mental,Perempuan,0,2018
6517,2018,DKI Jakarta,JAKARTA BARAT,KEMBANGAN,SRENGSENG,Cacat Lainnya,Perempuan,3,2018
6518,2018,DKI Jakarta,JAKARTA BARAT,KEMBANGAN,JOGLO,Cacat Netra-Buta,Perempuan,3,2018
6519,2018,DKI Jakarta,JAKARTA BARAT,KEMBANGAN,JOGLO,Cacat Rungu-Wicara,Perempuan,3,2018
6520,2018,DKI Jakarta,JAKARTA BARAT,KEMBANGAN,JOGLO,Cacat Mental-Jiwa,Perempuan,1,2018
6521,2018,DKI Jakarta,JAKARTA BARAT,KEMBANGAN,JOGLO,Cacat Lainnya,Perempuan,0,2018
6522,2018,DKI Jakarta,JAKARTA BARAT,KEMBANGAN,KEMBANGAN SELATAN,Cacat Fisik,Perempuan,2,2018
6523,2018,DKI Jakarta,JAKARTA BARAT,KEMBANGAN,KEMBANGAN SELATAN,Cacat Rungu-Wicara,Perempuan,0,2018
6524,2018,DKI Jakarta,JAKARTA BARAT,KEMBANGAN,KEMBANGAN SELATAN,Cacat Mental-Jiwa,Perempuan,1,2018
6525,2018,DKI Jakarta,JAKARTA BARAT,KEMBANGAN,KEMBANGAN SELATAN,Cacat Fisik dan Mental,Perempuan,1,2018
6526,2017,DKI Jakarta,JAKARTA TIMUR,CAKUNG,RAWA TERATE,Cacat Netra-Buta,Perempuan,0,2017
6527,2017,DKI Jakarta,JAKARTA TIMUR,CAKUNG,RAWA TERATE,Cacat Rungu-Wicara,Perempuan,0,2017
6528,2017,DKI Jakarta,JAKARTA TIMUR,CAKUNG,PENGGILINGAN,Cacat Fisik,Perempuan,6,2017
6529,2017,DKI Jakarta,JAKARTA TIMUR,CAKUNG,PENGGILINGAN,Cacat Fisik dan Mental,Perempuan,2,2017
6530,2017,DKI Jakarta,JAKARTA TIMUR,CAKUNG,PENGGILINGAN,Cacat Lainnya,Perempuan,5,2017
6531,2017,DKI Jakarta,JAKARTA TIMUR,CAKUNG,PENGGILINGAN,Cacat Mental-Jiwa,Perempuan,9,2017
6532,2017,DKI Jakarta,JAKARTA TIMUR,CAKUNG,PENGGILINGAN,Cacat Netra-Buta,Perempuan,4,2017
6533,2017,DKI Jakarta,JAKARTA TIMUR,CAKUNG,PENGGILINGAN,Cacat Rungu-Wicara,Perempuan,9,2017
6534,2017,DKI Jakarta,JAKARTA TIMUR,CAKUNG,CAKUNG TIMUR,Cacat Fisik,Perempuan,0,2017
6535,2017,DKI Jakarta,JAKARTA TIMUR,CAKUNG,CAKUNG TIMUR,Cacat Lainnya,Perempuan,0,2017
6536,2017,DKI Jakarta,JAKARTA TIMUR,CAKUNG,CAKUNG TIMUR,Cacat Mental-Jiwa,Perempuan,1,2017
6537,2017,DKI Jakarta,JAKARTA TIMUR,CAKUNG,PULO GEBANG,Cacat Fisik,Perempuan,0,2017
6538,2017,DKI Jakarta,JAKARTA TIMUR,CAKUNG,PULO GEBANG,Cacat Lainnya,Perempuan,1,2017
6539,2017,DKI Jakarta,JAKARTA TIMUR,CAKUNG,PULO GEBANG,Cacat Netra-Buta,Perempuan,3,2017
6540,2017,DKI Jakarta,JAKARTA TIMUR,CAKUNG,UJUNG MENTENG,Cacat Fisik,Perempuan,1,2017
6541,2017,DKI Jakarta,JAKARTA TIMUR,CAKUNG,UJUNG MENTENG,Cacat Mental-Jiwa,Perempuan,0,2017
6542,2017,DKI Jakarta,JAKARTA TIMUR,CAKUNG,CAKUNG BARAT,Cacat Fisik,Perempuan,3,2017
6543,2017,DKI Jakarta,JAKARTA TIMUR,CAKUNG,CAKUNG BARAT,Cacat Lainnya,Perempuan,2,2017
6544,2017,DKI Jakarta,JAKARTA TIMUR,CAKUNG,CAKUNG BARAT,Cacat Mental-Jiwa,Perempuan,1,2017
6545,2017,DKI Jakarta,JAKARTA TIMUR,CAKUNG,CAKUNG BARAT,Cacat Netra-Buta,Perempuan,1,2017
6546,2017,DKI Jakarta,JAKARTA TIMUR,DUREN SAWIT,DUREN SAWIT,Cacat Fisik,Perempuan,0,2017
6547,2017,DKI Jakarta,JAKARTA TIMUR,DUREN SAWIT,DUREN SAWIT,Cacat Lainnya,Perempuan,1,2017
6548,2017,DKI Jakarta,JAKARTA TIMUR,DUREN SAWIT,DUREN SAWIT,Cacat Mental-Jiwa,Perempuan,1,2017
6549,2017,DKI Jakarta,JAKARTA TIMUR,DUREN SAWIT,DUREN SAWIT,Cacat Netra-Buta,Perempuan,0,2017
6550,2017,DKI Jakarta,JAKARTA TIMUR,DUREN SAWIT,DUREN SAWIT,Cacat Rungu-Wicara,Perempuan,1,2017
6551,2017,DKI Jakarta,JAKARTA TIMUR,DUREN SAWIT,PONDOK BAMBU,Cacat Fisik,Perempuan,5,2017
6552,2017,DKI Jakarta,JAKARTA TIMUR,DUREN SAWIT,PONDOK BAMBU,Cacat Fisik dan Mental,Perempuan,2,2017
6553,2017,DKI Jakarta,JAKARTA TIMUR,DUREN SAWIT,PONDOK BAMBU,Cacat Lainnya,Perempuan,4,2017
6554,2017,DKI Jakarta,JAKARTA TIMUR,DUREN SAWIT,PONDOK BAMBU,Cacat Mental-Jiwa,Perempuan,0,2017
6555,2017,DKI Jakarta,JAKARTA TIMUR,DUREN SAWIT,PONDOK BAMBU,Cacat Netra-Buta,Perempuan,2,2017
6556,2017,DKI Jakarta,JAKARTA TIMUR,DUREN SAWIT,KLENDER,Cacat Fisik,Perempuan,1,2017
6557,2017,DKI Jakarta,JAKARTA TIMUR,DUREN SAWIT,KLENDER,Cacat Fisik dan Mental,Perempuan,1,2017
6558,2017,DKI Jakarta,JAKARTA TIMUR,DUREN SAWIT,KLENDER,Cacat Lainnya,Perempuan,4,2017
6559,2017,DKI Jakarta,JAKARTA TIMUR,DUREN SAWIT,KLENDER,Cacat Mental-Jiwa,Perempuan,5,2017
6560,2017,DKI Jakarta,JAKARTA TIMUR,DUREN SAWIT,KLENDER,Cacat Netra-Buta,Perempuan,1,2017
6561,2017,DKI Jakarta,JAKARTA TIMUR,DUREN SAWIT,KLENDER,Cacat Rungu-Wicara,Perempuan,3,2017
6562,2017,DKI Jakarta,JAKARTA TIMUR,DUREN SAWIT,PONDOK KELAPA,Cacat Fisik,Perempuan,2,2017
6563,2017,DKI Jakarta,JAKARTA TIMUR,DUREN SAWIT,PONDOK KELAPA,Cacat Lainnya,Perempuan,2,2017
6564,2017,DKI Jakarta,JAKARTA TIMUR,DUREN SAWIT,PONDOK KELAPA,Cacat Mental-Jiwa,Perempuan,0,2017
6565,2017,DKI Jakarta,JAKARTA TIMUR,DUREN SAWIT,PONDOK KELAPA,Cacat Netra-Buta,Perempuan,1,2017
6566,2017,DKI Jakarta,JAKARTA TIMUR,DUREN SAWIT,PONDOK KELAPA,Cacat Rungu-Wicara,Perempuan,1,2017
6567,2017,DKI Jakarta,JAKARTA TIMUR,DUREN SAWIT,MALAKA SARI,Cacat Fisik,Perempuan,2,2017
6568,2017,DKI Jakarta,JAKARTA TIMUR,DUREN SAWIT,MALAKA SARI,Cacat Mental-Jiwa,Perempuan,1,2017
6569,2018,DKI Jakarta,JAKARTA UTARA,TANJUNG PRIOK,PAPANGGO,Cacat Rungu-Wicara,Laki-laki,0,2018
6570,2018,DKI Jakarta,JAKARTA UTARA,TANJUNG PRIOK,PAPANGGO,Cacat Mental-Jiwa,Laki-laki,3,2018
6571,2018,DKI Jakarta,JAKARTA UTARA,TANJUNG PRIOK,PAPANGGO,Cacat Fisik dan Mental,Laki-laki,1,2018
6572,2018,DKI Jakarta,JAKARTA UTARA,TANJUNG PRIOK,PAPANGGO,Cacat Lainnya,Laki-laki,5,2018
6573,2018,DKI Jakarta,JAKARTA UTARA,TANJUNG PRIOK,SUNGAI BAMBU,Cacat Fisik,Laki-laki,0,2018
6574,2018,DKI Jakarta,JAKARTA UTARA,TANJUNG PRIOK,SUNGAI BAMBU,Cacat Mental-Jiwa,Laki-laki,1,2018
6575,2018,DKI Jakarta,JAKARTA UTARA,TANJUNG PRIOK,SUNGAI BAMBU,Cacat Lainnya,Laki-laki,2,2018
6576,2018,DKI Jakarta,JAKARTA UTARA,TANJUNG PRIOK,KEBON BAWANG,Cacat Fisik,Laki-laki,7,2018
6577,2018,DKI Jakarta,JAKARTA UTARA,TANJUNG PRIOK,KEBON BAWANG,Cacat Netra-Buta,Laki-laki,1,2018
6578,2018,DKI Jakarta,JAKARTA UTARA,TANJUNG PRIOK,KEBON BAWANG,Cacat Rungu-Wicara,Laki-laki,2,2018
6579,2018,DKI Jakarta,JAKARTA UTARA,TANJUNG PRIOK,KEBON BAWANG,Cacat Mental-Jiwa,Laki-laki,2,2018
6580,2018,DKI Jakarta,JAKARTA UTARA,TANJUNG PRIOK,KEBON BAWANG,Cacat Fisik dan Mental,Laki-laki,0,2018
6581,2018,DKI Jakarta,JAKARTA UTARA,TANJUNG PRIOK,KEBON BAWANG,Cacat Lainnya,Laki-laki,0,2018
6582,2018,DKI Jakarta,JAKARTA UTARA,TANJUNG PRIOK,SUNTER AGUNG,Cacat Netra-Buta,Laki-laki,1,2018
6583,2018,DKI Jakarta,JAKARTA UTARA,TANJUNG PRIOK,SUNTER AGUNG,Cacat Rungu-Wicara,Laki-laki,1,2018
6584,2018,DKI Jakarta,JAKARTA UTARA,TANJUNG PRIOK,SUNTER AGUNG,Cacat Mental-Jiwa,Laki-laki,1,2018
6585,2018,DKI Jakarta,JAKARTA UTARA,TANJUNG PRIOK,SUNTER AGUNG,Cacat Fisik dan Mental,Laki-laki,1,2018
6586,2018,DKI Jakarta,JAKARTA UTARA,TANJUNG PRIOK,SUNTER AGUNG,Cacat Lainnya,Laki-laki,4,2018
6587,2018,DKI Jakarta,JAKARTA UTARA,TANJUNG PRIOK,WARAKAS,Cacat Fisik,Laki-laki,1,2018
6588,2018,DKI Jakarta,JAKARTA UTARA,TANJUNG PRIOK,WARAKAS,Cacat Mental-Jiwa,Laki-laki,1,2018
6589,2018,DKI Jakarta,JAKARTA UTARA,TANJUNG PRIOK,WARAKAS,Cacat Lainnya,Laki-laki,0,2018
6590,2018,DKI Jakarta,JAKARTA UTARA,KOJA,KOJA,Cacat Mental-Jiwa,Laki-laki,2,2018
6591,2018,DKI Jakarta,JAKARTA UTARA,KOJA,KOJA,Cacat Lainnya,Laki-laki,1,2018
6592,2018,DKI Jakarta,JAKARTA UTARA,KOJA,TUGU UTARA,Cacat Fisik,Laki-laki,2,2018
6593,2018,DKI Jakarta,JAKARTA UTARA,KOJA,TUGU UTARA,Cacat Netra-Buta,Laki-laki,0,2018
6594,2018,DKI Jakarta,JAKARTA UTARA,KOJA,TUGU UTARA,Cacat Mental-Jiwa,Laki-laki,3,2018
6595,2018,DKI Jakarta,JAKARTA UTARA,KOJA,TUGU UTARA,Cacat Lainnya,Laki-laki,0,2018
6596,2018,DKI Jakarta,JAKARTA UTARA,KOJA,LAGOA,Cacat Fisik,Laki-laki,1,2018
6597,2018,DKI Jakarta,JAKARTA UTARA,KOJA,LAGOA,Cacat Netra-Buta,Laki-laki,1,2018
6598,2018,DKI Jakarta,JAKARTA UTARA,KOJA,LAGOA,Cacat Rungu-Wicara,Laki-laki,1,2018
6599,2018,DKI Jakarta,JAKARTA UTARA,KOJA,LAGOA,Cacat Mental-Jiwa,Laki-laki,1,2018
6600,2018,DKI Jakarta,JAKARTA UTARA,KOJA,LAGOA,Cacat Fisik dan Mental,Laki-laki,1,2018
6601,2018,DKI Jakarta,JAKARTA UTARA,KOJA,LAGOA,Cacat Lainnya,Laki-laki,0,2018
6602,2018,DKI Jakarta,JAKARTA UTARA,KOJA,RAWA BADAK UTARA,Cacat Fisik,Laki-laki,1,2018
6603,2018,DKI Jakarta,JAKARTA UTARA,KOJA,RAWA BADAK UTARA,Cacat Rungu-Wicara,Laki-laki,1,2018
6604,2018,DKI Jakarta,JAKARTA UTARA,KOJA,RAWA BADAK UTARA,Cacat Fisik dan Mental,Laki-laki,1,2018
6605,2018,DKI Jakarta,JAKARTA UTARA,KOJA,RAWA BADAK UTARA,Cacat Lainnya,Laki-laki,0,2018
6606,2018,DKI Jakarta,JAKARTA UTARA,KOJA,TUGU SELATAN,Cacat Fisik,Laki-laki,12,2018
6607,2018,DKI Jakarta,JAKARTA UTARA,KOJA,TUGU SELATAN,Cacat Lainnya,Laki-laki,2,2018
6608,2018,DKI Jakarta,JAKARTA UTARA,KOJA,RAWA BADAK SELATAN,Cacat Fisik,Laki-laki,1,2018
6609,2018,DKI Jakarta,JAKARTA UTARA,KOJA,RAWA BADAK SELATAN,Cacat Rungu-Wicara,Laki-laki,3,2018
6610,2018,DKI Jakarta,JAKARTA UTARA,KOJA,RAWA BADAK SELATAN,Cacat Fisik dan Mental,Laki-laki,0,2018
6611,2018,DKI Jakarta,JAKARTA UTARA,KOJA,RAWA BADAK SELATAN,Cacat Lainnya,Laki-laki,63,2018
6612,2018,DKI Jakarta,JAKARTA TIMUR,KRAMATJATI,CILILITAN,Cacat Rungu-Wicara,Laki-laki,3,2018
6613,2018,DKI Jakarta,JAKARTA TIMUR,KRAMATJATI,CILILITAN,Cacat Mental-Jiwa,Laki-laki,1,2018
6614,2018,DKI Jakarta,JAKARTA TIMUR,KRAMATJATI,CILILITAN,Cacat Fisik dan Mental,Laki-laki,1,2018
6615,2018,DKI Jakarta,JAKARTA TIMUR,KRAMATJATI,CILILITAN,Cacat Lainnya,Laki-laki,0,2018
6616,2018,DKI Jakarta,JAKARTA TIMUR,KRAMATJATI,CAWANG,Cacat Fisik,Laki-laki,3,2018
6617,2018,DKI Jakarta,JAKARTA TIMUR,KRAMATJATI,CAWANG,Cacat Netra-Buta,Laki-laki,1,2018
6618,2018,DKI Jakarta,JAKARTA TIMUR,KRAMATJATI,CAWANG,Cacat Rungu-Wicara,Laki-laki,0,2018
6619,2018,DKI Jakarta,JAKARTA TIMUR,KRAMATJATI,CAWANG,Cacat Mental-Jiwa,Laki-laki,3,2018
6620,2018,DKI Jakarta,JAKARTA TIMUR,KRAMATJATI,CAWANG,Cacat Lainnya,Laki-laki,4,2018
6621,2018,DKI Jakarta,JAKARTA TIMUR,PASAR REBO,GEDONG,Cacat Fisik,Laki-laki,1,2018
6622,2018,DKI Jakarta,JAKARTA TIMUR,PASAR REBO,GEDONG,Cacat Netra-Buta,Laki-laki,1,2018
6623,2018,DKI Jakarta,JAKARTA TIMUR,PASAR REBO,GEDONG,Cacat Mental-Jiwa,Laki-laki,6,2018
6624,2018,DKI Jakarta,JAKARTA TIMUR,PASAR REBO,GEDONG,Cacat Fisik dan Mental,Laki-laki,1,2018
6625,2018,DKI Jakarta,JAKARTA TIMUR,PASAR REBO,BARU,Cacat Fisik,Laki-laki,0,2018
6626,2018,DKI Jakarta,JAKARTA TIMUR,PASAR REBO,BARU,Cacat Netra-Buta,Laki-laki,2,2018
6627,2018,DKI Jakarta,JAKARTA TIMUR,PASAR REBO,BARU,Cacat Fisik dan Mental,Laki-laki,0,2018
6628,2018,DKI Jakarta,JAKARTA TIMUR,PASAR REBO,BARU,Cacat Lainnya,Laki-laki,1,2018
6629,2018,DKI Jakarta,JAKARTA TIMUR,PASAR REBO,CIJANTUNG,Cacat Fisik,Laki-laki,8,2018
6630,2018,DKI Jakarta,JAKARTA TIMUR,PASAR REBO,CIJANTUNG,Cacat Netra-Buta,Laki-laki,1,2018
6631,2018,DKI Jakarta,JAKARTA TIMUR,PASAR REBO,CIJANTUNG,Cacat Rungu-Wicara,Laki-laki,1,2018
6632,2018,DKI Jakarta,JAKARTA TIMUR,PASAR REBO,CIJANTUNG,Cacat Mental-Jiwa,Laki-laki,2,2018
6633,2018,DKI Jakarta,JAKARTA TIMUR,PASAR REBO,CIJANTUNG,Cacat Fisik dan Mental,Laki-laki,1,2018
6634,2018,DKI Jakarta,JAKARTA TIMUR,PASAR REBO,CIJANTUNG,Cacat Lainnya,Laki-laki,6,2018
6635,2018,DKI Jakarta,JAKARTA TIMUR,PASAR REBO,KALISARI,Cacat Fisik,Laki-laki,3,2018
6636,2018,DKI Jakarta,JAKARTA TIMUR,PASAR REBO,KALISARI,Cacat Netra-Buta,Laki-laki,3,2018
6637,2018,DKI Jakarta,JAKARTA TIMUR,PASAR REBO,KALISARI,Cacat Rungu-Wicara,Laki-laki,4,2018
6638,2018,DKI Jakarta,JAKARTA TIMUR,PASAR REBO,KALISARI,Cacat Mental-Jiwa,Laki-laki,1,2018
6639,2018,DKI Jakarta,JAKARTA TIMUR,PASAR REBO,KALISARI,Cacat Fisik dan Mental,Laki-laki,0,2018
6640,2018,DKI Jakarta,JAKARTA TIMUR,PASAR REBO,KALISARI,Cacat Lainnya,Laki-laki,1,2018
6641,2018,DKI Jakarta,JAKARTA TIMUR,PASAR REBO,PEKAYON,Cacat Fisik,Laki-laki,0,2018
6642,2018,DKI Jakarta,JAKARTA TIMUR,PASAR REBO,PEKAYON,Cacat Netra-Buta,Laki-laki,1,2018
6643,2018,DKI Jakarta,JAKARTA TIMUR,PASAR REBO,PEKAYON,Cacat Rungu-Wicara,Laki-laki,0,2018
6644,2018,DKI Jakarta,JAKARTA TIMUR,PASAR REBO,PEKAYON,Cacat Mental-Jiwa,Laki-laki,1,2018
6645,2018,DKI Jakarta,JAKARTA TIMUR,PASAR REBO,PEKAYON,Cacat Fisik dan Mental,Laki-laki,0,2018
6646,2018,DKI Jakarta,JAKARTA TIMUR,PASAR REBO,PEKAYON,Cacat Lainnya,Laki-laki,2,2018
6647,2018,DKI Jakarta,JAKARTA TIMUR,CAKUNG,JATINEGARA,Cacat Fisik,Laki-laki,3,2018
6648,2018,DKI Jakarta,JAKARTA TIMUR,CAKUNG,JATINEGARA,Cacat Netra-Buta,Laki-laki,1,2018
6649,2018,DKI Jakarta,JAKARTA TIMUR,CAKUNG,JATINEGARA,Cacat Mental-Jiwa,Laki-laki,0,2018
6650,2018,DKI Jakarta,JAKARTA TIMUR,CAKUNG,JATINEGARA,Cacat Lainnya,Laki-laki,3,2018
6651,2018,DKI Jakarta,JAKARTA TIMUR,CAKUNG,RAWA TERATE,Cacat Netra-Buta,Laki-laki,1,2018
6652,2018,DKI Jakarta,JAKARTA TIMUR,CAKUNG,RAWA TERATE,Cacat Rungu-Wicara,Laki-laki,1,2018
6653,2018,DKI Jakarta,JAKARTA TIMUR,CAKUNG,RAWA TERATE,Cacat Mental-Jiwa,Laki-laki,2,2018
6654,2018,DKI Jakarta,JAKARTA TIMUR,CAKUNG,RAWA TERATE,Cacat Lainnya,Laki-laki,1,2018
6655,2018,DKI Jakarta,JAKARTA BARAT,KEMBANGAN,KEMBANGAN SELATAN,Cacat Lainnya,Perempuan,1,2018
6656,2018,DKI Jakarta,JAKARTA SELATAN,TEBET,TEBET TIMUR,Cacat Netra-Buta,Perempuan,1,2018
6657,2018,DKI Jakarta,JAKARTA SELATAN,TEBET,TEBET TIMUR,Cacat Rungu-Wicara,Perempuan,1,2018
6658,2018,DKI Jakarta,JAKARTA SELATAN,TEBET,TEBET TIMUR,Cacat Mental-Jiwa,Perempuan,4,2018
6659,2018,DKI Jakarta,JAKARTA SELATAN,TEBET,TEBET TIMUR,Cacat Fisik dan Mental,Perempuan,1,2018
6660,2018,DKI Jakarta,JAKARTA SELATAN,TEBET,TEBET TIMUR,Cacat Lainnya,Perempuan,0,2018
6661,2018,DKI Jakarta,JAKARTA SELATAN,TEBET,TEBET BARAT,Cacat Mental-Jiwa,Perempuan,0,2018
6662,2018,DKI Jakarta,JAKARTA SELATAN,TEBET,MENTENG DALAM,Cacat Fisik,Perempuan,4,2018
6663,2018,DKI Jakarta,JAKARTA SELATAN,TEBET,MENTENG DALAM,Cacat Netra-Buta,Perempuan,0,2018
6664,2018,DKI Jakarta,JAKARTA SELATAN,TEBET,MENTENG DALAM,Cacat Rungu-Wicara,Perempuan,4,2018
6665,2018,DKI Jakarta,JAKARTA SELATAN,TEBET,MENTENG DALAM,Cacat Mental-Jiwa,Perempuan,6,2018
6666,2018,DKI Jakarta,JAKARTA SELATAN,TEBET,MENTENG DALAM,Cacat Fisik dan Mental,Perempuan,2,2018
6667,2018,DKI Jakarta,JAKARTA SELATAN,TEBET,MENTENG DALAM,Cacat Lainnya,Perempuan,1,2018
6668,2018,DKI Jakarta,JAKARTA SELATAN,TEBET,KEBON BARU,Cacat Fisik,Perempuan,1,2018
6669,2018,DKI Jakarta,JAKARTA SELATAN,TEBET,KEBON BARU,Cacat Netra-Buta,Perempuan,1,2018
6670,2018,DKI Jakarta,JAKARTA SELATAN,TEBET,KEBON BARU,Cacat Rungu-Wicara,Perempuan,0,2018
6671,2018,DKI Jakarta,JAKARTA SELATAN,TEBET,BUKIT DURI,Cacat Fisik,Perempuan,1,2018
6672,2018,DKI Jakarta,JAKARTA SELATAN,TEBET,BUKIT DURI,Cacat Rungu-Wicara,Perempuan,0,2018
6673,2018,DKI Jakarta,JAKARTA SELATAN,TEBET,BUKIT DURI,Cacat Mental-Jiwa,Perempuan,1,2018
6674,2018,DKI Jakarta,JAKARTA SELATAN,TEBET,BUKIT DURI,Cacat Lainnya,Perempuan,0,2018
6675,2018,DKI Jakarta,JAKARTA SELATAN,TEBET,MANGGARAI SELATAN,Cacat Netra-Buta,Perempuan,0,2018
6676,2018,DKI Jakarta,JAKARTA SELATAN,TEBET,MANGGARAI SELATAN,Cacat Mental-Jiwa,Perempuan,1,2018
6677,2018,DKI Jakarta,JAKARTA SELATAN,TEBET,MANGGARAI SELATAN,Cacat Fisik dan Mental,Perempuan,1,2018
6678,2018,DKI Jakarta,JAKARTA SELATAN,TEBET,MANGGARAI,Cacat Fisik,Perempuan,4,2018
6679,2018,DKI Jakarta,JAKARTA SELATAN,TEBET,MANGGARAI,Cacat Rungu-Wicara,Perempuan,0,2018
6680,2018,DKI Jakarta,JAKARTA SELATAN,TEBET,MANGGARAI,Cacat Mental-Jiwa,Perempuan,1,2018
6681,2018,DKI Jakarta,JAKARTA SELATAN,TEBET,MANGGARAI,Cacat Fisik dan Mental,Perempuan,0,2018
6682,2018,DKI Jakarta,JAKARTA SELATAN,TEBET,MANGGARAI,Cacat Lainnya,Perempuan,0,2018
6683,2018,DKI Jakarta,JAKARTA SELATAN,SETIA BUDI,SETIA BUDI,Cacat Mental-Jiwa,Perempuan,1,2018
6684,2018,DKI Jakarta,JAKARTA SELATAN,SETIA BUDI,KARET SEMANGGI,Cacat Lainnya,Perempuan,1,2018
6685,2018,DKI Jakarta,JAKARTA SELATAN,SETIA BUDI,KARET KUNINGAN,Cacat Fisik,Perempuan,1,2018
6686,2018,DKI Jakarta,JAKARTA SELATAN,SETIA BUDI,KARET KUNINGAN,Cacat Fisik dan Mental,Perempuan,1,2018
6687,2018,DKI Jakarta,JAKARTA SELATAN,SETIA BUDI,KARET,Cacat Fisik,Perempuan,0,2018
6688,2018,DKI Jakarta,JAKARTA SELATAN,SETIA BUDI,KARET,Cacat Mental-Jiwa,Perempuan,1,2018
6689,2018,DKI Jakarta,JAKARTA SELATAN,SETIA BUDI,MENTENG ATAS,Cacat Fisik,Perempuan,1,2018
6690,2018,DKI Jakarta,JAKARTA SELATAN,SETIA BUDI,MENTENG ATAS,Cacat Netra-Buta,Perempuan,0,2018
6691,2018,DKI Jakarta,JAKARTA SELATAN,SETIA BUDI,MENTENG ATAS,Cacat Rungu-Wicara,Perempuan,1,2018
6692,2018,DKI Jakarta,JAKARTA SELATAN,SETIA BUDI,MENTENG ATAS,Cacat Mental-Jiwa,Perempuan,1,2018
6693,2018,DKI Jakarta,JAKARTA SELATAN,SETIA BUDI,MENTENG ATAS,Cacat Lainnya,Perempuan,1,2018
6694,2018,DKI Jakarta,JAKARTA SELATAN,SETIA BUDI,PASAR MANGGIS,Cacat Fisik,Perempuan,1,2018
6695,2018,DKI Jakarta,JAKARTA SELATAN,SETIA BUDI,PASAR MANGGIS,Cacat Netra-Buta,Perempuan,2,2018
6696,2018,DKI Jakarta,JAKARTA SELATAN,SETIA BUDI,PASAR MANGGIS,Cacat Rungu-Wicara,Perempuan,2,2018
6697,2017,DKI Jakarta,JAKARTA TIMUR,DUREN SAWIT,MALAKA SARI,Cacat Netra-Buta,Perempuan,1,2017
6698,2017,DKI Jakarta,JAKARTA TIMUR,DUREN SAWIT,MALAKA SARI,Cacat Rungu-Wicara,Perempuan,1,2017
6699,2017,DKI Jakarta,JAKARTA TIMUR,DUREN SAWIT,MALAKA JAYA,Cacat Fisik,Perempuan,3,2017
6700,2017,DKI Jakarta,JAKARTA TIMUR,DUREN SAWIT,MALAKA JAYA,Cacat Fisik dan Mental,Perempuan,2,2017
6701,2017,DKI Jakarta,JAKARTA TIMUR,DUREN SAWIT,MALAKA JAYA,Cacat Lainnya,Perempuan,1,2017
6702,2017,DKI Jakarta,JAKARTA TIMUR,DUREN SAWIT,MALAKA JAYA,Cacat Mental-Jiwa,Perempuan,1,2017
6703,2017,DKI Jakarta,JAKARTA TIMUR,DUREN SAWIT,MALAKA JAYA,Cacat Netra-Buta,Perempuan,1,2017
6704,2017,DKI Jakarta,JAKARTA TIMUR,DUREN SAWIT,MALAKA JAYA,Cacat Rungu-Wicara,Perempuan,4,2017
6705,2017,DKI Jakarta,JAKARTA TIMUR,DUREN SAWIT,PONDOK KOPI,Cacat Fisik,Perempuan,0,2017
6706,2017,DKI Jakarta,JAKARTA TIMUR,DUREN SAWIT,PONDOK KOPI,Cacat Lainnya,Perempuan,1,2017
6707,2017,DKI Jakarta,JAKARTA TIMUR,DUREN SAWIT,PONDOK KOPI,Cacat Mental-Jiwa,Perempuan,1,2017
6708,2017,DKI Jakarta,JAKARTA TIMUR,DUREN SAWIT,PONDOK KOPI,Cacat Rungu-Wicara,Perempuan,1,2017
6709,2017,DKI Jakarta,JAKARTA TIMUR,MAKASAR,MAKASAR,Cacat Fisik dan Mental,Perempuan,1,2017
6710,2017,DKI Jakarta,JAKARTA TIMUR,MAKASAR,MAKASAR,Cacat Mental-Jiwa,Perempuan,1,2017
6711,2017,DKI Jakarta,JAKARTA TIMUR,MAKASAR,MAKASAR,Cacat Netra-Buta,Perempuan,1,2017
6712,2017,DKI Jakarta,JAKARTA TIMUR,MAKASAR,MAKASAR,Cacat Rungu-Wicara,Perempuan,4,2017
6713,2017,DKI Jakarta,JAKARTA TIMUR,MAKASAR,PINANGRANTI,Cacat Fisik,Perempuan,0,2017
6714,2017,DKI Jakarta,JAKARTA TIMUR,MAKASAR,PINANGRANTI,Cacat Fisik dan Mental,Perempuan,0,2017
6715,2017,DKI Jakarta,JAKARTA TIMUR,MAKASAR,PINANGRANTI,Cacat Lainnya,Perempuan,1,2017
6716,2017,DKI Jakarta,JAKARTA TIMUR,MAKASAR,PINANGRANTI,Cacat Mental-Jiwa,Perempuan,1,2017
6717,2017,DKI Jakarta,JAKARTA TIMUR,MAKASAR,PINANGRANTI,Cacat Netra-Buta,Perempuan,0,2017
6718,2017,DKI Jakarta,JAKARTA TIMUR,MAKASAR,PINANGRANTI,Cacat Rungu-Wicara,Perempuan,0,2017
6719,2017,DKI Jakarta,JAKARTA TIMUR,MAKASAR,KEBON PALA,Cacat Fisik,Perempuan,1,2017
6720,2017,DKI Jakarta,JAKARTA TIMUR,MAKASAR,KEBON PALA,Cacat Lainnya,Perempuan,3,2017
6721,2017,DKI Jakarta,JAKARTA TIMUR,MAKASAR,KEBON PALA,Cacat Mental-Jiwa,Perempuan,1,2017
6722,2017,DKI Jakarta,JAKARTA TIMUR,MAKASAR,HALIM PERDANA KUSUMAH,Cacat Fisik,Perempuan,2,2017
6723,2017,DKI Jakarta,JAKARTA TIMUR,MAKASAR,HALIM PERDANA KUSUMAH,Cacat Lainnya,Perempuan,1,2017
6724,2017,DKI Jakarta,JAKARTA TIMUR,MAKASAR,HALIM PERDANA KUSUMAH,Cacat Mental-Jiwa,Perempuan,2,2017
6725,2017,DKI Jakarta,JAKARTA TIMUR,MAKASAR,HALIM PERDANA KUSUMAH,Cacat Rungu-Wicara,Perempuan,3,2017
6726,2017,DKI Jakarta,JAKARTA TIMUR,MAKASAR,CIPINANG MELAYU,Cacat Fisik,Perempuan,1,2017
6727,2017,DKI Jakarta,JAKARTA TIMUR,MAKASAR,CIPINANG MELAYU,Cacat Mental-Jiwa,Perempuan,1,2017
6728,2017,DKI Jakarta,JAKARTA TIMUR,CIRACAS,CIRACAS,Cacat Fisik,Perempuan,0,2017
6729,2017,DKI Jakarta,JAKARTA TIMUR,CIRACAS,CIRACAS,Cacat Fisik dan Mental,Perempuan,1,2017
6730,2017,DKI Jakarta,JAKARTA TIMUR,CIRACAS,CIRACAS,Cacat Lainnya,Perempuan,3,2017
6731,2017,DKI Jakarta,JAKARTA TIMUR,CIRACAS,CIRACAS,Cacat Rungu-Wicara,Perempuan,0,2017
6732,2017,DKI Jakarta,JAKARTA TIMUR,CIRACAS,CIBUBUR,Cacat Fisik,Perempuan,0,2017
6733,2017,DKI Jakarta,JAKARTA TIMUR,CIRACAS,CIBUBUR,Cacat Lainnya,Perempuan,1,2017
6734,2017,DKI Jakarta,JAKARTA TIMUR,CIRACAS,CIBUBUR,Cacat Mental-Jiwa,Perempuan,0,2017
6735,2017,DKI Jakarta,JAKARTA TIMUR,CIRACAS,CIBUBUR,Cacat Netra-Buta,Perempuan,0,2017
6736,2017,DKI Jakarta,JAKARTA TIMUR,CIRACAS,CIBUBUR,Cacat Rungu-Wicara,Perempuan,2,2017
6737,2017,DKI Jakarta,JAKARTA TIMUR,CIRACAS,KELAPA DUA WETAN,Cacat Lainnya,Perempuan,32,2017
6738,2017,DKI Jakarta,JAKARTA TIMUR,CIRACAS,KELAPA DUA WETAN,Cacat Mental-Jiwa,Perempuan,1,2017
6739,2017,DKI Jakarta,JAKARTA TIMUR,CIRACAS,KELAPA DUA WETAN,Cacat Netra-Buta,Perempuan,1,2017
6740,2018,DKI Jakarta,JAKARTA UTARA,CILINCING,CILINCING,Cacat Fisik,Laki-laki,1,2018
6741,2018,DKI Jakarta,JAKARTA UTARA,CILINCING,CILINCING,Cacat Rungu-Wicara,Laki-laki,0,2018
6742,2018,DKI Jakarta,JAKARTA UTARA,CILINCING,CILINCING,Cacat Lainnya,Laki-laki,2,2018
6743,2018,DKI Jakarta,JAKARTA UTARA,CILINCING,SUKAPURA,Cacat Fisik,Laki-laki,3,2018
6744,2018,DKI Jakarta,JAKARTA UTARA,CILINCING,SUKAPURA,Cacat Lainnya,Laki-laki,2,2018
6745,2018,DKI Jakarta,JAKARTA UTARA,CILINCING,MARUNDA,Cacat Fisik,Laki-laki,0,2018
6746,2018,DKI Jakarta,JAKARTA UTARA,CILINCING,MARUNDA,Cacat Netra-Buta,Laki-laki,1,2018
6747,2018,DKI Jakarta,JAKARTA UTARA,CILINCING,MARUNDA,Cacat Rungu-Wicara,Laki-laki,2,2018
6748,2018,DKI Jakarta,JAKARTA UTARA,CILINCING,MARUNDA,Cacat Mental-Jiwa,Laki-laki,1,2018
6749,2018,DKI Jakarta,JAKARTA UTARA,CILINCING,MARUNDA,Cacat Lainnya,Laki-laki,2,2018
6750,2018,DKI Jakarta,JAKARTA UTARA,CILINCING,KALIBARU,Cacat Fisik,Laki-laki,0,2018
6751,2018,DKI Jakarta,JAKARTA UTARA,CILINCING,KALIBARU,Cacat Mental-Jiwa,Laki-laki,1,2018
6752,2018,DKI Jakarta,JAKARTA UTARA,CILINCING,KALIBARU,Cacat Lainnya,Laki-laki,3,2018
6753,2018,DKI Jakarta,JAKARTA UTARA,CILINCING,SEMPER TIMUR,Cacat Fisik,Laki-laki,0,2018
6754,2018,DKI Jakarta,JAKARTA UTARA,CILINCING,SEMPER TIMUR,Cacat Netra-Buta,Laki-laki,1,2018
6755,2018,DKI Jakarta,JAKARTA UTARA,CILINCING,SEMPER TIMUR,Cacat Lainnya,Laki-laki,0,2018
6756,2018,DKI Jakarta,JAKARTA UTARA,CILINCING,ROROTAN,Cacat Fisik,Laki-laki,5,2018
6757,2018,DKI Jakarta,JAKARTA UTARA,CILINCING,ROROTAN,Cacat Netra-Buta,Laki-laki,0,2018
6758,2018,DKI Jakarta,JAKARTA UTARA,CILINCING,ROROTAN,Cacat Rungu-Wicara,Laki-laki,2,2018
6759,2018,DKI Jakarta,JAKARTA UTARA,CILINCING,ROROTAN,Cacat Mental-Jiwa,Laki-laki,0,2018
6760,2018,DKI Jakarta,JAKARTA UTARA,CILINCING,ROROTAN,Cacat Lainnya,Laki-laki,1,2018
6761,2018,DKI Jakarta,JAKARTA UTARA,CILINCING,SEMPER BARAT,Cacat Fisik,Laki-laki,1,2018
6762,2018,DKI Jakarta,JAKARTA UTARA,CILINCING,SEMPER BARAT,Cacat Netra-Buta,Laki-laki,1,2018
6763,2018,DKI Jakarta,JAKARTA UTARA,CILINCING,SEMPER BARAT,Cacat Rungu-Wicara,Laki-laki,1,2018
6764,2018,DKI Jakarta,JAKARTA UTARA,CILINCING,SEMPER BARAT,Cacat Mental-Jiwa,Laki-laki,0,2018
6765,2018,DKI Jakarta,JAKARTA UTARA,CILINCING,SEMPER BARAT,Cacat Lainnya,Laki-laki,2,2018
6766,2018,DKI Jakarta,JAKARTA UTARA,PADEMANGAN,PADEMANGAN TIMUR,Cacat Fisik,Laki-laki,5,2018
6767,2018,DKI Jakarta,JAKARTA UTARA,PADEMANGAN,PADEMANGAN TIMUR,Cacat Netra-Buta,Laki-laki,0,2018
6768,2018,DKI Jakarta,JAKARTA UTARA,PADEMANGAN,PADEMANGAN TIMUR,Cacat Rungu-Wicara,Laki-laki,2,2018
6769,2018,DKI Jakarta,JAKARTA UTARA,PADEMANGAN,PADEMANGAN TIMUR,Cacat Mental-Jiwa,Laki-laki,2,2018
6770,2018,DKI Jakarta,JAKARTA UTARA,PADEMANGAN,PADEMANGAN TIMUR,Cacat Fisik dan Mental,Laki-laki,1,2018
6771,2018,DKI Jakarta,JAKARTA UTARA,PADEMANGAN,PADEMANGAN TIMUR,Cacat Lainnya,Laki-laki,4,2018
6772,2018,DKI Jakarta,JAKARTA UTARA,PADEMANGAN,PADEMANGAN BARAT,Cacat Fisik,Laki-laki,1,2018
6773,2018,DKI Jakarta,JAKARTA UTARA,PADEMANGAN,PADEMANGAN BARAT,Cacat Rungu-Wicara,Laki-laki,2,2018
6774,2018,DKI Jakarta,JAKARTA UTARA,PADEMANGAN,PADEMANGAN BARAT,Cacat Mental-Jiwa,Laki-laki,0,2018
6775,2018,DKI Jakarta,JAKARTA UTARA,PADEMANGAN,PADEMANGAN BARAT,Cacat Fisik dan Mental,Laki-laki,0,2018
6776,2018,DKI Jakarta,JAKARTA UTARA,PADEMANGAN,PADEMANGAN BARAT,Cacat Lainnya,Laki-laki,3,2018
6777,2018,DKI Jakarta,JAKARTA UTARA,PADEMANGAN,ANCOL,Cacat Fisik,Laki-laki,2,2018
6778,2018,DKI Jakarta,JAKARTA UTARA,PADEMANGAN,ANCOL,Cacat Netra-Buta,Laki-laki,2,2018
6779,2018,DKI Jakarta,JAKARTA UTARA,PADEMANGAN,ANCOL,Cacat Mental-Jiwa,Laki-laki,2,2018
6780,2018,DKI Jakarta,JAKARTA UTARA,PADEMANGAN,ANCOL,Cacat Fisik dan Mental,Laki-laki,1,2018
6781,2018,DKI Jakarta,JAKARTA UTARA,KELAPA GADING,KELAPA GADING TIMUR,Cacat Fisik,Laki-laki,3,2018
6782,2018,DKI Jakarta,JAKARTA UTARA,KELAPA GADING,KELAPA GADING TIMUR,Cacat Mental-Jiwa,Laki-laki,1,2018
6783,2018,DKI Jakarta,JAKARTA TIMUR,CAKUNG,PENGGILINGAN,Cacat Fisik,Laki-laki,16,2018
6784,2018,DKI Jakarta,JAKARTA TIMUR,CAKUNG,PENGGILINGAN,Cacat Netra-Buta,Laki-laki,10,2018
6785,2018,DKI Jakarta,JAKARTA TIMUR,CAKUNG,PENGGILINGAN,Cacat Rungu-Wicara,Laki-laki,13,2018
6786,2018,DKI Jakarta,JAKARTA TIMUR,CAKUNG,PENGGILINGAN,Cacat Mental-Jiwa,Laki-laki,8,2018
6787,2018,DKI Jakarta,JAKARTA TIMUR,CAKUNG,PENGGILINGAN,Cacat Fisik dan Mental,Laki-laki,5,2018
6788,2018,DKI Jakarta,JAKARTA TIMUR,CAKUNG,PENGGILINGAN,Cacat Lainnya,Laki-laki,3,2018
6789,2018,DKI Jakarta,JAKARTA TIMUR,CAKUNG,CAKUNG TIMUR,Cacat Fisik,Laki-laki,2,2018
6790,2018,DKI Jakarta,JAKARTA TIMUR,CAKUNG,CAKUNG TIMUR,Cacat Netra-Buta,Laki-laki,1,2018
6791,2018,DKI Jakarta,JAKARTA TIMUR,CAKUNG,CAKUNG TIMUR,Cacat Rungu-Wicara,Laki-laki,1,2018
6792,2018,DKI Jakarta,JAKARTA TIMUR,CAKUNG,CAKUNG TIMUR,Cacat Mental-Jiwa,Laki-laki,6,2018
6793,2018,DKI Jakarta,JAKARTA TIMUR,CAKUNG,CAKUNG TIMUR,Cacat Lainnya,Laki-laki,2,2018
6794,2018,DKI Jakarta,JAKARTA TIMUR,CAKUNG,PULO GEBANG,Cacat Fisik,Laki-laki,2,2018
6795,2018,DKI Jakarta,JAKARTA TIMUR,CAKUNG,PULO GEBANG,Cacat Netra-Buta,Laki-laki,0,2018
6796,2018,DKI Jakarta,JAKARTA TIMUR,CAKUNG,PULO GEBANG,Cacat Fisik dan Mental,Laki-laki,1,2018
6797,2018,DKI Jakarta,JAKARTA TIMUR,CAKUNG,PULO GEBANG,Cacat Lainnya,Laki-laki,1,2018
6798,2018,DKI Jakarta,JAKARTA TIMUR,CAKUNG,UJUNG MENTENG,Cacat Fisik,Laki-laki,1,2018
6799,2018,DKI Jakarta,JAKARTA TIMUR,CAKUNG,UJUNG MENTENG,Cacat Mental-Jiwa,Laki-laki,2,2018
6800,2018,DKI Jakarta,JAKARTA TIMUR,CAKUNG,UJUNG MENTENG,Cacat Lainnya,Laki-laki,1,2018
6801,2018,DKI Jakarta,JAKARTA TIMUR,CAKUNG,CAKUNG BARAT,Cacat Fisik,Laki-laki,4,2018
6802,2018,DKI Jakarta,JAKARTA TIMUR,CAKUNG,CAKUNG BARAT,Cacat Mental-Jiwa,Laki-laki,0,2018
6803,2018,DKI Jakarta,JAKARTA TIMUR,CAKUNG,CAKUNG BARAT,Cacat Lainnya,Laki-laki,2,2018
6804,2018,DKI Jakarta,JAKARTA TIMUR,DUREN SAWIT,DUREN SAWIT,Cacat Fisik,Laki-laki,2,2018
6805,2018,DKI Jakarta,JAKARTA TIMUR,DUREN SAWIT,DUREN SAWIT,Cacat Netra-Buta,Laki-laki,2,2018
6806,2018,DKI Jakarta,JAKARTA TIMUR,DUREN SAWIT,DUREN SAWIT,Cacat Rungu-Wicara,Laki-laki,1,2018
6807,2018,DKI Jakarta,JAKARTA TIMUR,DUREN SAWIT,DUREN SAWIT,Cacat Mental-Jiwa,Laki-laki,0,2018
6808,2018,DKI Jakarta,JAKARTA TIMUR,DUREN SAWIT,DUREN SAWIT,Cacat Fisik dan Mental,Laki-laki,1,2018
6809,2018,DKI Jakarta,JAKARTA TIMUR,DUREN SAWIT,DUREN SAWIT,Cacat Lainnya,Laki-laki,3,2018
6810,2018,DKI Jakarta,JAKARTA TIMUR,DUREN SAWIT,PONDOK BAMBU,Cacat Fisik,Laki-laki,14,2018
6811,2018,DKI Jakarta,JAKARTA TIMUR,DUREN SAWIT,PONDOK BAMBU,Cacat Netra-Buta,Laki-laki,1,2018
6812,2018,DKI Jakarta,JAKARTA TIMUR,DUREN SAWIT,PONDOK BAMBU,Cacat Rungu-Wicara,Laki-laki,1,2018
6813,2018,DKI Jakarta,JAKARTA TIMUR,DUREN SAWIT,PONDOK BAMBU,Cacat Mental-Jiwa,Laki-laki,3,2018
6814,2018,DKI Jakarta,JAKARTA TIMUR,DUREN SAWIT,PONDOK BAMBU,Cacat Fisik dan Mental,Laki-laki,0,2018
6815,2018,DKI Jakarta,JAKARTA TIMUR,DUREN SAWIT,PONDOK BAMBU,Cacat Lainnya,Laki-laki,2,2018
6816,2018,DKI Jakarta,JAKARTA TIMUR,DUREN SAWIT,KLENDER,Cacat Fisik,Laki-laki,3,2018
6817,2018,DKI Jakarta,JAKARTA TIMUR,DUREN SAWIT,KLENDER,Cacat Netra-Buta,Laki-laki,2,2018
6818,2018,DKI Jakarta,JAKARTA TIMUR,DUREN SAWIT,KLENDER,Cacat Rungu-Wicara,Laki-laki,0,2018
6819,2018,DKI Jakarta,JAKARTA TIMUR,DUREN SAWIT,KLENDER,Cacat Mental-Jiwa,Laki-laki,7,2018
6820,2018,DKI Jakarta,JAKARTA TIMUR,DUREN SAWIT,KLENDER,Cacat Fisik dan Mental,Laki-laki,2,2018
6821,2018,DKI Jakarta,JAKARTA TIMUR,DUREN SAWIT,KLENDER,Cacat Lainnya,Laki-laki,1,2018
6822,2018,DKI Jakarta,JAKARTA TIMUR,DUREN SAWIT,PONDOK KELAPA,Cacat Fisik,Laki-laki,4,2018
6823,2018,DKI Jakarta,JAKARTA TIMUR,DUREN SAWIT,PONDOK KELAPA,Cacat Netra-Buta,Laki-laki,2,2018
6824,2018,DKI Jakarta,JAKARTA TIMUR,DUREN SAWIT,PONDOK KELAPA,Cacat Rungu-Wicara,Laki-laki,1,2018
6825,2018,DKI Jakarta,JAKARTA TIMUR,DUREN SAWIT,PONDOK KELAPA,Cacat Mental-Jiwa,Laki-laki,1,2018
6826,2018,DKI Jakarta,JAKARTA SELATAN,SETIA BUDI,PASAR MANGGIS,Cacat Fisik dan Mental,Perempuan,1,2018
6827,2018,DKI Jakarta,JAKARTA SELATAN,SETIA BUDI,PASAR MANGGIS,Cacat Lainnya,Perempuan,2,2018
6828,2018,DKI Jakarta,JAKARTA SELATAN,SETIA BUDI,GUNTUR,Cacat Mental-Jiwa,Perempuan,1,2018
6829,2018,DKI Jakarta,JAKARTA SELATAN,SETIA BUDI,GUNTUR,Cacat Lainnya,Perempuan,1,2018
6830,2018,DKI Jakarta,JAKARTA SELATAN,SETIA BUDI,KUNINGAN TIMUR,Cacat Mental-Jiwa,Perempuan,1,2018
6831,2018,DKI Jakarta,JAKARTA SELATAN,SETIA BUDI,KUNINGAN TIMUR,Cacat Fisik dan Mental,Perempuan,1,2018
6832,2018,DKI Jakarta,JAKARTA SELATAN,SETIA BUDI,KUNINGAN TIMUR,Cacat Lainnya,Perempuan,1,2018
6833,2018,DKI Jakarta,JAKARTA SELATAN,MAMPANG PRAPATAN,MAMPANG PRAPATAN,Cacat Fisik,Perempuan,0,2018
6834,2018,DKI Jakarta,JAKARTA SELATAN,MAMPANG PRAPATAN,MAMPANG PRAPATAN,Cacat Rungu-Wicara,Perempuan,1,2018
6835,2018,DKI Jakarta,JAKARTA SELATAN,MAMPANG PRAPATAN,MAMPANG PRAPATAN,Cacat Mental-Jiwa,Perempuan,4,2018
6836,2018,DKI Jakarta,JAKARTA SELATAN,MAMPANG PRAPATAN,MAMPANG PRAPATAN,Cacat Lainnya,Perempuan,1,2018
6837,2018,DKI Jakarta,JAKARTA SELATAN,MAMPANG PRAPATAN,BANGKA,Cacat Fisik,Perempuan,0,2018
6838,2018,DKI Jakarta,JAKARTA SELATAN,MAMPANG PRAPATAN,BANGKA,Cacat Netra-Buta,Perempuan,0,2018
6839,2018,DKI Jakarta,JAKARTA SELATAN,MAMPANG PRAPATAN,BANGKA,Cacat Rungu-Wicara,Perempuan,1,2018
6840,2018,DKI Jakarta,JAKARTA SELATAN,MAMPANG PRAPATAN,BANGKA,Cacat Mental-Jiwa,Perempuan,2,2018
6841,2018,DKI Jakarta,JAKARTA SELATAN,MAMPANG PRAPATAN,BANGKA,Cacat Fisik dan Mental,Perempuan,0,2018
6842,2018,DKI Jakarta,JAKARTA SELATAN,MAMPANG PRAPATAN,BANGKA,Cacat Lainnya,Perempuan,0,2018
6843,2018,DKI Jakarta,JAKARTA SELATAN,MAMPANG PRAPATAN,PELA MAMPANG,Cacat Fisik,Perempuan,1,2018
6844,2018,DKI Jakarta,JAKARTA SELATAN,MAMPANG PRAPATAN,PELA MAMPANG,Cacat Netra-Buta,Perempuan,1,2018
6845,2018,DKI Jakarta,JAKARTA SELATAN,MAMPANG PRAPATAN,PELA MAMPANG,Cacat Rungu-Wicara,Perempuan,4,2018
6846,2018,DKI Jakarta,JAKARTA SELATAN,MAMPANG PRAPATAN,PELA MAMPANG,Cacat Mental-Jiwa,Perempuan,6,2018
6847,2018,DKI Jakarta,JAKARTA SELATAN,MAMPANG PRAPATAN,PELA MAMPANG,Cacat Fisik dan Mental,Perempuan,3,2018
6848,2018,DKI Jakarta,JAKARTA SELATAN,MAMPANG PRAPATAN,PELA MAMPANG,Cacat Lainnya,Perempuan,1,2018
6849,2018,DKI Jakarta,JAKARTA SELATAN,MAMPANG PRAPATAN,TEGAL PARANG,Cacat Fisik,Perempuan,1,2018
6850,2018,DKI Jakarta,JAKARTA SELATAN,MAMPANG PRAPATAN,TEGAL PARANG,Cacat Netra-Buta,Perempuan,1,2018
6851,2018,DKI Jakarta,JAKARTA SELATAN,MAMPANG PRAPATAN,TEGAL PARANG,Cacat Mental-Jiwa,Perempuan,3,2018
6852,2018,DKI Jakarta,JAKARTA SELATAN,MAMPANG PRAPATAN,TEGAL PARANG,Cacat Fisik dan Mental,Perempuan,2,2018
6853,2018,DKI Jakarta,JAKARTA SELATAN,MAMPANG PRAPATAN,TEGAL PARANG,Cacat Lainnya,Perempuan,3,2018
6854,2018,DKI Jakarta,JAKARTA SELATAN,MAMPANG PRAPATAN,KUNINGAN BARAT,Cacat Fisik dan Mental,Perempuan,1,2018
6855,2018,DKI Jakarta,JAKARTA SELATAN,MAMPANG PRAPATAN,KUNINGAN BARAT,Cacat Lainnya,Perempuan,1,2018
6856,2018,DKI Jakarta,JAKARTA SELATAN,PASAR MINGGU,PASAR MINGGU,Cacat Fisik,Perempuan,1,2018
6857,2018,DKI Jakarta,JAKARTA SELATAN,PASAR MINGGU,PASAR MINGGU,Cacat Mental-Jiwa,Perempuan,1,2018
6858,2018,DKI Jakarta,JAKARTA SELATAN,PASAR MINGGU,JATI PADANG,Cacat Fisik,Perempuan,1,2018
6859,2018,DKI Jakarta,JAKARTA SELATAN,PASAR MINGGU,JATI PADANG,Cacat Netra-Buta,Perempuan,1,2018
6860,2018,DKI Jakarta,JAKARTA SELATAN,PASAR MINGGU,JATI PADANG,Cacat Rungu-Wicara,Perempuan,1,2018
6861,2018,DKI Jakarta,JAKARTA SELATAN,PASAR MINGGU,JATI PADANG,Cacat Mental-Jiwa,Perempuan,8,2018
6862,2018,DKI Jakarta,JAKARTA SELATAN,PASAR MINGGU,JATI PADANG,Cacat Fisik dan Mental,Perempuan,1,2018
6863,2018,DKI Jakarta,JAKARTA SELATAN,PASAR MINGGU,JATI PADANG,Cacat Lainnya,Perempuan,0,2018
6864,2018,DKI Jakarta,JAKARTA SELATAN,PASAR MINGGU,CILANDAK TIMUR,Cacat Rungu-Wicara,Perempuan,0,2018
6865,2018,DKI Jakarta,JAKARTA SELATAN,PASAR MINGGU,CILANDAK TIMUR,Cacat Mental-Jiwa,Perempuan,1,2018
6866,2018,DKI Jakarta,JAKARTA SELATAN,PASAR MINGGU,RAGUNAN,Cacat Fisik,Perempuan,4,2018
6867,2017,DKI Jakarta,JAKARTA TIMUR,CIRACAS,KELAPA DUA WETAN,Cacat Rungu-Wicara,Perempuan,1,2017
6868,2017,DKI Jakarta,JAKARTA TIMUR,CIRACAS,SUSUKAN,Cacat Fisik,Perempuan,2,2017
6869,2017,DKI Jakarta,JAKARTA TIMUR,CIRACAS,SUSUKAN,Cacat Fisik dan Mental,Perempuan,2,2017
6870,2017,DKI Jakarta,JAKARTA TIMUR,CIRACAS,SUSUKAN,Cacat Lainnya,Perempuan,1,2017
6871,2017,DKI Jakarta,JAKARTA TIMUR,CIRACAS,SUSUKAN,Cacat Mental-Jiwa,Perempuan,1,2017
6872,2017,DKI Jakarta,JAKARTA TIMUR,CIRACAS,SUSUKAN,Cacat Netra-Buta,Perempuan,0,2017
6873,2017,DKI Jakarta,JAKARTA TIMUR,CIRACAS,RAMBUTAN,Cacat Fisik,Perempuan,6,2017
6874,2017,DKI Jakarta,JAKARTA TIMUR,CIRACAS,RAMBUTAN,Cacat Lainnya,Perempuan,2,2017
6875,2017,DKI Jakarta,JAKARTA TIMUR,CIRACAS,RAMBUTAN,Cacat Netra-Buta,Perempuan,2,2017
6876,2017,DKI Jakarta,JAKARTA TIMUR,CIRACAS,RAMBUTAN,Cacat Rungu-Wicara,Perempuan,1,2017
6877,2017,DKI Jakarta,JAKARTA TIMUR,CIPAYUNG,CIPAYUNG,Cacat Fisik,Perempuan,6,2017
6878,2017,DKI Jakarta,JAKARTA TIMUR,CIPAYUNG,CIPAYUNG,Cacat Fisik dan Mental,Perempuan,1,2017
6879,2017,DKI Jakarta,JAKARTA TIMUR,CIPAYUNG,CIPAYUNG,Cacat Lainnya,Perempuan,76,2017
6880,2017,DKI Jakarta,JAKARTA TIMUR,CIPAYUNG,CIPAYUNG,Cacat Mental-Jiwa,Perempuan,483,2017
6881,2017,DKI Jakarta,JAKARTA TIMUR,CIPAYUNG,CIPAYUNG,Cacat Netra-Buta,Perempuan,0,2017
6882,2017,DKI Jakarta,JAKARTA TIMUR,CIPAYUNG,CIPAYUNG,Cacat Rungu-Wicara,Perempuan,3,2017
6883,2017,DKI Jakarta,JAKARTA TIMUR,CIPAYUNG,CILANGKAP,Cacat Fisik,Perempuan,0,2017
6884,2017,DKI Jakarta,JAKARTA TIMUR,CIPAYUNG,CILANGKAP,Cacat Lainnya,Perempuan,0,2017
6885,2017,DKI Jakarta,JAKARTA TIMUR,CIPAYUNG,CILANGKAP,Cacat Mental-Jiwa,Perempuan,0,2017
6886,2017,DKI Jakarta,JAKARTA TIMUR,CIPAYUNG,PONDOK RANGGON,Cacat Fisik,Perempuan,1,2017
6887,2017,DKI Jakarta,JAKARTA TIMUR,CIPAYUNG,PONDOK RANGGON,Cacat Lainnya,Perempuan,2,2017
6888,2017,DKI Jakarta,JAKARTA TIMUR,CIPAYUNG,PONDOK RANGGON,Cacat Mental-Jiwa,Perempuan,0,2017
6889,2017,DKI Jakarta,JAKARTA TIMUR,CIPAYUNG,MUNJUL,Cacat Fisik,Perempuan,0,2017
6890,2017,DKI Jakarta,JAKARTA TIMUR,CIPAYUNG,MUNJUL,Cacat Lainnya,Perempuan,2,2017
6891,2017,DKI Jakarta,JAKARTA TIMUR,CIPAYUNG,MUNJUL,Cacat Mental-Jiwa,Perempuan,0,2017
6892,2017,DKI Jakarta,JAKARTA TIMUR,CIPAYUNG,SETU,Cacat Fisik,Perempuan,0,2017
6893,2017,DKI Jakarta,JAKARTA TIMUR,CIPAYUNG,SETU,Cacat Lainnya,Perempuan,0,2017
6894,2017,DKI Jakarta,JAKARTA TIMUR,CIPAYUNG,SETU,Cacat Rungu-Wicara,Perempuan,1,2017
6895,2017,DKI Jakarta,JAKARTA TIMUR,CIPAYUNG,BAMBU APUS,Cacat Lainnya,Perempuan,1,2017
6896,2017,DKI Jakarta,JAKARTA TIMUR,CIPAYUNG,LUBANG BUAYA,Cacat Lainnya,Perempuan,3,2017
6897,2017,DKI Jakarta,JAKARTA TIMUR,CIPAYUNG,LUBANG BUAYA,Cacat Mental-Jiwa,Perempuan,0,2017
6898,2017,DKI Jakarta,JAKARTA TIMUR,CIPAYUNG,LUBANG BUAYA,Cacat Rungu-Wicara,Perempuan,1,2017
6899,2017,DKI Jakarta,JAKARTA TIMUR,CIPAYUNG,CEGER,Cacat Fisik,Perempuan,0,2017
6900,2017,DKI Jakarta,JAKARTA TIMUR,CIPAYUNG,CEGER,Cacat Lainnya,Perempuan,1,2017
6901,2017,DKI Jakarta,JAKARTA TIMUR,CIPAYUNG,CEGER,Cacat Mental-Jiwa,Perempuan,24,2017
6902,2018,DKI Jakarta,JAKARTA UTARA,KELAPA GADING,KELAPA GADING TIMUR,Cacat Fisik dan Mental,Laki-laki,0,2018
6903,2018,DKI Jakarta,JAKARTA UTARA,KELAPA GADING,PEGANGSAAN DUA,Cacat Netra-Buta,Laki-laki,2,2018
6904,2018,DKI Jakarta,JAKARTA UTARA,KELAPA GADING,PEGANGSAAN DUA,Cacat Rungu-Wicara,Laki-laki,0,2018
6905,2018,DKI Jakarta,JAKARTA UTARA,KELAPA GADING,PEGANGSAAN DUA,Cacat Mental-Jiwa,Laki-laki,1,2018
6906,2018,DKI Jakarta,JAKARTA UTARA,KELAPA GADING,PEGANGSAAN DUA,Cacat Lainnya,Laki-laki,0,2018
6907,2018,DKI Jakarta,JAKARTA UTARA,KELAPA GADING,KELAPA GADING BARAT,Cacat Mental-Jiwa,Laki-laki,1,2018
6908,2018,DKI Jakarta,JAKARTA UTARA,KELAPA GADING,KELAPA GADING BARAT,Cacat Lainnya,Laki-laki,0,2018
6909,2018,DKI Jakarta,JAKARTA BARAT,CENGKARENG,CENGKARENG BARAT,Cacat Fisik,Laki-laki,16,2018
6910,2018,DKI Jakarta,JAKARTA BARAT,CENGKARENG,CENGKARENG BARAT,Cacat Netra-Buta,Laki-laki,1,2018
6911,2018,DKI Jakarta,JAKARTA BARAT,CENGKARENG,CENGKARENG BARAT,Cacat Rungu-Wicara,Laki-laki,1,2018
6912,2018,DKI Jakarta,JAKARTA BARAT,CENGKARENG,CENGKARENG BARAT,Cacat Mental-Jiwa,Laki-laki,249,2018
6913,2018,DKI Jakarta,JAKARTA BARAT,CENGKARENG,CENGKARENG BARAT,Cacat Fisik dan Mental,Laki-laki,2,2018
6914,2018,DKI Jakarta,JAKARTA BARAT,CENGKARENG,CENGKARENG BARAT,Cacat Lainnya,Laki-laki,67,2018
6915,2018,DKI Jakarta,JAKARTA BARAT,CENGKARENG,DURI KOSAMBI,Cacat Fisik,Laki-laki,7,2018
6916,2018,DKI Jakarta,JAKARTA BARAT,CENGKARENG,DURI KOSAMBI,Cacat Netra-Buta,Laki-laki,0,2018
6917,2018,DKI Jakarta,JAKARTA BARAT,CENGKARENG,DURI KOSAMBI,Cacat Rungu-Wicara,Laki-laki,1,2018
6918,2018,DKI Jakarta,JAKARTA BARAT,CENGKARENG,DURI KOSAMBI,Cacat Lainnya,Laki-laki,9,2018
6919,2018,DKI Jakarta,JAKARTA BARAT,CENGKARENG,RAWA BUAYA,Cacat Fisik,Laki-laki,4,2018
6920,2018,DKI Jakarta,JAKARTA BARAT,CENGKARENG,RAWA BUAYA,Cacat Rungu-Wicara,Laki-laki,3,2018
6921,2018,DKI Jakarta,JAKARTA BARAT,CENGKARENG,RAWA BUAYA,Cacat Fisik dan Mental,Laki-laki,1,2018
6922,2018,DKI Jakarta,JAKARTA BARAT,CENGKARENG,RAWA BUAYA,Cacat Lainnya,Laki-laki,5,2018
6923,2018,DKI Jakarta,JAKARTA BARAT,CENGKARENG,KEDAUNG KALI ANGKE,Cacat Fisik,Laki-laki,0,2018
6924,2018,DKI Jakarta,JAKARTA BARAT,CENGKARENG,KEDAUNG KALI ANGKE,Cacat Rungu-Wicara,Laki-laki,2,2018
6925,2018,DKI Jakarta,JAKARTA BARAT,CENGKARENG,KEDAUNG KALI ANGKE,Cacat Lainnya,Laki-laki,0,2018
6926,2018,DKI Jakarta,JAKARTA BARAT,CENGKARENG,KAPUK,Cacat Fisik,Laki-laki,15,2018
6927,2018,DKI Jakarta,JAKARTA BARAT,CENGKARENG,KAPUK,Cacat Netra-Buta,Laki-laki,2,2018
6928,2018,DKI Jakarta,JAKARTA BARAT,CENGKARENG,KAPUK,Cacat Rungu-Wicara,Laki-laki,9,2018
6929,2018,DKI Jakarta,JAKARTA BARAT,CENGKARENG,KAPUK,Cacat Mental-Jiwa,Laki-laki,4,2018
6930,2018,DKI Jakarta,JAKARTA BARAT,CENGKARENG,KAPUK,Cacat Fisik dan Mental,Laki-laki,0,2018
6931,2018,DKI Jakarta,JAKARTA BARAT,CENGKARENG,KAPUK,Cacat Lainnya,Laki-laki,8,2018
6932,2018,DKI Jakarta,JAKARTA BARAT,CENGKARENG,CENGKARENG TIMUR,Cacat Fisik,Laki-laki,4,2018
6933,2018,DKI Jakarta,JAKARTA BARAT,CENGKARENG,CENGKARENG TIMUR,Cacat Mental-Jiwa,Laki-laki,1,2018
6934,2018,DKI Jakarta,JAKARTA BARAT,CENGKARENG,CENGKARENG TIMUR,Cacat Fisik dan Mental,Laki-laki,1,2018
6935,2018,DKI Jakarta,JAKARTA BARAT,CENGKARENG,CENGKARENG TIMUR,Cacat Lainnya,Laki-laki,3,2018
6936,2018,DKI Jakarta,JAKARTA BARAT,GROGOL PETAMBURAN,GROGOL,Cacat Fisik,Laki-laki,2,2018
6937,2018,DKI Jakarta,JAKARTA BARAT,GROGOL PETAMBURAN,GROGOL,Cacat Rungu-Wicara,Laki-laki,1,2018
6938,2018,DKI Jakarta,JAKARTA BARAT,GROGOL PETAMBURAN,GROGOL,Cacat Mental-Jiwa,Laki-laki,2,2018
6939,2018,DKI Jakarta,JAKARTA BARAT,GROGOL PETAMBURAN,GROGOL,Cacat Fisik dan Mental,Laki-laki,2,2018
6940,2018,DKI Jakarta,JAKARTA BARAT,GROGOL PETAMBURAN,GROGOL,Cacat Lainnya,Laki-laki,1,2018
6941,2018,DKI Jakarta,JAKARTA BARAT,GROGOL PETAMBURAN,TANJUNG DUREN UTARA,Cacat Fisik,Laki-laki,0,2018
6942,2018,DKI Jakarta,JAKARTA BARAT,GROGOL PETAMBURAN,TANJUNG DUREN UTARA,Cacat Lainnya,Laki-laki,0,2018
6943,2018,DKI Jakarta,JAKARTA BARAT,GROGOL PETAMBURAN,TOMANG,Cacat Fisik,Laki-laki,3,2018
6944,2018,DKI Jakarta,JAKARTA TIMUR,DUREN SAWIT,PONDOK KELAPA,Cacat Lainnya,Laki-laki,3,2018
6945,2018,DKI Jakarta,JAKARTA TIMUR,DUREN SAWIT,MALAKA SARI,Cacat Fisik,Laki-laki,2,2018
6946,2018,DKI Jakarta,JAKARTA TIMUR,DUREN SAWIT,MALAKA SARI,Cacat Netra-Buta,Laki-laki,0,2018
6947,2018,DKI Jakarta,JAKARTA TIMUR,DUREN SAWIT,MALAKA SARI,Cacat Rungu-Wicara,Laki-laki,0,2018
6948,2018,DKI Jakarta,JAKARTA TIMUR,DUREN SAWIT,MALAKA SARI,Cacat Mental-Jiwa,Laki-laki,0,2018
6949,2018,DKI Jakarta,JAKARTA TIMUR,DUREN SAWIT,MALAKA SARI,Cacat Fisik dan Mental,Laki-laki,1,2018
6950,2018,DKI Jakarta,JAKARTA TIMUR,DUREN SAWIT,MALAKA JAYA,Cacat Fisik,Laki-laki,7,2018
6951,2018,DKI Jakarta,JAKARTA TIMUR,DUREN SAWIT,MALAKA JAYA,Cacat Netra-Buta,Laki-laki,2,2018
6952,2018,DKI Jakarta,JAKARTA TIMUR,DUREN SAWIT,MALAKA JAYA,Cacat Rungu-Wicara,Laki-laki,0,2018
6953,2018,DKI Jakarta,JAKARTA TIMUR,DUREN SAWIT,MALAKA JAYA,Cacat Mental-Jiwa,Laki-laki,2,2018
6954,2018,DKI Jakarta,JAKARTA TIMUR,DUREN SAWIT,MALAKA JAYA,Cacat Fisik dan Mental,Laki-laki,1,2018
6955,2018,DKI Jakarta,JAKARTA TIMUR,DUREN SAWIT,MALAKA JAYA,Cacat Lainnya,Laki-laki,2,2018
6956,2018,DKI Jakarta,JAKARTA TIMUR,DUREN SAWIT,PONDOK KOPI,Cacat Netra-Buta,Laki-laki,1,2018
6957,2018,DKI Jakarta,JAKARTA TIMUR,DUREN SAWIT,PONDOK KOPI,Cacat Rungu-Wicara,Laki-laki,0,2018
6958,2018,DKI Jakarta,JAKARTA TIMUR,DUREN SAWIT,PONDOK KOPI,Cacat Mental-Jiwa,Laki-laki,1,2018
6959,2018,DKI Jakarta,JAKARTA TIMUR,DUREN SAWIT,PONDOK KOPI,Cacat Lainnya,Laki-laki,2,2018
6960,2018,DKI Jakarta,JAKARTA TIMUR,MAKASAR,MAKASAR,Cacat Netra-Buta,Laki-laki,0,2018
6961,2018,DKI Jakarta,JAKARTA TIMUR,MAKASAR,MAKASAR,Cacat Rungu-Wicara,Laki-laki,0,2018
6962,2018,DKI Jakarta,JAKARTA TIMUR,MAKASAR,MAKASAR,Cacat Mental-Jiwa,Laki-laki,1,2018
6963,2018,DKI Jakarta,JAKARTA TIMUR,MAKASAR,MAKASAR,Cacat Fisik dan Mental,Laki-laki,0,2018
6964,2018,DKI Jakarta,JAKARTA TIMUR,MAKASAR,MAKASAR,Cacat Lainnya,Laki-laki,1,2018
6965,2018,DKI Jakarta,JAKARTA TIMUR,MAKASAR,PINANGRANTI,Cacat Fisik,Laki-laki,5,2018
6966,2018,DKI Jakarta,JAKARTA TIMUR,MAKASAR,PINANGRANTI,Cacat Netra-Buta,Laki-laki,1,2018
6967,2018,DKI Jakarta,JAKARTA TIMUR,MAKASAR,PINANGRANTI,Cacat Rungu-Wicara,Laki-laki,2,2018
6968,2018,DKI Jakarta,JAKARTA TIMUR,MAKASAR,PINANGRANTI,Cacat Mental-Jiwa,Laki-laki,2,2018
6969,2018,DKI Jakarta,JAKARTA TIMUR,MAKASAR,PINANGRANTI,Cacat Fisik dan Mental,Laki-laki,1,2018
6970,2018,DKI Jakarta,JAKARTA TIMUR,MAKASAR,PINANGRANTI,Cacat Lainnya,Laki-laki,2,2018
6971,2018,DKI Jakarta,JAKARTA TIMUR,MAKASAR,KEBON PALA,Cacat Fisik,Laki-laki,0,2018
6972,2018,DKI Jakarta,JAKARTA TIMUR,MAKASAR,KEBON PALA,Cacat Mental-Jiwa,Laki-laki,0,2018
6973,2018,DKI Jakarta,JAKARTA TIMUR,MAKASAR,KEBON PALA,Cacat Lainnya,Laki-laki,3,2018
6974,2018,DKI Jakarta,JAKARTA TIMUR,MAKASAR,HALIM PERDANA KUSUMAH,Cacat Fisik,Laki-laki,1,2018
6975,2018,DKI Jakarta,JAKARTA TIMUR,MAKASAR,HALIM PERDANA KUSUMAH,Cacat Rungu-Wicara,Laki-laki,3,2018
6976,2018,DKI Jakarta,JAKARTA TIMUR,MAKASAR,HALIM PERDANA KUSUMAH,Cacat Mental-Jiwa,Laki-laki,1,2018
6977,2018,DKI Jakarta,JAKARTA TIMUR,MAKASAR,HALIM PERDANA KUSUMAH,Cacat Fisik dan Mental,Laki-laki,1,2018
6978,2018,DKI Jakarta,JAKARTA TIMUR,MAKASAR,HALIM PERDANA KUSUMAH,Cacat Lainnya,Laki-laki,1,2018
6979,2018,DKI Jakarta,JAKARTA TIMUR,MAKASAR,CIPINANG MELAYU,Cacat Fisik,Laki-laki,1,2018
6980,2018,DKI Jakarta,JAKARTA TIMUR,MAKASAR,CIPINANG MELAYU,Cacat Rungu-Wicara,Laki-laki,1,2018
6981,2018,DKI Jakarta,JAKARTA TIMUR,CIRACAS,CIRACAS,Cacat Fisik,Laki-laki,1,2018
6982,2018,DKI Jakarta,JAKARTA TIMUR,CIRACAS,CIRACAS,Cacat Netra-Buta,Laki-laki,1,2018
6983,2018,DKI Jakarta,JAKARTA TIMUR,CIRACAS,CIRACAS,Cacat Rungu-Wicara,Laki-laki,1,2018
6984,2018,DKI Jakarta,JAKARTA TIMUR,CIRACAS,CIRACAS,Cacat Mental-Jiwa,Laki-laki,0,2018
6985,2018,DKI Jakarta,JAKARTA TIMUR,CIRACAS,CIRACAS,Cacat Fisik dan Mental,Laki-laki,0,2018
6986,2018,DKI Jakarta,JAKARTA TIMUR,CIRACAS,CIRACAS,Cacat Lainnya,Laki-laki,2,2018
6987,2018,DKI Jakarta,JAKARTA SELATAN,PASAR MINGGU,RAGUNAN,Cacat Netra-Buta,Perempuan,1,2018
6988,2018,DKI Jakarta,JAKARTA SELATAN,PASAR MINGGU,RAGUNAN,Cacat Mental-Jiwa,Perempuan,3,2018
6989,2018,DKI Jakarta,JAKARTA SELATAN,PASAR MINGGU,RAGUNAN,Cacat Lainnya,Perempuan,0,2018
6990,2018,DKI Jakarta,JAKARTA SELATAN,PASAR MINGGU,PEJATEN TIMUR,Cacat Fisik,Perempuan,10,2018
6991,2018,DKI Jakarta,JAKARTA SELATAN,PASAR MINGGU,PEJATEN TIMUR,Cacat Netra-Buta,Perempuan,2,2018
6992,2018,DKI Jakarta,JAKARTA SELATAN,PASAR MINGGU,PEJATEN TIMUR,Cacat Rungu-Wicara,Perempuan,2,2018
6993,2018,DKI Jakarta,JAKARTA SELATAN,PASAR MINGGU,PEJATEN TIMUR,Cacat Mental-Jiwa,Perempuan,2,2018
6994,2018,DKI Jakarta,JAKARTA SELATAN,PASAR MINGGU,PEJATEN TIMUR,Cacat Lainnya,Perempuan,1,2018
6995,2018,DKI Jakarta,JAKARTA SELATAN,PASAR MINGGU,PEJATEN BARAT,Cacat Fisik,Perempuan,1,2018
6996,2018,DKI Jakarta,JAKARTA SELATAN,PASAR MINGGU,PEJATEN BARAT,Cacat Mental-Jiwa,Perempuan,5,2018
6997,2018,DKI Jakarta,JAKARTA SELATAN,PASAR MINGGU,PEJATEN BARAT,Cacat Fisik dan Mental,Perempuan,1,2018
6998,2018,DKI Jakarta,JAKARTA SELATAN,PASAR MINGGU,PEJATEN BARAT,Cacat Lainnya,Perempuan,2,2018
6999,2018,DKI Jakarta,JAKARTA SELATAN,PASAR MINGGU,KEBAGUSAN,Cacat Fisik,Perempuan,0,2018
7000,2018,DKI Jakarta,JAKARTA SELATAN,PASAR MINGGU,KEBAGUSAN,Cacat Netra-Buta,Perempuan,1,2018
7001,2018,DKI Jakarta,JAKARTA SELATAN,PASAR MINGGU,KEBAGUSAN,Cacat Rungu-Wicara,Perempuan,0,2018
7002,2018,DKI Jakarta,JAKARTA SELATAN,PASAR MINGGU,KEBAGUSAN,Cacat Lainnya,Perempuan,2,2018
7003,2018,DKI Jakarta,JAKARTA SELATAN,KEBAYORAN LAMA,KEBAYORAN LAMA UTARA,Cacat Rungu-Wicara,Perempuan,1,2018
7004,2018,DKI Jakarta,JAKARTA SELATAN,KEBAYORAN LAMA,KEBAYORAN LAMA UTARA,Cacat Mental-Jiwa,Perempuan,1,2018
7005,2018,DKI Jakarta,JAKARTA SELATAN,KEBAYORAN LAMA,KEBAYORAN LAMA UTARA,Cacat Lainnya,Perempuan,0,2018
7006,2018,DKI Jakarta,JAKARTA SELATAN,KEBAYORAN LAMA,PONDOK PINANG,Cacat Fisik,Perempuan,2,2018
7007,2018,DKI Jakarta,JAKARTA SELATAN,KEBAYORAN LAMA,PONDOK PINANG,Cacat Netra-Buta,Perempuan,1,2018
7008,2018,DKI Jakarta,JAKARTA SELATAN,KEBAYORAN LAMA,PONDOK PINANG,Cacat Rungu-Wicara,Perempuan,4,2018
7009,2018,DKI Jakarta,JAKARTA SELATAN,KEBAYORAN LAMA,PONDOK PINANG,Cacat Mental-Jiwa,Perempuan,3,2018
7010,2018,DKI Jakarta,JAKARTA SELATAN,KEBAYORAN LAMA,PONDOK PINANG,Cacat Fisik dan Mental,Perempuan,1,2018
7011,2018,DKI Jakarta,JAKARTA SELATAN,KEBAYORAN LAMA,PONDOK PINANG,Cacat Lainnya,Perempuan,2,2018
7012,2018,DKI Jakarta,JAKARTA SELATAN,KEBAYORAN LAMA,CIPULIR,Cacat Fisik,Perempuan,6,2018
7013,2018,DKI Jakarta,JAKARTA SELATAN,KEBAYORAN LAMA,CIPULIR,Cacat Netra-Buta,Perempuan,0,2018
7014,2018,DKI Jakarta,JAKARTA SELATAN,KEBAYORAN LAMA,CIPULIR,Cacat Rungu-Wicara,Perempuan,1,2018
7015,2018,DKI Jakarta,JAKARTA SELATAN,KEBAYORAN LAMA,CIPULIR,Cacat Mental-Jiwa,Perempuan,0,2018
7016,2018,DKI Jakarta,JAKARTA SELATAN,KEBAYORAN LAMA,CIPULIR,Cacat Fisik dan Mental,Perempuan,1,2018
7017,2018,DKI Jakarta,JAKARTA SELATAN,KEBAYORAN LAMA,CIPULIR,Cacat Lainnya,Perempuan,2,2018
7018,2018,DKI Jakarta,JAKARTA SELATAN,KEBAYORAN LAMA,GROGOL UTARA,Cacat Fisik,Perempuan,0,2018
7019,2018,DKI Jakarta,JAKARTA SELATAN,KEBAYORAN LAMA,GROGOL UTARA,Cacat Rungu-Wicara,Perempuan,1,2018
7020,2018,DKI Jakarta,JAKARTA SELATAN,KEBAYORAN LAMA,GROGOL UTARA,Cacat Mental-Jiwa,Perempuan,1,2018
7021,2018,DKI Jakarta,JAKARTA SELATAN,KEBAYORAN LAMA,GROGOL UTARA,Cacat Fisik dan Mental,Perempuan,1,2018
7022,2018,DKI Jakarta,JAKARTA SELATAN,KEBAYORAN LAMA,GROGOL UTARA,Cacat Lainnya,Perempuan,3,2018
7023,2018,DKI Jakarta,JAKARTA SELATAN,KEBAYORAN LAMA,GROGOL SELATAN,Cacat Fisik,Perempuan,1,2018
7024,2018,DKI Jakarta,JAKARTA SELATAN,KEBAYORAN LAMA,GROGOL SELATAN,Cacat Rungu-Wicara,Perempuan,1,2018
7025,2018,DKI Jakarta,JAKARTA SELATAN,KEBAYORAN LAMA,GROGOL SELATAN,Cacat Lainnya,Perempuan,1,2018
7026,2018,DKI Jakarta,JAKARTA SELATAN,KEBAYORAN LAMA,KEBAYORAN LAMA SELATAN,Cacat Fisik,Perempuan,0,2018
7027,2018,DKI Jakarta,JAKARTA SELATAN,KEBAYORAN LAMA,KEBAYORAN LAMA SELATAN,Cacat Rungu-Wicara,Perempuan,1,2018
7028,2018,DKI Jakarta,JAKARTA BARAT,GROGOL PETAMBURAN,TOMANG,Cacat Netra-Buta,Laki-laki,1,2018
7029,2018,DKI Jakarta,JAKARTA BARAT,GROGOL PETAMBURAN,TOMANG,Cacat Rungu-Wicara,Laki-laki,3,2018
7030,2018,DKI Jakarta,JAKARTA BARAT,GROGOL PETAMBURAN,TOMANG,Cacat Mental-Jiwa,Laki-laki,5,2018
7031,2018,DKI Jakarta,JAKARTA BARAT,GROGOL PETAMBURAN,TOMANG,Cacat Lainnya,Laki-laki,4,2018
7032,2018,DKI Jakarta,JAKARTA BARAT,GROGOL PETAMBURAN,JELAMBAR,Cacat Fisik,Laki-laki,0,2018
7033,2018,DKI Jakarta,JAKARTA BARAT,GROGOL PETAMBURAN,JELAMBAR,Cacat Rungu-Wicara,Laki-laki,0,2018
7034,2018,DKI Jakarta,JAKARTA BARAT,GROGOL PETAMBURAN,JELAMBAR,Cacat Mental-Jiwa,Laki-laki,4,2018
7035,2018,DKI Jakarta,JAKARTA BARAT,GROGOL PETAMBURAN,JELAMBAR,Cacat Fisik dan Mental,Laki-laki,0,2018
7036,2018,DKI Jakarta,JAKARTA BARAT,GROGOL PETAMBURAN,JELAMBAR,Cacat Lainnya,Laki-laki,5,2018
7037,2018,DKI Jakarta,JAKARTA BARAT,GROGOL PETAMBURAN,TANJUNG DUREN SELATAN,Cacat Fisik,Laki-laki,2,2018
7038,2018,DKI Jakarta,JAKARTA BARAT,GROGOL PETAMBURAN,TANJUNG DUREN SELATAN,Cacat Mental-Jiwa,Laki-laki,1,2018
7039,2018,DKI Jakarta,JAKARTA BARAT,GROGOL PETAMBURAN,TANJUNG DUREN SELATAN,Cacat Lainnya,Laki-laki,2,2018
7040,2018,DKI Jakarta,JAKARTA BARAT,GROGOL PETAMBURAN,JELAMBAR BARU,Cacat Fisik,Laki-laki,19,2018
7041,2018,DKI Jakarta,JAKARTA BARAT,GROGOL PETAMBURAN,JELAMBAR BARU,Cacat Netra-Buta,Laki-laki,1,2018
7042,2018,DKI Jakarta,JAKARTA BARAT,GROGOL PETAMBURAN,JELAMBAR BARU,Cacat Rungu-Wicara,Laki-laki,1,2018
7043,2018,DKI Jakarta,JAKARTA BARAT,GROGOL PETAMBURAN,JELAMBAR BARU,Cacat Mental-Jiwa,Laki-laki,1,2018
7044,2018,DKI Jakarta,JAKARTA BARAT,GROGOL PETAMBURAN,JELAMBAR BARU,Cacat Lainnya,Laki-laki,1,2018
7045,2018,DKI Jakarta,JAKARTA BARAT,GROGOL PETAMBURAN,WIJAYA KUSUMA,Cacat Fisik,Laki-laki,20,2018
7046,2018,DKI Jakarta,JAKARTA BARAT,GROGOL PETAMBURAN,WIJAYA KUSUMA,Cacat Netra-Buta,Laki-laki,1,2018
7047,2018,DKI Jakarta,JAKARTA BARAT,GROGOL PETAMBURAN,WIJAYA KUSUMA,Cacat Rungu-Wicara,Laki-laki,3,2018
7048,2018,DKI Jakarta,JAKARTA BARAT,GROGOL PETAMBURAN,WIJAYA KUSUMA,Cacat Mental-Jiwa,Laki-laki,309,2018
7049,2018,DKI Jakarta,JAKARTA BARAT,GROGOL PETAMBURAN,WIJAYA KUSUMA,Cacat Fisik dan Mental,Laki-laki,0,2018
7050,2018,DKI Jakarta,JAKARTA BARAT,GROGOL PETAMBURAN,WIJAYA KUSUMA,Cacat Lainnya,Laki-laki,3,2018
7051,2018,DKI Jakarta,JAKARTA BARAT,TAMAN SARI,TAMAN SARI,Cacat Rungu-Wicara,Laki-laki,0,2018
7052,2018,DKI Jakarta,JAKARTA BARAT,TAMAN SARI,TAMAN SARI,Cacat Fisik dan Mental,Laki-laki,0,2018
7053,2018,DKI Jakarta,JAKARTA BARAT,TAMAN SARI,TAMAN SARI,Cacat Lainnya,Laki-laki,0,2018
7054,2018,DKI Jakarta,JAKARTA BARAT,TAMAN SARI,KRUKUT,Cacat Netra-Buta,Laki-laki,1,2018
7055,2018,DKI Jakarta,JAKARTA BARAT,TAMAN SARI,KRUKUT,Cacat Rungu-Wicara,Laki-laki,1,2018
7056,2018,DKI Jakarta,JAKARTA BARAT,TAMAN SARI,KRUKUT,Cacat Mental-Jiwa,Laki-laki,3,2018
7057,2018,DKI Jakarta,JAKARTA BARAT,TAMAN SARI,KRUKUT,Cacat Lainnya,Laki-laki,1,2018
7058,2018,DKI Jakarta,JAKARTA BARAT,TAMAN SARI,MAPHAR,Cacat Fisik,Laki-laki,1,2018
7059,2018,DKI Jakarta,JAKARTA BARAT,TAMAN SARI,MAPHAR,Cacat Netra-Buta,Laki-laki,5,2018
7060,2018,DKI Jakarta,JAKARTA BARAT,TAMAN SARI,MAPHAR,Cacat Lainnya,Laki-laki,1,2018
7061,2018,DKI Jakarta,JAKARTA BARAT,TAMAN SARI,TANGKI,Cacat Lainnya,Laki-laki,0,2018
7062,2018,DKI Jakarta,JAKARTA BARAT,TAMAN SARI,MANGGA BESAR,Cacat Rungu-Wicara,Laki-laki,1,2018
7063,2018,DKI Jakarta,JAKARTA BARAT,TAMAN SARI,MANGGA BESAR,Cacat Mental-Jiwa,Laki-laki,1,2018
7064,2018,DKI Jakarta,JAKARTA BARAT,TAMAN SARI,MANGGA BESAR,Cacat Lainnya,Laki-laki,1,2018
7065,2018,DKI Jakarta,JAKARTA BARAT,TAMAN SARI,KEAGUNGAN,Cacat Fisik,Laki-laki,1,2018
7066,2018,DKI Jakarta,JAKARTA BARAT,TAMAN SARI,KEAGUNGAN,Cacat Netra-Buta,Laki-laki,1,2018
7067,2018,DKI Jakarta,JAKARTA BARAT,TAMAN SARI,KEAGUNGAN,Cacat Rungu-Wicara,Laki-laki,2,2018
7068,2018,DKI Jakarta,JAKARTA BARAT,TAMAN SARI,KEAGUNGAN,Cacat Mental-Jiwa,Laki-laki,2,2018
7069,2018,DKI Jakarta,JAKARTA BARAT,TAMAN SARI,KEAGUNGAN,Cacat Lainnya,Laki-laki,0,2018
7070,2018,DKI Jakarta,JAKARTA TIMUR,CIRACAS,CIBUBUR,Cacat Fisik,Laki-laki,1,2018
7071,2018,DKI Jakarta,JAKARTA TIMUR,CIRACAS,CIBUBUR,Cacat Netra-Buta,Laki-laki,1,2018
7072,2018,DKI Jakarta,JAKARTA TIMUR,CIRACAS,CIBUBUR,Cacat Rungu-Wicara,Laki-laki,3,2018
7073,2018,DKI Jakarta,JAKARTA TIMUR,CIRACAS,CIBUBUR,Cacat Mental-Jiwa,Laki-laki,1,2018
7074,2018,DKI Jakarta,JAKARTA TIMUR,CIRACAS,CIBUBUR,Cacat Lainnya,Laki-laki,5,2018
7075,2018,DKI Jakarta,JAKARTA TIMUR,CIRACAS,KELAPA DUA WETAN,Cacat Fisik,Laki-laki,1,2018
7076,2018,DKI Jakarta,JAKARTA TIMUR,CIRACAS,KELAPA DUA WETAN,Cacat Netra-Buta,Laki-laki,0,2018
7077,2018,DKI Jakarta,JAKARTA TIMUR,CIRACAS,KELAPA DUA WETAN,Cacat Rungu-Wicara,Laki-laki,0,2018
7078,2018,DKI Jakarta,JAKARTA TIMUR,CIRACAS,KELAPA DUA WETAN,Cacat Mental-Jiwa,Laki-laki,0,2018
7079,2018,DKI Jakarta,JAKARTA TIMUR,CIRACAS,KELAPA DUA WETAN,Cacat Fisik dan Mental,Laki-laki,1,2018
7080,2018,DKI Jakarta,JAKARTA TIMUR,CIRACAS,KELAPA DUA WETAN,Cacat Lainnya,Laki-laki,19,2018
7081,2018,DKI Jakarta,JAKARTA TIMUR,CIRACAS,SUSUKAN,Cacat Fisik,Laki-laki,0,2018
7082,2018,DKI Jakarta,JAKARTA TIMUR,CIRACAS,SUSUKAN,Cacat Netra-Buta,Laki-laki,1,2018
7083,2018,DKI Jakarta,JAKARTA TIMUR,CIRACAS,SUSUKAN,Cacat Rungu-Wicara,Laki-laki,0,2018
7084,2018,DKI Jakarta,JAKARTA TIMUR,CIRACAS,SUSUKAN,Cacat Fisik dan Mental,Laki-laki,1,2018
7085,2018,DKI Jakarta,JAKARTA TIMUR,CIRACAS,SUSUKAN,Cacat Lainnya,Laki-laki,0,2018
7086,2018,DKI Jakarta,JAKARTA TIMUR,CIRACAS,RAMBUTAN,Cacat Fisik,Laki-laki,6,2018
7087,2018,DKI Jakarta,JAKARTA TIMUR,CIRACAS,RAMBUTAN,Cacat Netra-Buta,Laki-laki,1,2018
7088,2018,DKI Jakarta,JAKARTA TIMUR,CIRACAS,RAMBUTAN,Cacat Rungu-Wicara,Laki-laki,2,2018
7089,2018,DKI Jakarta,JAKARTA TIMUR,CIRACAS,RAMBUTAN,Cacat Lainnya,Laki-laki,3,2018
7090,2018,DKI Jakarta,JAKARTA TIMUR,CIPAYUNG,CIPAYUNG,Cacat Fisik,Laki-laki,3,2018
7091,2018,DKI Jakarta,JAKARTA TIMUR,CIPAYUNG,CIPAYUNG,Cacat Netra-Buta,Laki-laki,3,2018
7092,2018,DKI Jakarta,JAKARTA TIMUR,CIPAYUNG,CIPAYUNG,Cacat Rungu-Wicara,Laki-laki,2,2018
7093,2018,DKI Jakarta,JAKARTA TIMUR,CIPAYUNG,CIPAYUNG,Cacat Mental-Jiwa,Laki-laki,464,2018
7094,2018,DKI Jakarta,JAKARTA TIMUR,CIPAYUNG,CIPAYUNG,Cacat Fisik dan Mental,Laki-laki,0,2018
7095,2018,DKI Jakarta,JAKARTA TIMUR,CIPAYUNG,CIPAYUNG,Cacat Lainnya,Laki-laki,42,2018
7096,2018,DKI Jakarta,JAKARTA TIMUR,CIPAYUNG,CILANGKAP,Cacat Fisik,Laki-laki,2,2018
7097,2018,DKI Jakarta,JAKARTA TIMUR,CIPAYUNG,CILANGKAP,Cacat Rungu-Wicara,Laki-laki,0,2018
7098,2018,DKI Jakarta,JAKARTA TIMUR,CIPAYUNG,CILANGKAP,Cacat Mental-Jiwa,Laki-laki,1,2018
7099,2018,DKI Jakarta,JAKARTA TIMUR,CIPAYUNG,CILANGKAP,Cacat Lainnya,Laki-laki,2,2018
7100,2018,DKI Jakarta,JAKARTA TIMUR,CIPAYUNG,PONDOK RANGGON,Cacat Fisik,Laki-laki,0,2018
7101,2018,DKI Jakarta,JAKARTA TIMUR,CIPAYUNG,PONDOK RANGGON,Cacat Mental-Jiwa,Laki-laki,1,2018
7102,2018,DKI Jakarta,JAKARTA TIMUR,CIPAYUNG,PONDOK RANGGON,Cacat Lainnya,Laki-laki,0,2018
7103,2018,DKI Jakarta,JAKARTA TIMUR,CIPAYUNG,MUNJUL,Cacat Fisik,Laki-laki,3,2018
7104,2018,DKI Jakarta,JAKARTA TIMUR,CIPAYUNG,MUNJUL,Cacat Lainnya,Laki-laki,0,2018
7105,2018,DKI Jakarta,JAKARTA TIMUR,CIPAYUNG,SETU,Cacat Fisik,Laki-laki,1,2018
7106,2018,DKI Jakarta,JAKARTA TIMUR,CIPAYUNG,SETU,Cacat Rungu-Wicara,Laki-laki,0,2018
7107,2018,DKI Jakarta,JAKARTA TIMUR,CIPAYUNG,SETU,Cacat Lainnya,Laki-laki,2,2018
7108,2018,DKI Jakarta,JAKARTA TIMUR,CIPAYUNG,BAMBU APUS,Cacat Fisik,Laki-laki,1,2018
7109,2018,DKI Jakarta,JAKARTA TIMUR,CIPAYUNG,BAMBU APUS,Cacat Lainnya,Laki-laki,1,2018
7110,2018,DKI Jakarta,JAKARTA TIMUR,CIPAYUNG,LUBANG BUAYA,Cacat Rungu-Wicara,Laki-laki,0,2018
7111,2018,DKI Jakarta,JAKARTA TIMUR,CIPAYUNG,LUBANG BUAYA,Cacat Mental-Jiwa,Laki-laki,1,2018
7112,2018,DKI Jakarta,JAKARTA TIMUR,CIPAYUNG,LUBANG BUAYA,Cacat Lainnya,Laki-laki,2,2018
7113,2018,DKI Jakarta,JAKARTA TIMUR,CIPAYUNG,CEGER,Cacat Fisik,Laki-laki,1,2018
7114,2018,DKI Jakarta,JAKARTA SELATAN,KEBAYORAN LAMA,KEBAYORAN LAMA SELATAN,Cacat Mental-Jiwa,Perempuan,1,2018
7115,2018,DKI Jakarta,JAKARTA SELATAN,KEBAYORAN LAMA,KEBAYORAN LAMA SELATAN,Cacat Lainnya,Perempuan,0,2018
7116,2018,DKI Jakarta,JAKARTA SELATAN,CILANDAK,CILANDAK BARAT,Cacat Rungu-Wicara,Perempuan,1,2018
7117,2018,DKI Jakarta,JAKARTA SELATAN,CILANDAK,CILANDAK BARAT,Cacat Fisik dan Mental,Perempuan,0,2018
7118,2018,DKI Jakarta,JAKARTA SELATAN,CILANDAK,CILANDAK BARAT,Cacat Lainnya,Perempuan,1,2018
7119,2018,DKI Jakarta,JAKARTA SELATAN,CILANDAK,LEBAK BULUS,Cacat Fisik,Perempuan,1,2018
7120,2018,DKI Jakarta,JAKARTA SELATAN,CILANDAK,LEBAK BULUS,Cacat Rungu-Wicara,Perempuan,0,2018
7121,2018,DKI Jakarta,JAKARTA SELATAN,CILANDAK,LEBAK BULUS,Cacat Mental-Jiwa,Perempuan,0,2018
7122,2018,DKI Jakarta,JAKARTA SELATAN,CILANDAK,LEBAK BULUS,Cacat Lainnya,Perempuan,2,2018
7123,2018,DKI Jakarta,JAKARTA SELATAN,CILANDAK,PONDOK LABU,Cacat Fisik,Perempuan,2,2018
7124,2018,DKI Jakarta,JAKARTA SELATAN,CILANDAK,PONDOK LABU,Cacat Netra-Buta,Perempuan,1,2018
7125,2018,DKI Jakarta,JAKARTA SELATAN,CILANDAK,PONDOK LABU,Cacat Mental-Jiwa,Perempuan,2,2018
7126,2018,DKI Jakarta,JAKARTA SELATAN,CILANDAK,PONDOK LABU,Cacat Lainnya,Perempuan,1,2018
7127,2018,DKI Jakarta,JAKARTA SELATAN,CILANDAK,GANDARIA SELATAN,Cacat Fisik,Perempuan,1,2018
7128,2018,DKI Jakarta,JAKARTA SELATAN,CILANDAK,GANDARIA SELATAN,Cacat Netra-Buta,Perempuan,3,2018
7129,2018,DKI Jakarta,JAKARTA SELATAN,CILANDAK,GANDARIA SELATAN,Cacat Mental-Jiwa,Perempuan,0,2018
7130,2018,DKI Jakarta,JAKARTA SELATAN,CILANDAK,GANDARIA SELATAN,Cacat Lainnya,Perempuan,2,2018
7131,2018,DKI Jakarta,JAKARTA SELATAN,CILANDAK,CIPETE SELATAN,Cacat Fisik,Perempuan,0,2018
7132,2018,DKI Jakarta,JAKARTA SELATAN,CILANDAK,CIPETE SELATAN,Cacat Netra-Buta,Perempuan,0,2018
7133,2018,DKI Jakarta,JAKARTA SELATAN,CILANDAK,CIPETE SELATAN,Cacat Fisik dan Mental,Perempuan,0,2018
7134,2018,DKI Jakarta,JAKARTA SELATAN,CILANDAK,CIPETE SELATAN,Cacat Lainnya,Perempuan,1,2018
7135,2018,DKI Jakarta,JAKARTA SELATAN,KEBAYORAN BARU,MELAWAI,Cacat Fisik,Perempuan,0,2018
7136,2018,DKI Jakarta,JAKARTA SELATAN,KEBAYORAN BARU,MELAWAI,Cacat Mental-Jiwa,Perempuan,0,2018
7137,2018,DKI Jakarta,JAKARTA SELATAN,KEBAYORAN BARU,GUNUNG,Cacat Fisik,Perempuan,1,2018
7138,2018,DKI Jakarta,JAKARTA SELATAN,KEBAYORAN BARU,GUNUNG,Cacat Netra-Buta,Perempuan,1,2018
7139,2018,DKI Jakarta,JAKARTA SELATAN,KEBAYORAN BARU,GUNUNG,Cacat Rungu-Wicara,Perempuan,2,2018
7140,2018,DKI Jakarta,JAKARTA SELATAN,KEBAYORAN BARU,GUNUNG,Cacat Mental-Jiwa,Perempuan,0,2018
7141,2018,DKI Jakarta,JAKARTA SELATAN,KEBAYORAN BARU,KRAMAT PELA,Cacat Fisik,Perempuan,0,2018
7142,2018,DKI Jakarta,JAKARTA SELATAN,KEBAYORAN BARU,KRAMAT PELA,Cacat Mental-Jiwa,Perempuan,1,2018
7143,2018,DKI Jakarta,JAKARTA SELATAN,KEBAYORAN BARU,KRAMAT PELA,Cacat Lainnya,Perempuan,0,2018
7144,2018,DKI Jakarta,JAKARTA SELATAN,KEBAYORAN BARU,SELONG,Cacat Mental-Jiwa,Perempuan,1,2018
7145,2018,DKI Jakarta,JAKARTA SELATAN,KEBAYORAN BARU,RAWA BARAT,Cacat Mental-Jiwa,Perempuan,0,2018
7146,2018,DKI Jakarta,JAKARTA SELATAN,KEBAYORAN BARU,RAWA BARAT,Cacat Lainnya,Perempuan,1,2018
7147,2018,DKI Jakarta,JAKARTA SELATAN,KEBAYORAN BARU,SENAYAN,Cacat Mental-Jiwa,Perempuan,0,2018
7148,2018,DKI Jakarta,JAKARTA SELATAN,KEBAYORAN BARU,PULO,Cacat Fisik,Perempuan,0,2018
7149,2018,DKI Jakarta,JAKARTA SELATAN,KEBAYORAN BARU,PULO,Cacat Mental-Jiwa,Perempuan,1,2018
7150,2018,DKI Jakarta,JAKARTA SELATAN,KEBAYORAN BARU,PETOGOGAN,Cacat Mental-Jiwa,Perempuan,0,2018
7151,2018,DKI Jakarta,JAKARTA SELATAN,KEBAYORAN BARU,GANDARIA UTARA,Cacat Fisik,Perempuan,0,2018
7152,2018,DKI Jakarta,JAKARTA SELATAN,KEBAYORAN BARU,GANDARIA UTARA,Cacat Rungu-Wicara,Perempuan,0,2018
7153,2018,DKI Jakarta,JAKARTA SELATAN,KEBAYORAN BARU,GANDARIA UTARA,Cacat Mental-Jiwa,Perempuan,0,2018
7154,2018,DKI Jakarta,JAKARTA SELATAN,KEBAYORAN BARU,GANDARIA UTARA,Cacat Fisik dan Mental,Perempuan,0,2018
