{
"type": "FeatureCollection",
"name": "POIN SARPRAS KELURAHAN 2022",
"crs": { "type": "name", "properties": { "name": "urn:ogc:def:crs:OGC:1.3:CRS84" } },
"features": [
{ "type": "Feature", "properties": { "OBJECTID": 1, "KOTA": "JAKARTA TIMUR", "KECAMATAN": "CAKUNG", "KELURAHAN": "CAKUNG BARAT", "PERAHU_PE": 1, "RING_BUOY": 2, "SENTER_JJN": 5, "BAN_TRUK": 0, "MEGAPHONE": 0, "TENDA": 0, "VELBED": 0, "TANGGA": 0, "BILIK_ISO": 0, "PERAHU_JER": 0, "X": 106.934687032, "Y": -6.1730537110499997 }, "geometry": { "type": "Point", "coordinates": [ 106.934687032, -6.17305371105 ] } },
{ "type": "Feature", "properties": { "OBJECTID": 2, "KOTA": "JAKARTA TIMUR", "KECAMATAN": "CAKUNG", "KELURAHAN": "CAKUNG TIMUR", "PERAHU_PE": 2, "RING_BUOY": 4, "SENTER_JJN": 27, "BAN_TRUK": 0, "MEGAPHONE": 18, "TENDA": 1, "VELBED": 10, "TANGGA": 1, "BILIK_ISO": 10, "PERAHU_JER": 0, "X": 106.955330999, "Y": -6.1710058979599998 }, "geometry": { "type": "Point", "coordinates": [ 106.955330999, -6.17100589796 ] } },
{ "type": "Feature", "properties": { "OBJECTID": 3, "KOTA": "JAKARTA TIMUR", "KECAMATAN": "CAKUNG", "KELURAHAN": "JATINEGARA", "PERAHU_PE": 3, "RING_BUOY": 6, "SENTER_JJN": 13, "BAN_TRUK": 0, "MEGAPHONE": 0, "TENDA": 1, "VELBED": 10, "TANGGA": 1, "BILIK_ISO": 10, "PERAHU_JER": 0, "X": 106.916053417, "Y": -6.2034480252100002 }, "geometry": { "type": "Point", "coordinates": [ 106.916053417, -6.20344802521 ] } },
{ "type": "Feature", "properties": { "OBJECTID": 4, "KOTA": "JAKARTA TIMUR", "KECAMATAN": "CAKUNG", "KELURAHAN": "PENGGILINGAN", "PERAHU_PE": 1, "RING_BUOY": 2, "SENTER_JJN": 7, "BAN_TRUK": 0, "MEGAPHONE": 0, "TENDA": 1, "VELBED": 10, "TANGGA": 1, "BILIK_ISO": 10, "PERAHU_JER": 0, "X": 106.93484423699999, "Y": -6.2048421470099999 }, "geometry": { "type": "Point", "coordinates": [ 106.93484423699999, -6.20484214701 ] } },
{ "type": "Feature", "properties": { "OBJECTID": 5, "KOTA": "JAKARTA TIMUR", "KECAMATAN": "CAKUNG", "KELURAHAN": "PULO GEBANG", "PERAHU_PE": 0, "RING_BUOY": 0, "SENTER_JJN": 0, "BAN_TRUK": 0, "MEGAPHONE": 0, "TENDA": 0, "VELBED": 0, "TANGGA": 0, "BILIK_ISO": 0, "PERAHU_JER": 0, "X": 106.952955215, "Y": -6.2050070666400003 }, "geometry": { "type": "Point", "coordinates": [ 106.952955215, -6.20500706664 ] } },
{ "type": "Feature", "properties": { "OBJECTID": 6, "KOTA": "JAKARTA TIMUR", "KECAMATAN": "CAKUNG", "KELURAHAN": "RAWA TERATE", "PERAHU_PE": 1, "RING_BUOY": 2, "SENTER_JJN": 7, "BAN_TRUK": 4, "MEGAPHONE": 4, "TENDA": 0, "VELBED": 0, "TANGGA": 0, "BILIK_ISO": 0, "PERAHU_JER": 1, "X": 106.920447108, "Y": -6.1844717887699998 }, "geometry": { "type": "Point", "coordinates": [ 106.920447108, -6.18447178877 ] } },
{ "type": "Feature", "properties": { "OBJECTID": 7, "KOTA": "JAKARTA TIMUR", "KECAMATAN": "CAKUNG", "KELURAHAN": "UJUNG MENTENG", "PERAHU_PE": 1, "RING_BUOY": 2, "SENTER_JJN": 6, "BAN_TRUK": 0, "MEGAPHONE": 0, "TENDA": 0, "VELBED": 0, "TANGGA": 0, "BILIK_ISO": 0, "PERAHU_JER": 0, "X": 106.96334481300001, "Y": -6.1862760444399996 }, "geometry": { "type": "Point", "coordinates": [ 106.963344813, -6.18627604444 ] } },
{ "type": "Feature", "properties": { "OBJECTID": 8, "KOTA": "JAKARTA PUSAT", "KECAMATAN": "CEMPAKA PUTIH", "KELURAHAN": "CEMPAKA PUTIH BARAT", "PERAHU_PE": 0, "RING_BUOY": 0, "SENTER_JJN": 0, "BAN_TRUK": 0, "MEGAPHONE": 0, "TENDA": 0, "VELBED": 0, "TANGGA": 0, "BILIK_ISO": 0, "PERAHU_JER": 0, "X": 106.863845795, "Y": -6.1799298309599999 }, "geometry": { "type": "Point", "coordinates": [ 106.863845795, -6.17992983096 ] } },
{ "type": "Feature", "properties": { "OBJECTID": 9, "KOTA": "JAKARTA PUSAT", "KECAMATAN": "CEMPAKA PUTIH", "KELURAHAN": "CEMPAKA PUTIH TIMUR", "PERAHU_PE": 0, "RING_BUOY": 0, "SENTER_JJN": 0, "BAN_TRUK": 0, "MEGAPHONE": 0, "TENDA": 0, "VELBED": 0, "TANGGA": 0, "BILIK_ISO": 0, "PERAHU_JER": 0, "X": 106.871749154, "Y": -6.1760002173800004 }, "geometry": { "type": "Point", "coordinates": [ 106.871749154, -6.17600021738 ] } },
{ "type": "Feature", "properties": { "OBJECTID": 10, "KOTA": "JAKARTA PUSAT", "KECAMATAN": "CEMPAKA PUTIH", "KELURAHAN": "RAWASARI", "PERAHU_PE": 0, "RING_BUOY": 0, "SENTER_JJN": 0, "BAN_TRUK": 0, "MEGAPHONE": 0, "TENDA": 0, "VELBED": 0, "TANGGA": 0, "BILIK_ISO": 0, "PERAHU_JER": 0, "X": 106.866046508, "Y": -6.1904466279700001 }, "geometry": { "type": "Point", "coordinates": [ 106.866046508, -6.19044662797 ] } },
{ "type": "Feature", "properties": { "OBJECTID": 11, "KOTA": "JAKARTA BARAT", "KECAMATAN": "CENGKARENG", "KELURAHAN": "CENGKARENG BARAT", "PERAHU_PE": 2, "RING_BUOY": 4, "SENTER_JJN": 11, "BAN_TRUK": 0, "MEGAPHONE": 0, "TENDA": 1, "VELBED": 10, "TANGGA": 1, "BILIK_ISO": 10, "PERAHU_JER": 0, "X": 106.72388099699999, "Y": -6.1387390553300003 }, "geometry": { "type": "Point", "coordinates": [ 106.72388099699999, -6.13873905533 ] } },
{ "type": "Feature", "properties": { "OBJECTID": 12, "KOTA": "JAKARTA BARAT", "KECAMATAN": "CENGKARENG", "KELURAHAN": "CENGKARENG TIMUR", "PERAHU_PE": 1, "RING_BUOY": 2, "SENTER_JJN": 9, "BAN_TRUK": 0, "MEGAPHONE": 0, "TENDA": 0, "VELBED": 0, "TANGGA": 0, "BILIK_ISO": 0, "PERAHU_JER": 0, "X": 106.735525975, "Y": -6.1413104688700004 }, "geometry": { "type": "Point", "coordinates": [ 106.735525975, -6.14131046887 ] } },
{ "type": "Feature", "properties": { "OBJECTID": 13, "KOTA": "JAKARTA BARAT", "KECAMATAN": "CENGKARENG", "KELURAHAN": "DURI KOSAMBI", "PERAHU_PE": 2, "RING_BUOY": 4, "SENTER_JJN": 22, "BAN_TRUK": 0, "MEGAPHONE": 9, "TENDA": 1, "VELBED": 10, "TANGGA": 1, "BILIK_ISO": 1, "PERAHU_JER": 0, "X": 106.71923753900001, "Y": -6.1700106394800001 }, "geometry": { "type": "Point", "coordinates": [ 106.719237539, -6.17001063948 ] } },
{ "type": "Feature", "properties": { "OBJECTID": 14, "KOTA": "JAKARTA BARAT", "KECAMATAN": "CENGKARENG", "KELURAHAN": "KAPUK", "PERAHU_PE": 2, "RING_BUOY": 4, "SENTER_JJN": 18, "BAN_TRUK": 0, "MEGAPHONE": 4, "TENDA": 1, "VELBED": 10, "TANGGA": 1, "BILIK_ISO": 10, "PERAHU_JER": 0, "X": 106.75394404399999, "Y": -6.1421503603399996 }, "geometry": { "type": "Point", "coordinates": [ 106.75394404399999, -6.14215036034 ] } },
{ "type": "Feature", "properties": { "OBJECTID": 15, "KOTA": "JAKARTA BARAT", "KECAMATAN": "CENGKARENG", "KELURAHAN": "KEDAUNG KALI ANGKE", "PERAHU_PE": 1, "RING_BUOY": 2, "SENTER_JJN": 10, "BAN_TRUK": 0, "MEGAPHONE": 2, "TENDA": 0, "VELBED": 0, "TANGGA": 0, "BILIK_ISO": 0, "PERAHU_JER": 0, "X": 106.758576015, "Y": -6.1525694962199999 }, "geometry": { "type": "Point", "coordinates": [ 106.758576015, -6.15256949622 ] } },
{ "type": "Feature", "properties": { "OBJECTID": 16, "KOTA": "JAKARTA BARAT", "KECAMATAN": "CENGKARENG", "KELURAHAN": "RAWA BUAYA", "PERAHU_PE": 3, "RING_BUOY": 6, "SENTER_JJN": 12, "BAN_TRUK": 10, "MEGAPHONE": 0, "TENDA": 1, "VELBED": 10, "TANGGA": 1, "BILIK_ISO": 10, "PERAHU_JER": 0, "X": 106.736389151, "Y": -6.1628713554800001 }, "geometry": { "type": "Point", "coordinates": [ 106.736389151, -6.16287135548 ] } },
{ "type": "Feature", "properties": { "OBJECTID": 17, "KOTA": "JAKARTA SELATAN", "KECAMATAN": "CILANDAK", "KELURAHAN": "CILANDAK BARAT", "PERAHU_PE": 1, "RING_BUOY": 2, "SENTER_JJN": 4, "BAN_TRUK": 0, "MEGAPHONE": 0, "TENDA": 0, "VELBED": 0, "TANGGA": 0, "BILIK_ISO": 0, "PERAHU_JER": 0, "X": 106.79715625, "Y": -6.2905142959300004 }, "geometry": { "type": "Point", "coordinates": [ 106.79715625, -6.29051429593 ] } },
{ "type": "Feature", "properties": { "OBJECTID": 18, "KOTA": "JAKARTA SELATAN", "KECAMATAN": "CILANDAK", "KELURAHAN": "CIPETE SELATAN", "PERAHU_PE": 1, "RING_BUOY": 2, "SENTER_JJN": 2, "BAN_TRUK": 0, "MEGAPHONE": 0, "TENDA": 0, "VELBED": 0, "TANGGA": 0, "BILIK_ISO": 0, "PERAHU_JER": 0, "X": 106.805057304, "Y": -6.2727763278499999 }, "geometry": { "type": "Point", "coordinates": [ 106.805057304, -6.27277632785 ] } },
{ "type": "Feature", "properties": { "OBJECTID": 19, "KOTA": "JAKARTA SELATAN", "KECAMATAN": "CILANDAK", "KELURAHAN": "GANDARIA SELATAN", "PERAHU_PE": 0, "RING_BUOY": 0, "SENTER_JJN": 1, "BAN_TRUK": 0, "MEGAPHONE": 0, "TENDA": 0, "VELBED": 0, "TANGGA": 0, "BILIK_ISO": 0, "PERAHU_JER": 0, "X": 106.79301033599999, "Y": -6.2709437239100003 }, "geometry": { "type": "Point", "coordinates": [ 106.79301033599999, -6.27094372391 ] } },
{ "type": "Feature", "properties": { "OBJECTID": 20, "KOTA": "JAKARTA SELATAN", "KECAMATAN": "CILANDAK", "KELURAHAN": "LEBAK BULUS", "PERAHU_PE": 1, "RING_BUOY": 2, "SENTER_JJN": 2, "BAN_TRUK": 0, "MEGAPHONE": 0, "TENDA": 0, "VELBED": 0, "TANGGA": 0, "BILIK_ISO": 0, "PERAHU_JER": 0, "X": 106.778941577, "Y": -6.3011230546999997 }, "geometry": { "type": "Point", "coordinates": [ 106.778941577, -6.3011230547 ] } },
{ "type": "Feature", "properties": { "OBJECTID": 21, "KOTA": "JAKARTA SELATAN", "KECAMATAN": "CILANDAK", "KELURAHAN": "PONDOK LABU", "PERAHU_PE": 1, "RING_BUOY": 2, "SENTER_JJN": 10, "BAN_TRUK": 0, "MEGAPHONE": 4, "TENDA": 1, "VELBED": 10, "TANGGA": 1, "BILIK_ISO": 10, "PERAHU_JER": 0, "X": 106.797027586, "Y": -6.3092744378500001 }, "geometry": { "type": "Point", "coordinates": [ 106.797027586, -6.30927443785 ] } },
{ "type": "Feature", "properties": { "OBJECTID": 22, "KOTA": "JAKARTA UTARA", "KECAMATAN": "CILINCING", "KELURAHAN": "CILINCING", "PERAHU_PE": 1, "RING_BUOY": 2, "SENTER_JJN": 3, "BAN_TRUK": 0, "MEGAPHONE": 0, "TENDA": 0, "VELBED": 0, "TANGGA": 0, "BILIK_ISO": 0, "PERAHU_JER": 0, "X": 106.944815013, "Y": -6.1116681527600001 }, "geometry": { "type": "Point", "coordinates": [ 106.944815013, -6.11166815276 ] } },
{ "type": "Feature", "properties": { "OBJECTID": 23, "KOTA": "JAKARTA UTARA", "KECAMATAN": "CILINCING", "KELURAHAN": "KALIBARU", "PERAHU_PE": 1, "RING_BUOY": 2, "SENTER_JJN": 5, "BAN_TRUK": 0, "MEGAPHONE": 0, "TENDA": 0, "VELBED": 0, "TANGGA": 0, "BILIK_ISO": 0, "PERAHU_JER": 0, "X": 106.920144192, "Y": -6.1029333235200003 }, "geometry": { "type": "Point", "coordinates": [ 106.920144192, -6.10293332352 ] } },
{ "type": "Feature", "properties": { "OBJECTID": 24, "KOTA": "JAKARTA UTARA", "KECAMATAN": "CILINCING", "KELURAHAN": "MARUNDA", "PERAHU_PE": 1, "RING_BUOY": 2, "SENTER_JJN": 5, "BAN_TRUK": 0, "MEGAPHONE": 0, "TENDA": 0, "VELBED": 0, "TANGGA": 0, "BILIK_ISO": 0, "PERAHU_JER": 0, "X": 106.961284956, "Y": -6.1135010350899996 }, "geometry": { "type": "Point", "coordinates": [ 106.961284956, -6.11350103509 ] } },
{ "type": "Feature", "properties": { "OBJECTID": 25, "KOTA": "JAKARTA UTARA", "KECAMATAN": "CILINCING", "KELURAHAN": "ROROTAN", "PERAHU_PE": 1, "RING_BUOY": 2, "SENTER_JJN": 10, "BAN_TRUK": 2, "MEGAPHONE": 2, "TENDA": 1, "VELBED": 10, "TANGGA": 1, "BILIK_ISO": 10, "PERAHU_JER": 0, "X": 106.95526604699999, "Y": -6.1453229941999998 }, "geometry": { "type": "Point", "coordinates": [ 106.95526604699999, -6.1453229942 ] } },
{ "type": "Feature", "properties": { "OBJECTID": 26, "KOTA": "JAKARTA UTARA", "KECAMATAN": "CILINCING", "KELURAHAN": "SEMPER BARAT", "PERAHU_PE": 3, "RING_BUOY": 7, "SENTER_JJN": 33, "BAN_TRUK": 18, "MEGAPHONE": 18, "TENDA": 1, "VELBED": 10, "TANGGA": 1, "BILIK_ISO": 10, "PERAHU_JER": 0, "X": 106.924185233, "Y": -6.1258966395199996 }, "geometry": { "type": "Point", "coordinates": [ 106.924185233, -6.12589663952 ] } },
{ "type": "Feature", "properties": { "OBJECTID": 27, "KOTA": "JAKARTA UTARA", "KECAMATAN": "CILINCING", "KELURAHAN": "SEMPER TIMUR", "PERAHU_PE": 1, "RING_BUOY": 2, "SENTER_JJN": 14, "BAN_TRUK": 10, "MEGAPHONE": 10, "TENDA": 0, "VELBED": 0, "TANGGA": 0, "BILIK_ISO": 0, "PERAHU_JER": 0, "X": 106.93324883299999, "Y": -6.1207388597100003 }, "geometry": { "type": "Point", "coordinates": [ 106.93324883299999, -6.12073885971 ] } },
{ "type": "Feature", "properties": { "OBJECTID": 28, "KOTA": "JAKARTA UTARA", "KECAMATAN": "CILINCING", "KELURAHAN": "SUKAPURA", "PERAHU_PE": 1, "RING_BUOY": 2, "SENTER_JJN": 15, "BAN_TRUK": 7, "MEGAPHONE": 7, "TENDA": 1, "VELBED": 10, "TANGGA": 1, "BILIK_ISO": 10, "PERAHU_JER": 0, "X": 106.927973642, "Y": -6.1479623302700004 }, "geometry": { "type": "Point", "coordinates": [ 106.927973642, -6.14796233027 ] } },
{ "type": "Feature", "properties": { "OBJECTID": 29, "KOTA": "JAKARTA TIMUR", "KECAMATAN": "CIPAYUNG", "KELURAHAN": "BAMBU APUS", "PERAHU_PE": 1, "RING_BUOY": 2, "SENTER_JJN": 4, "BAN_TRUK": 0, "MEGAPHONE": 0, "TENDA": 0, "VELBED": 0, "TANGGA": 0, "BILIK_ISO": 0, "PERAHU_JER": 0, "X": 106.902306165, "Y": -6.3124241341899996 }, "geometry": { "type": "Point", "coordinates": [ 106.902306165, -6.31242413419 ] } },
{ "type": "Feature", "properties": { "OBJECTID": 30, "KOTA": "JAKARTA TIMUR", "KECAMATAN": "CIPAYUNG", "KELURAHAN": "CEGER", "PERAHU_PE": 1, "RING_BUOY": 2, "SENTER_JJN": 3, "BAN_TRUK": 0, "MEGAPHONE": 0, "TENDA": 0, "VELBED": 0, "TANGGA": 0, "BILIK_ISO": 0, "PERAHU_JER": 0, "X": 106.892393658, "Y": -6.3084923937799999 }, "geometry": { "type": "Point", "coordinates": [ 106.892393658, -6.30849239378 ] } },
{ "type": "Feature", "properties": { "OBJECTID": 31, "KOTA": "JAKARTA TIMUR", "KECAMATAN": "CIPAYUNG", "KELURAHAN": "CILANGKAP", "PERAHU_PE": 0, "RING_BUOY": 0, "SENTER_JJN": 0, "BAN_TRUK": 0, "MEGAPHONE": 0, "TENDA": 0, "VELBED": 0, "TANGGA": 0, "BILIK_ISO": 0, "PERAHU_JER": 0, "X": 106.908866777, "Y": -6.3335910823599999 }, "geometry": { "type": "Point", "coordinates": [ 106.908866777, -6.33359108236 ] } },
{ "type": "Feature", "properties": { "OBJECTID": 32, "KOTA": "JAKARTA TIMUR", "KECAMATAN": "CIPAYUNG", "KELURAHAN": "CIPAYUNG", "PERAHU_PE": 0, "RING_BUOY": 0, "SENTER_JJN": 0, "BAN_TRUK": 0, "MEGAPHONE": 0, "TENDA": 0, "VELBED": 0, "TANGGA": 0, "BILIK_ISO": 0, "PERAHU_JER": 0, "X": 106.89389744899999, "Y": -6.3290550339699996 }, "geometry": { "type": "Point", "coordinates": [ 106.89389744899999, -6.32905503397 ] } },
{ "type": "Feature", "properties": { "OBJECTID": 33, "KOTA": "JAKARTA TIMUR", "KECAMATAN": "CIPAYUNG", "KELURAHAN": "LUBANG BUAYA", "PERAHU_PE": 1, "RING_BUOY": 2, "SENTER_JJN": 4, "BAN_TRUK": 0, "MEGAPHONE": 0, "TENDA": 0, "VELBED": 0, "TANGGA": 0, "BILIK_ISO": 0, "PERAHU_JER": 0, "X": 106.903528833, "Y": -6.2939217335300004 }, "geometry": { "type": "Point", "coordinates": [ 106.903528833, -6.29392173353 ] } },
{ "type": "Feature", "properties": { "OBJECTID": 34, "KOTA": "JAKARTA TIMUR", "KECAMATAN": "CIPAYUNG", "KELURAHAN": "MUNJUL", "PERAHU_PE": 0, "RING_BUOY": 0, "SENTER_JJN": 0, "BAN_TRUK": 0, "MEGAPHONE": 0, "TENDA": 0, "VELBED": 0, "TANGGA": 0, "BILIK_ISO": 0, "PERAHU_JER": 0, "X": 106.89567772700001, "Y": -6.3478093873599999 }, "geometry": { "type": "Point", "coordinates": [ 106.895677727, -6.34780938736 ] } },
{ "type": "Feature", "properties": { "OBJECTID": 35, "KOTA": "JAKARTA TIMUR", "KECAMATAN": "CIPAYUNG", "KELURAHAN": "PONDOK RANGGON", "PERAHU_PE": 0, "RING_BUOY": 6, "SENTER_JJN": 0, "BAN_TRUK": 0, "MEGAPHONE": 0, "TENDA": 0, "VELBED": 0, "TANGGA": 0, "BILIK_ISO": 0, "PERAHU_JER": 0, "X": 106.906850499, "Y": -6.3553914839300001 }, "geometry": { "type": "Point", "coordinates": [ 106.906850499, -6.35539148393 ] } },
{ "type": "Feature", "properties": { "OBJECTID": 36, "KOTA": "JAKARTA TIMUR", "KECAMATAN": "CIPAYUNG", "KELURAHAN": "SETU", "PERAHU_PE": 1, "RING_BUOY": 2, "SENTER_JJN": 4, "BAN_TRUK": 0, "MEGAPHONE": 0, "TENDA": 0, "VELBED": 0, "TANGGA": 0, "BILIK_ISO": 0, "PERAHU_JER": 0, "X": 106.91480998900001, "Y": -6.3130363175 }, "geometry": { "type": "Point", "coordinates": [ 106.914809989, -6.3130363175 ] } },
{ "type": "Feature", "properties": { "OBJECTID": 37, "KOTA": "JAKARTA TIMUR", "KECAMATAN": "CIRACAS", "KELURAHAN": "CIBUBUR", "PERAHU_PE": 1, "RING_BUOY": 2, "SENTER_JJN": 4, "BAN_TRUK": 0, "MEGAPHONE": 0, "TENDA": 0, "VELBED": 0, "TANGGA": 0, "BILIK_ISO": 0, "PERAHU_JER": 0, "X": 106.88231527799999, "Y": -6.3573746197499998 }, "geometry": { "type": "Point", "coordinates": [ 106.88231527799999, -6.35737461975 ] } },
{ "type": "Feature", "properties": { "OBJECTID": 38, "KOTA": "JAKARTA TIMUR", "KECAMATAN": "CIRACAS", "KELURAHAN": "CIRACAS", "PERAHU_PE": 0, "RING_BUOY": 0, "SENTER_JJN": 0, "BAN_TRUK": 0, "MEGAPHONE": 0, "TENDA": 0, "VELBED": 0, "TANGGA": 0, "BILIK_ISO": 0, "PERAHU_JER": 0, "X": 106.875316693, "Y": -6.3260630004299996 }, "geometry": { "type": "Point", "coordinates": [ 106.875316693, -6.32606300043 ] } },
{ "type": "Feature", "properties": { "OBJECTID": 39, "KOTA": "JAKARTA TIMUR", "KECAMATAN": "CIRACAS", "KELURAHAN": "KELAPA DUA WETAN", "PERAHU_PE": 1, "RING_BUOY": 2, "SENTER_JJN": 54, "BAN_TRUK": 0, "MEGAPHONE": 0, "TENDA": 0, "VELBED": 0, "TANGGA": 0, "BILIK_ISO": 0, "PERAHU_JER": 0, "X": 106.88297088100001, "Y": -6.3411258226499996 }, "geometry": { "type": "Point", "coordinates": [ 106.882970881, -6.34112582265 ] } },
{ "type": "Feature", "properties": { "OBJECTID": 40, "KOTA": "JAKARTA TIMUR", "KECAMATAN": "CIRACAS", "KELURAHAN": "RAMBUTAN", "PERAHU_PE": 1, "RING_BUOY": 2, "SENTER_JJN": 5, "BAN_TRUK": 0, "MEGAPHONE": 0, "TENDA": 0, "VELBED": 0, "TANGGA": 0, "BILIK_ISO": 0, "PERAHU_JER": 0, "X": 106.877748336, "Y": -6.3071037907300003 }, "geometry": { "type": "Point", "coordinates": [ 106.877748336, -6.30710379073 ] } },
{ "type": "Feature", "properties": { "OBJECTID": 41, "KOTA": "JAKARTA TIMUR", "KECAMATAN": "CIRACAS", "KELURAHAN": "SUSUKAN", "PERAHU_PE": 0, "RING_BUOY": 0, "SENTER_JJN": 13, "BAN_TRUK": 0, "MEGAPHONE": 0, "TENDA": 0, "VELBED": 0, "TANGGA": 0, "BILIK_ISO": 0, "PERAHU_JER": 0, "X": 106.868841471, "Y": -6.3124814090400001 }, "geometry": { "type": "Point", "coordinates": [ 106.868841471, -6.31248140904 ] } },
{ "type": "Feature", "properties": { "OBJECTID": 42, "KOTA": "JAKARTA TIMUR", "KECAMATAN": "DUREN SAWIT", "KELURAHAN": "DUREN SAWIT", "PERAHU_PE": 3, "RING_BUOY": 6, "SENTER_JJN": 15, "BAN_TRUK": 0, "MEGAPHONE": 0, "TENDA": 1, "VELBED": 10, "TANGGA": 1, "BILIK_ISO": 10, "PERAHU_JER": 1, "X": 106.915721256, "Y": -6.2332842022000001 }, "geometry": { "type": "Point", "coordinates": [ 106.915721256, -6.2332842022 ] } },
{ "type": "Feature", "properties": { "OBJECTID": 43, "KOTA": "JAKARTA TIMUR", "KECAMATAN": "DUREN SAWIT", "KELURAHAN": "KLENDER", "PERAHU_PE": 1, "RING_BUOY": 2, "SENTER_JJN": 11, "BAN_TRUK": 0, "MEGAPHONE": 0, "TENDA": 1, "VELBED": 10, "TANGGA": 1, "BILIK_ISO": 10, "PERAHU_JER": 0, "X": 106.908136211, "Y": -6.2185124135000001 }, "geometry": { "type": "Point", "coordinates": [ 106.908136211, -6.2185124135 ] } },
{ "type": "Feature", "properties": { "OBJECTID": 44, "KOTA": "JAKARTA TIMUR", "KECAMATAN": "DUREN SAWIT", "KELURAHAN": "MALAKA JAYA", "PERAHU_PE": 0, "RING_BUOY": 0, "SENTER_JJN": 0, "BAN_TRUK": 0, "MEGAPHONE": 0, "TENDA": 0, "VELBED": 0, "TANGGA": 0, "BILIK_ISO": 0, "PERAHU_JER": 0, "X": 106.934847186, "Y": -6.2233326402199998 }, "geometry": { "type": "Point", "coordinates": [ 106.934847186, -6.22333264022 ] } },
{ "type": "Feature", "properties": { "OBJECTID": 45, "KOTA": "JAKARTA TIMUR", "KECAMATAN": "DUREN SAWIT", "KELURAHAN": "MALAKA SARI", "PERAHU_PE": 0, "RING_BUOY": 0, "SENTER_JJN": 0, "BAN_TRUK": 0, "MEGAPHONE": 0, "TENDA": 0, "VELBED": 0, "TANGGA": 0, "BILIK_ISO": 0, "PERAHU_JER": 0, "X": 106.928425594, "Y": -6.2238442227900004 }, "geometry": { "type": "Point", "coordinates": [ 106.928425594, -6.22384422279 ] } },
{ "type": "Feature", "properties": { "OBJECTID": 46, "KOTA": "JAKARTA TIMUR", "KECAMATAN": "DUREN SAWIT", "KELURAHAN": "PONDOK BAMBU", "PERAHU_PE": 1, "RING_BUOY": 2, "SENTER_JJN": 5, "BAN_TRUK": 0, "MEGAPHONE": 0, "TENDA": 0, "VELBED": 0, "TANGGA": 0, "BILIK_ISO": 0, "PERAHU_JER": 0, "X": 106.900878416, "Y": -6.2348484661699999 }, "geometry": { "type": "Point", "coordinates": [ 106.900878416, -6.23484846617 ] } },
{ "type": "Feature", "properties": { "OBJECTID": 47, "KOTA": "JAKARTA TIMUR", "KECAMATAN": "DUREN SAWIT", "KELURAHAN": "PONDOK KELAPA", "PERAHU_PE": 2, "RING_BUOY": 4, "SENTER_JJN": 8, "BAN_TRUK": 0, "MEGAPHONE": 0, "TENDA": 1, "VELBED": 10, "TANGGA": 1, "BILIK_ISO": 10, "PERAHU_JER": 0, "X": 106.93188772000001, "Y": -6.2434239849199997 }, "geometry": { "type": "Point", "coordinates": [ 106.93188772, -6.24342398492 ] } },
{ "type": "Feature", "properties": { "OBJECTID": 48, "KOTA": "JAKARTA TIMUR", "KECAMATAN": "DUREN SAWIT", "KELURAHAN": "PONDOK KOPI", "PERAHU_PE": 1, "RING_BUOY": 2, "SENTER_JJN": 5, "BAN_TRUK": 0, "MEGAPHONE": 0, "TENDA": 0, "VELBED": 0, "TANGGA": 0, "BILIK_ISO": 0, "PERAHU_JER": 0, "X": 106.942525108, "Y": -6.2269617422500003 }, "geometry": { "type": "Point", "coordinates": [ 106.942525108, -6.22696174225 ] } },
{ "type": "Feature", "properties": { "OBJECTID": 49, "KOTA": "JAKARTA PUSAT", "KECAMATAN": "GAMBIR", "KELURAHAN": "CIDENG", "PERAHU_PE": 0, "RING_BUOY": 2, "SENTER_JJN": 0, "BAN_TRUK": 0, "MEGAPHONE": 0, "TENDA": 0, "VELBED": 0, "TANGGA": 0, "BILIK_ISO": 0, "PERAHU_JER": 0, "X": 106.80831082100001, "Y": -6.1729803094199998 }, "geometry": { "type": "Point", "coordinates": [ 106.808310821, -6.17298030942 ] } },
{ "type": "Feature", "properties": { "OBJECTID": 50, "KOTA": "JAKARTA PUSAT", "KECAMATAN": "GAMBIR", "KELURAHAN": "DURI PULO", "PERAHU_PE": 0, "RING_BUOY": 2, "SENTER_JJN": 0, "BAN_TRUK": 0, "MEGAPHONE": 0, "TENDA": 0, "VELBED": 0, "TANGGA": 0, "BILIK_ISO": 0, "PERAHU_JER": 0, "X": 106.804582465, "Y": -6.1633807996099996 }, "geometry": { "type": "Point", "coordinates": [ 106.804582465, -6.16338079961 ] } },
{ "type": "Feature", "properties": { "OBJECTID": 51, "KOTA": "JAKARTA PUSAT", "KECAMATAN": "GAMBIR", "KELURAHAN": "GAMBIR", "PERAHU_PE": 0, "RING_BUOY": 0, "SENTER_JJN": 0, "BAN_TRUK": 0, "MEGAPHONE": 0, "TENDA": 0, "VELBED": 0, "TANGGA": 0, "BILIK_ISO": 0, "PERAHU_JER": 0, "X": 106.826707357, "Y": -6.1763842690199997 }, "geometry": { "type": "Point", "coordinates": [ 106.826707357, -6.17638426902 ] } },
{ "type": "Feature", "properties": { "OBJECTID": 52, "KOTA": "JAKARTA PUSAT", "KECAMATAN": "GAMBIR", "KELURAHAN": "KEBON KELAPA", "PERAHU_PE": 0, "RING_BUOY": 0, "SENTER_JJN": 0, "BAN_TRUK": 0, "MEGAPHONE": 0, "TENDA": 0, "VELBED": 0, "TANGGA": 0, "BILIK_ISO": 0, "PERAHU_JER": 0, "X": 106.824549975, "Y": -6.1641506143000004 }, "geometry": { "type": "Point", "coordinates": [ 106.824549975, -6.1641506143 ] } },
{ "type": "Feature", "properties": { "OBJECTID": 53, "KOTA": "JAKARTA PUSAT", "KECAMATAN": "GAMBIR", "KELURAHAN": "PETOJO SELATAN", "PERAHU_PE": 0, "RING_BUOY": 0, "SENTER_JJN": 0, "BAN_TRUK": 0, "MEGAPHONE": 0, "TENDA": 0, "VELBED": 0, "TANGGA": 0, "BILIK_ISO": 0, "PERAHU_JER": 0, "X": 106.816407974, "Y": -6.1747707615099996 }, "geometry": { "type": "Point", "coordinates": [ 106.816407974, -6.17477076151 ] } },
{ "type": "Feature", "properties": { "OBJECTID": 54, "KOTA": "JAKARTA PUSAT", "KECAMATAN": "GAMBIR", "KELURAHAN": "PETOJO UTARA", "PERAHU_PE": 0, "RING_BUOY": 3, "SENTER_JJN": 0, "BAN_TRUK": 0, "MEGAPHONE": 0, "TENDA": 0, "VELBED": 0, "TANGGA": 0, "BILIK_ISO": 0, "PERAHU_JER": 0, "X": 106.81529945, "Y": -6.1653537826899996 }, "geometry": { "type": "Point", "coordinates": [ 106.81529945, -6.16535378269 ] } },
{ "type": "Feature", "properties": { "OBJECTID": 55, "KOTA": "JAKARTA BARAT", "KECAMATAN": "GROGOL PETAMBURAN", "KELURAHAN": "GROGOL", "PERAHU_PE": 0, "RING_BUOY": 8, "SENTER_JJN": 0, "BAN_TRUK": 0, "MEGAPHONE": 0, "TENDA": 1, "VELBED": 0, "TANGGA": 0, "BILIK_ISO": 0, "PERAHU_JER": 0, "X": 106.7943253, "Y": -6.1618468051699997 }, "geometry": { "type": "Point", "coordinates": [ 106.7943253, -6.16184680517 ] } },
{ "type": "Feature", "properties": { "OBJECTID": 56, "KOTA": "JAKARTA BARAT", "KECAMATAN": "GROGOL PETAMBURAN", "KELURAHAN": "JELAMBAR", "PERAHU_PE": 0, "RING_BUOY": 0, "SENTER_JJN": 0, "BAN_TRUK": 0, "MEGAPHONE": 0, "TENDA": 0, "VELBED": 0, "TANGGA": 0, "BILIK_ISO": 0, "PERAHU_JER": 0, "X": 106.78576281, "Y": -6.15939922945 }, "geometry": { "type": "Point", "coordinates": [ 106.78576281, -6.15939922945 ] } },
{ "type": "Feature", "properties": { "OBJECTID": 57, "KOTA": "JAKARTA BARAT", "KECAMATAN": "GROGOL PETAMBURAN", "KELURAHAN": "JELAMBAR BARU", "PERAHU_PE": 2, "RING_BUOY": 4, "SENTER_JJN": 11, "BAN_TRUK": 0, "MEGAPHONE": 0, "TENDA": 1, "VELBED": 10, "TANGGA": 1, "BILIK_ISO": 10, "PERAHU_JER": 0, "X": 106.78722699399999, "Y": -6.1490945083700002 }, "geometry": { "type": "Point", "coordinates": [ 106.78722699399999, -6.14909450837 ] } },
{ "type": "Feature", "properties": { "OBJECTID": 58, "KOTA": "JAKARTA BARAT", "KECAMATAN": "GROGOL PETAMBURAN", "KELURAHAN": "TANJUNG DUREN SELATAN", "PERAHU_PE": 0, "RING_BUOY": 3, "SENTER_JJN": 0, "BAN_TRUK": 0, "MEGAPHONE": 0, "TENDA": 1, "VELBED": 0, "TANGGA": 0, "BILIK_ISO": 0, "PERAHU_JER": 0, "X": 106.78859556, "Y": -6.1793524455000002 }, "geometry": { "type": "Point", "coordinates": [ 106.78859556, -6.1793524455 ] } },
{ "type": "Feature", "properties": { "OBJECTID": 59, "KOTA": "JAKARTA BARAT", "KECAMATAN": "GROGOL PETAMBURAN", "KELURAHAN": "TANJUNG DUREN UTARA", "PERAHU_PE": 1, "RING_BUOY": 2, "SENTER_JJN": 4, "BAN_TRUK": 0, "MEGAPHONE": 0, "TENDA": 0, "VELBED": 0, "TANGGA": 0, "BILIK_ISO": 0, "PERAHU_JER": 0, "X": 106.78327246000001, "Y": -6.17281865102 }, "geometry": { "type": "Point", "coordinates": [ 106.78327246, -6.17281865102 ] } },
{ "type": "Feature", "properties": { "OBJECTID": 60, "KOTA": "JAKARTA BARAT", "KECAMATAN": "GROGOL PETAMBURAN", "KELURAHAN": "TOMANG", "PERAHU_PE": 1, "RING_BUOY": 2, "SENTER_JJN": 4, "BAN_TRUK": 0, "MEGAPHONE": 0, "TENDA": 0, "VELBED": 0, "TANGGA": 0, "BILIK_ISO": 0, "PERAHU_JER": 0, "X": 106.79647396599999, "Y": -6.1717389965700002 }, "geometry": { "type": "Point", "coordinates": [ 106.79647396599999, -6.17173899657 ] } },
{ "type": "Feature", "properties": { "OBJECTID": 61, "KOTA": "JAKARTA BARAT", "KECAMATAN": "GROGOL PETAMBURAN", "KELURAHAN": "WIJAYA KUSUMA", "PERAHU_PE": 1, "RING_BUOY": 2, "SENTER_JJN": 8, "BAN_TRUK": 0, "MEGAPHONE": 0, "TENDA": 0, "VELBED": 0, "TANGGA": 0, "BILIK_ISO": 0, "PERAHU_JER": 0, "X": 106.775908824, "Y": -6.15482147054 }, "geometry": { "type": "Point", "coordinates": [ 106.775908824, -6.15482147054 ] } },
{ "type": "Feature", "properties": { "OBJECTID": 62, "KOTA": "JAKARTA SELATAN", "KECAMATAN": "JAGAKARSA", "KELURAHAN": "CIGANJUR", "PERAHU_PE": 1, "RING_BUOY": 2, "SENTER_JJN": 6, "BAN_TRUK": 0, "MEGAPHONE": 0, "TENDA": 1, "VELBED": 10, "TANGGA": 1, "BILIK_ISO": 10, "PERAHU_JER": 0, "X": 106.808670397, "Y": -6.3363558304399996 }, "geometry": { "type": "Point", "coordinates": [ 106.808670397, -6.33635583044 ] } },
{ "type": "Feature", "properties": { "OBJECTID": 63, "KOTA": "JAKARTA SELATAN", "KECAMATAN": "JAGAKARSA", "KELURAHAN": "CIPEDAK", "PERAHU_PE": 1, "RING_BUOY": 2, "SENTER_JJN": 6, "BAN_TRUK": 0, "MEGAPHONE": 0, "TENDA": 1, "VELBED": 10, "TANGGA": 1, "BILIK_ISO": 10, "PERAHU_JER": 0, "X": 106.802083998, "Y": -6.3536991348800003 }, "geometry": { "type": "Point", "coordinates": [ 106.802083998, -6.35369913488 ] } },
{ "type": "Feature", "properties": { "OBJECTID": 64, "KOTA": "JAKARTA SELATAN", "KECAMATAN": "JAGAKARSA", "KELURAHAN": "JAGAKARSA", "PERAHU_PE": 0, "RING_BUOY": 0, "SENTER_JJN": 1, "BAN_TRUK": 0, "MEGAPHONE": 0, "TENDA": 0, "VELBED": 0, "TANGGA": 0, "BILIK_ISO": 0, "PERAHU_JER": 0, "X": 106.81924734499999, "Y": -6.3253729129699998 }, "geometry": { "type": "Point", "coordinates": [ 106.81924734499999, -6.32537291297 ] } },
{ "type": "Feature", "properties": { "OBJECTID": 65, "KOTA": "JAKARTA SELATAN", "KECAMATAN": "JAGAKARSA", "KELURAHAN": "LENTENG AGUNG", "PERAHU_PE": 1, "RING_BUOY": 2, "SENTER_JJN": 4, "BAN_TRUK": 0, "MEGAPHONE": 0, "TENDA": 1, "VELBED": 10, "TANGGA": 1, "BILIK_ISO": 10, "PERAHU_JER": 0, "X": 106.836903967, "Y": -6.3256643987 }, "geometry": { "type": "Point", "coordinates": [ 106.836903967, -6.3256643987 ] } },
{ "type": "Feature", "properties": { "OBJECTID": 66, "KOTA": "JAKARTA SELATAN", "KECAMATAN": "JAGAKARSA", "KELURAHAN": "SRENGSENG SAWAH", "PERAHU_PE": 1, "RING_BUOY": 0, "SENTER_JJN": 0, "BAN_TRUK": 0, "MEGAPHONE": 0, "TENDA": 0, "VELBED": 0, "TANGGA": 0, "BILIK_ISO": 0, "PERAHU_JER": 0, "X": 106.824459906, "Y": -6.3483979428900001 }, "geometry": { "type": "Point", "coordinates": [ 106.824459906, -6.34839794289 ] } },
{ "type": "Feature", "properties": { "OBJECTID": 67, "KOTA": "JAKARTA SELATAN", "KECAMATAN": "JAGAKARSA", "KELURAHAN": "TANJUNG BARAT", "PERAHU_PE": 1, "RING_BUOY": 2, "SENTER_JJN": 3, "BAN_TRUK": 0, "MEGAPHONE": 0, "TENDA": 0, "VELBED": 0, "TANGGA": 0, "BILIK_ISO": 0, "PERAHU_JER": 0, "X": 106.84749725499999, "Y": -6.3067580115000004 }, "geometry": { "type": "Point", "coordinates": [ 106.84749725499999, -6.3067580115 ] } },
{ "type": "Feature", "properties": { "OBJECTID": 68, "KOTA": "JAKARTA TIMUR", "KECAMATAN": "JATINEGARA", "KELURAHAN": "BALI MESTER", "PERAHU_PE": 0, "RING_BUOY": 0, "SENTER_JJN": 0, "BAN_TRUK": 0, "MEGAPHONE": 0, "TENDA": 0, "VELBED": 0, "TANGGA": 0, "BILIK_ISO": 0, "PERAHU_JER": 0, "X": 106.866365347, "Y": -6.2195453125700002 }, "geometry": { "type": "Point", "coordinates": [ 106.866365347, -6.21954531257 ] } },
{ "type": "Feature", "properties": { "OBJECTID": 69, "KOTA": "JAKARTA TIMUR", "KECAMATAN": "JATINEGARA", "KELURAHAN": "BIDARA CINA", "PERAHU_PE": 2, "RING_BUOY": 4, "SENTER_JJN": 12, "BAN_TRUK": 8, "MEGAPHONE": 4, "TENDA": 1, "VELBED": 10, "TANGGA": 1, "BILIK_ISO": 10, "PERAHU_JER": 0, "X": 106.86695250699999, "Y": -6.2353721364399997 }, "geometry": { "type": "Point", "coordinates": [ 106.86695250699999, -6.23537213644 ] } },
{ "type": "Feature", "properties": { "OBJECTID": 70, "KOTA": "JAKARTA TIMUR", "KECAMATAN": "JATINEGARA", "KELURAHAN": "CIPINANG BESAR SELATAN", "PERAHU_PE": 1, "RING_BUOY": 2, "SENTER_JJN": 2, "BAN_TRUK": 0, "MEGAPHONE": 0, "TENDA": 0, "VELBED": 0, "TANGGA": 0, "BILIK_ISO": 0, "PERAHU_JER": 0, "X": 106.88083547700001, "Y": -6.22976803242 }, "geometry": { "type": "Point", "coordinates": [ 106.880835477, -6.22976803242 ] } },
{ "type": "Feature", "properties": { "OBJECTID": 71, "KOTA": "JAKARTA TIMUR", "KECAMATAN": "JATINEGARA", "KELURAHAN": "CIPINANG BESAR UTARA", "PERAHU_PE": 0, "RING_BUOY": 0, "SENTER_JJN": 0, "BAN_TRUK": 0, "MEGAPHONE": 0, "TENDA": 0, "VELBED": 0, "TANGGA": 0, "BILIK_ISO": 0, "PERAHU_JER": 0, "X": 106.879586641, "Y": -6.2186348030299996 }, "geometry": { "type": "Point", "coordinates": [ 106.879586641, -6.21863480303 ] } },
{ "type": "Feature", "properties": { "OBJECTID": 72, "KOTA": "JAKARTA TIMUR", "KECAMATAN": "JATINEGARA", "KELURAHAN": "CIPINANG CEMPEDAK", "PERAHU_PE": 0, "RING_BUOY": 0, "SENTER_JJN": 0, "BAN_TRUK": 0, "MEGAPHONE": 0, "TENDA": 0, "VELBED": 0, "TANGGA": 0, "BILIK_ISO": 0, "PERAHU_JER": 0, "X": 106.873471678, "Y": -6.2366148032700002 }, "geometry": { "type": "Point", "coordinates": [ 106.873471678, -6.23661480327 ] } },
{ "type": "Feature", "properties": { "OBJECTID": 73, "KOTA": "JAKARTA TIMUR", "KECAMATAN": "JATINEGARA", "KELURAHAN": "CIPINANG MUARA", "PERAHU_PE": 2, "RING_BUOY": 4, "SENTER_JJN": 7, "BAN_TRUK": 0, "MEGAPHONE": 0, "TENDA": 1, "VELBED": 10, "TANGGA": 1, "BILIK_ISO": 10, "PERAHU_JER": 0, "X": 106.889222627, "Y": -6.2261169069899998 }, "geometry": { "type": "Point", "coordinates": [ 106.889222627, -6.22611690699 ] } },
{ "type": "Feature", "properties": { "OBJECTID": 74, "KOTA": "JAKARTA TIMUR", "KECAMATAN": "JATINEGARA", "KELURAHAN": "KAMPUNG MELAYU", "PERAHU_PE": 2, "RING_BUOY": 4, "SENTER_JJN": 39, "BAN_TRUK": 41, "MEGAPHONE": 31, "TENDA": 1, "VELBED": 10, "TANGGA": 1, "BILIK_ISO": 10, "PERAHU_JER": 0, "X": 106.861277599, "Y": -6.2173848126699998 }, "geometry": { "type": "Point", "coordinates": [ 106.861277599, -6.21738481267 ] } },
{ "type": "Feature", "properties": { "OBJECTID": 75, "KOTA": "JAKARTA TIMUR", "KECAMATAN": "JATINEGARA", "KELURAHAN": "RAWA BUNGA", "PERAHU_PE": 1, "RING_BUOY": 2, "SENTER_JJN": 14, "BAN_TRUK": 0, "MEGAPHONE": 10, "TENDA": 0, "VELBED": 0, "TANGGA": 0, "BILIK_ISO": 0, "PERAHU_JER": 0, "X": 106.871327091, "Y": -6.2199619301300002 }, "geometry": { "type": "Point", "coordinates": [ 106.871327091, -6.21996193013 ] } },
{ "type": "Feature", "properties": { "OBJECTID": 76, "KOTA": "JAKARTA PUSAT", "KECAMATAN": "JOHAR BARU", "KELURAHAN": "GALUR", "PERAHU_PE": 0, "RING_BUOY": 0, "SENTER_JJN": 0, "BAN_TRUK": 0, "MEGAPHONE": 0, "TENDA": 0, "VELBED": 0, "TANGGA": 0, "BILIK_ISO": 0, "PERAHU_JER": 0, "X": 106.85543630399999, "Y": -6.1761707877700003 }, "geometry": { "type": "Point", "coordinates": [ 106.85543630399999, -6.17617078777 ] } },
{ "type": "Feature", "properties": { "OBJECTID": 77, "KOTA": "JAKARTA PUSAT", "KECAMATAN": "JOHAR BARU", "KELURAHAN": "JOHAR BARU", "PERAHU_PE": 1, "RING_BUOY": 2, "SENTER_JJN": 9, "BAN_TRUK": 0, "MEGAPHONE": 0, "TENDA": 1, "VELBED": 10, "TANGGA": 1, "BILIK_ISO": 10, "PERAHU_JER": 0, "X": 106.857029645, "Y": -6.1856986472999997 }, "geometry": { "type": "Point", "coordinates": [ 106.857029645, -6.1856986473 ] } },
{ "type": "Feature", "properties": { "OBJECTID": 78, "KOTA": "JAKARTA PUSAT", "KECAMATAN": "JOHAR BARU", "KELURAHAN": "KAMPUNG RAWA", "PERAHU_PE": 0, "RING_BUOY": 0, "SENTER_JJN": 0, "BAN_TRUK": 0, "MEGAPHONE": 0, "TENDA": 0, "VELBED": 0, "TANGGA": 0, "BILIK_ISO": 0, "PERAHU_JER": 0, "X": 106.85551323, "Y": -6.1795035694299996 }, "geometry": { "type": "Point", "coordinates": [ 106.85551323, -6.17950356943 ] } },
{ "type": "Feature", "properties": { "OBJECTID": 79, "KOTA": "JAKARTA PUSAT", "KECAMATAN": "JOHAR BARU", "KELURAHAN": "TANAH TINGGI", "PERAHU_PE": 0, "RING_BUOY": 2, "SENTER_JJN": 0, "BAN_TRUK": 0, "MEGAPHONE": 0, "TENDA": 0, "VELBED": 0, "TANGGA": 0, "BILIK_ISO": 0, "PERAHU_JER": 0, "X": 106.84924869300001, "Y": -6.1792260733899997 }, "geometry": { "type": "Point", "coordinates": [ 106.849248693, -6.17922607339 ] } },
{ "type": "Feature", "properties": { "OBJECTID": 80, "KOTA": "JAKARTA BARAT", "KECAMATAN": "KALI DERES", "KELURAHAN": "KALIDERES", "PERAHU_PE": 2, "RING_BUOY": 4, "SENTER_JJN": 20, "BAN_TRUK": 0, "MEGAPHONE": 9, "TENDA": 1, "VELBED": 10, "TANGGA": 1, "BILIK_ISO": 10, "PERAHU_JER": 0, "X": 106.69878552, "Y": -6.1492278043199997 }, "geometry": { "type": "Point", "coordinates": [ 106.69878552, -6.14922780432 ] } },
{ "type": "Feature", "properties": { "OBJECTID": 81, "KOTA": "JAKARTA BARAT", "KECAMATAN": "KALI DERES", "KELURAHAN": "KAMAL", "PERAHU_PE": 1, "RING_BUOY": 2, "SENTER_JJN": 13, "BAN_TRUK": 0, "MEGAPHONE": 6, "TENDA": 0, "VELBED": 0, "TANGGA": 0, "BILIK_ISO": 0, "PERAHU_JER": 0, "X": 106.70005348, "Y": -6.1065608771699997 }, "geometry": { "type": "Point", "coordinates": [ 106.70005348, -6.10656087717 ] } },
{ "type": "Feature", "properties": { "OBJECTID": 82, "KOTA": "JAKARTA BARAT", "KECAMATAN": "KALI DERES", "KELURAHAN": "PEGADUNGAN", "PERAHU_PE": 1, "RING_BUOY": 2, "SENTER_JJN": 7, "BAN_TRUK": 0, "MEGAPHONE": 0, "TENDA": 0, "VELBED": 0, "TANGGA": 0, "BILIK_ISO": 0, "PERAHU_JER": 0, "X": 106.70246373800001, "Y": -6.1327684661699999 }, "geometry": { "type": "Point", "coordinates": [ 106.702463738, -6.13276846617 ] } },
{ "type": "Feature", "properties": { "OBJECTID": 83, "KOTA": "JAKARTA BARAT", "KECAMATAN": "KALI DERES", "KELURAHAN": "SEMANAN", "PERAHU_PE": 1, "RING_BUOY": 2, "SENTER_JJN": 10, "BAN_TRUK": 0, "MEGAPHONE": 4, "TENDA": 0, "VELBED": 0, "TANGGA": 0, "BILIK_ISO": 0, "PERAHU_JER": 0, "X": 106.702426485, "Y": -6.1661801845899999 }, "geometry": { "type": "Point", "coordinates": [ 106.702426485, -6.16618018459 ] } },
{ "type": "Feature", "properties": { "OBJECTID": 84, "KOTA": "JAKARTA BARAT", "KECAMATAN": "KALI DERES", "KELURAHAN": "TEGAL ALUR", "PERAHU_PE": 1, "RING_BUOY": 2, "SENTER_JJN": 15, "BAN_TRUK": 6, "MEGAPHONE": 1, "TENDA": 10, "VELBED": 1, "TANGGA": 10, "BILIK_ISO": 0, "PERAHU_JER": 0, "X": 106.715919157, "Y": -6.1164981680999997 }, "geometry": { "type": "Point", "coordinates": [ 106.715919157, -6.1164981681 ] } },
{ "type": "Feature", "properties": { "OBJECTID": 85, "KOTA": "JAKARTA SELATAN", "KECAMATAN": "KEBAYORAN BARU", "KELURAHAN": "CIPETE UTARA", "PERAHU_PE": 1, "RING_BUOY": 2, "SENTER_JJN": 2, "BAN_TRUK": 0, "MEGAPHONE": 0, "TENDA": 0, "VELBED": 0, "TANGGA": 0, "BILIK_ISO": 0, "PERAHU_JER": 0, "X": 106.804364421, "Y": -6.2617301403000001 }, "geometry": { "type": "Point", "coordinates": [ 106.804364421, -6.2617301403 ] } },
{ "type": "Feature", "properties": { "OBJECTID": 86, "KOTA": "JAKARTA SELATAN", "KECAMATAN": "KEBAYORAN BARU", "KELURAHAN": "GANDARIA UTARA", "PERAHU_PE": 1, "RING_BUOY": 2, "SENTER_JJN": 1, "BAN_TRUK": 0, "MEGAPHONE": 0, "TENDA": 0, "VELBED": 0, "TANGGA": 0, "BILIK_ISO": 0, "PERAHU_JER": 0, "X": 106.791041342, "Y": -6.2577797304100002 }, "geometry": { "type": "Point", "coordinates": [ 106.791041342, -6.25777973041 ] } },
{ "type": "Feature", "properties": { "OBJECTID": 87, "KOTA": "JAKARTA SELATAN", "KECAMATAN": "KEBAYORAN BARU", "KELURAHAN": "GUNUNG", "PERAHU_PE": 1, "RING_BUOY": 2, "SENTER_JJN": 4, "BAN_TRUK": 0, "MEGAPHONE": 0, "TENDA": 0, "VELBED": 0, "TANGGA": 0, "BILIK_ISO": 0, "PERAHU_JER": 0, "X": 106.792775127, "Y": -6.2359438865000003 }, "geometry": { "type": "Point", "coordinates": [ 106.792775127, -6.2359438865 ] } },
{ "type": "Feature", "properties": { "OBJECTID": 88, "KOTA": "JAKARTA SELATAN", "KECAMATAN": "KEBAYORAN BARU", "KELURAHAN": "KRAMAT PELA", "PERAHU_PE": 1, "RING_BUOY": 2, "SENTER_JJN": 3, "BAN_TRUK": 0, "MEGAPHONE": 0, "TENDA": 0, "VELBED": 0, "TANGGA": 0, "BILIK_ISO": 0, "PERAHU_JER": 0, "X": 106.792442419, "Y": -6.2447287596800001 }, "geometry": { "type": "Point", "coordinates": [ 106.792442419, -6.24472875968 ] } },
{ "type": "Feature", "properties": { "OBJECTID": 89, "KOTA": "JAKARTA SELATAN", "KECAMATAN": "KEBAYORAN BARU", "KELURAHAN": "MELAWAI", "PERAHU_PE": 0, "RING_BUOY": 0, "SENTER_JJN": 0, "BAN_TRUK": 0, "MEGAPHONE": 0, "TENDA": 0, "VELBED": 0, "TANGGA": 0, "BILIK_ISO": 0, "PERAHU_JER": 0, "X": 106.80224665900001, "Y": -6.2455926318500001 }, "geometry": { "type": "Point", "coordinates": [ 106.802246659, -6.24559263185 ] } },
{ "type": "Feature", "properties": { "OBJECTID": 90, "KOTA": "JAKARTA SELATAN", "KECAMATAN": "KEBAYORAN BARU", "KELURAHAN": "PETOGOGAN", "PERAHU_PE": 1, "RING_BUOY": 2, "SENTER_JJN": 15, "BAN_TRUK": 0, "MEGAPHONE": 12, "TENDA": 0, "VELBED": 0, "TANGGA": 0, "BILIK_ISO": 0, "PERAHU_JER": 0, "X": 106.811191694, "Y": -6.2431981480600003 }, "geometry": { "type": "Point", "coordinates": [ 106.811191694, -6.24319814806 ] } },
{ "type": "Feature", "properties": { "OBJECTID": 91, "KOTA": "JAKARTA SELATAN", "KECAMATAN": "KEBAYORAN BARU", "KELURAHAN": "PULO", "PERAHU_PE": 0, "RING_BUOY": 0, "SENTER_JJN": 0, "BAN_TRUK": 0, "MEGAPHONE": 0, "TENDA": 0, "VELBED": 0, "TANGGA": 0, "BILIK_ISO": 0, "PERAHU_JER": 0, "X": 106.802045089, "Y": -6.2533099770899998 }, "geometry": { "type": "Point", "coordinates": [ 106.802045089, -6.25330997709 ] } },
{ "type": "Feature", "properties": { "OBJECTID": 92, "KOTA": "JAKARTA SELATAN", "KECAMATAN": "KEBAYORAN BARU", "KELURAHAN": "RAWA BARAT", "PERAHU_PE": 1, "RING_BUOY": 2, "SENTER_JJN": 2, "BAN_TRUK": 0, "MEGAPHONE": 0, "TENDA": 0, "VELBED": 0, "TANGGA": 0, "BILIK_ISO": 0, "PERAHU_JER": 0, "X": 106.813139014, "Y": -6.2363621503299997 }, "geometry": { "type": "Point", "coordinates": [ 106.813139014, -6.23636215033 ] } },
{ "type": "Feature", "properties": { "OBJECTID": 93, "KOTA": "JAKARTA SELATAN", "KECAMATAN": "KEBAYORAN BARU", "KELURAHAN": "SELONG", "PERAHU_PE": 0, "RING_BUOY": 0, "SENTER_JJN": 0, "BAN_TRUK": 0, "MEGAPHONE": 0, "TENDA": 0, "VELBED": 0, "TANGGA": 0, "BILIK_ISO": 0, "PERAHU_JER": 0, "X": 106.804594511, "Y": -6.2342158152999998 }, "geometry": { "type": "Point", "coordinates": [ 106.804594511, -6.2342158153 ] } },
{ "type": "Feature", "properties": { "OBJECTID": 94, "KOTA": "JAKARTA SELATAN", "KECAMATAN": "KEBAYORAN BARU", "KELURAHAN": "SENAYAN", "PERAHU_PE": 0, "RING_BUOY": 0, "SENTER_JJN": 0, "BAN_TRUK": 0, "MEGAPHONE": 0, "TENDA": 0, "VELBED": 0, "TANGGA": 0, "BILIK_ISO": 0, "PERAHU_JER": 0, "X": 106.810394817, "Y": -6.2267860323899997 }, "geometry": { "type": "Point", "coordinates": [ 106.810394817, -6.22678603239 ] } },
{ "type": "Feature", "properties": { "OBJECTID": 95, "KOTA": "JAKARTA SELATAN", "KECAMATAN": "KEBAYORAN LAMA", "KELURAHAN": "CIPULIR", "PERAHU_PE": 1, "RING_BUOY": 2, "SENTER_JJN": 8, "BAN_TRUK": 2, "MEGAPHONE": 2, "TENDA": 1, "VELBED": 10, "TANGGA": 1, "BILIK_ISO": 10, "PERAHU_JER": 0, "X": 106.773178007, "Y": -6.2379515935200001 }, "geometry": { "type": "Point", "coordinates": [ 106.773178007, -6.23795159352 ] } },
{ "type": "Feature", "properties": { "OBJECTID": 96, "KOTA": "JAKARTA SELATAN", "KECAMATAN": "KEBAYORAN LAMA", "KELURAHAN": "GROGOL SELATAN", "PERAHU_PE": 1, "RING_BUOY": 2, "SENTER_JJN": 2, "BAN_TRUK": 0, "MEGAPHONE": 0, "TENDA": 0, "VELBED": 0, "TANGGA": 0, "BILIK_ISO": 0, "PERAHU_JER": 0, "X": 106.78144942500001, "Y": -6.2297043812000004 }, "geometry": { "type": "Point", "coordinates": [ 106.781449425, -6.2297043812 ] } },
{ "type": "Feature", "properties": { "OBJECTID": 97, "KOTA": "JAKARTA SELATAN", "KECAMATAN": "KEBAYORAN LAMA", "KELURAHAN": "GROGOL UTARA", "PERAHU_PE": 1, "RING_BUOY": 2, "SENTER_JJN": 4, "BAN_TRUK": 0, "MEGAPHONE": 0, "TENDA": 0, "VELBED": 0, "TANGGA": 0, "BILIK_ISO": 0, "PERAHU_JER": 0, "X": 106.78713688800001, "Y": -6.2172202115399999 }, "geometry": { "type": "Point", "coordinates": [ 106.787136888, -6.21722021154 ] } },
{ "type": "Feature", "properties": { "OBJECTID": 98, "KOTA": "JAKARTA SELATAN", "KECAMATAN": "KEBAYORAN LAMA", "KELURAHAN": "KEBAYORAN LAMA SELATAN", "PERAHU_PE": 1, "RING_BUOY": 2, "SENTER_JJN": 6, "BAN_TRUK": 0, "MEGAPHONE": 0, "TENDA": 1, "VELBED": 10, "TANGGA": 1, "BILIK_ISO": 10, "PERAHU_JER": 0, "X": 106.780148485, "Y": -6.2545676219499997 }, "geometry": { "type": "Point", "coordinates": [ 106.780148485, -6.25456762195 ] } },
{ "type": "Feature", "properties": { "OBJECTID": 99, "KOTA": "JAKARTA SELATAN", "KECAMATAN": "KEBAYORAN LAMA", "KELURAHAN": "KEBAYORAN LAMA UTARA", "PERAHU_PE": 0, "RING_BUOY": 0, "SENTER_JJN": 3, "BAN_TRUK": 0, "MEGAPHONE": 0, "TENDA": 0, "VELBED": 0, "TANGGA": 0, "BILIK_ISO": 0, "PERAHU_JER": 0, "X": 106.77684489400001, "Y": -6.2461604042200003 }, "geometry": { "type": "Point", "coordinates": [ 106.776844894, -6.24616040422 ] } },
{ "type": "Feature", "properties": { "OBJECTID": 100, "KOTA": "JAKARTA SELATAN", "KECAMATAN": "KEBAYORAN LAMA", "KELURAHAN": "PONDOK PINANG", "PERAHU_PE": 1, "RING_BUOY": 2, "SENTER_JJN": 10, "BAN_TRUK": 0, "MEGAPHONE": 4, "TENDA": 1, "VELBED": 10, "TANGGA": 1, "BILIK_ISO": 10, "PERAHU_JER": 0, "X": 106.778857409, "Y": -6.2760660263599997 }, "geometry": { "type": "Point", "coordinates": [ 106.778857409, -6.27606602636 ] } },
{ "type": "Feature", "properties": { "OBJECTID": 101, "KOTA": "JAKARTA BARAT", "KECAMATAN": "KEBON JERUK", "KELURAHAN": "DURI KEPA", "PERAHU_PE": 1, "RING_BUOY": 2, "SENTER_JJN": 8, "BAN_TRUK": 0, "MEGAPHONE": 6, "TENDA": 0, "VELBED": 0, "TANGGA": 0, "BILIK_ISO": 0, "PERAHU_JER": 0, "X": 106.77384714, "Y": -6.1760240086499998 }, "geometry": { "type": "Point", "coordinates": [ 106.77384714, -6.17602400865 ] } },
{ "type": "Feature", "properties": { "OBJECTID": 102, "KOTA": "JAKARTA BARAT", "KECAMATAN": "KEBON JERUK", "KELURAHAN": "KEBON JERUK", "PERAHU_PE": 1, "RING_BUOY": 2, "SENTER_JJN": 3, "BAN_TRUK": 0, "MEGAPHONE": 0, "TENDA": 0, "VELBED": 0, "TANGGA": 0, "BILIK_ISO": 0, "PERAHU_JER": 0, "X": 106.772134898, "Y": -6.1950035843200002 }, "geometry": { "type": "Point", "coordinates": [ 106.772134898, -6.19500358432 ] } },
{ "type": "Feature", "properties": { "OBJECTID": 103, "KOTA": "JAKARTA BARAT", "KECAMATAN": "KEBON JERUK", "KELURAHAN": "KEDOYA SELATAN", "PERAHU_PE": 1, "RING_BUOY": 2, "SENTER_JJN": 5, "BAN_TRUK": 0, "MEGAPHONE": 1, "TENDA": 0, "VELBED": 0, "TANGGA": 0, "BILIK_ISO": 0, "PERAHU_JER": 0, "X": 106.76013970299999, "Y": -6.1821435996099998 }, "geometry": { "type": "Point", "coordinates": [ 106.76013970299999, -6.18214359961 ] } },
{ "type": "Feature", "properties": { "OBJECTID": 104, "KOTA": "JAKARTA BARAT", "KECAMATAN": "KEBON JERUK", "KELURAHAN": "KEDOYA UTARA", "PERAHU_PE": 2, "RING_BUOY": 4, "SENTER_JJN": 23, "BAN_TRUK": 13, "MEGAPHONE": 13, "TENDA": 1, "VELBED": 10, "TANGGA": 1, "BILIK_ISO": 10, "PERAHU_JER": 0, "X": 106.761204652, "Y": -6.1681707891800004 }, "geometry": { "type": "Point", "coordinates": [ 106.761204652, -6.16817078918 ] } },
{ "type": "Feature", "properties": { "OBJECTID": 105, "KOTA": "JAKARTA BARAT", "KECAMATAN": "KEBON JERUK", "KELURAHAN": "KELAPA DUA", "PERAHU_PE": 1, "RING_BUOY": 2, "SENTER_JJN": 5, "BAN_TRUK": 0, "MEGAPHONE": 0, "TENDA": 0, "VELBED": 0, "TANGGA": 0, "BILIK_ISO": 0, "PERAHU_JER": 0, "X": 106.768678009, "Y": -6.20931290521 }, "geometry": { "type": "Point", "coordinates": [ 106.768678009, -6.20931290521 ] } },
{ "type": "Feature", "properties": { "OBJECTID": 106, "KOTA": "JAKARTA BARAT", "KECAMATAN": "KEBON JERUK", "KELURAHAN": "SUKABUMI SELATAN", "PERAHU_PE": 1, "RING_BUOY": 2, "SENTER_JJN": 2, "BAN_TRUK": 0, "MEGAPHONE": 0, "TENDA": 0, "VELBED": 0, "TANGGA": 0, "BILIK_ISO": 0, "PERAHU_JER": 0, "X": 106.77197668700001, "Y": -6.2217451213999997 }, "geometry": { "type": "Point", "coordinates": [ 106.771976687, -6.2217451214 ] } },
{ "type": "Feature", "properties": { "OBJECTID": 107, "KOTA": "JAKARTA BARAT", "KECAMATAN": "KEBON JERUK", "KELURAHAN": "SUKABUMI UTARA", "PERAHU_PE": 0, "RING_BUOY": 0, "SENTER_JJN": 0, "BAN_TRUK": 0, "MEGAPHONE": 0, "TENDA": 0, "VELBED": 0, "TANGGA": 0, "BILIK_ISO": 0, "PERAHU_JER": 0, "X": 106.777556936, "Y": -6.2088775510899996 }, "geometry": { "type": "Point", "coordinates": [ 106.777556936, -6.20887755109 ] } },
{ "type": "Feature", "properties": { "OBJECTID": 108, "KOTA": "JAKARTA UTARA", "KECAMATAN": "KELAPA GADING", "KELURAHAN": "KELAPA GADING BARAT", "PERAHU_PE": 2, "RING_BUOY": 4, "SENTER_JJN": 13, "BAN_TRUK": 0, "MEGAPHONE": 0, "TENDA": 1, "VELBED": 10, "TANGGA": 1, "BILIK_ISO": 10, "PERAHU_JER": 0, "X": 106.89530639500001, "Y": -6.1550643951200001 }, "geometry": { "type": "Point", "coordinates": [ 106.895306395, -6.15506439512 ] } },
{ "type": "Feature", "properties": { "OBJECTID": 109, "KOTA": "JAKARTA UTARA", "KECAMATAN": "KELAPA GADING", "KELURAHAN": "KELAPA GADING TIMUR", "PERAHU_PE": 1, "RING_BUOY": 2, "SENTER_JJN": 9, "BAN_TRUK": 0, "MEGAPHONE": 0, "TENDA": 1, "VELBED": 10, "TANGGA": 1, "BILIK_ISO": 10, "PERAHU_JER": 0, "X": 106.90360715200001, "Y": -6.1683991667100004 }, "geometry": { "type": "Point", "coordinates": [ 106.903607152, -6.16839916671 ] } },
{ "type": "Feature", "properties": { "OBJECTID": 110, "KOTA": "JAKARTA UTARA", "KECAMATAN": "KELAPA GADING", "KELURAHAN": "PEGANGSAAN DUA", "PERAHU_PE": 3, "RING_BUOY": 6, "SENTER_JJN": 20, "BAN_TRUK": 5, "MEGAPHONE": 5, "TENDA": 1, "VELBED": 10, "TANGGA": 1, "BILIK_ISO": 10, "PERAHU_JER": 0, "X": 106.914716883, "Y": -6.1640868317399997 }, "geometry": { "type": "Point", "coordinates": [ 106.914716883, -6.16408683174 ] } },
{ "type": "Feature", "properties": { "OBJECTID": 111, "KOTA": "JAKARTA PUSAT", "KECAMATAN": "KEMAYORAN", "KELURAHAN": "CEMPAKA BARU", "PERAHU_PE": 0, "RING_BUOY": 0, "SENTER_JJN": 0, "BAN_TRUK": 0, "MEGAPHONE": 0, "TENDA": 0, "VELBED": 0, "TANGGA": 0, "BILIK_ISO": 0, "PERAHU_JER": 0, "X": 106.862779174, "Y": -6.1681084244599997 }, "geometry": { "type": "Point", "coordinates": [ 106.862779174, -6.16810842446 ] } },
{ "type": "Feature", "properties": { "OBJECTID": 112, "KOTA": "JAKARTA PUSAT", "KECAMATAN": "KEMAYORAN", "KELURAHAN": "GUNUNG SAHARI SELATAN", "PERAHU_PE": 1, "RING_BUOY": 2, "SENTER_JJN": 6, "BAN_TRUK": 0, "MEGAPHONE": 0, "TENDA": 1, "VELBED": 10, "TANGGA": 1, "BILIK_ISO": 10, "PERAHU_JER": 0, "X": 106.843968246, "Y": -6.1592517884699998 }, "geometry": { "type": "Point", "coordinates": [ 106.843968246, -6.15925178847 ] } },
{ "type": "Feature", "properties": { "OBJECTID": 113, "KOTA": "JAKARTA PUSAT", "KECAMATAN": "KEMAYORAN", "KELURAHAN": "HARAPAN MULIA", "PERAHU_PE": 1, "RING_BUOY": 1, "SENTER_JJN": 0, "BAN_TRUK": 0, "MEGAPHONE": 0, "TENDA": 1, "VELBED": 0, "TANGGA": 0, "BILIK_ISO": 0, "PERAHU_JER": 0, "X": 106.855866971, "Y": -6.1705125918999997 }, "geometry": { "type": "Point", "coordinates": [ 106.855866971, -6.1705125919 ] } },
{ "type": "Feature", "properties": { "OBJECTID": 114, "KOTA": "JAKARTA PUSAT", "KECAMATAN": "KEMAYORAN", "KELURAHAN": "KEBON KOSONG", "PERAHU_PE": 0, "RING_BUOY": 0, "SENTER_JJN": 0, "BAN_TRUK": 0, "MEGAPHONE": 0, "TENDA": 0, "VELBED": 0, "TANGGA": 0, "BILIK_ISO": 0, "PERAHU_JER": 0, "X": 106.853461877, "Y": -6.1581959733999998 }, "geometry": { "type": "Point", "coordinates": [ 106.853461877, -6.1581959734 ] } },
{ "type": "Feature", "properties": { "OBJECTID": 115, "KOTA": "JAKARTA PUSAT", "KECAMATAN": "KEMAYORAN", "KELURAHAN": "KEMAYORAN", "PERAHU_PE": 0, "RING_BUOY": 0, "SENTER_JJN": 0, "BAN_TRUK": 0, "MEGAPHONE": 0, "TENDA": 1, "VELBED": 0, "TANGGA": 0, "BILIK_ISO": 0, "PERAHU_JER": 0, "X": 106.845383797, "Y": -6.1647214731200002 }, "geometry": { "type": "Point", "coordinates": [ 106.845383797, -6.16472147312 ] } },
{ "type": "Feature", "properties": { "OBJECTID": 116, "KOTA": "JAKARTA PUSAT", "KECAMATAN": "KEMAYORAN", "KELURAHAN": "SERDANG", "PERAHU_PE": 1, "RING_BUOY": 2, "SENTER_JJN": 4, "BAN_TRUK": 0, "MEGAPHONE": 0, "TENDA": 0, "VELBED": 0, "TANGGA": 0, "BILIK_ISO": 0, "PERAHU_JER": 0, "X": 106.861146498, "Y": -6.1589130141700004 }, "geometry": { "type": "Point", "coordinates": [ 106.861146498, -6.15891301417 ] } },
{ "type": "Feature", "properties": { "OBJECTID": 117, "KOTA": "JAKARTA PUSAT", "KECAMATAN": "KEMAYORAN", "KELURAHAN": "SUMUR BATU", "PERAHU_PE": 0, "RING_BUOY": 2, "SENTER_JJN": 0, "BAN_TRUK": 0, "MEGAPHONE": 0, "TENDA": 1, "VELBED": 0, "TANGGA": 0, "BILIK_ISO": 0, "PERAHU_JER": 0, "X": 106.871047262, "Y": -6.1634901751599998 }, "geometry": { "type": "Point", "coordinates": [ 106.871047262, -6.16349017516 ] } },
{ "type": "Feature", "properties": { "OBJECTID": 118, "KOTA": "JAKARTA PUSAT", "KECAMATAN": "KEMAYORAN", "KELURAHAN": "UTAN PANJANG", "PERAHU_PE": 0, "RING_BUOY": 2, "SENTER_JJN": 0, "BAN_TRUK": 0, "MEGAPHONE": 0, "TENDA": 1, "VELBED": 0, "TANGGA": 0, "BILIK_ISO": 0, "PERAHU_JER": 0, "X": 106.854326222, "Y": -6.1653544251100003 }, "geometry": { "type": "Point", "coordinates": [ 106.854326222, -6.16535442511 ] } },
{ "type": "Feature", "properties": { "OBJECTID": 119, "KOTA": "JAKARTA BARAT", "KECAMATAN": "KEMBANGAN", "KELURAHAN": "JOGLO", "PERAHU_PE": 1, "RING_BUOY": 2, "SENTER_JJN": 6, "BAN_TRUK": 0, "MEGAPHONE": 0, "TENDA": 0, "VELBED": 0, "TANGGA": 0, "BILIK_ISO": 0, "PERAHU_JER": 0, "X": 106.73890151400001, "Y": -6.2191325095099996 }, "geometry": { "type": "Point", "coordinates": [ 106.738901514, -6.21913250951 ] } },
{ "type": "Feature", "properties": { "OBJECTID": 120, "KOTA": "JAKARTA BARAT", "KECAMATAN": "KEMBANGAN", "KELURAHAN": "KEMBANGAN SELATAN", "PERAHU_PE": 1, "RING_BUOY": 2, "SENTER_JJN": 6, "BAN_TRUK": 0, "MEGAPHONE": 1, "TENDA": 0, "VELBED": 0, "TANGGA": 0, "BILIK_ISO": 0, "PERAHU_JER": 0, "X": 106.738584691, "Y": -6.1861580832999996 }, "geometry": { "type": "Point", "coordinates": [ 106.738584691, -6.1861580833 ] } },
{ "type": "Feature", "properties": { "OBJECTID": 121, "KOTA": "JAKARTA BARAT", "KECAMATAN": "KEMBANGAN", "KELURAHAN": "KEMBANGAN UTARA", "PERAHU_PE": 1, "RING_BUOY": 2, "SENTER_JJN": 11, "BAN_TRUK": 3, "MEGAPHONE": 3, "TENDA": 0, "VELBED": 0, "TANGGA": 0, "BILIK_ISO": 0, "PERAHU_JER": 0, "X": 106.7425116, "Y": -6.1723239847000002 }, "geometry": { "type": "Point", "coordinates": [ 106.7425116, -6.1723239847 ] } },
{ "type": "Feature", "properties": { "OBJECTID": 122, "KOTA": "JAKARTA BARAT", "KECAMATAN": "KEMBANGAN", "KELURAHAN": "MERUYA SELATAN", "PERAHU_PE": 1, "RING_BUOY": 2, "SENTER_JJN": 5, "BAN_TRUK": 0, "MEGAPHONE": 0, "TENDA": 0, "VELBED": 0, "TANGGA": 0, "BILIK_ISO": 0, "PERAHU_JER": 0, "X": 106.73422507, "Y": -6.2095432365300001 }, "geometry": { "type": "Point", "coordinates": [ 106.73422507, -6.20954323653 ] } },
{ "type": "Feature", "properties": { "OBJECTID": 123, "KOTA": "JAKARTA BARAT", "KECAMATAN": "KEMBANGAN", "KELURAHAN": "MERUYA UTARA", "PERAHU_PE": 1, "RING_BUOY": 0, "SENTER_JJN": 2, "BAN_TRUK": 8, "MEGAPHONE": 0, "TENDA": 0, "VELBED": 0, "TANGGA": 0, "BILIK_ISO": 0, "PERAHU_JER": 0, "X": 106.738438393, "Y": -6.1969069315600001 }, "geometry": { "type": "Point", "coordinates": [ 106.738438393, -6.19690693156 ] } },
{ "type": "Feature", "properties": { "OBJECTID": 124, "KOTA": "JAKARTA BARAT", "KECAMATAN": "KEMBANGAN", "KELURAHAN": "SRENGSENG", "PERAHU_PE": 1, "RING_BUOY": 2, "SENTER_JJN": 9, "BAN_TRUK": 0, "MEGAPHONE": 0, "TENDA": 0, "VELBED": 0, "TANGGA": 0, "BILIK_ISO": 0, "PERAHU_JER": 0, "X": 106.755277757, "Y": -6.2074810750199996 }, "geometry": { "type": "Point", "coordinates": [ 106.755277757, -6.20748107502 ] } },
{ "type": "Feature", "properties": { "OBJECTID": 125, "KOTA": "JAKARTA UTARA", "KECAMATAN": "KOJA", "KELURAHAN": "KOJA", "PERAHU_PE": 1, "RING_BUOY": 2, "SENTER_JJN": 6, "BAN_TRUK": 0, "MEGAPHONE": 0, "TENDA": 0, "VELBED": 0, "TANGGA": 0, "BILIK_ISO": 0, "PERAHU_JER": 0, "X": 106.899122956, "Y": -6.1057730491099997 }, "geometry": { "type": "Point", "coordinates": [ 106.899122956, -6.10577304911 ] } },
{ "type": "Feature", "properties": { "OBJECTID": 126, "KOTA": "JAKARTA UTARA", "KECAMATAN": "KOJA", "KELURAHAN": "LAGOA", "PERAHU_PE": 0, "RING_BUOY": 0, "SENTER_JJN": 0, "BAN_TRUK": 0, "MEGAPHONE": 0, "TENDA": 0, "VELBED": 0, "TANGGA": 0, "BILIK_ISO": 0, "PERAHU_JER": 0, "X": 106.910619133, "Y": -6.11399743625 }, "geometry": { "type": "Point", "coordinates": [ 106.910619133, -6.11399743625 ] } },
{ "type": "Feature", "properties": { "OBJECTID": 127, "KOTA": "JAKARTA UTARA", "KECAMATAN": "KOJA", "KELURAHAN": "RAWA BADAK SELATAN", "PERAHU_PE": 0, "RING_BUOY": 0, "SENTER_JJN": 0, "BAN_TRUK": 0, "MEGAPHONE": 0, "TENDA": 0, "VELBED": 0, "TANGGA": 0, "BILIK_ISO": 0, "PERAHU_JER": 0, "X": 106.898968248, "Y": -6.1315893346600001 }, "geometry": { "type": "Point", "coordinates": [ 106.898968248, -6.13158933466 ] } },
{ "type": "Feature", "properties": { "OBJECTID": 128, "KOTA": "JAKARTA UTARA", "KECAMATAN": "KOJA", "KELURAHAN": "RAWA BADAK UTARA", "PERAHU_PE": 0, "RING_BUOY": 2, "SENTER_JJN": 0, "BAN_TRUK": 0, "MEGAPHONE": 0, "TENDA": 0, "VELBED": 0, "TANGGA": 0, "BILIK_ISO": 0, "PERAHU_JER": 0, "X": 106.89789311, "Y": -6.1196127554300004 }, "geometry": { "type": "Point", "coordinates": [ 106.89789311, -6.11961275543 ] } },
{ "type": "Feature", "properties": { "OBJECTID": 129, "KOTA": "JAKARTA UTARA", "KECAMATAN": "KOJA", "KELURAHAN": "TUGU SELATAN", "PERAHU_PE": 0, "RING_BUOY": 0, "SENTER_JJN": 6, "BAN_TRUK": 6, "MEGAPHONE": 6, "TENDA": 0, "VELBED": 0, "TANGGA": 0, "BILIK_ISO": 0, "PERAHU_JER": 0, "X": 106.91039248200001, "Y": -6.1353850168499999 }, "geometry": { "type": "Point", "coordinates": [ 106.910392482, -6.13538501685 ] } },
{ "type": "Feature", "properties": { "OBJECTID": 130, "KOTA": "JAKARTA UTARA", "KECAMATAN": "KOJA", "KELURAHAN": "TUGU UTARA", "PERAHU_PE": 0, "RING_BUOY": 2, "SENTER_JJN": 2, "BAN_TRUK": 0, "MEGAPHONE": 0, "TENDA": 1, "VELBED": 0, "TANGGA": 0, "BILIK_ISO": 0, "PERAHU_JER": 0, "X": 106.912083964, "Y": -6.1243261111900003 }, "geometry": { "type": "Point", "coordinates": [ 106.912083964, -6.12432611119 ] } },
{ "type": "Feature", "properties": { "OBJECTID": 131, "KOTA": "JAKARTA TIMUR", "KECAMATAN": "KRAMAT JATI", "KELURAHAN": "BALE KAMBANG", "PERAHU_PE": 1, "RING_BUOY": 2, "SENTER_JJN": 4, "BAN_TRUK": 0, "MEGAPHONE": 0, "TENDA": 0, "VELBED": 0, "TANGGA": 0, "BILIK_ISO": 0, "PERAHU_JER": 0, "X": 106.85277017200001, "Y": -6.2815946326200001 }, "geometry": { "type": "Point", "coordinates": [ 106.852770172, -6.28159463262 ] } },
{ "type": "Feature", "properties": { "OBJECTID": 132, "KOTA": "JAKARTA TIMUR", "KECAMATAN": "KRAMAT JATI", "KELURAHAN": "BATU AMPAR", "PERAHU_PE": 1, "RING_BUOY": 2, "SENTER_JJN": 5, "BAN_TRUK": 0, "MEGAPHONE": 0, "TENDA": 0, "VELBED": 0, "TANGGA": 0, "BILIK_ISO": 0, "PERAHU_JER": 0, "X": 106.861052556, "Y": -6.2791007080999997 }, "geometry": { "type": "Point", "coordinates": [ 106.861052556, -6.2791007081 ] } },
{ "type": "Feature", "properties": { "OBJECTID": 133, "KOTA": "JAKARTA TIMUR", "KECAMATAN": "KRAMAT JATI", "KELURAHAN": "CAWANG", "PERAHU_PE": 3, "RING_BUOY": 6, "SENTER_JJN": 38, "BAN_TRUK": 26, "MEGAPHONE": 26, "TENDA": 1, "VELBED": 10, "TANGGA": 1, "BILIK_ISO": 10, "PERAHU_JER": 0, "X": 106.866895508, "Y": -6.2508803086400002 }, "geometry": { "type": "Point", "coordinates": [ 106.866895508, -6.25088030864 ] } },
{ "type": "Feature", "properties": { "OBJECTID": 134, "KOTA": "JAKARTA TIMUR", "KECAMATAN": "KRAMAT JATI", "KELURAHAN": "CILILITAN", "PERAHU_PE": 1, "RING_BUOY": 2, "SENTER_JJN": 19, "BAN_TRUK": 0, "MEGAPHONE": 16, "TENDA": 0, "VELBED": 0, "TANGGA": 0, "BILIK_ISO": 0, "PERAHU_JER": 0, "X": 106.86443463400001, "Y": -6.2624913223399998 }, "geometry": { "type": "Point", "coordinates": [ 106.864434634, -6.26249132234 ] } },
{ "type": "Feature", "properties": { "OBJECTID": 135, "KOTA": "JAKARTA TIMUR", "KECAMATAN": "KRAMAT JATI", "KELURAHAN": "DUKUH", "PERAHU_PE": 1, "RING_BUOY": 2, "SENTER_JJN": 6, "BAN_TRUK": 0, "MEGAPHONE": 0, "TENDA": 1, "VELBED": 10, "TANGGA": 1, "BILIK_ISO": 10, "PERAHU_JER": 0, "X": 106.877783862, "Y": -6.2958902873299998 }, "geometry": { "type": "Point", "coordinates": [ 106.877783862, -6.29589028733 ] } },
{ "type": "Feature", "properties": { "OBJECTID": 136, "KOTA": "JAKARTA TIMUR", "KECAMATAN": "KRAMAT JATI", "KELURAHAN": "KAMPUNG TENGAH", "PERAHU_PE": 1, "RING_BUOY": 2, "SENTER_JJN": 5, "BAN_TRUK": 0, "MEGAPHONE": 0, "TENDA": 0, "VELBED": 0, "TANGGA": 0, "BILIK_ISO": 0, "PERAHU_JER": 0, "X": 106.866630792, "Y": -6.2896196290799997 }, "geometry": { "type": "Point", "coordinates": [ 106.866630792, -6.28961962908 ] } },
{ "type": "Feature", "properties": { "OBJECTID": 137, "KOTA": "JAKARTA TIMUR", "KECAMATAN": "KRAMAT JATI", "KELURAHAN": "KRAMAT JATI", "PERAHU_PE": 1, "RING_BUOY": 2, "SENTER_JJN": 1, "BAN_TRUK": 0, "MEGAPHONE": 0, "TENDA": 0, "VELBED": 0, "TANGGA": 0, "BILIK_ISO": 0, "PERAHU_JER": 0, "X": 106.870706579, "Y": -6.2741114332199999 }, "geometry": { "type": "Point", "coordinates": [ 106.870706579, -6.27411143322 ] } },
{ "type": "Feature", "properties": { "OBJECTID": 138, "KOTA": "JAKARTA TIMUR", "KECAMATAN": "MAKASAR", "KELURAHAN": "CIPINANG MELAYU", "PERAHU_PE": 2, "RING_BUOY": 4, "SENTER_JJN": 23, "BAN_TRUK": 18, "MEGAPHONE": 13, "TENDA": 1, "VELBED": 10, "TANGGA": 1, "BILIK_ISO": 10, "PERAHU_JER": 0, "X": 106.905831174, "Y": -6.2495563067299997 }, "geometry": { "type": "Point", "coordinates": [ 106.905831174, -6.24955630673 ] } },
{ "type": "Feature", "properties": { "OBJECTID": 139, "KOTA": "JAKARTA TIMUR", "KECAMATAN": "MAKASAR", "KELURAHAN": "HALIM PERDANA KUSUMAH", "PERAHU_PE": 1, "RING_BUOY": 2, "SENTER_JJN": 3, "BAN_TRUK": 0, "MEGAPHONE": 0, "TENDA": 0, "VELBED": 0, "TANGGA": 0, "BILIK_ISO": 0, "PERAHU_JER": 0, "X": 106.89324754899999, "Y": -6.2659080084900003 }, "geometry": { "type": "Point", "coordinates": [ 106.89324754899999, -6.26590800849 ] } },
{ "type": "Feature", "properties": { "OBJECTID": 140, "KOTA": "JAKARTA TIMUR", "KECAMATAN": "MAKASAR", "KELURAHAN": "KEBON PALA", "PERAHU_PE": 3, "RING_BUOY": 6, "SENTER_JJN": 38, "BAN_TRUK": 10, "MEGAPHONE": 26, "TENDA": 1, "VELBED": 10, "TANGGA": 1, "BILIK_ISO": 10, "PERAHU_JER": 0, "X": 106.877833901, "Y": -6.2557103053200001 }, "geometry": { "type": "Point", "coordinates": [ 106.877833901, -6.25571030532 ] } },
{ "type": "Feature", "properties": { "OBJECTID": 141, "KOTA": "JAKARTA TIMUR", "KECAMATAN": "MAKASAR", "KELURAHAN": "MAKASAR", "PERAHU_PE": 1, "RING_BUOY": 2, "SENTER_JJN": 21, "BAN_TRUK": 0, "MEGAPHONE": 15, "TENDA": 0, "VELBED": 0, "TANGGA": 0, "BILIK_ISO": 0, "PERAHU_JER": 0, "X": 106.877033442, "Y": -6.2757724581699996 }, "geometry": { "type": "Point", "coordinates": [ 106.877033442, -6.27577245817 ] } },
{ "type": "Feature", "properties": { "OBJECTID": 142, "KOTA": "JAKARTA TIMUR", "KECAMATAN": "MAKASAR", "KELURAHAN": "PINANG RANTI", "PERAHU_PE": 1, "RING_BUOY": 2, "SENTER_JJN": 3, "BAN_TRUK": 0, "MEGAPHONE": 0, "TENDA": 1, "VELBED": 10, "TANGGA": 1, "BILIK_ISO": 10, "PERAHU_JER": 0, "X": 106.88496933, "Y": -6.2916878809099996 }, "geometry": { "type": "Point", "coordinates": [ 106.88496933, -6.29168788091 ] } },
{ "type": "Feature", "properties": { "OBJECTID": 143, "KOTA": "JAKARTA SELATAN", "KECAMATAN": "MAMPANG PRAPATAN", "KELURAHAN": "BANGKA", "PERAHU_PE": 1, "RING_BUOY": 2, "SENTER_JJN": 7, "BAN_TRUK": 0, "MEGAPHONE": 3, "TENDA": 1, "VELBED": 10, "TANGGA": 1, "BILIK_ISO": 10, "PERAHU_JER": 0, "X": 106.81832238699999, "Y": -6.2632169433999998 }, "geometry": { "type": "Point", "coordinates": [ 106.81832238699999, -6.2632169434 ] } },
{ "type": "Feature", "properties": { "OBJECTID": 144, "KOTA": "JAKARTA SELATAN", "KECAMATAN": "MAMPANG PRAPATAN", "KELURAHAN": "KUNINGAN BARAT", "PERAHU_PE": 1, "RING_BUOY": 2, "SENTER_JJN": 13, "BAN_TRUK": 6, "MEGAPHONE": 8, "TENDA": 0, "VELBED": 0, "TANGGA": 0, "BILIK_ISO": 0, "PERAHU_JER": 1, "X": 106.822144881, "Y": -6.2359575334199997 }, "geometry": { "type": "Point", "coordinates": [ 106.822144881, -6.23595753342 ] } },
{ "type": "Feature", "properties": { "OBJECTID": 145, "KOTA": "JAKARTA SELATAN", "KECAMATAN": "MAMPANG PRAPATAN", "KELURAHAN": "MAMPANG PRAPATAN", "PERAHU_PE": 1, "RING_BUOY": 2, "SENTER_JJN": 3, "BAN_TRUK": 2, "MEGAPHONE": 0, "TENDA": 0, "VELBED": 0, "TANGGA": 0, "BILIK_ISO": 0, "PERAHU_JER": 0, "X": 106.828637164, "Y": -6.2427578799300001 }, "geometry": { "type": "Point", "coordinates": [ 106.828637164, -6.24275787993 ] } },
{ "type": "Feature", "properties": { "OBJECTID": 146, "KOTA": "JAKARTA SELATAN", "KECAMATAN": "MAMPANG PRAPATAN", "KELURAHAN": "PELA MAMPANG", "PERAHU_PE": 2, "RING_BUOY": 4, "SENTER_JJN": 48, "BAN_TRUK": 41, "MEGAPHONE": 41, "TENDA": 1, "VELBED": 10, "TANGGA": 1, "BILIK_ISO": 10, "PERAHU_JER": 0, "X": 106.81714857599999, "Y": -6.2485391012299996 }, "geometry": { "type": "Point", "coordinates": [ 106.81714857599999, -6.24853910123 ] } },
{ "type": "Feature", "properties": { "OBJECTID": 147, "KOTA": "JAKARTA SELATAN", "KECAMATAN": "MAMPANG PRAPATAN", "KELURAHAN": "TEGAL PARANG", "PERAHU_PE": 1, "RING_BUOY": 2, "SENTER_JJN": 5, "BAN_TRUK": 0, "MEGAPHONE": 0, "TENDA": 1, "VELBED": 10, "TANGGA": 1, "BILIK_ISO": 10, "PERAHU_JER": 0, "X": 106.829231265, "Y": -6.24881450109 }, "geometry": { "type": "Point", "coordinates": [ 106.829231265, -6.24881450109 ] } },
{ "type": "Feature", "properties": { "OBJECTID": 148, "KOTA": "JAKARTA TIMUR", "KECAMATAN": "MATRAMAN", "KELURAHAN": "KAYU MANIS", "PERAHU_PE": 0, "RING_BUOY": 0, "SENTER_JJN": 0, "BAN_TRUK": 0, "MEGAPHONE": 0, "TENDA": 0, "VELBED": 0, "TANGGA": 0, "BILIK_ISO": 0, "PERAHU_JER": 0, "X": 106.86221383199999, "Y": -6.2027040841599996 }, "geometry": { "type": "Point", "coordinates": [ 106.86221383199999, -6.20270408416 ] } },
{ "type": "Feature", "properties": { "OBJECTID": 149, "KOTA": "JAKARTA TIMUR", "KECAMATAN": "MATRAMAN", "KELURAHAN": "KEBON MANGGIS", "PERAHU_PE": 1, "RING_BUOY": 2, "SENTER_JJN": 2, "BAN_TRUK": 0, "MEGAPHONE": 0, "TENDA": 0, "VELBED": 0, "TANGGA": 0, "BILIK_ISO": 0, "PERAHU_JER": 0, "X": 106.85534627200001, "Y": -6.2072747359499996 }, "geometry": { "type": "Point", "coordinates": [ 106.855346272, -6.20727473595 ] } },
{ "type": "Feature", "properties": { "OBJECTID": 150, "KOTA": "JAKARTA TIMUR", "KECAMATAN": "MATRAMAN", "KELURAHAN": "PAL MERIAM", "PERAHU_PE": 0, "RING_BUOY": 0, "SENTER_JJN": 3, "BAN_TRUK": 0, "MEGAPHONE": 0, "TENDA": 0, "VELBED": 0, "TANGGA": 0, "BILIK_ISO": 0, "PERAHU_JER": 0, "X": 106.85897419299999, "Y": -6.2036231884299999 }, "geometry": { "type": "Point", "coordinates": [ 106.85897419299999, -6.20362318843 ] } },
{ "type": "Feature", "properties": { "OBJECTID": 151, "KOTA": "JAKARTA TIMUR", "KECAMATAN": "MATRAMAN", "KELURAHAN": "PISANGAN BARU", "PERAHU_PE": 0, "RING_BUOY": 0, "SENTER_JJN": 0, "BAN_TRUK": 0, "MEGAPHONE": 0, "TENDA": 0, "VELBED": 0, "TANGGA": 0, "BILIK_ISO": 0, "PERAHU_JER": 0, "X": 106.86898414300001, "Y": -6.21170402064 }, "geometry": { "type": "Point", "coordinates": [ 106.868984143, -6.21170402064 ] } },
{ "type": "Feature", "properties": { "OBJECTID": 152, "KOTA": "JAKARTA TIMUR", "KECAMATAN": "MATRAMAN", "KELURAHAN": "UTAN KAYU SELATAN", "PERAHU_PE": 1, "RING_BUOY": 2, "SENTER_JJN": 5, "BAN_TRUK": 3, "MEGAPHONE": 0, "TENDA": 0, "VELBED": 0, "TANGGA": 0, "BILIK_ISO": 0, "PERAHU_JER": 0, "X": 106.869058692, "Y": -6.2035824848600001 }, "geometry": { "type": "Point", "coordinates": [ 106.869058692, -6.20358248486 ] } },
{ "type": "Feature", "properties": { "OBJECTID": 153, "KOTA": "JAKARTA TIMUR", "KECAMATAN": "MATRAMAN", "KELURAHAN": "UTAN KAYU UTARA", "PERAHU_PE": 0, "RING_BUOY": 0, "SENTER_JJN": 4, "BAN_TRUK": 0, "MEGAPHONE": 0, "TENDA": 0, "VELBED": 0, "TANGGA": 0, "BILIK_ISO": 0, "PERAHU_JER": 0, "X": 106.86814639399999, "Y": -6.1956079484400002 }, "geometry": { "type": "Point", "coordinates": [ 106.86814639399999, -6.19560794844 ] } },
{ "type": "Feature", "properties": { "OBJECTID": 154, "KOTA": "JAKARTA PUSAT", "KECAMATAN": "MENTENG", "KELURAHAN": "CIKINI", "PERAHU_PE": 0, "RING_BUOY": 0, "SENTER_JJN": 0, "BAN_TRUK": 0, "MEGAPHONE": 0, "TENDA": 0, "VELBED": 0, "TANGGA": 0, "BILIK_ISO": 0, "PERAHU_JER": 0, "X": 106.839387991, "Y": -6.1914493304900002 }, "geometry": { "type": "Point", "coordinates": [ 106.839387991, -6.19144933049 ] } },
{ "type": "Feature", "properties": { "OBJECTID": 155, "KOTA": "JAKARTA PUSAT", "KECAMATAN": "MENTENG", "KELURAHAN": "GONDANGDIA", "PERAHU_PE": 0, "RING_BUOY": 0, "SENTER_JJN": 0, "BAN_TRUK": 0, "MEGAPHONE": 0, "TENDA": 0, "VELBED": 0, "TANGGA": 0, "BILIK_ISO": 0, "PERAHU_JER": 0, "X": 106.82943589200001, "Y": -6.1917961110300004 }, "geometry": { "type": "Point", "coordinates": [ 106.829435892, -6.19179611103 ] } },
{ "type": "Feature", "properties": { "OBJECTID": 156, "KOTA": "JAKARTA PUSAT", "KECAMATAN": "MENTENG", "KELURAHAN": "KEBON SIRIH", "PERAHU_PE": 0, "RING_BUOY": 0, "SENTER_JJN": 0, "BAN_TRUK": 0, "MEGAPHONE": 0, "TENDA": 0, "VELBED": 0, "TANGGA": 0, "BILIK_ISO": 0, "PERAHU_JER": 0, "X": 106.830752573, "Y": -6.1850868873999998 }, "geometry": { "type": "Point", "coordinates": [ 106.830752573, -6.1850868874 ] } },
{ "type": "Feature", "properties": { "OBJECTID": 157, "KOTA": "JAKARTA PUSAT", "KECAMATAN": "MENTENG", "KELURAHAN": "MENTENG", "PERAHU_PE": 0, "RING_BUOY": 0, "SENTER_JJN": 3, "BAN_TRUK": 0, "MEGAPHONE": 0, "TENDA": 0, "VELBED": 0, "TANGGA": 0, "BILIK_ISO": 0, "PERAHU_JER": 0, "X": 106.833920592, "Y": -6.2008966998300004 }, "geometry": { "type": "Point", "coordinates": [ 106.833920592, -6.20089669983 ] } },
{ "type": "Feature", "properties": { "OBJECTID": 158, "KOTA": "JAKARTA PUSAT", "KECAMATAN": "MENTENG", "KELURAHAN": "PEGANGSAAN", "PERAHU_PE": 0, "RING_BUOY": 0, "SENTER_JJN": 0, "BAN_TRUK": 0, "MEGAPHONE": 0, "TENDA": 0, "VELBED": 0, "TANGGA": 0, "BILIK_ISO": 0, "PERAHU_JER": 0, "X": 106.848072167, "Y": -6.2019646056699997 }, "geometry": { "type": "Point", "coordinates": [ 106.848072167, -6.20196460567 ] } },
{ "type": "Feature", "properties": { "OBJECTID": 159, "KOTA": "JAKARTA UTARA", "KECAMATAN": "PADEMANGAN", "KELURAHAN": "ANCOL", "PERAHU_PE": 1, "RING_BUOY": 2, "SENTER_JJN": 4, "BAN_TRUK": 0, "MEGAPHONE": 0, "TENDA": 0, "VELBED": 0, "TANGGA": 0, "BILIK_ISO": 0, "PERAHU_JER": 0, "X": 106.833788191, "Y": -6.1241431797799999 }, "geometry": { "type": "Point", "coordinates": [ 106.833788191, -6.12414317978 ] } },
{ "type": "Feature", "properties": { "OBJECTID": 160, "KOTA": "JAKARTA UTARA", "KECAMATAN": "PADEMANGAN", "KELURAHAN": "PADEMANGAN BARAT", "PERAHU_PE": 0, "RING_BUOY": 0, "SENTER_JJN": 0, "BAN_TRUK": 0, "MEGAPHONE": 0, "TENDA": 0, "VELBED": 0, "TANGGA": 0, "BILIK_ISO": 0, "PERAHU_JER": 0, "X": 106.83676459, "Y": -6.1349267781199996 }, "geometry": { "type": "Point", "coordinates": [ 106.83676459, -6.13492677812 ] } },
{ "type": "Feature", "properties": { "OBJECTID": 161, "KOTA": "JAKARTA UTARA", "KECAMATAN": "PADEMANGAN", "KELURAHAN": "PADEMANGAN TIMUR", "PERAHU_PE": 1, "RING_BUOY": 0, "SENTER_JJN": 0, "BAN_TRUK": 0, "MEGAPHONE": 0, "TENDA": 0, "VELBED": 0, "TANGGA": 0, "BILIK_ISO": 0, "PERAHU_JER": 0, "X": 106.848285116, "Y": -6.1404638522399999 }, "geometry": { "type": "Point", "coordinates": [ 106.848285116, -6.14046385224 ] } },
{ "type": "Feature", "properties": { "OBJECTID": 162, "KOTA": "JAKARTA BARAT", "KECAMATAN": "PALMERAH", "KELURAHAN": "JATI PULO", "PERAHU_PE": 1, "RING_BUOY": 2, "SENTER_JJN": 8, "BAN_TRUK": 0, "MEGAPHONE": 0, "TENDA": 0, "VELBED": 0, "TANGGA": 0, "BILIK_ISO": 0, "PERAHU_JER": 0, "X": 106.803822199, "Y": -6.1787902466400002 }, "geometry": { "type": "Point", "coordinates": [ 106.803822199, -6.17879024664 ] } },
{ "type": "Feature", "properties": { "OBJECTID": 163, "KOTA": "JAKARTA BARAT", "KECAMATAN": "PALMERAH", "KELURAHAN": "KEMANGGISAN", "PERAHU_PE": 1, "RING_BUOY": 2, "SENTER_JJN": 8, "BAN_TRUK": 0, "MEGAPHONE": 0, "TENDA": 0, "VELBED": 0, "TANGGA": 0, "BILIK_ISO": 0, "PERAHU_JER": 0, "X": 106.79138030199999, "Y": -6.1898754779900003 }, "geometry": { "type": "Point", "coordinates": [ 106.79138030199999, -6.18987547799 ] } },
{ "type": "Feature", "properties": { "OBJECTID": 164, "KOTA": "JAKARTA BARAT", "KECAMATAN": "PALMERAH", "KELURAHAN": "KOTA BAMBU SELATAN", "PERAHU_PE": 1, "RING_BUOY": 2, "SENTER_JJN": 9, "BAN_TRUK": 0, "MEGAPHONE": 0, "TENDA": 0, "VELBED": 0, "TANGGA": 0, "BILIK_ISO": 0, "PERAHU_JER": 0, "X": 106.803353902, "Y": -6.1873497482399999 }, "geometry": { "type": "Point", "coordinates": [ 106.803353902, -6.18734974824 ] } },
{ "type": "Feature", "properties": { "OBJECTID": 165, "KOTA": "JAKARTA BARAT", "KECAMATAN": "PALMERAH", "KELURAHAN": "KOTA BAMBU UTARA", "PERAHU_PE": 1, "RING_BUOY": 2, "SENTER_JJN": 6, "BAN_TRUK": 0, "MEGAPHONE": 0, "TENDA": 0, "VELBED": 0, "TANGGA": 0, "BILIK_ISO": 0, "PERAHU_JER": 0, "X": 106.803417614, "Y": -6.1835652298300001 }, "geometry": { "type": "Point", "coordinates": [ 106.803417614, -6.18356522983 ] } },
{ "type": "Feature", "properties": { "OBJECTID": 166, "KOTA": "JAKARTA BARAT", "KECAMATAN": "PALMERAH", "KELURAHAN": "PALMERAH", "PERAHU_PE": 3, "RING_BUOY": 6, "SENTER_JJN": 26, "BAN_TRUK": 0, "MEGAPHONE": 11, "TENDA": 1, "VELBED": 10, "TANGGA": 1, "BILIK_ISO": 10, "PERAHU_JER": 0, "X": 106.78948896199999, "Y": -6.2010387638999998 }, "geometry": { "type": "Point", "coordinates": [ 106.78948896199999, -6.2010387639 ] } },
{ "type": "Feature", "properties": { "OBJECTID": 167, "KOTA": "JAKARTA BARAT", "KECAMATAN": "PALMERAH", "KELURAHAN": "SLIPI", "PERAHU_PE": 1, "RING_BUOY": 2, "SENTER_JJN": 6, "BAN_TRUK": 0, "MEGAPHONE": 0, "TENDA": 0, "VELBED": 0, "TANGGA": 0, "BILIK_ISO": 0, "PERAHU_JER": 0, "X": 106.80137657, "Y": -6.1939925228500003 }, "geometry": { "type": "Point", "coordinates": [ 106.80137657, -6.19399252285 ] } },
{ "type": "Feature", "properties": { "OBJECTID": 168, "KOTA": "JAKARTA SELATAN", "KECAMATAN": "PANCORAN", "KELURAHAN": "CIKOKO", "PERAHU_PE": 1, "RING_BUOY": 2, "SENTER_JJN": 1, "BAN_TRUK": 0, "MEGAPHONE": 0, "TENDA": 0, "VELBED": 0, "TANGGA": 0, "BILIK_ISO": 0, "PERAHU_JER": 0, "X": 106.85427982500001, "Y": -6.2449753533000001 }, "geometry": { "type": "Point", "coordinates": [ 106.854279825, -6.2449753533 ] } },
{ "type": "Feature", "properties": { "OBJECTID": 169, "KOTA": "JAKARTA SELATAN", "KECAMATAN": "PANCORAN", "KELURAHAN": "DUREN TIGA", "PERAHU_PE": 1, "RING_BUOY": 2, "SENTER_JJN": 6, "BAN_TRUK": 0, "MEGAPHONE": 3, "TENDA": 0, "VELBED": 0, "TANGGA": 0, "BILIK_ISO": 0, "PERAHU_JER": 0, "X": 106.83529074099999, "Y": -6.2558348634899996 }, "geometry": { "type": "Point", "coordinates": [ 106.83529074099999, -6.25583486349 ] } },
{ "type": "Feature", "properties": { "OBJECTID": 170, "KOTA": "JAKARTA SELATAN", "KECAMATAN": "PANCORAN", "KELURAHAN": "KALIBATA", "PERAHU_PE": 2, "RING_BUOY": 4, "SENTER_JJN": 7, "BAN_TRUK": 0, "MEGAPHONE": 0, "TENDA": 1, "VELBED": 10, "TANGGA": 1, "BILIK_ISO": 10, "PERAHU_JER": 0, "X": 106.83765794599999, "Y": -6.2633288653000001 }, "geometry": { "type": "Point", "coordinates": [ 106.83765794599999, -6.2633288653 ] } },
{ "type": "Feature", "properties": { "OBJECTID": 171, "KOTA": "JAKARTA SELATAN", "KECAMATAN": "PANCORAN", "KELURAHAN": "PANCORAN", "PERAHU_PE": 1, "RING_BUOY": 2, "SENTER_JJN": 2, "BAN_TRUK": 0, "MEGAPHONE": 0, "TENDA": 0, "VELBED": 0, "TANGGA": 0, "BILIK_ISO": 0, "PERAHU_JER": 0, "X": 106.840707833, "Y": -6.2474433600900001 }, "geometry": { "type": "Point", "coordinates": [ 106.840707833, -6.24744336009 ] } },
{ "type": "Feature", "properties": { "OBJECTID": 172, "KOTA": "JAKARTA SELATAN", "KECAMATAN": "PANCORAN", "KELURAHAN": "PENGADEGAN", "PERAHU_PE": 1, "RING_BUOY": 2, "SENTER_JJN": 14, "BAN_TRUK": 11, "MEGAPHONE": 11, "TENDA": 0, "VELBED": 0, "TANGGA": 0, "BILIK_ISO": 0, "PERAHU_JER": 0, "X": 106.855424163, "Y": -6.2492564866800002 }, "geometry": { "type": "Point", "coordinates": [ 106.855424163, -6.24925648668 ] } },
{ "type": "Feature", "properties": { "OBJECTID": 173, "KOTA": "JAKARTA SELATAN", "KECAMATAN": "PANCORAN", "KELURAHAN": "RAWA JATI", "PERAHU_PE": 1, "RING_BUOY": 2, "SENTER_JJN": 17, "BAN_TRUK": 16, "MEGAPHONE": 12, "TENDA": 1, "VELBED": 10, "TANGGA": 1, "BILIK_ISO": 10, "PERAHU_JER": 0, "X": 106.85465207, "Y": -6.2580956752399999 }, "geometry": { "type": "Point", "coordinates": [ 106.85465207, -6.25809567524 ] } },
{ "type": "Feature", "properties": { "OBJECTID": 174, "KOTA": "JAKARTA SELATAN", "KECAMATAN": "PASAR MINGGU", "KELURAHAN": "CILANDAK TIMUR", "PERAHU_PE": 1, "RING_BUOY": 2, "SENTER_JJN": 2, "BAN_TRUK": 0, "MEGAPHONE": 0, "TENDA": 0, "VELBED": 0, "TANGGA": 0, "BILIK_ISO": 0, "PERAHU_JER": 0, "X": 106.812764395, "Y": -6.2912471596800001 }, "geometry": { "type": "Point", "coordinates": [ 106.812764395, -6.29124715968 ] } },
{ "type": "Feature", "properties": { "OBJECTID": 175, "KOTA": "JAKARTA SELATAN", "KECAMATAN": "PASAR MINGGU", "KELURAHAN": "JATI PADANG", "PERAHU_PE": 3, "RING_BUOY": 6, "SENTER_JJN": 10, "BAN_TRUK": 0, "MEGAPHONE": 0, "TENDA": 1, "VELBED": 10, "TANGGA": 1, "BILIK_ISO": 10, "PERAHU_JER": 0, "X": 106.83105791, "Y": -6.2882591940100001 }, "geometry": { "type": "Point", "coordinates": [ 106.83105791, -6.28825919401 ] } },
{ "type": "Feature", "properties": { "OBJECTID": 176, "KOTA": "JAKARTA SELATAN", "KECAMATAN": "PASAR MINGGU", "KELURAHAN": "KEBAGUSAN", "PERAHU_PE": 2, "RING_BUOY": 4, "SENTER_JJN": 8, "BAN_TRUK": 0, "MEGAPHONE": 0, "TENDA": 1, "VELBED": 10, "TANGGA": 1, "BILIK_ISO": 10, "PERAHU_JER": 0, "X": 106.830942322, "Y": -6.3097349204700004 }, "geometry": { "type": "Point", "coordinates": [ 106.830942322, -6.30973492047 ] } },
{ "type": "Feature", "properties": { "OBJECTID": 177, "KOTA": "JAKARTA SELATAN", "KECAMATAN": "PASAR MINGGU", "KELURAHAN": "PASAR MINGGU", "PERAHU_PE": 1, "RING_BUOY": 2, "SENTER_JJN": 3, "BAN_TRUK": 0, "MEGAPHONE": 0, "TENDA": 0, "VELBED": 0, "TANGGA": 0, "BILIK_ISO": 0, "PERAHU_JER": 0, "X": 106.83944779399999, "Y": -6.2899610202199998 }, "geometry": { "type": "Point", "coordinates": [ 106.83944779399999, -6.28996102022 ] } },
{ "type": "Feature", "properties": { "OBJECTID": 178, "KOTA": "JAKARTA SELATAN", "KECAMATAN": "PASAR MINGGU", "KELURAHAN": "PEJATEN BARAT", "PERAHU_PE": 1, "RING_BUOY": 2, "SENTER_JJN": 3, "BAN_TRUK": 0, "MEGAPHONE": 0, "TENDA": 0, "VELBED": 0, "TANGGA": 0, "BILIK_ISO": 0, "PERAHU_JER": 0, "X": 106.83528254700001, "Y": -6.2729931262100003 }, "geometry": { "type": "Point", "coordinates": [ 106.835282547, -6.27299312621 ] } },
{ "type": "Feature", "properties": { "OBJECTID": 179, "KOTA": "JAKARTA SELATAN", "KECAMATAN": "PASAR MINGGU", "KELURAHAN": "PEJATEN TIMUR", "PERAHU_PE": 2, "RING_BUOY": 4, "SENTER_JJN": 15, "BAN_TRUK": 0, "MEGAPHONE": 7, "TENDA": 1, "VELBED": 10, "TANGGA": 1, "BILIK_ISO": 10, "PERAHU_JER": 0, "X": 106.84838529699999, "Y": -6.2799560947800002 }, "geometry": { "type": "Point", "coordinates": [ 106.84838529699999, -6.27995609478 ] } },
{ "type": "Feature", "properties": { "OBJECTID": 180, "KOTA": "JAKARTA SELATAN", "KECAMATAN": "PASAR MINGGU", "KELURAHAN": "RAGUNAN", "PERAHU_PE": 2, "RING_BUOY": 4, "SENTER_JJN": 7, "BAN_TRUK": 0, "MEGAPHONE": 0, "TENDA": 1, "VELBED": 10, "TANGGA": 1, "BILIK_ISO": 10, "PERAHU_JER": 0, "X": 106.821238741, "Y": -6.2987613001499998 }, "geometry": { "type": "Point", "coordinates": [ 106.821238741, -6.29876130015 ] } },
{ "type": "Feature", "properties": { "OBJECTID": 181, "KOTA": "JAKARTA TIMUR", "KECAMATAN": "PASAR REBO", "KELURAHAN": "BARU", "PERAHU_PE": 0, "RING_BUOY": 0, "SENTER_JJN": 0, "BAN_TRUK": 0, "MEGAPHONE": 0, "TENDA": 0, "VELBED": 0, "TANGGA": 0, "BILIK_ISO": 0, "PERAHU_JER": 0, "X": 106.846875066, "Y": -6.3243753250400001 }, "geometry": { "type": "Point", "coordinates": [ 106.846875066, -6.32437532504 ] } },
{ "type": "Feature", "properties": { "OBJECTID": 182, "KOTA": "JAKARTA TIMUR", "KECAMATAN": "PASAR REBO", "KELURAHAN": "CIJANTUNG", "PERAHU_PE": 1, "RING_BUOY": 2, "SENTER_JJN": 4, "BAN_TRUK": 0, "MEGAPHONE": 0, "TENDA": 0, "VELBED": 0, "TANGGA": 0, "BILIK_ISO": 0, "PERAHU_JER": 0, "X": 106.858440182, "Y": -6.32137476646 }, "geometry": { "type": "Point", "coordinates": [ 106.858440182, -6.32137476646 ] } },
{ "type": "Feature", "properties": { "OBJECTID": 183, "KOTA": "JAKARTA TIMUR", "KECAMATAN": "PASAR REBO", "KELURAHAN": "GEDONG", "PERAHU_PE": 1, "RING_BUOY": 2, "SENTER_JJN": 5, "BAN_TRUK": 0, "MEGAPHONE": 0, "TENDA": 0, "VELBED": 0, "TANGGA": 0, "BILIK_ISO": 0, "PERAHU_JER": 0, "X": 106.85996527499999, "Y": -6.3014777232099997 }, "geometry": { "type": "Point", "coordinates": [ 106.85996527499999, -6.30147772321 ] } },
{ "type": "Feature", "properties": { "OBJECTID": 184, "KOTA": "JAKARTA TIMUR", "KECAMATAN": "PASAR REBO", "KELURAHAN": "KALISARI", "PERAHU_PE": 0, "RING_BUOY": 0, "SENTER_JJN": 0, "BAN_TRUK": 0, "MEGAPHONE": 0, "TENDA": 0, "VELBED": 0, "TANGGA": 0, "BILIK_ISO": 0, "PERAHU_JER": 0, "X": 106.853038438, "Y": -6.3353778076799996 }, "geometry": { "type": "Point", "coordinates": [ 106.853038438, -6.33537780768 ] } },
{ "type": "Feature", "properties": { "OBJECTID": 185, "KOTA": "JAKARTA TIMUR", "KECAMATAN": "PASAR REBO", "KELURAHAN": "PEKAYON", "PERAHU_PE": 2, "RING_BUOY": 4, "SENTER_JJN": 8, "BAN_TRUK": 0, "MEGAPHONE": 0, "TENDA": 1, "VELBED": 10, "TANGGA": 1, "BILIK_ISO": 10, "PERAHU_JER": 0, "X": 106.864389762, "Y": -6.3449540954500003 }, "geometry": { "type": "Point", "coordinates": [ 106.864389762, -6.34495409545 ] } },
{ "type": "Feature", "properties": { "OBJECTID": 186, "KOTA": "JAKARTA UTARA", "KECAMATAN": "PENJARINGAN", "KELURAHAN": "KAMAL MUARA", "PERAHU_PE": 1, "RING_BUOY": 2, "SENTER_JJN": 3, "BAN_TRUK": 0, "MEGAPHONE": 0, "TENDA": 0, "VELBED": 0, "TANGGA": 0, "BILIK_ISO": 0, "PERAHU_JER": 0, "X": 106.738377082, "Y": -6.1043845086199999 }, "geometry": { "type": "Point", "coordinates": [ 106.738377082, -6.10438450862 ] } },
{ "type": "Feature", "properties": { "OBJECTID": 187, "KOTA": "JAKARTA UTARA", "KECAMATAN": "PENJARINGAN", "KELURAHAN": "KAPUK MUARA", "PERAHU_PE": 0, "RING_BUOY": 0, "SENTER_JJN": 17, "BAN_TRUK": 0, "MEGAPHONE": 17, "TENDA": 0, "VELBED": 0, "TANGGA": 0, "BILIK_ISO": 0, "PERAHU_JER": 0, "X": 106.763305624, "Y": -6.1221896142099999 }, "geometry": { "type": "Point", "coordinates": [ 106.763305624, -6.12218961421 ] } },
{ "type": "Feature", "properties": { "OBJECTID": 188, "KOTA": "JAKARTA UTARA", "KECAMATAN": "PENJARINGAN", "KELURAHAN": "PEJAGALAN", "PERAHU_PE": 1, "RING_BUOY": 2, "SENTER_JJN": 36, "BAN_TRUK": 27, "MEGAPHONE": 27, "TENDA": 1, "VELBED": 10, "TANGGA": 1, "BILIK_ISO": 10, "PERAHU_JER": 0, "X": 106.784827443, "Y": -6.1358065815499998 }, "geometry": { "type": "Point", "coordinates": [ 106.784827443, -6.13580658155 ] } },
{ "type": "Feature", "properties": { "OBJECTID": 189, "KOTA": "JAKARTA UTARA", "KECAMATAN": "PENJARINGAN", "KELURAHAN": "PENJARINGAN", "PERAHU_PE": 0, "RING_BUOY": 0, "SENTER_JJN": 18, "BAN_TRUK": 18, "MEGAPHONE": 18, "TENDA": 0, "VELBED": 0, "TANGGA": 0, "BILIK_ISO": 0, "PERAHU_JER": 0, "X": 106.80007384300001, "Y": -6.1220772955699996 }, "geometry": { "type": "Point", "coordinates": [ 106.800073843, -6.12207729557 ] } },
{ "type": "Feature", "properties": { "OBJECTID": 190, "KOTA": "JAKARTA UTARA", "KECAMATAN": "PENJARINGAN", "KELURAHAN": "PLUIT", "PERAHU_PE": 1, "RING_BUOY": 2, "SENTER_JJN": 6, "BAN_TRUK": 0, "MEGAPHONE": 0, "TENDA": 0, "VELBED": 0, "TANGGA": 0, "BILIK_ISO": 0, "PERAHU_JER": 0, "X": 106.78677886, "Y": -6.1135682555499997 }, "geometry": { "type": "Point", "coordinates": [ 106.78677886, -6.11356825555 ] } },
{ "type": "Feature", "properties": { "OBJECTID": 191, "KOTA": "JAKARTA SELATAN", "KECAMATAN": "PESANGGRAHAN", "KELURAHAN": "BINTARO", "PERAHU_PE": 2, "RING_BUOY": 4, "SENTER_JJN": 20, "BAN_TRUK": 2, "MEGAPHONE": 12, "TENDA": 1, "VELBED": 10, "TANGGA": 1, "BILIK_ISO": 10, "PERAHU_JER": 1, "X": 106.763618126, "Y": -6.2703730385499998 }, "geometry": { "type": "Point", "coordinates": [ 106.763618126, -6.27037303855 ] } },
{ "type": "Feature", "properties": { "OBJECTID": 192, "KOTA": "JAKARTA SELATAN", "KECAMATAN": "PESANGGRAHAN", "KELURAHAN": "PESANGGRAHAN", "PERAHU_PE": 0, "RING_BUOY": 0, "SENTER_JJN": 0, "BAN_TRUK": 0, "MEGAPHONE": 0, "TENDA": 0, "VELBED": 0, "TANGGA": 0, "BILIK_ISO": 0, "PERAHU_JER": 0, "X": 106.758735301, "Y": -6.2564806992799999 }, "geometry": { "type": "Point", "coordinates": [ 106.758735301, -6.25648069928 ] } },
{ "type": "Feature", "properties": { "OBJECTID": 193, "KOTA": "JAKARTA SELATAN", "KECAMATAN": "PESANGGRAHAN", "KELURAHAN": "PETUKANGAN SELATAN", "PERAHU_PE": 1, "RING_BUOY": 2, "SENTER_JJN": 2, "BAN_TRUK": 0, "MEGAPHONE": 0, "TENDA": 0, "VELBED": 0, "TANGGA": 0, "BILIK_ISO": 0, "PERAHU_JER": 0, "X": 106.753792335, "Y": -6.2433158960200004 }, "geometry": { "type": "Point", "coordinates": [ 106.753792335, -6.24331589602 ] } },
{ "type": "Feature", "properties": { "OBJECTID": 194, "KOTA": "JAKARTA SELATAN", "KECAMATAN": "PESANGGRAHAN", "KELURAHAN": "PETUKANGAN UTARA", "PERAHU_PE": 1, "RING_BUOY": 2, "SENTER_JJN": 4, "BAN_TRUK": 0, "MEGAPHONE": 0, "TENDA": 0, "VELBED": 0, "TANGGA": 0, "BILIK_ISO": 0, "PERAHU_JER": 0, "X": 106.75101122700001, "Y": -6.2292881540099998 }, "geometry": { "type": "Point", "coordinates": [ 106.751011227, -6.22928815401 ] } },
{ "type": "Feature", "properties": { "OBJECTID": 195, "KOTA": "JAKARTA SELATAN", "KECAMATAN": "PESANGGRAHAN", "KELURAHAN": "ULUJAMI", "PERAHU_PE": 1, "RING_BUOY": 2, "SENTER_JJN": 8, "BAN_TRUK": 0, "MEGAPHONE": 4, "TENDA": 1, "VELBED": 10, "TANGGA": 1, "BILIK_ISO": 10, "PERAHU_JER": 0, "X": 106.76318349, "Y": -6.2362883480400004 }, "geometry": { "type": "Point", "coordinates": [ 106.76318349, -6.23628834804 ] } },
{ "type": "Feature", "properties": { "OBJECTID": 196, "KOTA": "JAKARTA TIMUR", "KECAMATAN": "PULO GADUNG", "KELURAHAN": "CIPINANG", "PERAHU_PE": 2, "RING_BUOY": 4, "SENTER_JJN": 7, "BAN_TRUK": 0, "MEGAPHONE": 0, "TENDA": 1, "VELBED": 10, "TANGGA": 1, "BILIK_ISO": 10, "PERAHU_JER": 0, "X": 106.891260774, "Y": -6.20755608276 }, "geometry": { "type": "Point", "coordinates": [ 106.891260774, -6.20755608276 ] } },
{ "type": "Feature", "properties": { "OBJECTID": 197, "KOTA": "JAKARTA TIMUR", "KECAMATAN": "PULO GADUNG", "KELURAHAN": "JATI", "PERAHU_PE": 2, "RING_BUOY": 4, "SENTER_JJN": 8, "BAN_TRUK": 0, "MEGAPHONE": 0, "TENDA": 1, "VELBED": 10, "TANGGA": 1, "BILIK_ISO": 10, "PERAHU_JER": 0, "X": 106.89702902400001, "Y": -6.1945262372899998 }, "geometry": { "type": "Point", "coordinates": [ 106.897029024, -6.19452623729 ] } },
{ "type": "Feature", "properties": { "OBJECTID": 198, "KOTA": "JAKARTA TIMUR", "KECAMATAN": "PULO GADUNG", "KELURAHAN": "JATINEGARA KAUM", "PERAHU_PE": 0, "RING_BUOY": 0, "SENTER_JJN": 0, "BAN_TRUK": 0, "MEGAPHONE": 0, "TENDA": 1, "VELBED": 0, "TANGGA": 0, "BILIK_ISO": 0, "PERAHU_JER": 0, "X": 106.901457924, "Y": -6.2023483485100002 }, "geometry": { "type": "Point", "coordinates": [ 106.901457924, -6.20234834851 ] } },
{ "type": "Feature", "properties": { "OBJECTID": 199, "KOTA": "JAKARTA TIMUR", "KECAMATAN": "PULO GADUNG", "KELURAHAN": "KAYU PUTIH", "PERAHU_PE": 2, "RING_BUOY": 4, "SENTER_JJN": 8, "BAN_TRUK": 0, "MEGAPHONE": 0, "TENDA": 1, "VELBED": 10, "TANGGA": 1, "BILIK_ISO": 10, "PERAHU_JER": 0, "X": 106.883693096, "Y": -6.1794000187 }, "geometry": { "type": "Point", "coordinates": [ 106.883693096, -6.1794000187 ] } },
{ "type": "Feature", "properties": { "OBJECTID": 200, "KOTA": "JAKARTA TIMUR", "KECAMATAN": "PULO GADUNG", "KELURAHAN": "PISANGAN TIMUR", "PERAHU_PE": 2, "RING_BUOY": 4, "SENTER_JJN": 7, "BAN_TRUK": 0, "MEGAPHONE": 0, "TENDA": 1, "VELBED": 10, "TANGGA": 1, "BILIK_ISO": 10, "PERAHU_JER": 0, "X": 106.880134916, "Y": -6.2085762797099999 }, "geometry": { "type": "Point", "coordinates": [ 106.880134916, -6.20857627971 ] } },
{ "type": "Feature", "properties": { "OBJECTID": 201, "KOTA": "JAKARTA TIMUR", "KECAMATAN": "PULO GADUNG", "KELURAHAN": "PULO GADUNG", "PERAHU_PE": 2, "RING_BUOY": 0, "SENTER_JJN": 0, "BAN_TRUK": 0, "MEGAPHONE": 0, "TENDA": 0, "VELBED": 0, "TANGGA": 0, "BILIK_ISO": 0, "PERAHU_JER": 0, "X": 106.89890355199999, "Y": -6.1829906185299999 }, "geometry": { "type": "Point", "coordinates": [ 106.89890355199999, -6.18299061853 ] } },
{ "type": "Feature", "properties": { "OBJECTID": 202, "KOTA": "JAKARTA TIMUR", "KECAMATAN": "PULO GADUNG", "KELURAHAN": "RAWAMANGUN", "PERAHU_PE": 0, "RING_BUOY": 0, "SENTER_JJN": 0, "BAN_TRUK": 0, "MEGAPHONE": 0, "TENDA": 0, "VELBED": 0, "TANGGA": 0, "BILIK_ISO": 0, "PERAHU_JER": 0, "X": 106.88244828400001, "Y": -6.1959090441000004 }, "geometry": { "type": "Point", "coordinates": [ 106.882448284, -6.1959090441 ] } },
{ "type": "Feature", "properties": { "OBJECTID": 203, "KOTA": "JAKARTA PUSAT", "KECAMATAN": "SAWAH BESAR", "KELURAHAN": "GUNUNG SAHARI UTARA", "PERAHU_PE": 0, "RING_BUOY": 0, "SENTER_JJN": 0, "BAN_TRUK": 0, "MEGAPHONE": 0, "TENDA": 0, "VELBED": 0, "TANGGA": 0, "BILIK_ISO": 0, "PERAHU_JER": 0, "X": 106.841467274, "Y": -6.1488088728100001 }, "geometry": { "type": "Point", "coordinates": [ 106.841467274, -6.14880887281 ] } },
{ "type": "Feature", "properties": { "OBJECTID": 204, "KOTA": "JAKARTA PUSAT", "KECAMATAN": "SAWAH BESAR", "KELURAHAN": "KARANG ANYAR", "PERAHU_PE": 0, "RING_BUOY": 0, "SENTER_JJN": 0, "BAN_TRUK": 0, "MEGAPHONE": 0, "TENDA": 0, "VELBED": 0, "TANGGA": 0, "BILIK_ISO": 0, "PERAHU_JER": 0, "X": 106.829135432, "Y": -6.1539747814799997 }, "geometry": { "type": "Point", "coordinates": [ 106.829135432, -6.15397478148 ] } },
{ "type": "Feature", "properties": { "OBJECTID": 205, "KOTA": "JAKARTA PUSAT", "KECAMATAN": "SAWAH BESAR", "KELURAHAN": "KARTINI", "PERAHU_PE": 0, "RING_BUOY": 0, "SENTER_JJN": 0, "BAN_TRUK": 0, "MEGAPHONE": 0, "TENDA": 0, "VELBED": 0, "TANGGA": 0, "BILIK_ISO": 0, "PERAHU_JER": 0, "X": 106.833118086, "Y": -6.1532451787199998 }, "geometry": { "type": "Point", "coordinates": [ 106.833118086, -6.15324517872 ] } },
{ "type": "Feature", "properties": { "OBJECTID": 206, "KOTA": "JAKARTA PUSAT", "KECAMATAN": "SAWAH BESAR", "KELURAHAN": "MANGGA DUA SELATAN", "PERAHU_PE": 1, "RING_BUOY": 2, "SENTER_JJN": 6, "BAN_TRUK": 0, "MEGAPHONE": 0, "TENDA": 1, "VELBED": 10, "TANGGA": 1, "BILIK_ISO": 10, "PERAHU_JER": 0, "X": 106.828260257, "Y": -6.1420749003399999 }, "geometry": { "type": "Point", "coordinates": [ 106.828260257, -6.14207490034 ] } },
{ "type": "Feature", "properties": { "OBJECTID": 207, "KOTA": "JAKARTA PUSAT", "KECAMATAN": "SAWAH BESAR", "KELURAHAN": "PASAR BARU", "PERAHU_PE": 1, "RING_BUOY": 2, "SENTER_JJN": 4, "BAN_TRUK": 0, "MEGAPHONE": 0, "TENDA": 0, "VELBED": 0, "TANGGA": 0, "BILIK_ISO": 0, "PERAHU_JER": 0, "X": 106.834484016, "Y": -6.1660294706199998 }, "geometry": { "type": "Point", "coordinates": [ 106.834484016, -6.16602947062 ] } },
{ "type": "Feature", "properties": { "OBJECTID": 208, "KOTA": "JAKARTA PUSAT", "KECAMATAN": "SENEN", "KELURAHAN": "BUNGUR", "PERAHU_PE": 0, "RING_BUOY": 0, "SENTER_JJN": 0, "BAN_TRUK": 0, "MEGAPHONE": 0, "TENDA": 0, "VELBED": 0, "TANGGA": 0, "BILIK_ISO": 0, "PERAHU_JER": 0, "X": 106.847971507, "Y": -6.1715713778300003 }, "geometry": { "type": "Point", "coordinates": [ 106.847971507, -6.17157137783 ] } },
{ "type": "Feature", "properties": { "OBJECTID": 209, "KOTA": "JAKARTA PUSAT", "KECAMATAN": "SENEN", "KELURAHAN": "KENARI", "PERAHU_PE": 0, "RING_BUOY": 0, "SENTER_JJN": 0, "BAN_TRUK": 0, "MEGAPHONE": 0, "TENDA": 0, "VELBED": 0, "TANGGA": 0, "BILIK_ISO": 0, "PERAHU_JER": 0, "X": 106.846683473, "Y": -6.19356000269 }, "geometry": { "type": "Point", "coordinates": [ 106.846683473, -6.19356000269 ] } },
{ "type": "Feature", "properties": { "OBJECTID": 210, "KOTA": "JAKARTA PUSAT", "KECAMATAN": "SENEN", "KELURAHAN": "KRAMAT", "PERAHU_PE": 0, "RING_BUOY": 0, "SENTER_JJN": 0, "BAN_TRUK": 0, "MEGAPHONE": 0, "TENDA": 0, "VELBED": 0, "TANGGA": 0, "BILIK_ISO": 0, "PERAHU_JER": 0, "X": 106.846320437, "Y": -6.1834864062700001 }, "geometry": { "type": "Point", "coordinates": [ 106.846320437, -6.18348640627 ] } },
{ "type": "Feature", "properties": { "OBJECTID": 211, "KOTA": "JAKARTA PUSAT", "KECAMATAN": "SENEN", "KELURAHAN": "KWITANG", "PERAHU_PE": 0, "RING_BUOY": 0, "SENTER_JJN": 0, "BAN_TRUK": 0, "MEGAPHONE": 0, "TENDA": 0, "VELBED": 0, "TANGGA": 0, "BILIK_ISO": 0, "PERAHU_JER": 0, "X": 106.84019354599999, "Y": -6.1831837631499997 }, "geometry": { "type": "Point", "coordinates": [ 106.84019354599999, -6.18318376315 ] } },
{ "type": "Feature", "properties": { "OBJECTID": 212, "KOTA": "JAKARTA PUSAT", "KECAMATAN": "SENEN", "KELURAHAN": "PASEBAN", "PERAHU_PE": 0, "RING_BUOY": 0, "SENTER_JJN": 0, "BAN_TRUK": 0, "MEGAPHONE": 0, "TENDA": 0, "VELBED": 0, "TANGGA": 0, "BILIK_ISO": 0, "PERAHU_JER": 0, "X": 106.85258725, "Y": -6.193391475 }, "geometry": { "type": "Point", "coordinates": [ 106.85258725, -6.193391475 ] } },
{ "type": "Feature", "properties": { "OBJECTID": 213, "KOTA": "JAKARTA PUSAT", "KECAMATAN": "SENEN", "KELURAHAN": "SENEN", "PERAHU_PE": 0, "RING_BUOY": 0, "SENTER_JJN": 0, "BAN_TRUK": 0, "MEGAPHONE": 0, "TENDA": 0, "VELBED": 0, "TANGGA": 0, "BILIK_ISO": 0, "PERAHU_JER": 0, "X": 106.839631642, "Y": -6.17610135306 }, "geometry": { "type": "Point", "coordinates": [ 106.839631642, -6.17610135306 ] } },
{ "type": "Feature", "properties": { "OBJECTID": 214, "KOTA": "JAKARTA SELATAN", "KECAMATAN": "SETIA BUDI", "KELURAHAN": "GUNTUR", "PERAHU_PE": 0, "RING_BUOY": 0, "SENTER_JJN": 0, "BAN_TRUK": 0, "MEGAPHONE": 0, "TENDA": 0, "VELBED": 0, "TANGGA": 0, "BILIK_ISO": 0, "PERAHU_JER": 0, "X": 106.83324903499999, "Y": -6.2079469487700001 }, "geometry": { "type": "Point", "coordinates": [ 106.83324903499999, -6.20794694877 ] } },
{ "type": "Feature", "properties": { "OBJECTID": 215, "KOTA": "JAKARTA SELATAN", "KECAMATAN": "SETIA BUDI", "KELURAHAN": "KARET", "PERAHU_PE": 0, "RING_BUOY": 0, "SENTER_JJN": 0, "BAN_TRUK": 0, "MEGAPHONE": 0, "TENDA": 0, "VELBED": 0, "TANGGA": 0, "BILIK_ISO": 0, "PERAHU_JER": 0, "X": 106.826964088, "Y": -6.21382448518 }, "geometry": { "type": "Point", "coordinates": [ 106.826964088, -6.21382448518 ] } },
{ "type": "Feature", "properties": { "OBJECTID": 216, "KOTA": "JAKARTA SELATAN", "KECAMATAN": "SETIA BUDI", "KELURAHAN": "KARET KUNINGAN", "PERAHU_PE": 0, "RING_BUOY": 0, "SENTER_JJN": 0, "BAN_TRUK": 0, "MEGAPHONE": 0, "TENDA": 0, "VELBED": 0, "TANGGA": 0, "BILIK_ISO": 0, "PERAHU_JER": 0, "X": 106.82797849400001, "Y": -6.2206421173199997 }, "geometry": { "type": "Point", "coordinates": [ 106.827978494, -6.22064211732 ] } },
{ "type": "Feature", "properties": { "OBJECTID": 217, "KOTA": "JAKARTA SELATAN", "KECAMATAN": "SETIA BUDI", "KELURAHAN": "KARET SEMANGGI", "PERAHU_PE": 1, "RING_BUOY": 2, "SENTER_JJN": 3, "BAN_TRUK": 0, "MEGAPHONE": 0, "TENDA": 0, "VELBED": 0, "TANGGA": 0, "BILIK_ISO": 0, "PERAHU_JER": 0, "X": 106.817934331, "Y": -6.2225390315700002 }, "geometry": { "type": "Point", "coordinates": [ 106.817934331, -6.22253903157 ] } },
{ "type": "Feature", "properties": { "OBJECTID": 218, "KOTA": "JAKARTA SELATAN", "KECAMATAN": "SETIA BUDI", "KELURAHAN": "KUNINGAN TIMUR", "PERAHU_PE": 1, "RING_BUOY": 2, "SENTER_JJN": 3, "BAN_TRUK": 0, "MEGAPHONE": 0, "TENDA": 0, "VELBED": 0, "TANGGA": 0, "BILIK_ISO": 0, "PERAHU_JER": 0, "X": 106.829552014, "Y": -6.2316333301400002 }, "geometry": { "type": "Point", "coordinates": [ 106.829552014, -6.23163333014 ] } },
{ "type": "Feature", "properties": { "OBJECTID": 219, "KOTA": "JAKARTA SELATAN", "KECAMATAN": "SETIA BUDI", "KELURAHAN": "MENTENG ATAS", "PERAHU_PE": 0, "RING_BUOY": 0, "SENTER_JJN": 0, "BAN_TRUK": 0, "MEGAPHONE": 0, "TENDA": 0, "VELBED": 0, "TANGGA": 0, "BILIK_ISO": 0, "PERAHU_JER": 0, "X": 106.839536705, "Y": -6.2181704579200003 }, "geometry": { "type": "Point", "coordinates": [ 106.839536705, -6.21817045792 ] } },
{ "type": "Feature", "properties": { "OBJECTID": 220, "KOTA": "JAKARTA SELATAN", "KECAMATAN": "SETIA BUDI", "KELURAHAN": "PASAR MANGGIS", "PERAHU_PE": 0, "RING_BUOY": 0, "SENTER_JJN": 0, "BAN_TRUK": 0, "MEGAPHONE": 0, "TENDA": 1, "VELBED": 0, "TANGGA": 0, "BILIK_ISO": 0, "PERAHU_JER": 0, "X": 106.841582825, "Y": -6.2104421742399998 }, "geometry": { "type": "Point", "coordinates": [ 106.841582825, -6.21044217424 ] } },
{ "type": "Feature", "properties": { "OBJECTID": 221, "KOTA": "JAKARTA SELATAN", "KECAMATAN": "SETIA BUDI", "KELURAHAN": "SETIA BUDI", "PERAHU_PE": 0, "RING_BUOY": 0, "SENTER_JJN": 0, "BAN_TRUK": 0, "MEGAPHONE": 0, "TENDA": 0, "VELBED": 0, "TANGGA": 0, "BILIK_ISO": 0, "PERAHU_JER": 0, "X": 106.82583793800001, "Y": -6.2074199953999996 }, "geometry": { "type": "Point", "coordinates": [ 106.825837938, -6.2074199954 ] } },
{ "type": "Feature", "properties": { "OBJECTID": 222, "KOTA": "JAKARTA BARAT", "KECAMATAN": "TAMAN SARI", "KELURAHAN": "GLODOK", "PERAHU_PE": 0, "RING_BUOY": 0, "SENTER_JJN": 0, "BAN_TRUK": 0, "MEGAPHONE": 0, "TENDA": 0, "VELBED": 0, "TANGGA": 0, "BILIK_ISO": 0, "PERAHU_JER": 0, "X": 106.813214131, "Y": -6.1449774691099996 }, "geometry": { "type": "Point", "coordinates": [ 106.813214131, -6.14497746911 ] } },
{ "type": "Feature", "properties": { "OBJECTID": 223, "KOTA": "JAKARTA BARAT", "KECAMATAN": "TAMAN SARI", "KELURAHAN": "KEAGUNGAN", "PERAHU_PE": 0, "RING_BUOY": 0, "SENTER_JJN": 0, "BAN_TRUK": 0, "MEGAPHONE": 0, "TENDA": 0, "VELBED": 0, "TANGGA": 0, "BILIK_ISO": 0, "PERAHU_JER": 0, "X": 106.81427812699999, "Y": -6.1511709031899997 }, "geometry": { "type": "Point", "coordinates": [ 106.81427812699999, -6.15117090319 ] } },
{ "type": "Feature", "properties": { "OBJECTID": 224, "KOTA": "JAKARTA BARAT", "KECAMATAN": "TAMAN SARI", "KELURAHAN": "KRUKUT", "PERAHU_PE": 1, "RING_BUOY": 7, "SENTER_JJN": 0, "BAN_TRUK": 0, "MEGAPHONE": 0, "TENDA": 1, "VELBED": 0, "TANGGA": 0, "BILIK_ISO": 0, "PERAHU_JER": 0, "X": 106.814993669, "Y": -6.1569581401100004 }, "geometry": { "type": "Point", "coordinates": [ 106.814993669, -6.15695814011 ] } },
{ "type": "Feature", "properties": { "OBJECTID": 225, "KOTA": "JAKARTA BARAT", "KECAMATAN": "TAMAN SARI", "KELURAHAN": "MANGGA BESAR", "PERAHU_PE": 0, "RING_BUOY": 0, "SENTER_JJN": 0, "BAN_TRUK": 0, "MEGAPHONE": 0, "TENDA": 0, "VELBED": 0, "TANGGA": 0, "BILIK_ISO": 0, "PERAHU_JER": 0, "X": 106.818306163, "Y": -6.1448001476799998 }, "geometry": { "type": "Point", "coordinates": [ 106.818306163, -6.14480014768 ] } },
{ "type": "Feature", "properties": { "OBJECTID": 226, "KOTA": "JAKARTA BARAT", "KECAMATAN": "TAMAN SARI", "KELURAHAN": "MAPHAR", "PERAHU_PE": 0, "RING_BUOY": 0, "SENTER_JJN": 0, "BAN_TRUK": 0, "MEGAPHONE": 0, "TENDA": 0, "VELBED": 0, "TANGGA": 0, "BILIK_ISO": 0, "PERAHU_JER": 0, "X": 106.821172339, "Y": -6.1560125775600003 }, "geometry": { "type": "Point", "coordinates": [ 106.821172339, -6.15601257756 ] } },
{ "type": "Feature", "properties": { "OBJECTID": 227, "KOTA": "JAKARTA BARAT", "KECAMATAN": "TAMAN SARI", "KELURAHAN": "PINANGSIA", "PERAHU_PE": 0, "RING_BUOY": 4, "SENTER_JJN": 0, "BAN_TRUK": 0, "MEGAPHONE": 0, "TENDA": 0, "VELBED": 0, "TANGGA": 0, "BILIK_ISO": 0, "PERAHU_JER": 0, "X": 106.815804278, "Y": -6.1370824931400003 }, "geometry": { "type": "Point", "coordinates": [ 106.815804278, -6.13708249314 ] } },
{ "type": "Feature", "properties": { "OBJECTID": 228, "KOTA": "JAKARTA BARAT", "KECAMATAN": "TAMAN SARI", "KELURAHAN": "TAMAN SARI", "PERAHU_PE": 0, "RING_BUOY": 0, "SENTER_JJN": 0, "BAN_TRUK": 0, "MEGAPHONE": 0, "TENDA": 0, "VELBED": 0, "TANGGA": 0, "BILIK_ISO": 0, "PERAHU_JER": 0, "X": 106.82453124200001, "Y": -6.1535766836 }, "geometry": { "type": "Point", "coordinates": [ 106.824531242, -6.1535766836 ] } },
{ "type": "Feature", "properties": { "OBJECTID": 229, "KOTA": "JAKARTA BARAT", "KECAMATAN": "TAMAN SARI", "KELURAHAN": "TANGKI", "PERAHU_PE": 0, "RING_BUOY": 0, "SENTER_JJN": 0, "BAN_TRUK": 0, "MEGAPHONE": 0, "TENDA": 0, "VELBED": 0, "TANGGA": 0, "BILIK_ISO": 0, "PERAHU_JER": 0, "X": 106.823136683, "Y": -6.1461971369499997 }, "geometry": { "type": "Point", "coordinates": [ 106.823136683, -6.14619713695 ] } },
{ "type": "Feature", "properties": { "OBJECTID": 230, "KOTA": "JAKARTA BARAT", "KECAMATAN": "TAMBORA", "KELURAHAN": "ANGKE", "PERAHU_PE": 0, "RING_BUOY": 0, "SENTER_JJN": 0, "BAN_TRUK": 0, "MEGAPHONE": 0, "TENDA": 0, "VELBED": 0, "TANGGA": 0, "BILIK_ISO": 0, "PERAHU_JER": 0, "X": 106.79579436100001, "Y": -6.14552741428 }, "geometry": { "type": "Point", "coordinates": [ 106.795794361, -6.14552741428 ] } },
{ "type": "Feature", "properties": { "OBJECTID": 231, "KOTA": "JAKARTA BARAT", "KECAMATAN": "TAMBORA", "KELURAHAN": "DURI SELATAN", "PERAHU_PE": 0, "RING_BUOY": 0, "SENTER_JJN": 0, "BAN_TRUK": 0, "MEGAPHONE": 0, "TENDA": 0, "VELBED": 0, "TANGGA": 0, "BILIK_ISO": 0, "PERAHU_JER": 0, "X": 106.80501318899999, "Y": -6.1590278139199999 }, "geometry": { "type": "Point", "coordinates": [ 106.80501318899999, -6.15902781392 ] } },
{ "type": "Feature", "properties": { "OBJECTID": 232, "KOTA": "JAKARTA BARAT", "KECAMATAN": "TAMBORA", "KELURAHAN": "DURI UTARA", "PERAHU_PE": 0, "RING_BUOY": 0, "SENTER_JJN": 0, "BAN_TRUK": 0, "MEGAPHONE": 0, "TENDA": 0, "VELBED": 0, "TANGGA": 0, "BILIK_ISO": 0, "PERAHU_JER": 0, "X": 106.804942282, "Y": -6.1543100445299999 }, "geometry": { "type": "Point", "coordinates": [ 106.804942282, -6.15431004453 ] } },
{ "type": "Feature", "properties": { "OBJECTID": 233, "KOTA": "JAKARTA BARAT", "KECAMATAN": "TAMBORA", "KELURAHAN": "JEMBATAN BESI", "PERAHU_PE": 0, "RING_BUOY": 0, "SENTER_JJN": 0, "BAN_TRUK": 0, "MEGAPHONE": 0, "TENDA": 0, "VELBED": 0, "TANGGA": 0, "BILIK_ISO": 0, "PERAHU_JER": 0, "X": 106.797751201, "Y": -6.15186678255 }, "geometry": { "type": "Point", "coordinates": [ 106.797751201, -6.15186678255 ] } },
{ "type": "Feature", "properties": { "OBJECTID": 234, "KOTA": "JAKARTA BARAT", "KECAMATAN": "TAMBORA", "KELURAHAN": "JEMBATAN LIMA", "PERAHU_PE": 0, "RING_BUOY": 0, "SENTER_JJN": 0, "BAN_TRUK": 0, "MEGAPHONE": 0, "TENDA": 0, "VELBED": 0, "TANGGA": 0, "BILIK_ISO": 0, "PERAHU_JER": 0, "X": 106.80379276799999, "Y": -6.14490519772 }, "geometry": { "type": "Point", "coordinates": [ 106.80379276799999, -6.14490519772 ] } },
{ "type": "Feature", "properties": { "OBJECTID": 235, "KOTA": "JAKARTA BARAT", "KECAMATAN": "TAMBORA", "KELURAHAN": "KALI ANYAR", "PERAHU_PE": 0, "RING_BUOY": 1, "SENTER_JJN": 0, "BAN_TRUK": 2, "MEGAPHONE": 0, "TENDA": 2, "VELBED": 0, "TANGGA": 0, "BILIK_ISO": 0, "PERAHU_JER": 0, "X": 106.799033868, "Y": -6.1576913469800001 }, "geometry": { "type": "Point", "coordinates": [ 106.799033868, -6.15769134698 ] } },
{ "type": "Feature", "properties": { "OBJECTID": 236, "KOTA": "JAKARTA BARAT", "KECAMATAN": "TAMBORA", "KELURAHAN": "KERENDANG", "PERAHU_PE": 0, "RING_BUOY": 0, "SENTER_JJN": 0, "BAN_TRUK": 0, "MEGAPHONE": 0, "TENDA": 0, "VELBED": 0, "TANGGA": 0, "BILIK_ISO": 0, "PERAHU_JER": 0, "X": 106.803983753, "Y": -6.15021453599 }, "geometry": { "type": "Point", "coordinates": [ 106.803983753, -6.15021453599 ] } },
{ "type": "Feature", "properties": { "OBJECTID": 237, "KOTA": "JAKARTA BARAT", "KECAMATAN": "TAMBORA", "KELURAHAN": "PEKOJAN", "PERAHU_PE": 0, "RING_BUOY": 0, "SENTER_JJN": 0, "BAN_TRUK": 0, "MEGAPHONE": 0, "TENDA": 0, "VELBED": 0, "TANGGA": 0, "BILIK_ISO": 0, "PERAHU_JER": 0, "X": 106.804028798, "Y": -6.1373449614600002 }, "geometry": { "type": "Point", "coordinates": [ 106.804028798, -6.13734496146 ] } },
{ "type": "Feature", "properties": { "OBJECTID": 238, "KOTA": "JAKARTA BARAT", "KECAMATAN": "TAMBORA", "KELURAHAN": "ROA MALAKA", "PERAHU_PE": 0, "RING_BUOY": 0, "SENTER_JJN": 0, "BAN_TRUK": 0, "MEGAPHONE": 0, "TENDA": 0, "VELBED": 0, "TANGGA": 0, "BILIK_ISO": 0, "PERAHU_JER": 0, "X": 106.80946936300001, "Y": -6.13637449398 }, "geometry": { "type": "Point", "coordinates": [ 106.809469363, -6.13637449398 ] } },
{ "type": "Feature", "properties": { "OBJECTID": 239, "KOTA": "JAKARTA BARAT", "KECAMATAN": "TAMBORA", "KELURAHAN": "TAMBORA", "PERAHU_PE": 0, "RING_BUOY": 0, "SENTER_JJN": 0, "BAN_TRUK": 0, "MEGAPHONE": 0, "TENDA": 0, "VELBED": 0, "TANGGA": 0, "BILIK_ISO": 0, "PERAHU_JER": 0, "X": 106.80884620800001, "Y": -6.1446291575999998 }, "geometry": { "type": "Point", "coordinates": [ 106.808846208, -6.1446291576 ] } },
{ "type": "Feature", "properties": { "OBJECTID": 240, "KOTA": "JAKARTA BARAT", "KECAMATAN": "TAMBORA", "KELURAHAN": "TANAH SEREAL", "PERAHU_PE": 5, "RING_BUOY": 0, "SENTER_JJN": 0, "BAN_TRUK": 0, "MEGAPHONE": 1, "TENDA": 0, "VELBED": 0, "TANGGA": 0, "BILIK_ISO": 0, "PERAHU_JER": 0, "X": 106.809841848, "Y": -6.1540458577599999 }, "geometry": { "type": "Point", "coordinates": [ 106.809841848, -6.15404585776 ] } },
{ "type": "Feature", "properties": { "OBJECTID": 241, "KOTA": "JAKARTA PUSAT", "KECAMATAN": "TANAH ABANG", "KELURAHAN": "BENDUNGAN HILIR", "PERAHU_PE": 1, "RING_BUOY": 2, "SENTER_JJN": 5, "BAN_TRUK": 0, "MEGAPHONE": 0, "TENDA": 0, "VELBED": 0, "TANGGA": 0, "BILIK_ISO": 0, "PERAHU_JER": 0, "X": 106.80904177799999, "Y": -6.2086307269400001 }, "geometry": { "type": "Point", "coordinates": [ 106.80904177799999, -6.20863072694 ] } },
{ "type": "Feature", "properties": { "OBJECTID": 242, "KOTA": "JAKARTA PUSAT", "KECAMATAN": "TANAH ABANG", "KELURAHAN": "GELORA", "PERAHU_PE": 0, "RING_BUOY": 0, "SENTER_JJN": 0, "BAN_TRUK": 0, "MEGAPHONE": 3, "TENDA": 1, "VELBED": 0, "TANGGA": 0, "BILIK_ISO": 0, "PERAHU_JER": 0, "X": 106.80150534000001, "Y": -6.21625888261 }, "geometry": { "type": "Point", "coordinates": [ 106.80150534, -6.21625888261 ] } },
{ "type": "Feature", "properties": { "OBJECTID": 243, "KOTA": "JAKARTA PUSAT", "KECAMATAN": "TANAH ABANG", "KELURAHAN": "KAMPUNG BALI", "PERAHU_PE": 0, "RING_BUOY": 0, "SENTER_JJN": 0, "BAN_TRUK": 0, "MEGAPHONE": 0, "TENDA": 0, "VELBED": 0, "TANGGA": 0, "BILIK_ISO": 0, "PERAHU_JER": 0, "X": 106.81613458, "Y": -6.1851877524000001 }, "geometry": { "type": "Point", "coordinates": [ 106.81613458, -6.1851877524 ] } },
{ "type": "Feature", "properties": { "OBJECTID": 244, "KOTA": "JAKARTA PUSAT", "KECAMATAN": "TANAH ABANG", "KELURAHAN": "KARET TENGSIN", "PERAHU_PE": 1, "RING_BUOY": 2, "SENTER_JJN": 14, "BAN_TRUK": 11, "MEGAPHONE": 6, "TENDA": 1, "VELBED": 10, "TANGGA": 1, "BILIK_ISO": 10, "PERAHU_JER": 0, "X": 106.816551515, "Y": -6.2070666247400004 }, "geometry": { "type": "Point", "coordinates": [ 106.816551515, -6.20706662474 ] } },
{ "type": "Feature", "properties": { "OBJECTID": 245, "KOTA": "JAKARTA PUSAT", "KECAMATAN": "TANAH ABANG", "KELURAHAN": "KEBON KACANG", "PERAHU_PE": 0, "RING_BUOY": 0, "SENTER_JJN": 0, "BAN_TRUK": 0, "MEGAPHONE": 0, "TENDA": 0, "VELBED": 0, "TANGGA": 0, "BILIK_ISO": 0, "PERAHU_JER": 0, "X": 106.817201946, "Y": -6.19029931618 }, "geometry": { "type": "Point", "coordinates": [ 106.817201946, -6.19029931618 ] } },
{ "type": "Feature", "properties": { "OBJECTID": 246, "KOTA": "JAKARTA PUSAT", "KECAMATAN": "TANAH ABANG", "KELURAHAN": "KEBON MELATI", "PERAHU_PE": 0, "RING_BUOY": 0, "SENTER_JJN": 0, "BAN_TRUK": 0, "MEGAPHONE": 0, "TENDA": 1, "VELBED": 0, "TANGGA": 0, "BILIK_ISO": 0, "PERAHU_JER": 0, "X": 106.81596824, "Y": -6.1970527198400003 }, "geometry": { "type": "Point", "coordinates": [ 106.81596824, -6.19705271984 ] } },
{ "type": "Feature", "properties": { "OBJECTID": 247, "KOTA": "JAKARTA PUSAT", "KECAMATAN": "TANAH ABANG", "KELURAHAN": "PETAMBURAN", "PERAHU_PE": 1, "RING_BUOY": 2, "SENTER_JJN": 11, "BAN_TRUK": 5, "MEGAPHONE": 5, "TENDA": 1, "VELBED": 10, "TANGGA": 1, "BILIK_ISO": 10, "PERAHU_JER": 0, "X": 106.80600167199999, "Y": -6.196875666 }, "geometry": { "type": "Point", "coordinates": [ 106.80600167199999, -6.196875666 ] } },
{ "type": "Feature", "properties": { "OBJECTID": 248, "KOTA": "JAKARTA UTARA", "KECAMATAN": "TANJUNG PRIOK", "KELURAHAN": "KEBON BAWANG", "PERAHU_PE": 0, "RING_BUOY": 4, "SENTER_JJN": 0, "BAN_TRUK": 0, "MEGAPHONE": 0, "TENDA": 1, "VELBED": 0, "TANGGA": 0, "BILIK_ISO": 0, "PERAHU_JER": 0, "X": 106.889016023, "Y": -6.1193565980200004 }, "geometry": { "type": "Point", "coordinates": [ 106.889016023, -6.11935659802 ] } },
{ "type": "Feature", "properties": { "OBJECTID": 249, "KOTA": "JAKARTA UTARA", "KECAMATAN": "TANJUNG PRIOK", "KELURAHAN": "PAPANGGO", "PERAHU_PE": 0, "RING_BUOY": 0, "SENTER_JJN": 2, "BAN_TRUK": 0, "MEGAPHONE": 0, "TENDA": 3, "VELBED": 0, "TANGGA": 0, "BILIK_ISO": 0, "PERAHU_JER": 0, "X": 106.871108768, "Y": -6.1290061742199997 }, "geometry": { "type": "Point", "coordinates": [ 106.871108768, -6.12900617422 ] } },
{ "type": "Feature", "properties": { "OBJECTID": 250, "KOTA": "JAKARTA UTARA", "KECAMATAN": "TANJUNG PRIOK", "KELURAHAN": "SUNGAI BAMBU", "PERAHU_PE": 0, "RING_BUOY": 0, "SENTER_JJN": 0, "BAN_TRUK": 0, "MEGAPHONE": 0, "TENDA": 2, "VELBED": 0, "TANGGA": 0, "BILIK_ISO": 0, "PERAHU_JER": 0, "X": 106.886230638, "Y": -6.1307360936200004 }, "geometry": { "type": "Point", "coordinates": [ 106.886230638, -6.13073609362 ] } },
{ "type": "Feature", "properties": { "OBJECTID": 251, "KOTA": "JAKARTA UTARA", "KECAMATAN": "TANJUNG PRIOK", "KELURAHAN": "SUNTER AGUNG", "PERAHU_PE": 1, "RING_BUOY": 6, "SENTER_JJN": 0, "BAN_TRUK": 0, "MEGAPHONE": 0, "TENDA": 0, "VELBED": 0, "TANGGA": 0, "BILIK_ISO": 0, "PERAHU_JER": 0, "X": 106.862089055, "Y": -6.1380820512599996 }, "geometry": { "type": "Point", "coordinates": [ 106.862089055, -6.13808205126 ] } },
{ "type": "Feature", "properties": { "OBJECTID": 252, "KOTA": "JAKARTA UTARA", "KECAMATAN": "TANJUNG PRIOK", "KELURAHAN": "SUNTER JAYA", "PERAHU_PE": 0, "RING_BUOY": 0, "SENTER_JJN": 0, "BAN_TRUK": 0, "MEGAPHONE": 0, "TENDA": 0, "VELBED": 0, "TANGGA": 0, "BILIK_ISO": 0, "PERAHU_JER": 0, "X": 106.876812602, "Y": -6.1513538192699997 }, "geometry": { "type": "Point", "coordinates": [ 106.876812602, -6.15135381927 ] } },
{ "type": "Feature", "properties": { "OBJECTID": 253, "KOTA": "JAKARTA UTARA", "KECAMATAN": "TANJUNG PRIOK", "KELURAHAN": "TANJUNG PRIOK", "PERAHU_PE": 1, "RING_BUOY": 0, "SENTER_JJN": 0, "BAN_TRUK": 0, "MEGAPHONE": 0, "TENDA": 1, "VELBED": 0, "TANGGA": 0, "BILIK_ISO": 0, "PERAHU_JER": 0, "X": 106.879034604, "Y": -6.1089787701800002 }, "geometry": { "type": "Point", "coordinates": [ 106.879034604, -6.10897877018 ] } },
{ "type": "Feature", "properties": { "OBJECTID": 254, "KOTA": "JAKARTA UTARA", "KECAMATAN": "TANJUNG PRIOK", "KELURAHAN": "WARAKAS", "PERAHU_PE": 0, "RING_BUOY": 5, "SENTER_JJN": 5, "BAN_TRUK": 0, "MEGAPHONE": 0, "TENDA": 0, "VELBED": 0, "TANGGA": 0, "BILIK_ISO": 0, "PERAHU_JER": 0, "X": 106.877782262, "Y": -6.1218300669300003 }, "geometry": { "type": "Point", "coordinates": [ 106.877782262, -6.12183006693 ] } },
{ "type": "Feature", "properties": { "OBJECTID": 255, "KOTA": "JAKARTA SELATAN", "KECAMATAN": "TEBET", "KELURAHAN": "BUKIT DURI", "PERAHU_PE": 1, "RING_BUOY": 2, "SENTER_JJN": 6, "BAN_TRUK": 0, "MEGAPHONE": 0, "TENDA": 1, "VELBED": 10, "TANGGA": 1, "BILIK_ISO": 10, "PERAHU_JER": 0, "X": 106.858147239, "Y": -6.2213042731400003 }, "geometry": { "type": "Point", "coordinates": [ 106.858147239, -6.22130427314 ] } },
{ "type": "Feature", "properties": { "OBJECTID": 256, "KOTA": "JAKARTA SELATAN", "KECAMATAN": "TEBET", "KELURAHAN": "KEBON BARU", "PERAHU_PE": 2, "RING_BUOY": 4, "SENTER_JJN": 12, "BAN_TRUK": 0, "MEGAPHONE": 3, "TENDA": 1, "VELBED": 10, "TANGGA": 1, "BILIK_ISO": 10, "PERAHU_JER": 0, "X": 106.86163154499999, "Y": -6.23370984616 }, "geometry": { "type": "Point", "coordinates": [ 106.86163154499999, -6.23370984616 ] } },
{ "type": "Feature", "properties": { "OBJECTID": 257, "KOTA": "JAKARTA SELATAN", "KECAMATAN": "TEBET", "KELURAHAN": "MANGGARAI", "PERAHU_PE": 1, "RING_BUOY": 12, "SENTER_JJN": 5, "BAN_TRUK": 0, "MEGAPHONE": 5, "TENDA": 1, "VELBED": 12, "TANGGA": 1, "BILIK_ISO": 0, "PERAHU_JER": 0, "X": 106.851062911, "Y": -6.21352657094 }, "geometry": { "type": "Point", "coordinates": [ 106.851062911, -6.21352657094 ] } },
{ "type": "Feature", "properties": { "OBJECTID": 258, "KOTA": "JAKARTA SELATAN", "KECAMATAN": "TEBET", "KELURAHAN": "MANGGARAI SELATAN", "PERAHU_PE": 1, "RING_BUOY": 2, "SENTER_JJN": 2, "BAN_TRUK": 0, "MEGAPHONE": 0, "TENDA": 0, "VELBED": 0, "TANGGA": 0, "BILIK_ISO": 0, "PERAHU_JER": 0, "X": 106.848517904, "Y": -6.2199658040300001 }, "geometry": { "type": "Point", "coordinates": [ 106.848517904, -6.21996580403 ] } },
{ "type": "Feature", "properties": { "OBJECTID": 259, "KOTA": "JAKARTA SELATAN", "KECAMATAN": "TEBET", "KELURAHAN": "MENTENG DALAM", "PERAHU_PE": 0, "RING_BUOY": 0, "SENTER_JJN": 0, "BAN_TRUK": 0, "MEGAPHONE": 0, "TENDA": 0, "VELBED": 0, "TANGGA": 0, "BILIK_ISO": 0, "PERAHU_JER": 0, "X": 106.841283331, "Y": -6.2315811485600001 }, "geometry": { "type": "Point", "coordinates": [ 106.841283331, -6.23158114856 ] } },
{ "type": "Feature", "properties": { "OBJECTID": 260, "KOTA": "JAKARTA SELATAN", "KECAMATAN": "TEBET", "KELURAHAN": "TEBET BARAT", "PERAHU_PE": 0, "RING_BUOY": 0, "SENTER_JJN": 0, "BAN_TRUK": 0, "MEGAPHONE": 0, "TENDA": 0, "VELBED": 0, "TANGGA": 0, "BILIK_ISO": 0, "PERAHU_JER": 0, "X": 106.848980166, "Y": -6.2349407858800001 }, "geometry": { "type": "Point", "coordinates": [ 106.848980166, -6.23494078588 ] } },
{ "type": "Feature", "properties": { "OBJECTID": 261, "KOTA": "JAKARTA SELATAN", "KECAMATAN": "TEBET", "KELURAHAN": "TEBET TIMUR", "PERAHU_PE": 0, "RING_BUOY": 0, "SENTER_JJN": 0, "BAN_TRUK": 0, "MEGAPHONE": 0, "TENDA": 0, "VELBED": 0, "TANGGA": 0, "BILIK_ISO": 0, "PERAHU_JER": 0, "X": 106.85552310200001, "Y": -6.2338194546799999 }, "geometry": { "type": "Point", "coordinates": [ 106.855523102, -6.23381945468 ] } },
{ "type": "Feature", "properties": { "OBJECTID": 262, "KOTA": "KAB.ADM.KEP.SERIBU", "KECAMATAN": "KEP. SERIBU SELATAN", "KELURAHAN": "PULAU PARI", "PERAHU_PE": 0, "RING_BUOY": 0, "SENTER_JJN": 0, "BAN_TRUK": 0, "MEGAPHONE": 0, "TENDA": 0, "VELBED": 0, "TANGGA": 0, "BILIK_ISO": 0, "PERAHU_JER": 0, "X": 106.60882622, "Y": -5.8801420241900004 }, "geometry": { "type": "Point", "coordinates": [ 106.60882622, -5.88014202419 ] } },
{ "type": "Feature", "properties": { "OBJECTID": 263, "KOTA": "KAB.ADM.KEP.SERIBU", "KECAMATAN": "KEP. SERIBU SELATAN", "KELURAHAN": "PULAU TIDUNG", "PERAHU_PE": 1, "RING_BUOY": 0, "SENTER_JJN": 0, "BAN_TRUK": 0, "MEGAPHONE": 0, "TENDA": 0, "VELBED": 0, "TANGGA": 0, "BILIK_ISO": 0, "PERAHU_JER": 0, "X": 106.511156177, "Y": -5.8040843726100002 }, "geometry": { "type": "Point", "coordinates": [ 106.511156177, -5.80408437261 ] } },
{ "type": "Feature", "properties": { "OBJECTID": 264, "KOTA": "KAB.ADM.KEP.SERIBU", "KECAMATAN": "KEP. SERIBU SELATAN", "KELURAHAN": "PULAU UNTUNG JAWA", "PERAHU_PE": 1, "RING_BUOY": 0, "SENTER_JJN": 0, "BAN_TRUK": 0, "MEGAPHONE": 0, "TENDA": 0, "VELBED": 0, "TANGGA": 0, "BILIK_ISO": 0, "PERAHU_JER": 0, "X": 106.707092257, "Y": -5.9773748953699997 }, "geometry": { "type": "Point", "coordinates": [ 106.707092257, -5.97737489537 ] } },
{ "type": "Feature", "properties": { "OBJECTID": 265, "KOTA": "KAB.ADM.KEP.SERIBU", "KECAMATAN": "KEP. SERIBU UTARA", "KELURAHAN": "PULAU HARAPAN", "PERAHU_PE": 1, "RING_BUOY": 0, "SENTER_JJN": 0, "BAN_TRUK": 0, "MEGAPHONE": 0, "TENDA": 0, "VELBED": 0, "TANGGA": 0, "BILIK_ISO": 0, "PERAHU_JER": 0, "X": 106.517376588, "Y": -5.4207897836300001 }, "geometry": { "type": "Point", "coordinates": [ 106.517376588, -5.42078978363 ] } },
{ "type": "Feature", "properties": { "OBJECTID": 266, "KOTA": "KAB.ADM.KEP.SERIBU", "KECAMATAN": "KEP. SERIBU UTARA", "KELURAHAN": "PULAU KELAPA", "PERAHU_PE": 0, "RING_BUOY": 2, "SENTER_JJN": 2, "BAN_TRUK": 0, "MEGAPHONE": 0, "TENDA": 1, "VELBED": 2, "TANGGA": 1, "BILIK_ISO": 0, "PERAHU_JER": 0, "X": 106.56843562500001, "Y": -5.6537276036200002 }, "geometry": { "type": "Point", "coordinates": [ 106.568435625, -5.65372760362 ] } },
{ "type": "Feature", "properties": { "OBJECTID": 267, "KOTA": "KAB.ADM.KEP.SERIBU", "KECAMATAN": "KEP. SERIBU UTARA", "KELURAHAN": "PULAU PANGGANG", "PERAHU_PE": 1, "RING_BUOY": 0, "SENTER_JJN": 0, "BAN_TRUK": 0, "MEGAPHONE": 0, "TENDA": 0, "VELBED": 0, "TANGGA": 0, "BILIK_ISO": 0, "PERAHU_JER": 0, "X": 106.608425571, "Y": -5.7428712425999997 }, "geometry": { "type": "Point", "coordinates": [ 106.608425571, -5.7428712426 ] } }
]
}
