<?xml version="1.0" encoding="UTF-8"?>
<osm version="0.6" generator="Overpass API 0.7.62.11 87bfad18">
<note>The data included in this document is from www.openstreetmap.org. The data is made available under ODbL.</note>
<meta osm_base="2026-09-02T20:05:36Z"/>

  <node id="1347935581" lat="-6.2562585" lon="106.8617690"/>
  <node id="1347935665" lat="-6.2558680" lon="106.8617580"/>
  <node id="1347935689" lat="-6.2558601" lon="106.8620424"/>
  <node id="1347936013" lat="-6.2562506" lon="106.8620535"/>
  <node id="1682757455" lat="-6.2105940" lon="106.8581443"/>
  <node id="1682757466" lat="-6.2106706" lon="106.8579753"/>
  <node id="1682757471" lat="-6.2107659" lon="106.8579893"/>
  <node id="1682757472" lat="-6.2107689" lon="106.8578444"/>
  <node id="1682757476" lat="-6.2108106" lon="106.8579402"/>
  <node id="1682757489" lat="-6.2110507" lon="106.8583191"/>
  <node id="1682757491" lat="-6.2110558" lon="106.8577297"/>
  <node id="1682757493" lat="-6.2112127" lon="106.8582030"/>
  <node id="1682851815" lat="-6.2491945" lon="106.9082184"/>
  <node id="1682851831" lat="-6.2492020" lon="106.9080574"/>
  <node id="1682851833" lat="-6.2492401" lon="106.9078655"/>
  <node id="1682851839" lat="-6.2492113" lon="106.9079512"/>
  <node id="1682851840" lat="-6.2491958" lon="106.9081248"/>
  <node id="1682851843" lat="-6.2492280" lon="106.9077628"/>
  <node id="1682878575" lat="-6.2102207" lon="106.9462799"/>
  <node id="1682878576" lat="-6.2103605" lon="106.9456865"/>
  <node id="1682878578" lat="-6.2106768" lon="106.9463887"/>
  <node id="1682878579" lat="-6.2108400" lon="106.9458008"/>
  <node id="1682897742" lat="-6.2337683" lon="106.8971522"/>
  <node id="1682897760" lat="-6.2333946" lon="106.8966352"/>
  <node id="1682897898" lat="-6.2337766" lon="106.8966415"/>
  <node id="1682898011" lat="-6.2333942" lon="106.8971311"/>
  <node id="1682969607" lat="-6.2675619" lon="106.8832898"/>
  <node id="1682969672" lat="-6.2678466" lon="106.8831910"/>
  <node id="1684213727" lat="-6.2436484" lon="106.8854949"/>
  <node id="1684213728" lat="-6.2436735" lon="106.8855529"/>
  <node id="1684213729" lat="-6.2436804" lon="106.8854991"/>
  <node id="1684213730" lat="-6.2436890" lon="106.8851761"/>
  <node id="1684213735" lat="-6.2439561" lon="106.8855897"/>
  <node id="1684213736" lat="-6.2439649" lon="106.8852117"/>
  <node id="1684213737" lat="-6.2439805" lon="106.8850886"/>
  <node id="1684213738" lat="-6.2439956" lon="106.8852827"/>
  <node id="1684213741" lat="-6.2440540" lon="106.8855468"/>
  <node id="1684213742" lat="-6.2440800" lon="106.8856027"/>
  <node id="1684213743" lat="-6.2440864" lon="106.8852946"/>
  <node id="1684213744" lat="-6.2440866" lon="106.8855511"/>
  <node id="1684213755" lat="-6.2443283" lon="106.8856353"/>
  <node id="1684213756" lat="-6.2443354" lon="106.8855808"/>
  <node id="1684213757" lat="-6.2443649" lon="106.8855847"/>
  <node id="1684213759" lat="-6.2444160" lon="106.8851918"/>
  <node id="1684213766" lat="-6.2446954" lon="106.8853105"/>
  <node id="1684213767" lat="-6.2447253" lon="106.8850736"/>
  <node id="1684929772" lat="-6.2443246" lon="106.8851106"/>
  <node id="1684929776" lat="-6.2443355" lon="106.8850239"/>
  <node id="1684929780" lat="-6.2443947" lon="106.8851420"/>
  <node id="1684929785" lat="-6.2443975" lon="106.8851199"/>
  <node id="1684929789" lat="-6.2444162" lon="106.8851906"/>
  <node id="1684929792" lat="-6.2444099" lon="106.8856284"/>
  <node id="1684929795" lat="-6.2444642" lon="106.8851967"/>
  <node id="1684929823" lat="-6.2446320" lon="106.8853470"/>
  <node id="1684929827" lat="-6.2446376" lon="106.8853031"/>
  <node id="1684929843" lat="-6.2445319" lon="106.8853343"/>
  <node id="1684929848" lat="-6.2445080" lon="106.8855243"/>
  <node id="1684929853" lat="-6.2446721" lon="106.8856618"/>
  <node id="1695812034" lat="-6.2299404" lon="106.8557010"/>
  <node id="1695812039" lat="-6.2299663" lon="106.8557836"/>
  <node id="1695812043" lat="-6.2299673" lon="106.8555211"/>
  <node id="1695812046" lat="-6.2300162" lon="106.8556769"/>
  <node id="1695812047" lat="-6.2300515" lon="106.8554943"/>
  <node id="1695812055" lat="-6.2300850" lon="106.8553508"/>
  <node id="1695812057" lat="-6.2300993" lon="106.8556466"/>
  <node id="1695812064" lat="-6.2301708" lon="106.8556239"/>
  <node id="1695812066" lat="-6.2304478" lon="106.8553354"/>
  <node id="1695812067" lat="-6.2304496" lon="106.8552349"/>
  <node id="1695812068" lat="-6.2304782" lon="106.8553257"/>
  <node id="1695812078" lat="-6.2305026" lon="106.8555100"/>
  <node id="1695812080" lat="-6.2305268" lon="106.8555023"/>
  <node id="1695812085" lat="-6.2305563" lon="106.8555961"/>
  <node id="1695812150" lat="-6.2344193" lon="106.8537317"/>
  <node id="1695812156" lat="-6.2345089" lon="106.8533757"/>
  <node id="1695812158" lat="-6.2346851" lon="106.8537994"/>
  <node id="1695812163" lat="-6.2347747" lon="106.8534435"/>
  <node id="1695872372" lat="-6.2102689" lon="106.8516179"/>
  <node id="1695872376" lat="-6.2103247" lon="106.8519084"/>
  <node id="1695872501" lat="-6.2110143" lon="106.8514730"/>
  <node id="1695872507" lat="-6.2110021" lon="106.8517767"/>
  <node id="1695872705" lat="-6.2126155" lon="106.8559617"/>
  <node id="1695872707" lat="-6.2126225" lon="106.8560865"/>
  <node id="1695872708" lat="-6.2127968" lon="106.8560806"/>
  <node id="1695872735" lat="-6.2128039" lon="106.8561287"/>
  <node id="1695872737" lat="-6.2127076" lon="106.8562145"/>
  <node id="1695872799" lat="-6.2127776" lon="106.8563309"/>
  <node id="1695873090" lat="-6.2128524" lon="106.8564293"/>
  <node id="1695873101" lat="-6.2129928" lon="106.8564287"/>
  <node id="1695873103" lat="-6.2130489" lon="106.8559331"/>
  <node id="1695873108" lat="-6.2131135" lon="106.8559767"/>
  <node id="1695873112" lat="-6.2131472" lon="106.8560767"/>
  <node id="1697046259" lat="-6.2126970" lon="106.8559557"/>
  <node id="1697046260" lat="-6.2129056" lon="106.8559426"/>
  <node id="1710918445" lat="-6.2677962" lon="106.8522229"/>
  <node id="1710918446" lat="-6.2677962" lon="106.8526710"/>
  <node id="1710918453" lat="-6.2679015" lon="106.8525760"/>
  <node id="1710918456" lat="-6.2679056" lon="106.8523702"/>
  <node id="1710918466" lat="-6.2680612" lon="106.8523734"/>
  <node id="1710918468" lat="-6.2681238" lon="106.8522651"/>
  <node id="1710918471" lat="-6.2681298" lon="106.8522289"/>
  <node id="1710918477" lat="-6.2681548" lon="106.8524477"/>
  <node id="1710918478" lat="-6.2681547" lon="106.8525811"/>
  <node id="1710918488" lat="-6.2682137" lon="106.8523515"/>
  <node id="1710918491" lat="-6.2682496" lon="106.8523635"/>
  <node id="1710918492" lat="-6.2682516" lon="106.8525786"/>
  <node id="1710918495" lat="-6.2682616" lon="106.8524258"/>
  <node id="1710918496" lat="-6.2682676" lon="106.8526750"/>
  <node id="1732522309" lat="-6.2427055" lon="106.8543115"/>
  <node id="1732522328" lat="-6.2422729" lon="106.8544499"/>
  <node id="1732522331" lat="-6.2427097" lon="106.8548068"/>
  <node id="1732522334" lat="-6.2422718" lon="106.8543152"/>
  <node id="2429759913" lat="-6.2254716" lon="106.8757981"/>
  <node id="2429759914" lat="-6.2256360" lon="106.8757673"/>
  <node id="2429759915" lat="-6.2257061" lon="106.8761471"/>
  <node id="2429759916" lat="-6.2255417" lon="106.8761779"/>
  <node id="2429759917" lat="-6.2254985" lon="106.8767668"/>
  <node id="2429759918" lat="-6.2259080" lon="106.8767218"/>
  <node id="2429759919" lat="-6.2259300" lon="106.8769241"/>
  <node id="2429759920" lat="-6.2255205" lon="106.8769690"/>
  <node id="2958258527" lat="-6.2611540" lon="106.8914757"/>
  <node id="2958258528" lat="-6.2611837" lon="106.8916299"/>
  <node id="2958258661" lat="-6.2604147" lon="106.8905366"/>
  <node id="2958258664" lat="-6.2605312" lon="106.8905138"/>
  <node id="2958258665" lat="-6.2606158" lon="106.8909528"/>
  <node id="2958258666" lat="-6.2606102" lon="106.8909870"/>
  <node id="2958258667" lat="-6.2606412" lon="106.8917110"/>
  <node id="2958258668" lat="-6.2606676" lon="106.8912895"/>
  <node id="2958258669" lat="-6.2606845" lon="106.8913402"/>
  <node id="2958258671" lat="-6.2607518" lon="106.8916894"/>
  <node id="2958258673" lat="-6.2607764" lon="106.8908304"/>
  <node id="2958258674" lat="-6.2607933" lon="106.8909181"/>
  <node id="2958258675" lat="-6.2608035" lon="106.8913170"/>
  <node id="2958258676" lat="-6.2607925" lon="106.8909520"/>
  <node id="2958258677" lat="-6.2608438" lon="106.8908173"/>
  <node id="2958258678" lat="-6.2608457" lon="106.8913096"/>
  <node id="2958258679" lat="-6.2608458" lon="106.8915416"/>
  <node id="2958258680" lat="-6.2608468" lon="106.8915414"/>
  <node id="2958258681" lat="-6.2608598" lon="106.8909002"/>
  <node id="2958258682" lat="-6.2608499" lon="106.8912544"/>
  <node id="2958258683" lat="-6.2608747" lon="106.8913040"/>
  <node id="2958258684" lat="-6.2608745" lon="106.8916902"/>
  <node id="2958258685" lat="-6.2608877" lon="106.8915277"/>
  <node id="2958258686" lat="-6.2608952" lon="106.8914105"/>
  <node id="2958258687" lat="-6.2609052" lon="106.8908913"/>
  <node id="2958258688" lat="-6.2610018" lon="106.8913897"/>
  <node id="3219714221" lat="-6.2322781" lon="106.8586694"/>
  <node id="3219714222" lat="-6.2322570" lon="106.8590853"/>
  <node id="3219714230" lat="-6.2327865" lon="106.8586709"/>
  <node id="3219714231" lat="-6.2327865" lon="106.8590853"/>
  <node id="3725711259" lat="-6.2192887" lon="106.8928568"/>
  <node id="3725711260" lat="-6.2192900" lon="106.8929205"/>
  <node id="3725711261" lat="-6.2193611" lon="106.8929029"/>
  <node id="3725711262" lat="-6.2193541" lon="106.8928432"/>
  <node id="4245860736" lat="-6.2425835" lon="106.8548079"/>
  <node id="4247819941" lat="-6.2109642" lon="106.8515795"/>
  <node id="4657043592" lat="-6.2353745" lon="106.8702589"/>
  <node id="4657043597" lat="-6.2354705" lon="106.8702563"/>
  <node id="4657043598" lat="-6.2354733" lon="106.8703640"/>
  <node id="4657043599" lat="-6.2353773" lon="106.8703666"/>
  <node id="4659021791" lat="-6.2354345" lon="106.8703245"/>
  <node id="4659021792" lat="-6.2354486" lon="106.8703241"/>
  <node id="4659021793" lat="-6.2354480" lon="106.8703009"/>
  <node id="4659021794" lat="-6.2354339" lon="106.8703013"/>
  <node id="4659021795" lat="-6.2354037" lon="106.8703274"/>
  <node id="4659021796" lat="-6.2354030" lon="106.8703006"/>
  <node id="4659021797" lat="-6.2353763" lon="106.8703282"/>
  <node id="4659021798" lat="-6.2353756" lon="106.8703013"/>
  <node id="4665750058" lat="-6.2384393" lon="106.8755072"/>
  <node id="4665750059" lat="-6.2383904" lon="106.8755059"/>
  <node id="4665750060" lat="-6.2383923" lon="106.8754366"/>
  <node id="4665750061" lat="-6.2384361" lon="106.8756282"/>
  <node id="4665750062" lat="-6.2381064" lon="106.8756192"/>
  <node id="4665750063" lat="-6.2381115" lon="106.8754289"/>
  <node id="4666245564" lat="-6.2382749" lon="106.8755034"/>
  <node id="4666245565" lat="-6.2383029" lon="106.8755034"/>
  <node id="4666245566" lat="-6.2383029" lon="106.8754766"/>
  <node id="4666245567" lat="-6.2382749" lon="106.8754766"/>
  <node id="4666245568" lat="-6.2381908" lon="106.8754699"/>
  <node id="4666245569" lat="-6.2381895" lon="106.8755034"/>
  <node id="4666245570" lat="-6.2381735" lon="106.8755028"/>
  <node id="4666245571" lat="-6.2381749" lon="106.8754693"/>
  <node id="4746284092" lat="-6.2163041" lon="106.8760480"/>
  <node id="4746284093" lat="-6.2163178" lon="106.8758048"/>
  <node id="4746284103" lat="-6.2163699" lon="106.8760717"/>
  <node id="4746284106" lat="-6.2163712" lon="106.8760498"/>
  <node id="4746284108" lat="-6.2163772" lon="106.8758054"/>
  <node id="4746284109" lat="-6.2163780" lon="106.8757911"/>
  <node id="4746284110" lat="-6.2163695" lon="106.8760132"/>
  <node id="4746284111" lat="-6.2163806" lon="106.8758260"/>
  <node id="4746284116" lat="-6.2165618" lon="106.8760247"/>
  <node id="4746284117" lat="-6.2165729" lon="106.8758375"/>
  <node id="4746284118" lat="-6.2165929" lon="106.8760849"/>
  <node id="4746284119" lat="-6.2165953" lon="106.8760440"/>
  <node id="4746284120" lat="-6.2166218" lon="106.8758073"/>
  <node id="4746284121" lat="-6.2166219" lon="106.8758055"/>
  <node id="4746284122" lat="-6.2166653" lon="106.8760484"/>
  <node id="4746284123" lat="-6.2166806" lon="106.8758117"/>
  <node id="4748410225" lat="-6.2107818" lon="106.8579924"/>
  <node id="4748410226" lat="-6.2109671" lon="106.8579334"/>
  <node id="4748410227" lat="-6.2110538" lon="106.8581976"/>
  <node id="4748410228" lat="-6.2107525" lon="106.8580728"/>
  <node id="4748410229" lat="-6.2107698" lon="106.8580192"/>
  <node id="4750012251" lat="-6.2130436" lon="106.8563359"/>
  <node id="4750012252" lat="-6.2130863" lon="106.8562461"/>
  <node id="4750027251" lat="-6.2425827" lon="106.8547216"/>
  <node id="4750027252" lat="-6.2423736" lon="106.8544490"/>
  <node id="4750027253" lat="-6.2423760" lon="106.8547234"/>
  <node id="4750138459" lat="-6.2425783" lon="106.8544964"/>
  <node id="4750138460" lat="-6.2425759" lon="106.8546881"/>
  <node id="4750138461" lat="-6.2424058" lon="106.8546859"/>
  <node id="4750138462" lat="-6.2424083" lon="106.8544942"/>
  <node id="4750147393" lat="-6.2201975" lon="106.8645200"/>
  <node id="4750147394" lat="-6.2200330" lon="106.8644566"/>
  <node id="4750147396" lat="-6.2202430" lon="106.8644962"/>
  <node id="4750147397" lat="-6.2202940" lon="106.8640325"/>
  <node id="4750147398" lat="-6.2203529" lon="106.8640552"/>
  <node id="4750147399" lat="-6.2203584" lon="106.8640574"/>
  <node id="4750147405" lat="-6.2202244" lon="106.8640056"/>
  <node id="4750147407" lat="-6.2201698" lon="106.8645934"/>
  <node id="4750147408" lat="-6.2200051" lon="106.8645307"/>
  <node id="4750147411" lat="-6.2201144" lon="106.8639594"/>
  <node id="4750147413" lat="-6.2202954" lon="106.8640294"/>
  <node id="4750147414" lat="-6.2204264" lon="106.8640882"/>
  <node id="4750147415" lat="-6.2202451" lon="106.8644972"/>
  <node id="4750147416" lat="-6.2199159" lon="106.8644115"/>
  <node id="4750147417" lat="-6.2202293" lon="106.8645322"/>
  <node id="4750276842" lat="-6.2252475" lon="106.8661679"/>
  <node id="4750276843" lat="-6.2251983" lon="106.8660767"/>
  <node id="4750276844" lat="-6.2253428" lon="106.8660338"/>
  <node id="4750276845" lat="-6.2252029" lon="106.8660496"/>
  <node id="4750276846" lat="-6.2251351" lon="106.8660666"/>
  <node id="4750276847" lat="-6.2251317" lon="106.8661194"/>
  <node id="4750276848" lat="-6.2252054" lon="106.8659929"/>
  <node id="4750276849" lat="-6.2251396" lon="106.8660405"/>
  <node id="4750276850" lat="-6.2252060" lon="106.8659891"/>
  <node id="4750276851" lat="-6.2251817" lon="106.8659313"/>
  <node id="4750276852" lat="-6.2251008" lon="106.8661151"/>
  <node id="4750276853" lat="-6.2251284" lon="106.8659220"/>
  <node id="4750276854" lat="-6.2251263" lon="106.8661455"/>
  <node id="4750276855" lat="-6.2253197" lon="106.8661802"/>
  <node id="4750276856" lat="-6.2253444" lon="106.8660340"/>
  <node id="4750276857" lat="-6.2253457" lon="106.8660132"/>
  <node id="4750276858" lat="-6.2253368" lon="106.8660079"/>
  <node id="4750276859" lat="-6.2253511" lon="106.8659080"/>
  <node id="4750276860" lat="-6.2251884" lon="106.8658845"/>
  <node id="4750381807" lat="-6.2350298" lon="106.8583050"/>
  <node id="4750383422" lat="-6.2351382" lon="106.8583065"/>
  <node id="4750385667" lat="-6.2350311" lon="106.8582200"/>
  <node id="4750385668" lat="-6.2351345" lon="106.8582217"/>
  <node id="4750527810" lat="-6.2345603" lon="106.8534910"/>
  <node id="4750529463" lat="-6.2345168" lon="106.8536576"/>
  <node id="4750529464" lat="-6.2346151" lon="106.8536836"/>
  <node id="4750529465" lat="-6.2346586" lon="106.8535170"/>
  <node id="4750889741" lat="-6.1728823" lon="106.8756359"/>
  <node id="4750889742" lat="-6.1731272" lon="106.8755634"/>
  <node id="4750889743" lat="-6.1731398" lon="106.8756065"/>
  <node id="4750889744" lat="-6.1732623" lon="106.8755686"/>
  <node id="4750889745" lat="-6.1733563" lon="106.8759381"/>
  <node id="4750889746" lat="-6.1733743" lon="106.8759341"/>
  <node id="4750889747" lat="-6.1730723" lon="106.8762074"/>
  <node id="4750889748" lat="-6.1734232" lon="106.8761035"/>
  <node id="4751894569" lat="-6.2302293" lon="106.8555995"/>
  <node id="4751894570" lat="-6.2304080" lon="106.8555513"/>
  <node id="4751913999" lat="-6.2303604" lon="106.8553731"/>
  <node id="4751914000" lat="-6.2301817" lon="106.8554214"/>
  <node id="4752045464" lat="-6.2217946" lon="106.8710365"/>
  <node id="4752045465" lat="-6.2217880" lon="106.8711383"/>
  <node id="4752045466" lat="-6.2218142" lon="106.8707329"/>
  <node id="4752045467" lat="-6.2218078" lon="106.8708318"/>
  <node id="4752045468" lat="-6.2216473" lon="106.8710255"/>
  <node id="4752045469" lat="-6.2216407" lon="106.8711273"/>
  <node id="4752045470" lat="-6.2216666" lon="106.8707225"/>
  <node id="4752045471" lat="-6.2216603" lon="106.8708214"/>
  <node id="4752045472" lat="-6.2219235" lon="106.8707110"/>
  <node id="4752045473" lat="-6.2218928" lon="106.8711858"/>
  <node id="4752045474" lat="-6.2217854" lon="106.8711787"/>
  <node id="4752045475" lat="-6.2218161" lon="106.8707040"/>
  <node id="4752045476" lat="-6.2216682" lon="106.8706981"/>
  <node id="4752045477" lat="-6.2216389" lon="106.8711568"/>
  <node id="4752045478" lat="-6.2215428" lon="106.8711506"/>
  <node id="4752045479" lat="-6.2215721" lon="106.8706919"/>
  <node id="4760982292" lat="-6.2071728" lon="106.8715315"/>
  <node id="4760982293" lat="-6.2071897" lon="106.8716061"/>
  <node id="4760982294" lat="-6.2072528" lon="106.8719070"/>
  <node id="4760982295" lat="-6.2072486" lon="106.8716067"/>
  <node id="4760982296" lat="-6.2072893" lon="106.8718009"/>
  <node id="4760982297" lat="-6.2073383" lon="106.8718650"/>
  <node id="4760982298" lat="-6.2073431" lon="106.8718878"/>
  <node id="4760982302" lat="-6.2074272" lon="106.8715658"/>
  <node id="4760982306" lat="-6.2074717" lon="106.8717615"/>
  <node id="4760982311" lat="-6.2075181" lon="106.8714524"/>
  <node id="4760982315" lat="-6.2075350" lon="106.8715272"/>
  <node id="4760982521" lat="-6.2075535" lon="106.8715230"/>
  <node id="4760982533" lat="-6.2076021" lon="106.8717367"/>
  <node id="4760982537" lat="-6.2076129" lon="106.8717344"/>
  <node id="4760982540" lat="-6.2076274" lon="106.8718024"/>
  <node id="4761088766" lat="-6.2176308" lon="106.8753595"/>
  <node id="4761088767" lat="-6.2176270" lon="106.8754398"/>
  <node id="4761088768" lat="-6.2176232" lon="106.8755288"/>
  <node id="4761088769" lat="-6.2175374" lon="106.8755296"/>
  <node id="4761088771" lat="-6.2178315" lon="106.8754495"/>
  <node id="4761088772" lat="-6.2177615" lon="106.8753655"/>
  <node id="4761088773" lat="-6.2177542" lon="106.8754453"/>
  <node id="4761088774" lat="-6.2177504" lon="106.8755344"/>
  <node id="4761088775" lat="-6.2175360" lon="106.8755295"/>
  <node id="4761088776" lat="-6.2177615" lon="106.8753648"/>
  <node id="4761088777" lat="-6.2178204" lon="106.8756919"/>
  <node id="4761088778" lat="-6.2176309" lon="106.8753590"/>
  <node id="4761088779" lat="-6.2175998" lon="106.8756817"/>
  <node id="4761088780" lat="-6.2175319" lon="106.8756183"/>
  <node id="4761088781" lat="-6.2175417" lon="106.8754352"/>
  <node id="4761088782" lat="-6.2178416" lon="106.8754500"/>
  <node id="4761088783" lat="-6.2178453" lon="106.8753686"/>
  <node id="4761088784" lat="-6.2175453" lon="106.8753551"/>
  <node id="4761148336" lat="-6.2492202" lon="106.8717498"/>
  <node id="4761148337" lat="-6.2493938" lon="106.8716713"/>
  <node id="4761148338" lat="-6.2492761" lon="106.8719093"/>
  <node id="4761148339" lat="-6.2490435" lon="106.8713124"/>
  <node id="4761148340" lat="-6.2489641" lon="106.8711369"/>
  <node id="4761148341" lat="-6.2491480" lon="106.8710626"/>
  <node id="4761148342" lat="-6.2492056" lon="106.8712053"/>
  <node id="4761148343" lat="-6.2488648" lon="106.8718908"/>
  <node id="4761148344" lat="-6.2486908" lon="106.8714548"/>
  <node id="4761148345" lat="-6.2486121" lon="106.8712791"/>
  <node id="4761148346" lat="-6.2491486" lon="106.8710624"/>
  <node id="4761148347" lat="-6.2492769" lon="106.8719112"/>
  <node id="4761148348" lat="-6.2488977" lon="106.8709725"/>
  <node id="4761148349" lat="-6.2490812" lon="106.8708974"/>
  <node id="4761148350" lat="-6.2494605" lon="106.8718362"/>
  <node id="4761148351" lat="-6.2493956" lon="106.8716706"/>
  <node id="4761148352" lat="-6.2487302" lon="106.8721258"/>
  <node id="4761148353" lat="-6.2485583" lon="106.8711442"/>
  <node id="4761148354" lat="-6.2483690" lon="106.8712206"/>
  <node id="4761343422" lat="-6.2448486" lon="106.8662559"/>
  <node id="4761343426" lat="-6.2455782" lon="106.8663865"/>
  <node id="4761343427" lat="-6.2457533" lon="106.8663791"/>
  <node id="4761343432" lat="-6.2455521" lon="106.8659733"/>
  <node id="4761343433" lat="-6.2454149" lon="106.8660385"/>
  <node id="4761343434" lat="-6.2457316" lon="106.8663894"/>
  <node id="4761343435" lat="-6.2457348" lon="106.8664588"/>
  <node id="4761343436" lat="-6.2456184" lon="106.8657518"/>
  <node id="4761343437" lat="-6.2457691" lon="106.8660729"/>
  <node id="4761343438" lat="-6.2456299" lon="106.8661390"/>
  <node id="4761343439" lat="-6.2446872" lon="106.8659067"/>
  <node id="4761343440" lat="-6.2457242" lon="106.8663172"/>
  <node id="4761343441" lat="-6.2446826" lon="106.8668942"/>
  <node id="4761343442" lat="-6.2443127" lon="106.8660819"/>
  <node id="4763371764" lat="-6.2146662" lon="106.8872855"/>
  <node id="4763371765" lat="-6.2146271" lon="106.8872840"/>
  <node id="4763371766" lat="-6.2145428" lon="106.8872806"/>
  <node id="4763371767" lat="-6.2147244" lon="106.8872259"/>
  <node id="4763371768" lat="-6.2146680" lon="106.8872256"/>
  <node id="4763371769" lat="-6.2146283" lon="106.8872254"/>
  <node id="4763371770" lat="-6.2145438" lon="106.8872250"/>
  <node id="4763371771" lat="-6.2147195" lon="106.8873971"/>
  <node id="4763371772" lat="-6.2144957" lon="106.8873887"/>
  <node id="4763371773" lat="-6.2146631" lon="106.8873954"/>
  <node id="4763371774" lat="-6.2145001" lon="106.8872789"/>
  <node id="4763371775" lat="-6.2144698" lon="106.8872246"/>
  <node id="4763371776" lat="-6.2147258" lon="106.8872259"/>
  <node id="4763371777" lat="-6.2147261" lon="106.8871709"/>
  <node id="4763371778" lat="-6.2144701" lon="106.8871696"/>
  <node id="4763374869" lat="-6.2096777" lon="106.8729572"/>
  <node id="4763374872" lat="-6.2096824" lon="106.8730241"/>
  <node id="4763374875" lat="-6.2096886" lon="106.8730236"/>
  <node id="4763374876" lat="-6.2096908" lon="106.8730557"/>
  <node id="4763374884" lat="-6.2097234" lon="106.8730534"/>
  <node id="4763374887" lat="-6.2097272" lon="106.8731069"/>
  <node id="4763374892" lat="-6.2097376" lon="106.8730156"/>
  <node id="4763374893" lat="-6.2097395" lon="106.8730406"/>
  <node id="4763374897" lat="-6.2097693" lon="106.8730131"/>
  <node id="4763374898" lat="-6.2097712" lon="106.8730382"/>
  <node id="4763374912" lat="-6.2098358" lon="106.8729459"/>
  <node id="4763374914" lat="-6.2098375" lon="106.8730024"/>
  <node id="4763374915" lat="-6.2098397" lon="106.8730022"/>
  <node id="4763374916" lat="-6.2098397" lon="106.8730341"/>
  <node id="4763374918" lat="-6.2098447" lon="106.8730337"/>
  <node id="4763374921" lat="-6.2098492" lon="106.8730982"/>
  <node id="4772068304" lat="-6.2047805" lon="106.8567000"/>
  <node id="4772068305" lat="-6.2052346" lon="106.8568057"/>
  <node id="4772068306" lat="-6.2052288" lon="106.8568336"/>
  <node id="4772068307" lat="-6.2052069" lon="106.8569356"/>
  <node id="4772068308" lat="-6.2047503" lon="106.8568422"/>
  <node id="4772068309" lat="-6.2048377" lon="106.8568576"/>
  <node id="4772068310" lat="-6.2052572" lon="106.8567123"/>
  <node id="4772068311" lat="-6.2047456" lon="106.8566919"/>
  <node id="4772068312" lat="-6.2047683" lon="106.8565933"/>
  <node id="4772068468" lat="-6.2117408" lon="106.8588531"/>
  <node id="4772068469" lat="-6.2116328" lon="106.8589685"/>
  <node id="4772068470" lat="-6.2118195" lon="106.8590999"/>
  <node id="4772068471" lat="-6.2119168" lon="106.8589926"/>
  <node id="4772068472" lat="-6.2118115" lon="106.8587888"/>
  <node id="4772068473" lat="-6.2117768" lon="106.8585554"/>
  <node id="4772068474" lat="-6.2117968" lon="106.8586037"/>
  <node id="4772068475" lat="-6.2116501" lon="106.8587217"/>
  <node id="4772068476" lat="-6.2114288" lon="106.8589832"/>
  <node id="4772068477" lat="-6.2117821" lon="106.8592260"/>
  <node id="4772068478" lat="-6.2120621" lon="106.8589711"/>
  <node id="4772068479" lat="-6.2118275" lon="106.8585339"/>
  <node id="4773966483" lat="-6.2561778" lon="106.8618519"/>
  <node id="4773966484" lat="-6.2561746" lon="106.8619674"/>
  <node id="4773966485" lat="-6.2559460" lon="106.8619610"/>
  <node id="4773966486" lat="-6.2559493" lon="106.8618454"/>
  <node id="4774007800" lat="-6.1838297" lon="106.8553967">
    <tag k="source" v="HOT_InAWARESurvey_2017"/>
  </node>
  <node id="4774007801" lat="-6.1841572" lon="106.8553921">
    <tag k="source" v="HOT_InAWARESurvey_2017"/>
  </node>
  <node id="4774007802" lat="-6.1841642" lon="106.8558944">
    <tag k="source" v="HOT_InAWARESurvey_2017"/>
  </node>
  <node id="4774007803" lat="-6.1841648" lon="106.8559412">
    <tag k="source" v="HOT_InAWARESurvey_2017"/>
  </node>
  <node id="4774007804" lat="-6.1838373" lon="106.8559458">
    <tag k="source" v="HOT_InAWARESurvey_2017"/>
  </node>
  <node id="4774007805" lat="-6.1840687" lon="106.8558257">
    <tag k="source" v="HOT_InAWARESurvey_2017"/>
  </node>
  <node id="4774007806" lat="-6.1839380" lon="106.8558285">
    <tag k="source" v="HOT_InAWARESurvey_2017"/>
  </node>
  <node id="4774007807" lat="-6.1840615" lon="106.8554815">
    <tag k="source" v="HOT_InAWARESurvey_2017"/>
  </node>
  <node id="4774007808" lat="-6.1839308" lon="106.8554843">
    <tag k="source" v="HOT_InAWARESurvey_2017"/>
  </node>
  <node id="4774025871" lat="-6.1879109" lon="106.8611141"/>
  <node id="4774025872" lat="-6.1879931" lon="106.8611292"/>
  <node id="4774025873" lat="-6.1879313" lon="106.8610021"/>
  <node id="4774025874" lat="-6.1880134" lon="106.8610172"/>
  <node id="4774025875" lat="-6.1878355" lon="106.8611002"/>
  <node id="4774025876" lat="-6.1878559" lon="106.8609882"/>
  <node id="4774025877" lat="-6.1877672" lon="106.8609697"/>
  <node id="4774025878" lat="-6.1881211" lon="106.8613102"/>
  <node id="4774025879" lat="-6.1877188" lon="106.8612363"/>
  <node id="4774025880" lat="-6.1881488" lon="106.8611578"/>
  <node id="4774025881" lat="-6.1881783" lon="106.8610475"/>
  <node id="4774025882" lat="-6.1877974" lon="106.8608035"/>
  <node id="4774025883" lat="-6.1882089" lon="106.8608792"/>
  <node id="4777991292" lat="-6.2174913" lon="106.8517230"/>
  <node id="4777991293" lat="-6.2175899" lon="106.8520180"/>
  <node id="4777991294" lat="-6.2178778" lon="106.8520136"/>
  <node id="4777991295" lat="-6.2178749" lon="106.8518184"/>
  <node id="4777991296" lat="-6.2175869" lon="106.8518228"/>
  <node id="4777991528" lat="-6.2180039" lon="106.8517184"/>
  <node id="4777991529" lat="-6.2180062" lon="106.8519832"/>
  <node id="4777991530" lat="-6.2180744" lon="106.8519826"/>
  <node id="4777991531" lat="-6.2180757" lon="106.8521312"/>
  <node id="4777991532" lat="-6.2174949" lon="106.8521363"/>
  <node id="4780774517" lat="-6.1762862" lon="106.8624281"/>
  <node id="4780774518" lat="-6.1763087" lon="106.8624283"/>
  <node id="4780774519" lat="-6.1763267" lon="106.8624284"/>
  <node id="4780774520" lat="-6.1763484" lon="106.8624285"/>
  <node id="4780774521" lat="-6.1763086" lon="106.8624483"/>
  <node id="4780774522" lat="-6.1763482" lon="106.8624483"/>
  <node id="4780774523" lat="-6.1763266" lon="106.8624484"/>
  <node id="4780774524" lat="-6.1762860" lon="106.8624479"/>
  <node id="4780774525" lat="-6.1762705" lon="106.8625789"/>
  <node id="4780774526" lat="-6.1763766" lon="106.8625798"/>
  <node id="4780774527" lat="-6.1763777" lon="106.8624486"/>
  <node id="4780774528" lat="-6.1762716" lon="106.8624477"/>
  <node id="4780774533" lat="-6.1762749" lon="106.8624281"/>
  <node id="4780774534" lat="-6.1763735" lon="106.8624288"/>
  <node id="4780774535" lat="-6.1763744" lon="106.8623283"/>
  <node id="4780774536" lat="-6.1762757" lon="106.8623274"/>
  <node id="4787640209" lat="-6.2218110" lon="106.8713917"/>
  <node id="4787640210" lat="-6.2217071" lon="106.8713792"/>
  <node id="4787640211" lat="-6.2218015" lon="106.8715281"/>
  <node id="4787640212" lat="-6.2216971" lon="106.8715181"/>
  <node id="4787640214" lat="-6.2214923" lon="106.8713635"/>
  <node id="4787640216" lat="-6.2214008" lon="106.8714968"/>
  <node id="4787640217" lat="-6.2214823" lon="106.8715024"/>
  <node id="4787640219" lat="-6.2214113" lon="106.8713466"/>
  <node id="4787640220" lat="-6.2213610" lon="106.8714940"/>
  <node id="4787640222" lat="-6.2213537" lon="106.8715991"/>
  <node id="4787640223" lat="-6.2213853" lon="106.8712560"/>
  <node id="4787640224" lat="-6.2213791" lon="106.8713443"/>
  <node id="4787640225" lat="-6.2218267" lon="106.8716325"/>
  <node id="4787640226" lat="-6.2218338" lon="106.8715304"/>
  <node id="4787640227" lat="-6.2218482" lon="106.8713943"/>
  <node id="4787640228" lat="-6.2218556" lon="106.8712892"/>
  <node id="4800503656" lat="-6.2121758" lon="106.9210249"/>
  <node id="4800503657" lat="-6.2121985" lon="106.9210309"/>
  <node id="4800503658" lat="-6.2120271" lon="106.9210205"/>
  <node id="4800503659" lat="-6.2120994" lon="106.9210226"/>
  <node id="4800503660" lat="-6.2120969" lon="106.9210825"/>
  <node id="4800503661" lat="-6.2121777" lon="106.9209546"/>
  <node id="4800503662" lat="-6.2121024" lon="106.9209524"/>
  <node id="4800503663" lat="-6.2120968" lon="106.9210835"/>
  <node id="4800503664" lat="-6.2122046" lon="106.9209065"/>
  <node id="4800503665" lat="-6.2120326" lon="106.9209015"/>
  <node id="4800503666" lat="-6.2121991" lon="106.9210310"/>
  <node id="4800503667" lat="-6.2120242" lon="106.9210803"/>
  <node id="4800503668" lat="-6.2121969" lon="106.9210855"/>
  <node id="4800503669" lat="-6.2120260" lon="106.9210204"/>
  <node id="4807359971" lat="-6.2149995" lon="106.8836870"/>
  <node id="4807359972" lat="-6.2148260" lon="106.8837155"/>
  <node id="4807359973" lat="-6.2149922" lon="106.8838640"/>
  <node id="4807359974" lat="-6.2148221" lon="106.8838162"/>
  <node id="4807359995" lat="-6.2151466" lon="106.8840047"/>
  <node id="4807359996" lat="-6.2155525" lon="106.8836240"/>
  <node id="4807359997" lat="-6.2149880" lon="106.8839723"/>
  <node id="4807359998" lat="-6.2148051" lon="106.8839651"/>
  <node id="4807359999" lat="-6.2148109" lon="106.8838157"/>
  <node id="4807360000" lat="-6.2148153" lon="106.8837150"/>
  <node id="4807360001" lat="-6.2150042" lon="106.8835638"/>
  <node id="4807360002" lat="-6.2148214" lon="106.8835567"/>
  <node id="4815285355" lat="-6.2129080" lon="106.8561957"/>
  <node id="4815285356" lat="-6.2128333" lon="106.8562668"/>
  <node id="4815285357" lat="-6.2129000" lon="106.8563432"/>
  <node id="4815285358" lat="-6.2130227" lon="106.8560509"/>
  <node id="4815285359" lat="-6.2128493" lon="106.8560871"/>
  <node id="4815285458" lat="-6.2105482" lon="106.8517586"/>
  <node id="4815285459" lat="-6.2108762" lon="106.8517023"/>
  <node id="4815285460" lat="-6.2108615" lon="106.8516158"/>
  <node id="4815285461" lat="-6.2105335" lon="106.8516722"/>
  <node id="4815285462" lat="-6.2110322" lon="106.8515663"/>
  <node id="4822124203" lat="-6.1955502" lon="106.8515952"/>
  <node id="4822124205" lat="-6.1954739" lon="106.8515426"/>
  <node id="4822124208" lat="-6.1950689" lon="106.8519564"/>
  <node id="4822124220" lat="-6.1953186" lon="106.8521719"/>
  <node id="4822124221" lat="-6.1957002" lon="106.8517247"/>
  <node id="4822124228" lat="-6.1954440" lon="106.8515168"/>
  <node id="4822124229" lat="-6.1955707" lon="106.8515711"/>
  <node id="4822124230" lat="-6.1955010" lon="106.8515109"/>
  <node id="4822124231" lat="-6.1954944" lon="106.8524064"/>
  <node id="4822124234" lat="-6.1954061" lon="106.8523246"/>
  <node id="4829965957" lat="-6.2176026" lon="106.8756215"/>
  <node id="4830269711" lat="-6.2152522" lon="106.8838626"/>
  <node id="4830269712" lat="-6.2154722" lon="106.8838760"/>
  <node id="4830269713" lat="-6.2154748" lon="106.8838328"/>
  <node id="4830269714" lat="-6.2152548" lon="106.8838194"/>
  <node id="4830269715" lat="-6.2154866" lon="106.8837238"/>
  <node id="4830269716" lat="-6.2154837" lon="106.8837854"/>
  <node id="4830269717" lat="-6.2152534" lon="106.8837746"/>
  <node id="4830269718" lat="-6.2152562" lon="106.8837129"/>
  <node id="4830269719" lat="-6.2151518" lon="106.8838702"/>
  <node id="4830269720" lat="-6.2151549" lon="106.8836931"/>
  <node id="4830269821" lat="-6.2151581" lon="106.8836085"/>
  <node id="4830269822" lat="-6.2155372" lon="106.8840200"/>
  <node id="4841298497" lat="-6.2326404" lon="106.8588075"/>
  <node id="4841298498" lat="-6.2326424" lon="106.8589658"/>
  <node id="4841298499" lat="-6.2324458" lon="106.8589684"/>
  <node id="4841298500" lat="-6.2324437" lon="106.8588101"/>
  <node id="4841892245" lat="-6.2300655" lon="106.8821359"/>
  <node id="4841892248" lat="-6.2297587" lon="106.8823192"/>
  <node id="4841892251" lat="-6.2296867" lon="106.8823507"/>
  <node id="4841892252" lat="-6.2297822" lon="106.8823736"/>
  <node id="4841892253" lat="-6.2301069" lon="106.8822316"/>
  <node id="4841892254" lat="-6.2299619" lon="106.8818554"/>
  <node id="4841892255" lat="-6.2300803" lon="106.8821294"/>
  <node id="4841892256" lat="-6.2298493" lon="106.8819026"/>
  <node id="4841892259" lat="-6.2298249" lon="106.8818461"/>
  <node id="4841892260" lat="-6.2295261" lon="106.8819767"/>
  <node id="4841892266" lat="-6.2292029" lon="106.8825760"/>
  <node id="4841892268" lat="-6.2290813" lon="106.8823610"/>
  <node id="4841892269" lat="-6.2292008" lon="106.8825771"/>
  <node id="4841892270" lat="-6.2296861" lon="106.8824139"/>
  <node id="4841892271" lat="-6.2292415" lon="106.8826496"/>
  <node id="4841892273" lat="-6.2295353" lon="106.8821018"/>
  <node id="4841892274" lat="-6.2290771" lon="106.8823632"/>
  <node id="4841892275" lat="-6.2294868" lon="106.8820065"/>
  <node id="4841892276" lat="-6.2290182" lon="106.8822469"/>
  <node id="4842721500" lat="-6.2294968" lon="106.8823652"/>
  <node id="4842721503" lat="-6.2294120" lon="106.8821927"/>
  <node id="4842721504" lat="-6.2292930" lon="106.8824732"/>
  <node id="4842721506" lat="-6.2291985" lon="106.8823022"/>
  <node id="4844847246" lat="-6.2046374" lon="106.8749255"/>
  <node id="4844980191" lat="-6.1793892" lon="106.8786973"/>
  <node id="4844980192" lat="-6.1793227" lon="106.8786094"/>
  <node id="4844980193" lat="-6.1793830" lon="106.8786054"/>
  <node id="4845292697" lat="-6.1940254" lon="106.8892605"/>
  <node id="4845292700" lat="-6.1940278" lon="106.8887900"/>
  <node id="4845292702" lat="-6.1940277" lon="106.8887734"/>
  <node id="4845292704" lat="-6.1944369" lon="106.8887720"/>
  <node id="4845292705" lat="-6.1944386" lon="106.8892564"/>
  <node id="4845292707" lat="-6.1940239" lon="106.8887900"/>
  <node id="4845292708" lat="-6.1939172" lon="106.8892609"/>
  <node id="4845292709" lat="-6.1943558" lon="106.8892567"/>
  <node id="4845292710" lat="-6.1943561" lon="106.8893679"/>
  <node id="4845292711" lat="-6.1939176" lon="106.8893694"/>
  <node id="4848589685" lat="-6.2049785" lon="106.8742969"/>
  <node id="4848589686" lat="-6.2050358" lon="106.8746126"/>
  <node id="4848589688" lat="-6.2046169" lon="106.8749254"/>
  <node id="4848589690" lat="-6.2046139" lon="106.8747130"/>
  <node id="4848589699" lat="-6.2048301" lon="106.8748474"/>
  <node id="4848589701" lat="-6.2051157" lon="106.8746132"/>
  <node id="4848589702" lat="-6.2048302" lon="106.8746626"/>
  <node id="4848589703" lat="-6.2051142" lon="106.8743667"/>
  <node id="4848589705" lat="-6.2050478" lon="106.8743643"/>
  <node id="4848589706" lat="-6.2050355" lon="106.8746621"/>
  <node id="4848589709" lat="-6.2044312" lon="106.8747163"/>
  <node id="4848589711" lat="-6.2049772" lon="106.8743557"/>
  <node id="4848589712" lat="-6.2047284" lon="106.8743556"/>
  <node id="4848589717" lat="-6.2048457" lon="106.8745833"/>
  <node id="4848589718" lat="-6.2050103" lon="106.8745819"/>
  <node id="4848589719" lat="-6.2050091" lon="106.8744406"/>
  <node id="4848589720" lat="-6.2048445" lon="106.8744420"/>
  <node id="4848590024" lat="-6.2044139" lon="106.8743612"/>
  <node id="4848747571" lat="-6.2067285" lon="106.8851805"/>
  <node id="4848747572" lat="-6.2067272" lon="106.8851311"/>
  <node id="4848747575" lat="-6.2068531" lon="106.8851771"/>
  <node id="4848747577" lat="-6.2068518" lon="106.8851277"/>
  <node id="4848747580" lat="-6.2069806" lon="106.8849778"/>
  <node id="4848747582" lat="-6.2065867" lon="106.8849890"/>
  <node id="4848747584" lat="-6.2069872" lon="106.8853125"/>
  <node id="4848747585" lat="-6.2065953" lon="106.8853232"/>
  <node id="4854678986" lat="-6.1915444" lon="106.8504108"/>
  <node id="4854678987" lat="-6.1914485" lon="106.8505505"/>
  <node id="4854678988" lat="-6.1915390" lon="106.8505979"/>
  <node id="4854678989" lat="-6.1916376" lon="106.8506234"/>
  <node id="4854678990" lat="-6.1916593" lon="106.8505385"/>
  <node id="4854678991" lat="-6.1915606" lon="106.8505130"/>
  <node id="4854678992" lat="-6.1913943" lon="106.8507055"/>
  <node id="4854678993" lat="-6.1916169" lon="106.8507843"/>
  <node id="4854678994" lat="-6.1917251" lon="106.8504747"/>
  <node id="4854678995" lat="-6.1913446" lon="106.8505137"/>
  <node id="4854678996" lat="-6.1915855" lon="106.8502931"/>
  <node id="4854678997" lat="-6.1914398" lon="106.8502415"/>
  <node id="4856882081" lat="-6.2298636" lon="106.8819621"/>
  <node id="4856882082" lat="-6.2299596" lon="106.8821639"/>
  <node id="4856882083" lat="-6.2297965" lon="106.8822424"/>
  <node id="4856882084" lat="-6.2297005" lon="106.8820406"/>
  <node id="4857770780" lat="-6.1916948" lon="106.9429344"/>
  <node id="4857770781" lat="-6.1916817" lon="106.9430275"/>
  <node id="4857770783" lat="-6.1917300" lon="106.9426851"/>
  <node id="4857770784" lat="-6.1915486" lon="106.9429143"/>
  <node id="4857770785" lat="-6.1915362" lon="106.9430075"/>
  <node id="4857770787" lat="-6.1915812" lon="106.9426692"/>
  <node id="4857770788" lat="-6.1918295" lon="106.9425599"/>
  <node id="4857770789" lat="-6.1917601" lon="106.9430514"/>
  <node id="4857770790" lat="-6.1916799" lon="106.9430399"/>
  <node id="4857770793" lat="-6.1915320" lon="106.9430396"/>
  <node id="4857770794" lat="-6.1914446" lon="106.9430279"/>
  <node id="4857770795" lat="-6.1915119" lon="106.9425216"/>
  <node id="4861602153" lat="-6.1722576" lon="106.9415587"/>
  <node id="4861602154" lat="-6.1722632" lon="106.9421273"/>
  <node id="4861602156" lat="-6.1718284" lon="106.9415629"/>
  <node id="4863373154" lat="-6.1719523" lon="106.9423087"/>
  <node id="4863373156" lat="-6.1719512" lon="106.9421924"/>
  <node id="4863373158" lat="-6.1721303" lon="106.9421286"/>
  <node id="4863373159" lat="-6.1719892" lon="106.9421921"/>
  <node id="4863373160" lat="-6.1719898" lon="106.9422652"/>
  <node id="4863373161" lat="-6.1721317" lon="106.9422742"/>
  <node id="4863373162" lat="-6.1719771" lon="106.9423463"/>
  <node id="4863373163" lat="-6.1722471" lon="106.9423437"/>
  <node id="4863373164" lat="-6.1722464" lon="106.9422731"/>
  <node id="4863373165" lat="-6.1719764" lon="106.9422653"/>
  <node id="4863373167" lat="-6.1718350" lon="106.9422385"/>
  <node id="4863373168" lat="-6.1718787" lon="106.9423275"/>
  <node id="4863373174" lat="-6.1719275" lon="106.9423272"/>
  <node id="4863725754" lat="-6.2235044" lon="106.9290285"/>
  <node id="4863725756" lat="-6.2235638" lon="106.9289890"/>
  <node id="4863725757" lat="-6.2239557" lon="106.9290116"/>
  <node id="4863725758" lat="-6.2232305" lon="106.9293502"/>
  <node id="4863725760" lat="-6.2239077" lon="106.9296250"/>
  <node id="4863725761" lat="-6.2229573" lon="106.9295218"/>
  <node id="4870991485" lat="-6.2274181" lon="106.8624627"/>
  <node id="4870991486" lat="-6.2274184" lon="106.8625777"/>
  <node id="4870991487" lat="-6.2273464" lon="106.8625779"/>
  <node id="4870991488" lat="-6.2273460" lon="106.8624629"/>
  <node id="4871442104" lat="-6.2028913" lon="106.8855561"/>
  <node id="4871442105" lat="-6.2030120" lon="106.8855444"/>
  <node id="4871442106" lat="-6.2030011" lon="106.8854333"/>
  <node id="4871442107" lat="-6.2028601" lon="106.8854565"/>
  <node id="4871442109" lat="-6.2028882" lon="106.8854565"/>
  <node id="4871442111" lat="-6.2030129" lon="106.8855829"/>
  <node id="4871442112" lat="-6.2028920" lon="106.8855857"/>
  <node id="4871442113" lat="-6.2028598" lon="106.8855561"/>
  <node id="4871442114" lat="-6.2034449" lon="106.8855336"/>
  <node id="4871442115" lat="-6.2034421" lon="106.8854223"/>
  <node id="4871669141" lat="-6.1951955" lon="106.8525479"/>
  <node id="4871669142" lat="-6.1951937" lon="106.8522898"/>
  <node id="4871669143" lat="-6.1950698" lon="106.8526852"/>
  <node id="4871669144" lat="-6.1950926" lon="106.8524003"/>
  <node id="4871669145" lat="-6.1951401" lon="106.8522402"/>
  <node id="4871669146" lat="-6.1952872" lon="106.8526328"/>
  <node id="4871669148" lat="-6.1952203" lon="106.8521526"/>
  <node id="4873265509" lat="-6.1949304" lon="106.8525776"/>
  <node id="4891502652" lat="-6.2202841" lon="106.8641605"/>
  <node id="4891502653" lat="-6.2201988" lon="106.8643617"/>
  <node id="4891502654" lat="-6.2201127" lon="106.8643248"/>
  <node id="4891502655" lat="-6.2201981" lon="106.8641236"/>
  <node id="4892484737" lat="-6.1951937" lon="106.9494267"/>
  <node id="4892484741" lat="-6.1951909" lon="106.9493184"/>
  <node id="4892484742" lat="-6.1950381" lon="106.9494307"/>
  <node id="4892484745" lat="-6.1950353" lon="106.9493224"/>
  <node id="4892484747" lat="-6.1952865" lon="106.9492349"/>
  <node id="4892484748" lat="-6.1952928" lon="106.9494900"/>
  <node id="4892484751" lat="-6.1952940" lon="106.9495363"/>
  <node id="4892484753" lat="-6.1949112" lon="106.9495459"/>
  <node id="4892484754" lat="-6.1949037" lon="106.9492445"/>
  <node id="4905288116" lat="-6.1941193" lon="106.8890358"/>
  <node id="4905288117" lat="-6.1943287" lon="106.8890277"/>
  <node id="4905288118" lat="-6.1943224" lon="106.8888611"/>
  <node id="4905288119" lat="-6.1941130" lon="106.8888692"/>
  <node id="4905288120" lat="-6.1941366" lon="106.8892466"/>
  <node id="4905288421" lat="-6.1943153" lon="106.8892439"/>
  <node id="4905288422" lat="-6.1943138" lon="106.8891475"/>
  <node id="4905288423" lat="-6.1941352" lon="106.8891502"/>
  <node id="4909945012" lat="-6.2234326" lon="106.9294449"/>
  <node id="4909945013" lat="-6.2236073" lon="106.9291136"/>
  <node id="4909945014" lat="-6.2238323" lon="106.9291301"/>
  <node id="4911869915" lat="-6.2107928" lon="106.9460010"/>
  <node id="4911869916" lat="-6.2108039" lon="106.9460036"/>
  <node id="4911869917" lat="-6.2107390" lon="106.9462793"/>
  <node id="4911869918" lat="-6.2107045" lon="106.9462711"/>
  <node id="4914205164" lat="-6.1743556" lon="106.8816442"/>
  <node id="4914205165" lat="-6.1742706" lon="106.8816858"/>
  <node id="4914205166" lat="-6.1742772" lon="106.8813057"/>
  <node id="4914205167" lat="-6.1741822" lon="106.8813238"/>
  <node id="4914205168" lat="-6.1746163" lon="106.8815832"/>
  <node id="4914205169" lat="-6.1747052" lon="106.8815961"/>
  <node id="4914205170" lat="-6.1745374" lon="106.8812447"/>
  <node id="4914205171" lat="-6.1746124" lon="106.8812147"/>
  <node id="4914205172" lat="-6.1745570" lon="106.8813294"/>
  <node id="4914205173" lat="-6.1746443" lon="106.8813123"/>
  <node id="4914205174" lat="-6.1745970" lon="106.8814995"/>
  <node id="4914205175" lat="-6.1746846" lon="106.8814824"/>
  <node id="4914205176" lat="-6.1745151" lon="106.8813392"/>
  <node id="4914205177" lat="-6.1746591" lon="106.8813089"/>
  <node id="4914205178" lat="-6.1746981" lon="106.8814793"/>
  <node id="4914205179" lat="-6.1745545" lon="106.8815095"/>
  <node id="4914205180" lat="-6.1747103" lon="106.8815950"/>
  <node id="4914205181" lat="-6.1746215" lon="106.8812127"/>
  <node id="4914205182" lat="-6.1747223" lon="106.8816710"/>
  <node id="4914205183" lat="-6.1742900" lon="106.8817709"/>
  <node id="4914205184" lat="-6.1742601" lon="106.8816882"/>
  <node id="4914205185" lat="-6.1741771" lon="106.8813249"/>
  <node id="4914205186" lat="-6.1745935" lon="106.8811321"/>
  <node id="4914205187" lat="-6.1741612" lon="106.8812320"/>
  <node id="4918906774" lat="-6.2490710" lon="106.9077278"/>
  <node id="4918906775" lat="-6.2490541" lon="106.9078354"/>
  <node id="4918906776" lat="-6.2490050" lon="106.9079845"/>
  <node id="4918906777" lat="-6.2489602" lon="106.9080614"/>
  <node id="4918906778" lat="-6.2491199" lon="106.9078552"/>
  <node id="4918906779" lat="-6.2492014" lon="106.9078523"/>
  <node id="4918906780" lat="-6.2490724" lon="106.9080067"/>
  <node id="4918906781" lat="-6.2490382" lon="106.9081159"/>
  <node id="4918906782" lat="-6.2490744" lon="106.9077166"/>
  <node id="4918906783" lat="-6.2489830" lon="106.9076985"/>
  <node id="4918906784" lat="-6.2488731" lon="106.9080324"/>
  <node id="4918906785" lat="-6.2489517" lon="106.9080874"/>
  <node id="4918906786" lat="-6.2490304" lon="106.9081391"/>
  <node id="4918906787" lat="-6.2491119" lon="106.9081668"/>
  <node id="4918906788" lat="-6.2491048" lon="106.9081879"/>
  <node id="4918906789" lat="-6.2492228" lon="106.9081340"/>
  <node id="4918906790" lat="-6.2492167" lon="106.9080624"/>
  <node id="4918906791" lat="-6.2492350" lon="106.9079593"/>
  <node id="4923190416" lat="-6.1814872" lon="106.8871839"/>
  <node id="4923190417" lat="-6.1820745" lon="106.8875748"/>
  <node id="4923190418" lat="-6.1819883" lon="106.8871212"/>
  <node id="4923190419" lat="-6.1814634" lon="106.8873989"/>
  <node id="4923190420" lat="-6.1815227" lon="106.8873895"/>
  <node id="4923192021" lat="-6.1815527" lon="106.8875155"/>
  <node id="4923192022" lat="-6.1814860" lon="106.8875276"/>
  <node id="4923192023" lat="-6.1814967" lon="106.8875813"/>
  <node id="4923192024" lat="-6.1810300" lon="106.8876792"/>
  <node id="4923192025" lat="-6.1809954" lon="106.8876805"/>
  <node id="4923192026" lat="-6.1809434" lon="106.8876456"/>
  <node id="4923192027" lat="-6.1809020" lon="106.8875880"/>
  <node id="4923192028" lat="-6.1809034" lon="106.8875223"/>
  <node id="4923192029" lat="-6.1809180" lon="106.8874713"/>
  <node id="4923192030" lat="-6.1809514" lon="106.8874458"/>
  <node id="4923192031" lat="-6.1814500" lon="106.8873466"/>
  <node id="4923192032" lat="-6.1812434" lon="106.8877704"/>
  <node id="4923192033" lat="-6.1809927" lon="106.8878139"/>
  <node id="4923192034" lat="-6.1808834" lon="106.8877965"/>
  <node id="4923192035" lat="-6.1807927" lon="106.8877482"/>
  <node id="4923192036" lat="-6.1806980" lon="106.8876785"/>
  <node id="4923192037" lat="-6.1806327" lon="106.8876316"/>
  <node id="4923192038" lat="-6.1805540" lon="106.8875860"/>
  <node id="4923192039" lat="-6.1804900" lon="106.8875632"/>
  <node id="4923192040" lat="-6.1804247" lon="106.8875752"/>
  <node id="4923192041" lat="-6.1803620" lon="106.8875980"/>
  <node id="4923192042" lat="-6.1803047" lon="106.8876409"/>
  <node id="4923192043" lat="-6.1802207" lon="106.8876664"/>
  <node id="4923192044" lat="-6.1801660" lon="106.8876597"/>
  <node id="4923192045" lat="-6.1801780" lon="106.8876892"/>
  <node id="4923192046" lat="-6.1801940" lon="106.8877482"/>
  <node id="4923192047" lat="-6.1801860" lon="106.8877992"/>
  <node id="4923192048" lat="-6.1802340" lon="106.8877911"/>
  <node id="4923192049" lat="-6.1803260" lon="106.8877737"/>
  <node id="4923192050" lat="-6.1803887" lon="106.8877978"/>
  <node id="4923192051" lat="-6.1804154" lon="106.8879440"/>
  <node id="4923192052" lat="-6.1801713" lon="106.8879896"/>
  <node id="4923192053" lat="-6.1799474" lon="106.8880299"/>
  <node id="4923192054" lat="-6.1798274" lon="106.8880325"/>
  <node id="4923192055" lat="-6.1797474" lon="106.8879145"/>
  <node id="4923192056" lat="-6.1797527" lon="106.8877871"/>
  <node id="4923192057" lat="-6.1797621" lon="106.8876932"/>
  <node id="4923192058" lat="-6.1797927" lon="106.8876155"/>
  <node id="4923192059" lat="-6.1798821" lon="106.8875202"/>
  <node id="4923192060" lat="-6.1806234" lon="106.8873647"/>
  <node id="4923192061" lat="-6.1815312" lon="106.8871747"/>
  <node id="4923192062" lat="-6.1820887" lon="106.8875779"/>
  <node id="4923192063" lat="-6.1821213" lon="106.8875678"/>
  <node id="4923192064" lat="-6.1821507" lon="106.8875316"/>
  <node id="4923192065" lat="-6.1821587" lon="106.8874726"/>
  <node id="4923192066" lat="-6.1821347" lon="106.8874069"/>
  <node id="4923192067" lat="-6.1821307" lon="106.8873546"/>
  <node id="4923192068" lat="-6.1821187" lon="106.8872889"/>
  <node id="4923192069" lat="-6.1821213" lon="106.8872581"/>
  <node id="4923192070" lat="-6.1821293" lon="106.8872232"/>
  <node id="4923192071" lat="-6.1821213" lon="106.8871856"/>
  <node id="4923192072" lat="-6.1821013" lon="106.8871521"/>
  <node id="4923192073" lat="-6.1820680" lon="106.8871280"/>
  <node id="4923192074" lat="-6.1820160" lon="106.8871280"/>
  <node id="4923192075" lat="-6.1814869" lon="106.8871827"/>
  <node id="4923192076" lat="-6.1819829" lon="106.8870929"/>
  <node id="4923192077" lat="-6.1820760" lon="106.8875826"/>
  <node id="4923192078" lat="-6.1815934" lon="106.8876738"/>
  <node id="4923499191" lat="-6.2106754" lon="106.9459263"/>
  <node id="4923499192" lat="-6.2106089" lon="106.9462066"/>
  <node id="4923499193" lat="-6.2104042" lon="106.9461575"/>
  <node id="4923499194" lat="-6.2104707" lon="106.9458772"/>
  <node id="4925565456" lat="-6.2620723" lon="106.8923551"/>
  <node id="4925565457" lat="-6.2620821" lon="106.8924238"/>
  <node id="4925565458" lat="-6.2620912" lon="106.8924443"/>
  <node id="4925565459" lat="-6.2621019" lon="106.8925329"/>
  <node id="4925565462" lat="-6.2621209" lon="106.8924182"/>
  <node id="4925565463" lat="-6.2621235" lon="106.8924404"/>
  <node id="4925565473" lat="-6.2621626" lon="106.8926046"/>
  <node id="4925565474" lat="-6.2621660" lon="106.8924117"/>
  <node id="4925565475" lat="-6.2621688" lon="106.8924349"/>
  <node id="4925565476" lat="-6.2621724" lon="106.8926869"/>
  <node id="4925565496" lat="-6.2622509" lon="106.8925147"/>
  <node id="4925565497" lat="-6.2622512" lon="106.8924249"/>
  <node id="4925565501" lat="-6.2622603" lon="106.8925927"/>
  <node id="4925565502" lat="-6.2622608" lon="106.8925047"/>
  <node id="4925565503" lat="-6.2622614" lon="106.8923979"/>
  <node id="4925565506" lat="-6.2622741" lon="106.8925031"/>
  <node id="4925565511" lat="-6.2622990" lon="106.8923224"/>
  <node id="4925565512" lat="-6.2623037" lon="106.8923918"/>
  <node id="4925565514" lat="-6.2623088" lon="106.8923911"/>
  <node id="4925565517" lat="-6.2623124" lon="106.8925107"/>
  <node id="4925565520" lat="-6.2623179" lon="106.8925101"/>
  <node id="4925565522" lat="-6.2623214" lon="106.8925853"/>
  <node id="4925565535" lat="-6.2623646" lon="106.8925800"/>
  <node id="4925565539" lat="-6.2623745" lon="106.8926623"/>
  <node id="4925677450" lat="-6.2609228" lon="106.8909801"/>
  <node id="4925677453" lat="-6.2609633" lon="106.8908800"/>
  <node id="4925677456" lat="-6.2609805" lon="106.8909688"/>
  <node id="4926201333" lat="-6.2676523" lon="106.8832584"/>
  <node id="4926201339" lat="-6.2678013" lon="106.8830594"/>
  <node id="4927703598" lat="-6.2139958" lon="106.8969135"/>
  <node id="4927703599" lat="-6.2140192" lon="106.8971607"/>
  <node id="4927703600" lat="-6.2140287" lon="106.8972608"/>
  <node id="4927703601" lat="-6.2138722" lon="106.8969254"/>
  <node id="4927703602" lat="-6.2138956" lon="106.8971725"/>
  <node id="4927703603" lat="-6.2139051" lon="106.8972726"/>
  <node id="4927703604" lat="-6.2141351" lon="106.8972867"/>
  <node id="4927703605" lat="-6.2140321" lon="106.8972966"/>
  <node id="4927703606" lat="-6.2140987" lon="106.8969036"/>
  <node id="4927703607" lat="-6.2140883" lon="106.8967937"/>
  <node id="4927703608" lat="-6.2139084" lon="106.8973077"/>
  <node id="4927703609" lat="-6.2138001" lon="106.8973180"/>
  <node id="4927703610" lat="-6.2137534" lon="106.8968259"/>
  <node id="4927833273" lat="-6.2677340" lon="106.8831700"/>
  <node id="4927833274" lat="-6.2675454" lon="106.8832358"/>
  <node id="4927833275" lat="-6.2676250" lon="106.8832080"/>
  <node id="4927833276" lat="-6.2677403" lon="106.8829937"/>
  <node id="4927833277" lat="-6.2677014" lon="106.8830771"/>
  <node id="4927833278" lat="-6.2675958" lon="106.8831121"/>
  <node id="4927833279" lat="-6.2677730" lon="106.8829821"/>
  <node id="4927833280" lat="-6.2674964" lon="106.8830746"/>
  <node id="4934136104" lat="-6.2620864" lon="106.8768771"/>
  <node id="4934136159" lat="-6.2621154" lon="106.8769495"/>
  <node id="4934136234" lat="-6.2621461" lon="106.8768529"/>
  <node id="4934136298" lat="-6.2621751" lon="106.8769254"/>
  <node id="4939728478" lat="-6.2504683" lon="106.8964691"/>
  <node id="4939728491" lat="-6.2504972" lon="106.8962740"/>
  <node id="4939728501" lat="-6.2505320" lon="106.8966110"/>
  <node id="4939728505" lat="-6.2505512" lon="106.8964815"/>
  <node id="4939728511" lat="-6.2505801" lon="106.8962864"/>
  <node id="4939728513" lat="-6.2505807" lon="106.8964849"/>
  <node id="4939728518" lat="-6.2505945" lon="106.8961888"/>
  <node id="4939728522" lat="-6.2506058" lon="106.8963142"/>
  <node id="4939728547" lat="-6.2507247" lon="106.8965063"/>
  <node id="4939728554" lat="-6.2507398" lon="106.8966421"/>
  <node id="4939728558" lat="-6.2507498" lon="106.8963356"/>
  <node id="4939728560" lat="-6.2507577" lon="106.8965215"/>
  <node id="4939728572" lat="-6.2507895" lon="106.8963061"/>
  <node id="4939728574" lat="-6.2508023" lon="106.8962199"/>
  <node id="4939728586" lat="-6.2508421" lon="106.8965341"/>
  <node id="4939728595" lat="-6.2508740" lon="106.8963188"/>
  <node id="4939728617" lat="-6.2509493" lon="106.8965504"/>
  <node id="4939728627" lat="-6.2509931" lon="106.8962545"/>
  <node id="4939728646" lat="-6.2510585" lon="106.8967402"/>
  <node id="4939728647" lat="-6.2510604" lon="106.8965670"/>
  <node id="4939728649" lat="-6.2510620" lon="106.8965565"/>
  <node id="4939728652" lat="-6.2510791" lon="106.8964410"/>
  <node id="4939728655" lat="-6.2510851" lon="106.8965599"/>
  <node id="4939728661" lat="-6.2511022" lon="106.8964445"/>
  <node id="4939728663" lat="-6.2511034" lon="106.8964362"/>
  <node id="4939728664" lat="-6.2511042" lon="106.8962711"/>
  <node id="4939728670" lat="-6.2511334" lon="106.8967514"/>
  <node id="4939728678" lat="-6.2511532" lon="106.8966178"/>
  <node id="4939728681" lat="-6.2511585" lon="106.8965817"/>
  <node id="4939728683" lat="-6.2511596" lon="106.8966715"/>
  <node id="4939728685" lat="-6.2511672" lon="106.8966199"/>
  <node id="4939728686" lat="-6.2511725" lon="106.8965838"/>
  <node id="4939728687" lat="-6.2511738" lon="106.8964783"/>
  <node id="4939728690" lat="-6.2511778" lon="106.8964518"/>
  <node id="4939728691" lat="-6.2511784" lon="106.8964475"/>
  <node id="4939728692" lat="-6.2511784" lon="106.8964854"/>
  <node id="4939728694" lat="-6.2511793" lon="106.8964791"/>
  <node id="4939728695" lat="-6.2511801" lon="106.8965328"/>
  <node id="4939728698" lat="-6.2511832" lon="106.8964526"/>
  <node id="4939728708" lat="-6.2512295" lon="106.8965402"/>
  <node id="4939728713" lat="-6.2512363" lon="106.8964941"/>
  <node id="4939728716" lat="-6.2512404" lon="106.8960661"/>
  <node id="4939728719" lat="-6.2512662" lon="106.8965457"/>
  <node id="4939728721" lat="-6.2512730" lon="106.8964996"/>
  <node id="4939728729" lat="-6.2512833" lon="106.8964193"/>
  <node id="4939728735" lat="-6.2513061" lon="106.8965517"/>
  <node id="4939728737" lat="-6.2513129" lon="106.8965056"/>
  <node id="4939728739" lat="-6.2513212" lon="106.8961633"/>
  <node id="4939728741" lat="-6.2513292" lon="106.8964262"/>
  <node id="4939728744" lat="-6.2513369" lon="106.8965563"/>
  <node id="4939728748" lat="-6.2513437" lon="106.8965102"/>
  <node id="4939728750" lat="-6.2513661" lon="106.8967024"/>
  <node id="4939728751" lat="-6.2513671" lon="106.8961702"/>
  <node id="4939728753" lat="-6.2513793" lon="106.8965177"/>
  <node id="4939728754" lat="-6.2513796" lon="106.8965156"/>
  <node id="4939728758" lat="-6.2513866" lon="106.8965637"/>
  <node id="4939728763" lat="-6.2513975" lon="106.8964783"/>
  <node id="4939728765" lat="-6.2514141" lon="106.8967433"/>
  <node id="4939728774" lat="-6.2514460" lon="106.8965277"/>
  <node id="4939728775" lat="-6.2514521" lon="106.8964864"/>
  <node id="4939728776" lat="-6.2514538" lon="106.8960980"/>
  <node id="4939728778" lat="-6.2514614" lon="106.8964235"/>
  <node id="4939728798" lat="-6.2515271" lon="106.8966652"/>
  <node id="4939728799" lat="-6.2515311" lon="106.8968104"/>
  <node id="4939728801" lat="-6.2515382" lon="106.8967619"/>
  <node id="4939728806" lat="-6.2515452" lon="106.8965428"/>
  <node id="4939728816" lat="-6.2515878" lon="106.8966743"/>
  <node id="4939728820" lat="-6.2516059" lon="106.8965519"/>
  <node id="4939728828" lat="-6.2516297" lon="106.8968252"/>
  <node id="4939728830" lat="-6.2516369" lon="106.8967767"/>
  <node id="4939728840" lat="-6.2516598" lon="106.8967801"/>
  <node id="4939728847" lat="-6.2517071" lon="106.8964603"/>
  <node id="4939750182" lat="-6.2503918" lon="106.8899869"/>
  <node id="4939750184" lat="-6.2504398" lon="106.8899071"/>
  <node id="4939750185" lat="-6.2504405" lon="106.8900682"/>
  <node id="4939750186" lat="-6.2504485" lon="106.8899526"/>
  <node id="4939750187" lat="-6.2504488" lon="106.8899532"/>
  <node id="4939750188" lat="-6.2504624" lon="106.8899449"/>
  <node id="4939750190" lat="-6.2504664" lon="106.8900525"/>
  <node id="4939750191" lat="-6.2504785" lon="106.8900728"/>
  <node id="4939750193" lat="-6.2504874" lon="106.8900673"/>
  <node id="4939750194" lat="-6.2505017" lon="106.8900912"/>
  <node id="4939750195" lat="-6.2505018" lon="106.8898696"/>
  <node id="4939750196" lat="-6.2505028" lon="106.8900905"/>
  <node id="4939750197" lat="-6.2505142" lon="106.8898904"/>
  <node id="4939750198" lat="-6.2505625" lon="106.8901901"/>
  <node id="4939750199" lat="-6.2505709" lon="106.8900167"/>
  <node id="4939750200" lat="-6.2505751" lon="106.8901824"/>
  <node id="4939750201" lat="-6.2505765" lon="106.8898526"/>
  <node id="4939750202" lat="-6.2505781" lon="106.8900289"/>
  <node id="4939750203" lat="-6.2505798" lon="106.8900279"/>
  <node id="4939750204" lat="-6.2505849" lon="106.8901988"/>
  <node id="4939750205" lat="-6.2505867" lon="106.8898696"/>
  <node id="4939750207" lat="-6.2505935" lon="106.8900030"/>
  <node id="4939750208" lat="-6.2505958" lon="106.8901922"/>
  <node id="4939750209" lat="-6.2506152" lon="106.8900392"/>
  <node id="4939750210" lat="-6.2506222" lon="106.8900986"/>
  <node id="4939750211" lat="-6.2506307" lon="106.8902504"/>
  <node id="4939750213" lat="-6.2506331" lon="106.8898414"/>
  <node id="4939750214" lat="-6.2506360" lon="106.8898463"/>
  <node id="4939750215" lat="-6.2506413" lon="106.8872601"/>
  <node id="4939750216" lat="-6.2506436" lon="106.8898417"/>
  <node id="4939750220" lat="-6.2506613" lon="106.8900748"/>
  <node id="4939752921" lat="-6.2506680" lon="106.8872889"/>
  <node id="4939752924" lat="-6.2506734" lon="106.8872690"/>
  <node id="4939752926" lat="-6.2506795" lon="106.8900741"/>
  <node id="4939752927" lat="-6.2506799" lon="106.8901412"/>
  <node id="4939752928" lat="-6.2506823" lon="106.8901098"/>
  <node id="4939752929" lat="-6.2506924" lon="106.8901267"/>
  <node id="4939752930" lat="-6.2506955" lon="106.8901318"/>
  <node id="4939752931" lat="-6.2506959" lon="106.8901015"/>
  <node id="4939752932" lat="-6.2506971" lon="106.8899469"/>
  <node id="4939752934" lat="-6.2507041" lon="106.8899427"/>
  <node id="4939752935" lat="-6.2507060" lon="106.8901185"/>
  <node id="4939752937" lat="-6.2507081" lon="106.8901251"/>
  <node id="4939752938" lat="-6.2507095" lon="106.8901242"/>
  <node id="4939752939" lat="-6.2507148" lon="106.8901995"/>
  <node id="4939752940" lat="-6.2507158" lon="106.8899782"/>
  <node id="4939752944" lat="-6.2507368" lon="106.8872767"/>
  <node id="4939752945" lat="-6.2507375" lon="106.8901742"/>
  <node id="4939752946" lat="-6.2507457" lon="106.8901244"/>
  <node id="4939752948" lat="-6.2507633" lon="106.8899346"/>
  <node id="4939752949" lat="-6.2507649" lon="106.8868092"/>
  <node id="4939752950" lat="-6.2507654" lon="106.8901572"/>
  <node id="4939752951" lat="-6.2507690" lon="106.8900198"/>
  <node id="4939752952" lat="-6.2507734" lon="106.8900037"/>
  <node id="4939752954" lat="-6.2507795" lon="106.8899404"/>
  <node id="4939752956" lat="-6.2507856" lon="106.8900474"/>
  <node id="4939752958" lat="-6.2507887" lon="106.8898224"/>
  <node id="4939752959" lat="-6.2507923" lon="106.8899248"/>
  <node id="4939752960" lat="-6.2507959" lon="106.8900412"/>
  <node id="4939752961" lat="-6.2507965" lon="106.8899223"/>
  <node id="4939752962" lat="-6.2507991" lon="106.8900701"/>
  <node id="4939752963" lat="-6.2507999" lon="106.8876181"/>
  <node id="4939752964" lat="-6.2508008" lon="106.8898266"/>
  <node id="4939752966" lat="-6.2508057" lon="106.8899841"/>
  <node id="4939752967" lat="-6.2508065" lon="106.8872960"/>
  <node id="4939752968" lat="-6.2508088" lon="106.8900862"/>
  <node id="4939752970" lat="-6.2508094" lon="106.8900638"/>
  <node id="4939752972" lat="-6.2508213" lon="106.8875401"/>
  <node id="4939752973" lat="-6.2508219" lon="106.8875403"/>
  <node id="4939752974" lat="-6.2508237" lon="106.8898347"/>
  <node id="4939752975" lat="-6.2508261" lon="106.8899718"/>
  <node id="4939752976" lat="-6.2508270" lon="106.8900931"/>
  <node id="4939752978" lat="-6.2508503" lon="106.8874368"/>
  <node id="4939752979" lat="-6.2508538" lon="106.8896356"/>
  <node id="4939752980" lat="-6.2508579" lon="106.8868350"/>
  <node id="4939752982" lat="-6.2508741" lon="106.8899427"/>
  <node id="4939752983" lat="-6.2508845" lon="106.8897834"/>
  <node id="4939752984" lat="-6.2508966" lon="106.8873210"/>
  <node id="4939752985" lat="-6.2508998" lon="106.8897395"/>
  <node id="4939752986" lat="-6.2509006" lon="106.8876460"/>
  <node id="4939752987" lat="-6.2509160" lon="106.8875897"/>
  <node id="4939752988" lat="-6.2509178" lon="106.8897951"/>
  <node id="4939752989" lat="-6.2509189" lon="106.8896585"/>
  <node id="4939752990" lat="-6.2509277" lon="106.8900321"/>
  <node id="4939752991" lat="-6.2509282" lon="106.8868521"/>
  <node id="4939752992" lat="-6.2509317" lon="106.8896215"/>
  <node id="4939752993" lat="-6.2509330" lon="106.8897512"/>
  <node id="4939752994" lat="-6.2509467" lon="106.8898780"/>
  <node id="4939752995" lat="-6.2509568" lon="106.8874664"/>
  <node id="4939752997" lat="-6.2509605" lon="106.8873387"/>
  <node id="4939752998" lat="-6.2509698" lon="106.8896764"/>
  <node id="4939752999" lat="-6.2509816" lon="106.8873760"/>
  <node id="4939753000" lat="-6.2509826" lon="106.8896394"/>
  <node id="4939753001" lat="-6.2509864" lon="106.8874746"/>
  <node id="4939753002" lat="-6.2510111" lon="106.8873842"/>
  <node id="4939753003" lat="-6.2510117" lon="106.8896912"/>
  <node id="4939753005" lat="-6.2510183" lon="106.8868771"/>
  <node id="4939753010" lat="-6.2510500" lon="106.8873636"/>
  <node id="4939753011" lat="-6.2510571" lon="106.8876953"/>
  <node id="4939753013" lat="-6.2510740" lon="106.8876336"/>
  <node id="4939753014" lat="-6.2510829" lon="106.8868923"/>
  <node id="4939753017" lat="-6.2511107" lon="106.8875091"/>
  <node id="4939753018" lat="-6.2511160" lon="106.8873819"/>
  <node id="4939753020" lat="-6.2511353" lon="106.8874192"/>
  <node id="4939753021" lat="-6.2511479" lon="106.8875194"/>
  <node id="4939753022" lat="-6.2511525" lon="106.8877218"/>
  <node id="4939753023" lat="-6.2511638" lon="106.8874222"/>
  <node id="4939753024" lat="-6.2511695" lon="106.8876601"/>
  <node id="4939753025" lat="-6.2511699" lon="106.8873999"/>
  <node id="4939753026" lat="-6.2511725" lon="106.8869172"/>
  <node id="4939753027" lat="-6.2511738" lon="106.8874250"/>
  <node id="4939753030" lat="-6.2512026" lon="106.8876692"/>
  <node id="4939753031" lat="-6.2512062" lon="106.8874100"/>
  <node id="4939753033" lat="-6.2512369" lon="106.8875441"/>
  <node id="4939753034" lat="-6.2512389" lon="106.8869339"/>
  <node id="4939753042" lat="-6.2513298" lon="106.8869591"/>
  <node id="4940428719" lat="-6.2445520" lon="106.8852077"/>
  <node id="4940428723" lat="-6.2445572" lon="106.8851668"/>
  <node id="4940428738" lat="-6.2446045" lon="106.8852144"/>
  <node id="4940428740" lat="-6.2446097" lon="106.8851736"/>
  <node id="4945314499" lat="-6.2416681" lon="106.8813761"/>
  <node id="4945314507" lat="-6.2417073" lon="106.8810152"/>
  <node id="4945314516" lat="-6.2417263" lon="106.8810172"/>
  <node id="4945314518" lat="-6.2417273" lon="106.8810078"/>
  <node id="4945314538" lat="-6.2417826" lon="106.8813887"/>
  <node id="4945314548" lat="-6.2418132" lon="106.8811075"/>
  <node id="4945314563" lat="-6.2418414" lon="106.8810203"/>
  <node id="4945314564" lat="-6.2418420" lon="106.8810152"/>
  <node id="4945314570" lat="-6.2418520" lon="106.8811117"/>
  <node id="4945314574" lat="-6.2418583" lon="106.8810536"/>
  <node id="4945314575" lat="-6.2418611" lon="106.8809780"/>
  <node id="4945314579" lat="-6.2418760" lon="106.8808408"/>
  <node id="4945314598" lat="-6.2419257" lon="106.8812433"/>
  <node id="4945314605" lat="-6.2419363" lon="106.8810255"/>
  <node id="4945314606" lat="-6.2419405" lon="106.8809867"/>
  <node id="4945314609" lat="-6.2419452" lon="106.8810632"/>
  <node id="4945314617" lat="-6.2419678" lon="106.8810340"/>
  <node id="4945314620" lat="-6.2419726" lon="106.8809903"/>
  <node id="4945314655" lat="-6.2420225" lon="106.8810400"/>
  <node id="4945314659" lat="-6.2420272" lon="106.8809963"/>
  <node id="4945314660" lat="-6.2420279" lon="106.8812545"/>
  <node id="4945314668" lat="-6.2420474" lon="106.8810752"/>
  <node id="4945314670" lat="-6.2420499" lon="106.8810755"/>
  <node id="4945314676" lat="-6.2420563" lon="106.8809653"/>
  <node id="4945314678" lat="-6.2420582" lon="106.8809994"/>
  <node id="4945314683" lat="-6.2420675" lon="106.8808619"/>
  <node id="4945314704" lat="-6.2421163" lon="106.8810481"/>
  <node id="4945314708" lat="-6.2421209" lon="106.8810063"/>
  <node id="4945314709" lat="-6.2421245" lon="106.8809728"/>
  <node id="4945314713" lat="-6.2421303" lon="106.8809199"/>
  <node id="4945314842" lat="-6.2424336" lon="106.8810830"/>
  <node id="4945314850" lat="-6.2424476" lon="106.8809548"/>
  <node id="4945315496" lat="-6.2437620" lon="106.8854683"/>
  <node id="4945315507" lat="-6.2437900" lon="106.8852403"/>
  <node id="4945315534" lat="-6.2438786" lon="106.8854828"/>
  <node id="4945315546" lat="-6.2439066" lon="106.8852548"/>
  <node id="4945315633" lat="-6.2441553" lon="106.8855085"/>
  <node id="4945315643" lat="-6.2441833" lon="106.8852940"/>
  <node id="4945315671" lat="-6.2442819" lon="106.8855252"/>
  <node id="4945315677" lat="-6.2443099" lon="106.8853107"/>
  <node id="4948296327" lat="-6.2030694" lon="106.8834248"/>
  <node id="4948296328" lat="-6.2030710" lon="106.8835068"/>
  <node id="4948296329" lat="-6.2029097" lon="106.8837040"/>
  <node id="4948296333" lat="-6.2030363" lon="106.8834264"/>
  <node id="4948296334" lat="-6.2030381" lon="106.8835074"/>
  <node id="4948296335" lat="-6.2030662" lon="106.8832071"/>
  <node id="4948296336" lat="-6.2032279" lon="106.8832058"/>
  <node id="4948296341" lat="-6.2029254" lon="106.8839868"/>
  <node id="4948296344" lat="-6.2028613" lon="106.8839374"/>
  <node id="4948296346" lat="-6.2031424" lon="106.8840514"/>
  <node id="4948296348" lat="-6.2030495" lon="106.8840523"/>
  <node id="4948296351" lat="-6.2031424" lon="106.8840274"/>
  <node id="4948296353" lat="-6.2030496" lon="106.8840279"/>
  <node id="4948296360" lat="-6.2032461" lon="106.8841518"/>
  <node id="4948296361" lat="-6.2029471" lon="106.8841590"/>
  <node id="4948296366" lat="-6.2028292" lon="106.8839562"/>
  <node id="4948296367" lat="-6.2027870" lon="106.8839875"/>
  <node id="4948296368" lat="-6.2027270" lon="106.8839451"/>
  <node id="4948296369" lat="-6.2027311" lon="106.8839882"/>
  <node id="4948296370" lat="-6.2026784" lon="106.8839835"/>
  <node id="4948296371" lat="-6.2027265" lon="106.8839149"/>
  <node id="4948296373" lat="-6.2028909" lon="106.8839563"/>
  <node id="4948296374" lat="-6.2028909" lon="106.8840562"/>
  <node id="4948296375" lat="-6.2027869" lon="106.8840561"/>
  <node id="4948296376" lat="-6.2028288" lon="106.8839434"/>
  <node id="4948296377" lat="-6.2027317" lon="106.8840416"/>
  <node id="4948296378" lat="-6.2026795" lon="106.8840425"/>
  <node id="4948296384" lat="-6.2024942" lon="106.8853711"/>
  <node id="4948296385" lat="-6.2028492" lon="106.8853649"/>
  <node id="4948296387" lat="-6.2024603" lon="106.8850675"/>
  <node id="4948296388" lat="-6.2029581" lon="106.8843853"/>
  <node id="4948296389" lat="-6.2029890" lon="106.8846676"/>
  <node id="4948296391" lat="-6.2027148" lon="106.8843918"/>
  <node id="4948296395" lat="-6.2025020" lon="106.8843923"/>
  <node id="4950314685" lat="-6.2599575" lon="106.9119124"/>
  <node id="4950314688" lat="-6.2599601" lon="106.9119959"/>
  <node id="4950314708" lat="-6.2599961" lon="106.9119947"/>
  <node id="4950314710" lat="-6.2599990" lon="106.9120855"/>
  <node id="4950314749" lat="-6.2600828" lon="106.9119003"/>
  <node id="4950314750" lat="-6.2600830" lon="106.9119083"/>
  <node id="4950314760" lat="-6.2601027" lon="106.9119958"/>
  <node id="4950314762" lat="-6.2601054" lon="106.9120820"/>
  <node id="4950314785" lat="-6.2601388" lon="106.9120210"/>
  <node id="4950314795" lat="-6.2601416" lon="106.9121084"/>
  <node id="4950314820" lat="-6.2601817" lon="106.9119932"/>
  <node id="4950314921" lat="-6.2601825" lon="106.9120196"/>
  <node id="4950314964" lat="-6.2602380" lon="106.9119914"/>
  <node id="4950314965" lat="-6.2602389" lon="106.9120177"/>
  <node id="4950314978" lat="-6.2602729" lon="106.9119903"/>
  <node id="4950314979" lat="-6.2602737" lon="106.9120166"/>
  <node id="4950314980" lat="-6.2602765" lon="106.9121041"/>
  <node id="4950314981" lat="-6.2602771" lon="106.9121216"/>
  <node id="4950314989" lat="-6.2602937" lon="106.9118935"/>
  <node id="4950314990" lat="-6.2602943" lon="106.9119129"/>
  <node id="4950315030" lat="-6.2603469" lon="106.9119112"/>
  <node id="4950315033" lat="-6.2603536" lon="106.9121191"/>
  <node id="4954433251" lat="-6.2566623" lon="106.9145995"/>
  <node id="4954433252" lat="-6.2566783" lon="106.9146079"/>
  <node id="4954433253" lat="-6.2566785" lon="106.9146545"/>
  <node id="4954433254" lat="-6.2567429" lon="106.9147077"/>
  <node id="4954433255" lat="-6.2566363" lon="106.9146350"/>
  <node id="4954433256" lat="-6.2566004" lon="106.9146406"/>
  <node id="4954433257" lat="-6.2566368" lon="106.9146541"/>
  <node id="4954433258" lat="-6.2567428" lon="106.9145805"/>
  <node id="4954433259" lat="-6.2566021" lon="106.9147081"/>
  <node id="4954433260" lat="-6.2565815" lon="106.9146411"/>
  <node id="4954433261" lat="-6.2566888" lon="106.9145359"/>
  <node id="4954433262" lat="-6.2565788" lon="106.9145399"/>
  <node id="4960956417" lat="-6.2234510" lon="106.9292406"/>
  <node id="4960956418" lat="-6.2238123" lon="106.9294847"/>
  <node id="4960956419" lat="-6.2229604" lon="106.9294377"/>
  <node id="4960956420" lat="-6.2232217" lon="106.9294632"/>
  <node id="4960966621" lat="-6.2231804" lon="106.9292808"/>
  <node id="4960966622" lat="-6.2238937" lon="106.9290099"/>
  <node id="4967296988" lat="-6.2048718" lon="106.8567236"/>
  <node id="4967297065" lat="-6.2048640" lon="106.8567579"/>
  <node id="4967297066" lat="-6.2051186" lon="106.8568164"/>
  <node id="4967297067" lat="-6.2051264" lon="106.8567822"/>
  <node id="4969842502" lat="-6.2333686" lon="106.9385627"/>
  <node id="4969842503" lat="-6.2333126" lon="106.9385532"/>
  <node id="4969842504" lat="-6.2333723" lon="106.9385371"/>
  <node id="4969842505" lat="-6.2333159" lon="106.9385307"/>
  <node id="4969842506" lat="-6.2333635" lon="106.9385983"/>
  <node id="4969842507" lat="-6.2333071" lon="106.9385912"/>
  <node id="4969842508" lat="-6.2334616" lon="106.9383191"/>
  <node id="4969842509" lat="-6.2334362" lon="106.9385444"/>
  <node id="4969842510" lat="-6.2332820" lon="106.9385269"/>
  <node id="4969842511" lat="-6.2333073" lon="106.9383015"/>
  <node id="4969842512" lat="-6.2332020" lon="106.9389627"/>
  <node id="4969842513" lat="-6.2331287" lon="106.9389506"/>
  <node id="4969842514" lat="-6.2331620" lon="106.9391491"/>
  <node id="4969842515" lat="-6.2336187" lon="106.9386309"/>
  <node id="4969842516" lat="-6.2336494" lon="106.9390587"/>
  <node id="4969842517" lat="-6.2331180" lon="106.9387629"/>
  <node id="4969842518" lat="-6.2331393" lon="106.9385698"/>
  <node id="5001529351" lat="-6.2309960" lon="106.9104386"/>
  <node id="5001529352" lat="-6.2310082" lon="106.9108431"/>
  <node id="5001529353" lat="-6.2312190" lon="106.9104318"/>
  <node id="5001529354" lat="-6.2312311" lon="106.9108364"/>
  <node id="5001529355" lat="-6.2312321" lon="106.9110258"/>
  <node id="5001529356" lat="-6.2312990" lon="106.9103424"/>
  <node id="5001529357" lat="-6.2313029" lon="106.9109183"/>
  <node id="5001529358" lat="-6.2313459" lon="106.9110250"/>
  <node id="5001529360" lat="-6.2308886" lon="106.9110306"/>
  <node id="5001529361" lat="-6.2308760" lon="106.9103381"/>
  <node id="5001529362" lat="-6.2312996" lon="106.9104243"/>
  <node id="5006559156" lat="-6.1704571" lon="106.8949408"/>
  <node id="5006559157" lat="-6.1705663" lon="106.8948778"/>
  <node id="5006559158" lat="-6.1704969" lon="106.8947559"/>
  <node id="5006559159" lat="-6.1703877" lon="106.8948188"/>
  <node id="5006559160" lat="-6.1704215" lon="106.8950916"/>
  <node id="5006559161" lat="-6.1707250" lon="106.8949167"/>
  <node id="5006559162" lat="-6.1705445" lon="106.8945997"/>
  <node id="5006559163" lat="-6.1702410" lon="106.8947746"/>
  <node id="5006559172" lat="-6.1712604" lon="106.8928786"/>
  <node id="5006559173" lat="-6.1717484" lon="106.8937356"/>
  <node id="5006559174" lat="-6.1714837" lon="106.8938881"/>
  <node id="5006559175" lat="-6.1709957" lon="106.8930311"/>
  <node id="5009093408" lat="-6.2313452" lon="106.9109180"/>
  <node id="5012028185" lat="-6.2334980" lon="106.9386933"/>
  <node id="5012028186" lat="-6.2334920" lon="106.9388737"/>
  <node id="5012028187" lat="-6.2333453" lon="106.9388688"/>
  <node id="5012028188" lat="-6.2333513" lon="106.9386884"/>
  <node id="5019496889" lat="-6.2210719" lon="106.8987132"/>
  <node id="5019496890" lat="-6.2211794" lon="106.8986982"/>
  <node id="5019496891" lat="-6.2211675" lon="106.8986183"/>
  <node id="5019496892" lat="-6.2210542" lon="106.8986325"/>
  <node id="5019496893" lat="-6.2210504" lon="106.8986152"/>
  <node id="5019496894" lat="-6.2210444" lon="106.8987177"/>
  <node id="5019496895" lat="-6.2209916" lon="106.8987533"/>
  <node id="5019496896" lat="-6.2209958" lon="106.8986329"/>
  <node id="5022050414" lat="-6.2336377" lon="106.9389947"/>
  <node id="5022050415" lat="-6.2336110" lon="106.9389880"/>
  <node id="5022050416" lat="-6.2331484" lon="106.9390282"/>
  <node id="5022050417" lat="-6.2332031" lon="106.9390175"/>
  <node id="5057592044" lat="-6.2251014" lon="106.9049722"/>
  <node id="5057592045" lat="-6.2251972" lon="106.9049584"/>
  <node id="5057592046" lat="-6.2251455" lon="106.9049459"/>
  <node id="5057592047" lat="-6.2250673" lon="106.9049143"/>
  <node id="5057592048" lat="-6.2251114" lon="106.9048881"/>
  <node id="5057592049" lat="-6.2251979" lon="106.9049596"/>
  <node id="5057592050" lat="-6.2252021" lon="106.9049554"/>
  <node id="5057592051" lat="-6.2250686" lon="106.9048154"/>
  <node id="5057592052" lat="-6.2250409" lon="106.9050532"/>
  <node id="5057592053" lat="-6.2249872" lon="106.9049621"/>
  <node id="5057592054" lat="-6.2251492" lon="106.9048655"/>
  <node id="5057592055" lat="-6.2251064" lon="106.9047929"/>
  <node id="5057592056" lat="-6.2249444" lon="106.9048894"/>
  <node id="5060330436" lat="-6.2132275" lon="106.9420112"/>
  <node id="5060330437" lat="-6.2132548" lon="106.9421024"/>
  <node id="5060330438" lat="-6.2131929" lon="106.9421212"/>
  <node id="5060330439" lat="-6.2131656" lon="106.9420300"/>
  <node id="5060330440" lat="-6.2131499" lon="106.9420257"/>
  <node id="5060330441" lat="-6.2131759" lon="106.9421250"/>
  <node id="5060330442" lat="-6.2131269" lon="106.9421380"/>
  <node id="5060330443" lat="-6.2131009" lon="106.9420387"/>
  <node id="5060330444" lat="-6.2130924" lon="106.9420384"/>
  <node id="5060330445" lat="-6.2131170" lon="106.9421417"/>
  <node id="5060330446" lat="-6.2130769" lon="106.9421514"/>
  <node id="5060330447" lat="-6.2130522" lon="106.9420481"/>
  <node id="5063240029" lat="-6.2170484" lon="106.9460537"/>
  <node id="5063240030" lat="-6.2169974" lon="106.9460476"/>
  <node id="5063240031" lat="-6.2169270" lon="106.9460393"/>
  <node id="5063240032" lat="-6.2168521" lon="106.9460618"/>
  <node id="5063240033" lat="-6.2170609" lon="106.9459497"/>
  <node id="5063240034" lat="-6.2170059" lon="106.9459799"/>
  <node id="5063240035" lat="-6.2169347" lon="106.9459705"/>
  <node id="5063240036" lat="-6.2169267" lon="106.9459073"/>
  <node id="5063240037" lat="-6.2170614" lon="106.9459497"/>
  <node id="5063240038" lat="-6.2170641" lon="106.9459249"/>
  <node id="5063240039" lat="-6.2169268" lon="106.9459068"/>
  <node id="5063240040" lat="-6.2168695" lon="106.9459008"/>
  <node id="5063240041" lat="-6.2168515" lon="106.9460617"/>
  <node id="5063240042" lat="-6.2170490" lon="106.9460537"/>
  <node id="5063240043" lat="-6.2170421" lon="106.9461127"/>
  <node id="5063240044" lat="-6.2168488" lon="106.9460899"/>
  <node id="5063255067" lat="-6.2161153" lon="106.9409730"/>
  <node id="5063255068" lat="-6.2160252" lon="106.9409570"/>
  <node id="5063255069" lat="-6.2158720" lon="106.9409849"/>
  <node id="5063255070" lat="-6.2158856" lon="106.9410695"/>
  <node id="5063255071" lat="-6.2160016" lon="106.9406891"/>
  <node id="5063255072" lat="-6.2159986" lon="106.9407760"/>
  <node id="5063255073" lat="-6.2158288" lon="106.9407152"/>
  <node id="5063255074" lat="-6.2158425" lon="106.9408007"/>
  <node id="5063255075" lat="-6.2159502" lon="106.9406960"/>
  <node id="5063255076" lat="-6.2158558" lon="106.9407109"/>
  <node id="5063255081" lat="-6.2159441" lon="106.9406504"/>
  <node id="5063255082" lat="-6.2158494" lon="106.9406631"/>
  <node id="5063255083" lat="-6.2160014" lon="106.9406879"/>
  <node id="5063255084" lat="-6.2160721" lon="106.9406786"/>
  <node id="5063255086" lat="-6.2161247" lon="106.9410259"/>
  <node id="5063255087" lat="-6.2158858" lon="106.9410709"/>
  <node id="5063255088" lat="-6.2158285" lon="106.9407135"/>
  <node id="5063255089" lat="-6.2157588" lon="106.9407248"/>
  <node id="5063255090" lat="-6.2158161" lon="106.9410822"/>
  <node id="5067879748" lat="-6.2336714" lon="106.8967562"/>
  <node id="5067879749" lat="-6.2336714" lon="106.8970432"/>
  <node id="5067879947" lat="-6.2334821" lon="106.8970392"/>
  <node id="5067879948" lat="-6.2334861" lon="106.8967562"/>
  <node id="7312580897" lat="-6.2446865" lon="106.8855470"/>
  <node id="7330406353" lat="-6.2029255" lon="106.8839374"/>
  <node id="7330406354" lat="-6.2028255" lon="106.8837064"/>
  <node id="7330406355" lat="-6.2028613" lon="106.8839127"/>
  <node id="7330406356" lat="-6.2029432" lon="106.8839868"/>
  <node id="7330406358" lat="-6.2028817" lon="106.8850517"/>
  <node id="7330406359" lat="-6.2028867" lon="106.8852239"/>
  <node id="7330406360" lat="-6.2029930" lon="106.8849659"/>
  <node id="7330406361" lat="-6.2028799" lon="106.8849688"/>
  <node id="7330406362" lat="-6.2027534" lon="106.8850545"/>
  <node id="7330406363" lat="-6.2025138" lon="106.8850649"/>
  <node id="7330406365" lat="-6.2027516" lon="106.8849716"/>
  <node id="7330406366" lat="-6.2028468" lon="106.8852246"/>
  <node id="7579726010" lat="-6.1793269" lon="106.8787037"/>
  <node id="8322530248" lat="-6.2457203" lon="106.8664279"/>
  <node id="8322530249" lat="-6.2457443" lon="106.8664164"/>
  <node id="8322530250" lat="-6.2443655" lon="106.8661961"/>
  <node id="8322530251" lat="-6.2446005" lon="106.8660861"/>
  <node id="8322530252" lat="-6.2446892" lon="106.8662780"/>
  <node id="8322530253" lat="-6.2444459" lon="106.8663918"/>
  <node id="8322530254" lat="-6.2445217" lon="106.8665556"/>
  <node id="8322530255" lat="-6.2449795" lon="106.8663414"/>
  <node id="8322530256" lat="-6.2446076" lon="106.8667319"/>
  <node id="8322530257" lat="-6.2450618" lon="106.8665193"/>
  <node id="8322530258" lat="-6.2450598" lon="106.8661571"/>
  <node id="8322530259" lat="-6.2452729" lon="106.8666180"/>
  <node id="8322530260" lat="-6.2451956" lon="106.8659526"/>
  <node id="8322530261" lat="-6.2454882" lon="106.8665759"/>
  <node id="8654079785" lat="-6.1730926" lon="106.8758525"/>
  <node id="8654079786" lat="-6.1731364" lon="106.8760088"/>
  <node id="8654079787" lat="-6.1732650" lon="106.8759724"/>
  <node id="8654079788" lat="-6.1732212" lon="106.8758161"/>
  <node id="8654079789" lat="-6.1730046" lon="106.8759763"/>
  <node id="8654079790" lat="-6.1729571" lon="106.8759904"/>
  <node id="8654079791" lat="-6.1728887" lon="106.8757568"/>
  <node id="8654079792" lat="-6.1729153" lon="106.8757489"/>
  <node id="9733581926" lat="-6.2028258" lon="106.8837483"/>
  <node id="9750033989" lat="-6.1952269" lon="106.8524377"/>
  <node id="9750033990" lat="-6.1952730" lon="106.8524709"/>
  <node id="9750033991" lat="-6.1953136" lon="106.8524138"/>
  <node id="9750033992" lat="-6.1952675" lon="106.8523806"/>
  <node id="9750033993" lat="-6.1948982" lon="106.8526128"/>
  <node id="9750033994" lat="-6.1950479" lon="106.8527514"/>
  <node id="9750033995" lat="-6.1950907" lon="106.8527046"/>
  <node id="9750033996" lat="-6.1952180" lon="106.8525688"/>
  <node id="9750033997" lat="-6.1952621" lon="106.8519970"/>
  <node id="9750033998" lat="-6.1952782" lon="106.8520125"/>
  <node id="9750033999" lat="-6.1953162" lon="106.8519725"/>
  <node id="9750034000" lat="-6.1953001" lon="106.8519570"/>
  <node id="9750034001" lat="-6.1952160" lon="106.8519609"/>
  <node id="9750034002" lat="-6.1952329" lon="106.8519760"/>
  <node id="9750034003" lat="-6.1952749" lon="106.8519288"/>
  <node id="9750034004" lat="-6.1952581" lon="106.8519136"/>
  <node id="9750034005" lat="-6.1953300" lon="106.8519233"/>
  <node id="9750034006" lat="-6.1953513" lon="106.8519407"/>
  <node id="9750034007" lat="-6.1954011" lon="106.8518794"/>
  <node id="9750034008" lat="-6.1953799" lon="106.8518619"/>
  <node id="9750034009" lat="-6.1952874" lon="106.8518846"/>
  <node id="9750034010" lat="-6.1953073" lon="106.8519022"/>
  <node id="9750034011" lat="-6.1953649" lon="106.8518365"/>
  <node id="9750034012" lat="-6.1953450" lon="106.8518189"/>
  <node id="9750034013" lat="-6.1954619" lon="106.8517853"/>
  <node id="9750034014" lat="-6.1954809" lon="106.8518018"/>
  <node id="9750034015" lat="-6.1955469" lon="106.8517246"/>
  <node id="9750034016" lat="-6.1955279" lon="106.8517081"/>
  <node id="9750042317" lat="-6.1954128" lon="106.8517548"/>
  <node id="9750042318" lat="-6.1954269" lon="106.8517667"/>
  <node id="9750042319" lat="-6.1954990" lon="106.8516812"/>
  <node id="9750042320" lat="-6.1954849" lon="106.8516692"/>
  <node id="11411461984" lat="-6.2492018" lon="106.8717043"/>
  <node id="12135159148" lat="-6.2210281" lon="106.8987554"/>
  <node id="12135159149" lat="-6.2210275" lon="106.8987304"/>
  <node id="12281060584" lat="-6.2351162" lon="106.8512361"/>
  <node id="12281060585" lat="-6.2350990" lon="106.8512247"/>
  <node id="12281060586" lat="-6.2350701" lon="106.8511271"/>
  <node id="12281060587" lat="-6.2350992" lon="106.8512321"/>
  <node id="12281060588" lat="-6.2351176" lon="106.8512728"/>
  <node id="12281060589" lat="-6.2350965" lon="106.8512260"/>
  <node id="12281060590" lat="-6.2349364" lon="106.8511747"/>
  <node id="12281060591" lat="-6.2350175" lon="106.8513253"/>
  <node id="12281060592" lat="-6.2351240" lon="106.8512061"/>
  <node id="12281060593" lat="-6.2350878" lon="106.8511196"/>
  <node id="12281060594" lat="-6.2350556" lon="106.8510985"/>
  <node id="12281060595" lat="-6.2350179" lon="106.8511179"/>
  <node id="12281060596" lat="-6.2351201" lon="106.8512784"/>
  <node id="12281060597" lat="-6.2350067" lon="106.8513302"/>
  <node id="12281060598" lat="-6.2349291" lon="106.8511585"/>
  <node id="12281060599" lat="-6.2350175" lon="106.8513254"/>
  <node id="12281060600" lat="-6.2349918" lon="106.8513369"/>
  <node id="12281080901" lat="-6.2349231" lon="106.8511806"/>
  <node id="12739080743" lat="-6.1916587" lon="106.8506646"/>
  <node id="12739080744" lat="-6.1917143" lon="106.8505056"/>
  <node id="12877056322" lat="-6.2050475" lon="106.8742961"/>
  <node id="12877056323" lat="-6.2050696" lon="106.8746140"/>
  <node id="12877056326" lat="-6.2046360" lon="106.8748504"/>
  <node id="13542003894" lat="-6.2024964" lon="106.8839822"/>
  <node id="13542003895" lat="-6.2024971" lon="106.8837510"/>
  <node id="13542003898" lat="-6.2029107" lon="106.8837567"/>
  <node id="13542003899" lat="-6.2030760" lon="106.8837520"/>
  <node id="13542003900" lat="-6.2029646" lon="106.8846681"/>
  <node id="13542027601" lat="-6.2024617" lon="106.8850984"/>
  <node id="13542027602" lat="-6.2024317" lon="106.8851886"/>
  <node id="13542027603" lat="-6.2024192" lon="106.8851889"/>
  <node id="13542027604" lat="-6.2024176" lon="106.8851004"/>
  <node id="13542027605" lat="-6.2024345" lon="106.8852969"/>
  <node id="13542027606" lat="-6.2023767" lon="106.8852984"/>
  <node id="13542027607" lat="-6.2023781" lon="106.8853748"/>
  <node id="13545026745" lat="-6.2025691" lon="106.8837504"/>
  <node id="13545026746" lat="-6.2026810" lon="106.8837495"/>
  <node id="13545026747" lat="-6.2026737" lon="106.8832496"/>
  <node id="13545026748" lat="-6.2025617" lon="106.8832513"/>
  <way id="120161365">
    <nd ref="1347935665"/>
    <nd ref="1347935689"/>
    <nd ref="1347936013"/>
    <nd ref="1347935581"/>
    <nd ref="1347935665"/>
  </way>
  <way id="155935393">
    <nd ref="1682757455"/>
    <nd ref="1682757466"/>
    <nd ref="1682757471"/>
    <nd ref="1682757476"/>
    <nd ref="1682757472"/>
    <nd ref="1682757491"/>
    <nd ref="1682757493"/>
    <nd ref="1682757489"/>
    <nd ref="1682757455"/>
  </way>
  <way id="155954006">
    <nd ref="1682878576"/>
    <nd ref="1682878575"/>
    <nd ref="1682878578"/>
    <nd ref="4911869918"/>
    <nd ref="4911869917"/>
    <nd ref="4911869916"/>
    <nd ref="4911869915"/>
    <nd ref="1682878579"/>
    <nd ref="1682878576"/>
    <tag k="source" v="HOT_InAWARESurvey_2017"/>
  </way>
  <way id="155955676">
    <nd ref="1682897760"/>
    <nd ref="1682898011"/>
    <nd ref="1682897742"/>
    <nd ref="1682897898"/>
    <nd ref="1682897760"/>
  </way>
  <way id="155962902">
    <nd ref="4927833276"/>
    <nd ref="4927833280"/>
    <nd ref="4927833274"/>
    <nd ref="1682969607"/>
    <nd ref="4926201333"/>
    <nd ref="1682969672"/>
    <nd ref="4926201339"/>
    <nd ref="4927833279"/>
    <nd ref="4927833276"/>
  </way>
  <way id="156134129">
    <nd ref="1684929772"/>
    <nd ref="1684929776"/>
    <nd ref="1684213767"/>
    <nd ref="1684213766"/>
    <nd ref="1684929827"/>
    <nd ref="1684929823"/>
    <nd ref="1684929843"/>
    <nd ref="1684929848"/>
    <nd ref="7312580897"/>
    <nd ref="1684929853"/>
    <nd ref="1684929792"/>
    <nd ref="1684929795"/>
    <nd ref="1684929789"/>
    <nd ref="1684213759"/>
    <nd ref="1684213757"/>
    <nd ref="1684213756"/>
    <nd ref="1684213755"/>
    <nd ref="1684213742"/>
    <nd ref="1684213744"/>
    <nd ref="1684213741"/>
    <nd ref="1684213743"/>
    <nd ref="1684213738"/>
    <nd ref="1684213735"/>
    <nd ref="1684213728"/>
    <nd ref="1684213729"/>
    <nd ref="1684213727"/>
    <nd ref="1684213730"/>
    <nd ref="1684213736"/>
    <nd ref="1684213737"/>
    <nd ref="1684929780"/>
    <nd ref="1684929785"/>
    <nd ref="1684929772"/>
  </way>
  <way id="157362109">
    <nd ref="1695812156"/>
    <nd ref="1695812163"/>
    <nd ref="1695812158"/>
    <nd ref="1695812150"/>
    <nd ref="1695812156"/>
    <tag k="addr:city" v="DKI Jakarta"/>
    <tag k="source" v="HOT_InAWARESurvey_2017"/>
  </way>
  <way id="157362111">
    <nd ref="1695812034"/>
    <nd ref="1695812039"/>
    <nd ref="1695812085"/>
    <nd ref="1695812080"/>
    <nd ref="1695812078"/>
    <nd ref="1695812066"/>
    <nd ref="1695812068"/>
    <nd ref="1695812067"/>
    <nd ref="1695812055"/>
    <nd ref="1695812064"/>
    <nd ref="1695812057"/>
    <nd ref="1695812047"/>
    <nd ref="1695812043"/>
    <nd ref="1695812046"/>
    <nd ref="1695812034"/>
    <tag k="addr:city" v="DKI Jakarta"/>
    <tag k="source" v="HOT_InAWARESurvey_2017"/>
  </way>
  <way id="157368426">
    <nd ref="1695872705"/>
    <nd ref="1695872707"/>
    <nd ref="1695872708"/>
    <nd ref="1695872735"/>
    <nd ref="1695872737"/>
    <nd ref="1695872799"/>
    <nd ref="1695873090"/>
    <nd ref="1695873101"/>
    <nd ref="4750012251"/>
    <nd ref="4750012252"/>
    <nd ref="1695873112"/>
    <nd ref="1695873108"/>
    <nd ref="1695873103"/>
    <nd ref="1697046260"/>
    <nd ref="1697046259"/>
    <nd ref="1695872705"/>
    <tag k="addr:city" v="DKI Jakarta"/>
    <tag k="source" v="HOT_InAWARESurvey_2017"/>
  </way>
  <way id="157368449">
    <nd ref="1695872372"/>
    <nd ref="1695872376"/>
    <nd ref="1695872507"/>
    <nd ref="4247819941"/>
    <nd ref="4815285462"/>
    <nd ref="1695872501"/>
    <nd ref="1695872372"/>
    <tag k="addr:city" v="DKI Jakarta"/>
    <tag k="source" v="HOT_InAWARESurvey_2017"/>
  </way>
  <way id="158981590">
    <nd ref="1710918445"/>
    <nd ref="1710918446"/>
    <nd ref="1710918496"/>
    <nd ref="1710918492"/>
    <nd ref="1710918495"/>
    <nd ref="1710918491"/>
    <nd ref="1710918488"/>
    <nd ref="1710918468"/>
    <nd ref="1710918471"/>
    <nd ref="1710918445"/>
  </way>
  <way id="158981627">
    <nd ref="1710918456"/>
    <nd ref="1710918453"/>
    <nd ref="1710918478"/>
    <nd ref="1710918477"/>
    <nd ref="1710918466"/>
    <nd ref="1710918456"/>
  </way>
  <way id="161264820">
    <nd ref="1732522331"/>
    <nd ref="1732522309"/>
    <nd ref="1732522334"/>
    <nd ref="1732522328"/>
    <nd ref="4750027252"/>
    <nd ref="4750027253"/>
    <nd ref="4750027251"/>
    <nd ref="4245860736"/>
    <nd ref="1732522331"/>
  </way>
  <way id="234852840">
    <nd ref="2429759913"/>
    <nd ref="2429759914"/>
    <nd ref="2429759915"/>
    <nd ref="2429759916"/>
    <nd ref="2429759913"/>
    <tag k="access:roof" v="no"/>
    <tag k="addr:full" v="Jalan Cipinang Besar"/>
    <tag k="building:levels" v="7"/>
    <tag k="building:roof" v="tile"/>
  </way>
  <way id="234852841">
    <nd ref="2429759917"/>
    <nd ref="2429759918"/>
    <nd ref="2429759919"/>
    <nd ref="2429759920"/>
    <nd ref="2429759917"/>
    <tag k="access:roof" v="yes"/>
    <tag k="addr:full" v="Jalan Cipinang Besar Selatan No.2"/>
    <tag k="building:levels" v="8"/>
    <tag k="building:roof" v="concrete"/>
  </way>
  <way id="292275882">
    <nd ref="2958258683"/>
    <nd ref="2958258686"/>
    <nd ref="2958258688"/>
    <nd ref="4925677450"/>
    <nd ref="4925677456"/>
    <nd ref="4925677453"/>
    <nd ref="2958258687"/>
    <nd ref="2958258681"/>
    <nd ref="2958258677"/>
    <nd ref="2958258673"/>
    <nd ref="2958258674"/>
    <nd ref="2958258665"/>
    <nd ref="2958258664"/>
    <nd ref="2958258661"/>
    <nd ref="2958258667"/>
    <nd ref="2958258671"/>
    <nd ref="2958258669"/>
    <nd ref="2958258675"/>
    <nd ref="2958258680"/>
    <nd ref="2958258679"/>
    <nd ref="2958258684"/>
    <nd ref="2958258528"/>
    <nd ref="2958258527"/>
    <nd ref="2958258685"/>
    <nd ref="2958258678"/>
    <nd ref="2958258683"/>
  </way>
  <way id="292275883">
    <nd ref="2958258668"/>
    <nd ref="2958258666"/>
    <nd ref="2958258676"/>
    <nd ref="2958258682"/>
    <nd ref="2958258668"/>
  </way>
  <way id="315839579">
    <nd ref="3219714221"/>
    <nd ref="3219714222"/>
    <nd ref="3219714231"/>
    <nd ref="3219714230"/>
    <nd ref="3219714221"/>
    <tag k="addr:city" v="DKI Jakarta"/>
    <tag k="source" v="HOT_InAWARESurvey_2017"/>
  </way>
  <way id="368724687">
    <nd ref="3725711261"/>
    <nd ref="3725711262"/>
    <nd ref="3725711259"/>
  </way>
  <way id="368725852">
    <nd ref="3725711259"/>
    <nd ref="3725711260"/>
    <nd ref="3725711261"/>
  </way>
  <way id="471544136">
    <nd ref="4657043599"/>
    <nd ref="4657043598"/>
    <nd ref="4657043597"/>
    <nd ref="4657043592"/>
    <nd ref="4659021798"/>
    <nd ref="4659021796"/>
    <nd ref="4659021795"/>
    <nd ref="4659021797"/>
    <nd ref="4657043599"/>
  </way>
  <way id="471746294">
    <nd ref="4659021794"/>
    <nd ref="4659021791"/>
    <nd ref="4659021792"/>
    <nd ref="4659021793"/>
    <nd ref="4659021794"/>
  </way>
  <way id="472366518">
    <nd ref="4665750063"/>
    <nd ref="4665750062"/>
    <nd ref="4665750061"/>
    <nd ref="4665750058"/>
    <nd ref="4665750059"/>
    <nd ref="4665750060"/>
    <nd ref="4665750063"/>
  </way>
  <way id="472413349">
    <nd ref="4666245567"/>
    <nd ref="4666245564"/>
    <nd ref="4666245565"/>
    <nd ref="4666245566"/>
    <nd ref="4666245567"/>
  </way>
  <way id="472413351">
    <nd ref="4666245571"/>
    <nd ref="4666245570"/>
    <nd ref="4666245569"/>
    <nd ref="4666245568"/>
    <nd ref="4666245571"/>
  </way>
  <way id="481721662">
    <nd ref="4746284119"/>
    <nd ref="4746284122"/>
    <nd ref="4746284123"/>
    <nd ref="4746284120"/>
    <nd ref="4746284121"/>
    <nd ref="4746284109"/>
    <nd ref="4746284108"/>
    <nd ref="4746284093"/>
    <nd ref="4746284092"/>
    <nd ref="4746284106"/>
    <nd ref="4746284103"/>
    <nd ref="4746284118"/>
    <nd ref="4746284119"/>
  </way>
  <way id="481721663">
    <nd ref="4746284116"/>
    <nd ref="4746284110"/>
    <nd ref="4746284111"/>
    <nd ref="4746284117"/>
    <nd ref="4746284116"/>
  </way>
  <way id="481966038">
    <nd ref="4748410229"/>
    <nd ref="4748410228"/>
    <nd ref="4748410227"/>
    <nd ref="4748410226"/>
    <nd ref="4748410225"/>
    <nd ref="4748410229"/>
    <tag k="leisure" v="pitch"/>
    <tag k="sport" v="basketball"/>
  </way>
  <way id="482153466">
    <nd ref="4750138462"/>
    <nd ref="4750138461"/>
    <nd ref="4750138460"/>
    <nd ref="4750138459"/>
    <nd ref="4750138462"/>
    <tag k="leisure" v="swimming_pool"/>
    <tag k="sport" v="swimming"/>
  </way>
  <way id="482154834">
    <nd ref="4750147416"/>
    <nd ref="4750147394"/>
    <nd ref="4750147408"/>
    <nd ref="4750147407"/>
    <nd ref="4750147393"/>
    <nd ref="4750147417"/>
    <nd ref="4750147396"/>
    <nd ref="4750147415"/>
    <nd ref="4750147414"/>
    <nd ref="4750147399"/>
    <nd ref="4750147398"/>
    <nd ref="4750147413"/>
    <nd ref="4750147397"/>
    <nd ref="4750147405"/>
    <nd ref="4750147411"/>
    <nd ref="4750147416"/>
    <tag k="source" v="HOT_InAWARESurvey_2017"/>
  </way>
  <way id="482173608">
    <nd ref="4750276849"/>
    <nd ref="4750276845"/>
    <nd ref="4750276843"/>
    <nd ref="4750276846"/>
    <nd ref="4750276849"/>
  </way>
  <way id="482173609">
    <nd ref="4750276847"/>
    <nd ref="4750276854"/>
    <nd ref="4750276842"/>
    <nd ref="4750276855"/>
    <nd ref="4750276856"/>
    <nd ref="4750276844"/>
    <nd ref="4750276857"/>
    <nd ref="4750276848"/>
    <nd ref="4750276850"/>
    <nd ref="4750276858"/>
    <nd ref="4750276859"/>
    <nd ref="4750276860"/>
    <nd ref="4750276851"/>
    <nd ref="4750276853"/>
    <nd ref="4750276852"/>
    <nd ref="4750276847"/>
  </way>
  <way id="482186234">
    <nd ref="4750381807"/>
    <nd ref="4750383422"/>
    <nd ref="4750385668"/>
  </way>
  <way id="482206548">
    <nd ref="4750527810"/>
    <nd ref="4750529465"/>
    <nd ref="4750529464"/>
    <nd ref="4750529463"/>
    <nd ref="4750527810"/>
    <tag k="addr:city" v="DKI Jakarta"/>
    <tag k="leisure" v="pitch"/>
    <tag k="source" v="HOT_InAWARESurvey_2017"/>
    <tag k="sport" v="basketball"/>
  </way>
  <way id="482244731">
    <nd ref="4750889741"/>
    <nd ref="4750889742"/>
    <nd ref="4750889743"/>
    <nd ref="4750889744"/>
    <nd ref="4750889745"/>
    <nd ref="4750889746"/>
    <nd ref="4750889748"/>
    <nd ref="4750889747"/>
    <nd ref="8654079789"/>
    <nd ref="8654079790"/>
    <nd ref="8654079791"/>
    <nd ref="8654079792"/>
    <nd ref="4750889741"/>
  </way>
  <way id="482348082">
    <nd ref="4751914000"/>
    <nd ref="4751894569"/>
    <nd ref="4751894570"/>
    <nd ref="4751913999"/>
    <nd ref="4751914000"/>
    <tag k="addr:city" v="DKI Jakarta"/>
    <tag k="leisure" v="pitch"/>
    <tag k="source" v="HOT_InAWARESurvey_2017"/>
    <tag k="sport" v="basketball"/>
  </way>
  <way id="482370830">
    <nd ref="4752045470"/>
    <nd ref="4752045476"/>
    <nd ref="4752045479"/>
    <nd ref="4752045478"/>
    <nd ref="4752045477"/>
    <nd ref="4752045469"/>
    <nd ref="4752045465"/>
    <nd ref="4752045474"/>
    <nd ref="4752045473"/>
    <nd ref="4752045472"/>
    <nd ref="4752045475"/>
    <nd ref="4752045466"/>
    <nd ref="4752045470"/>
  </way>
  <way id="482370831">
    <nd ref="4752045467"/>
    <nd ref="4752045464"/>
    <nd ref="4752045468"/>
    <nd ref="4752045471"/>
    <nd ref="4752045467"/>
    <tag k="leisure" v="pitch"/>
    <tag k="sport" v="soccer"/>
  </way>
  <way id="483341868">
    <nd ref="4760982302"/>
    <nd ref="4760982306"/>
    <nd ref="4760982296"/>
    <nd ref="4760982295"/>
    <nd ref="4760982302"/>
    <tag k="addr:city" v="DKI Jakarta"/>
    <tag k="source" v="HOT_InAWARESurvey_2017"/>
  </way>
  <way id="483341869">
    <nd ref="4760982533"/>
    <nd ref="4760982521"/>
    <nd ref="4760982315"/>
    <nd ref="4760982311"/>
    <nd ref="4760982292"/>
    <nd ref="4760982293"/>
    <nd ref="4760982294"/>
    <nd ref="4760982298"/>
    <nd ref="4760982297"/>
    <nd ref="4760982540"/>
    <nd ref="4760982537"/>
    <nd ref="4760982533"/>
    <tag k="addr:city" v="DKI Jakarta"/>
    <tag k="source" v="HOT_InAWARESurvey_2017"/>
  </way>
  <way id="483359222">
    <nd ref="4761088784"/>
    <nd ref="4761088781"/>
    <nd ref="4761088769"/>
    <nd ref="4761088775"/>
    <nd ref="4761088780"/>
    <nd ref="4829965957"/>
    <nd ref="4761088779"/>
    <nd ref="4761088777"/>
    <nd ref="4761088771"/>
    <nd ref="4761088782"/>
    <nd ref="4761088783"/>
    <nd ref="4761088776"/>
    <nd ref="4761088772"/>
    <nd ref="4761088766"/>
    <nd ref="4761088778"/>
    <nd ref="4761088784"/>
    <tag k="source" v="HOT_InAWARESurvey_2017"/>
  </way>
  <way id="483359224">
    <nd ref="4761088774"/>
    <nd ref="4761088768"/>
    <nd ref="4761088767"/>
    <nd ref="4761088773"/>
    <nd ref="4761088774"/>
  </way>
  <way id="483368651">
    <nd ref="4761148337"/>
    <nd ref="4761148342"/>
    <nd ref="4761148346"/>
    <nd ref="4761148341"/>
    <nd ref="4761148349"/>
    <nd ref="4761148348"/>
    <nd ref="4761148340"/>
    <nd ref="4761148345"/>
    <nd ref="4761148353"/>
    <nd ref="4761148354"/>
    <nd ref="4761148352"/>
    <nd ref="4761148338"/>
    <nd ref="4761148347"/>
    <nd ref="4761148350"/>
    <nd ref="4761148351"/>
    <nd ref="4761148337"/>
    <tag k="name" v="Perpustakaan &amp; Gedung AB"/>
  </way>
  <way id="483368652">
    <nd ref="4761148344"/>
    <nd ref="4761148339"/>
    <nd ref="11411461984"/>
    <nd ref="4761148336"/>
    <nd ref="4761148343"/>
    <nd ref="4761148344"/>
  </way>
  <way id="483393176">
    <nd ref="8322530260"/>
    <nd ref="8322530261"/>
    <nd ref="4761343435"/>
    <nd ref="8322530248"/>
    <nd ref="8322530249"/>
    <nd ref="4761343434"/>
    <nd ref="4761343427"/>
    <nd ref="4761343440"/>
    <nd ref="4761343426"/>
    <nd ref="4761343433"/>
    <nd ref="4761343432"/>
    <nd ref="4761343438"/>
    <nd ref="4761343437"/>
    <nd ref="4761343436"/>
    <nd ref="8322530260"/>
  </way>
  <way id="483590215">
    <nd ref="4763371774"/>
    <nd ref="4763371772"/>
    <nd ref="4763371773"/>
    <nd ref="4763371771"/>
    <nd ref="4763371767"/>
    <nd ref="4763371776"/>
    <nd ref="4763371777"/>
    <nd ref="4763371778"/>
    <nd ref="4763371775"/>
    <nd ref="4763371770"/>
    <nd ref="4763371766"/>
    <nd ref="4763371774"/>
  </way>
  <way id="483590216">
    <nd ref="4763371769"/>
    <nd ref="4763371768"/>
    <nd ref="4763371764"/>
    <nd ref="4763371765"/>
    <nd ref="4763371769"/>
  </way>
  <way id="483590527">
    <nd ref="4763374892"/>
    <nd ref="4763374897"/>
    <nd ref="4763374898"/>
    <nd ref="4763374893"/>
    <nd ref="4763374892"/>
  </way>
  <way id="483590529">
    <nd ref="4763374884"/>
    <nd ref="4763374887"/>
    <nd ref="4763374921"/>
    <nd ref="4763374918"/>
    <nd ref="4763374916"/>
    <nd ref="4763374914"/>
    <nd ref="4763374915"/>
    <nd ref="4763374912"/>
    <nd ref="4763374869"/>
    <nd ref="4763374872"/>
    <nd ref="4763374875"/>
    <nd ref="4763374876"/>
    <nd ref="4763374884"/>
  </way>
  <way id="484455468">
    <nd ref="4772068304"/>
    <nd ref="4772068308"/>
    <nd ref="4772068309"/>
    <nd ref="4772068307"/>
    <nd ref="4772068306"/>
    <nd ref="4772068305"/>
    <nd ref="4772068310"/>
    <nd ref="4772068312"/>
    <nd ref="4772068311"/>
    <nd ref="4772068304"/>
  </way>
  <way id="484455487">
    <nd ref="4772068472"/>
    <nd ref="4772068471"/>
    <nd ref="4772068470"/>
    <nd ref="4772068469"/>
    <nd ref="4772068468"/>
    <nd ref="4772068472"/>
    <tag k="leisure" v="garden"/>
  </way>
  <way id="484455488">
    <nd ref="4772068479"/>
    <nd ref="4772068478"/>
    <nd ref="4772068477"/>
    <nd ref="4772068476"/>
    <nd ref="4772068475"/>
    <nd ref="4772068474"/>
    <nd ref="4772068473"/>
    <nd ref="4772068479"/>
  </way>
  <way id="484644268">
    <nd ref="4773966486"/>
    <nd ref="4773966485"/>
    <nd ref="4773966484"/>
    <nd ref="4773966483"/>
    <nd ref="4773966486"/>
  </way>
  <way id="484648430">
    <nd ref="4774007800"/>
    <nd ref="4774007804"/>
    <nd ref="4774007803"/>
    <nd ref="4774007802"/>
    <nd ref="4774007801"/>
    <nd ref="4774007800"/>
    <tag k="addr:city" v="DKI Jakarta"/>
    <tag k="source" v="HOT_InAWARESurvey_2017"/>
  </way>
  <way id="484648432">
    <nd ref="4774007808"/>
    <nd ref="4774007807"/>
    <nd ref="4774007805"/>
    <nd ref="4774007806"/>
    <nd ref="4774007808"/>
    <tag k="addr:city" v="DKI Jakarta"/>
    <tag k="addr:full" v="Jalan Kramat Jaya Blok I Nomor 1"/>
    <tag k="leisure" v="pitch"/>
    <tag k="source" v="HOT_InAWARESurvey_2017"/>
    <tag k="sport" v="multi"/>
  </way>
  <way id="484649969">
    <nd ref="4774025874"/>
    <nd ref="4774025881"/>
    <nd ref="4774025883"/>
    <nd ref="4774025882"/>
    <nd ref="4774025877"/>
    <nd ref="4774025879"/>
    <nd ref="4774025878"/>
    <nd ref="4774025880"/>
    <nd ref="4774025872"/>
    <nd ref="4774025874"/>
    <tag k="source" v="HOT_InAWARESurvey_2017"/>
  </way>
  <way id="484649970">
    <nd ref="4774025873"/>
    <nd ref="4774025871"/>
    <nd ref="4774025875"/>
    <nd ref="4774025876"/>
    <nd ref="4774025873"/>
    <tag k="leisure" v="park"/>
  </way>
  <way id="485042331">
    <nd ref="4777991292"/>
    <nd ref="4777991532"/>
    <nd ref="4777991531"/>
    <nd ref="4777991530"/>
    <nd ref="4777991529"/>
    <nd ref="4777991528"/>
    <nd ref="4777991292"/>
    <tag k="addr:city" v="DKI Jakarta"/>
    <tag k="source" v="HOT_InAWARESurvey_2017"/>
  </way>
  <way id="485042332">
    <nd ref="4777991296"/>
    <nd ref="4777991295"/>
    <nd ref="4777991294"/>
    <nd ref="4777991293"/>
    <nd ref="4777991296"/>
    <tag k="addr:city" v="DKI Jakarta"/>
    <tag k="leisure" v="pitch"/>
    <tag k="source" v="HOT_InAWARESurvey_2017"/>
    <tag k="sport" v="basketball"/>
  </way>
  <way id="485300942">
    <nd ref="4780774519"/>
    <nd ref="4780774523"/>
    <nd ref="4780774521"/>
    <nd ref="4780774518"/>
    <nd ref="4780774519"/>
  </way>
  <way id="485300943">
    <nd ref="4780774520"/>
    <nd ref="4780774534"/>
    <nd ref="4780774535"/>
    <nd ref="4780774536"/>
    <nd ref="4780774533"/>
    <nd ref="4780774517"/>
    <nd ref="4780774524"/>
    <nd ref="4780774528"/>
    <nd ref="4780774525"/>
    <nd ref="4780774526"/>
    <nd ref="4780774527"/>
    <nd ref="4780774522"/>
    <nd ref="4780774520"/>
  </way>
  <way id="486010708">
    <nd ref="4787640214"/>
    <nd ref="4787640210"/>
    <nd ref="4787640212"/>
    <nd ref="4787640217"/>
    <nd ref="4787640214"/>
    <tag k="leisure" v="pitch"/>
    <tag k="sport" v="multi"/>
  </way>
  <way id="486010709">
    <nd ref="4787640224"/>
    <nd ref="4787640219"/>
    <nd ref="4787640216"/>
    <nd ref="4787640220"/>
    <nd ref="4787640222"/>
    <nd ref="4787640225"/>
    <nd ref="4787640226"/>
    <nd ref="4787640211"/>
    <nd ref="4787640209"/>
    <nd ref="4787640227"/>
    <nd ref="4787640228"/>
    <nd ref="4787640223"/>
    <nd ref="4787640224"/>
  </way>
  <way id="487602350">
    <nd ref="4800503656"/>
    <nd ref="4800503659"/>
    <nd ref="4800503662"/>
    <nd ref="4800503661"/>
    <nd ref="4800503656"/>
  </way>
  <way id="487602351">
    <nd ref="4800503667"/>
    <nd ref="4800503663"/>
    <nd ref="4800503660"/>
    <nd ref="4800503668"/>
    <nd ref="4800503657"/>
    <nd ref="4800503666"/>
    <nd ref="4800503664"/>
    <nd ref="4800503665"/>
    <nd ref="4800503658"/>
    <nd ref="4800503669"/>
    <nd ref="4800503667"/>
  </way>
  <way id="488436075">
    <nd ref="4807360002"/>
    <nd ref="4807360000"/>
    <nd ref="4807359972"/>
    <nd ref="4807359974"/>
    <nd ref="4807359999"/>
    <nd ref="4807359998"/>
    <nd ref="4807359997"/>
    <nd ref="4807359973"/>
    <nd ref="4830269719"/>
    <nd ref="4807359995"/>
    <nd ref="4830269822"/>
    <nd ref="4807359996"/>
    <nd ref="4830269821"/>
    <nd ref="4830269720"/>
    <nd ref="4807359971"/>
    <nd ref="4807360001"/>
    <nd ref="4807360002"/>
    <tag k="source" v="HOT_InAWARESurvey_2017"/>
  </way>
  <way id="489268760">
    <nd ref="4815285359"/>
    <nd ref="4815285358"/>
    <nd ref="4815285357"/>
    <nd ref="4815285356"/>
    <nd ref="4815285355"/>
    <nd ref="4815285359"/>
    <tag k="leisure" v="park"/>
  </way>
  <way id="489268781">
    <nd ref="4815285461"/>
    <nd ref="4815285458"/>
    <nd ref="4815285459"/>
    <nd ref="4815285460"/>
    <nd ref="4815285461"/>
    <tag k="leisure" v="pitch"/>
    <tag k="sport" v="basketball"/>
  </way>
  <way id="490019247">
    <nd ref="4822124220"/>
    <nd ref="4822124221"/>
    <nd ref="4822124203"/>
    <nd ref="4822124229"/>
    <nd ref="4822124230"/>
    <nd ref="4822124205"/>
    <nd ref="4822124228"/>
    <nd ref="4822124208"/>
    <nd ref="4822124220"/>
  </way>
  <way id="490845105">
    <nd ref="4830269714"/>
    <nd ref="4830269711"/>
    <nd ref="4830269712"/>
    <nd ref="4830269713"/>
    <nd ref="4830269714"/>
    <tag k="leisure" v="park"/>
  </way>
  <way id="490845106">
    <nd ref="4830269718"/>
    <nd ref="4830269717"/>
    <nd ref="4830269716"/>
    <nd ref="4830269715"/>
    <nd ref="4830269718"/>
    <tag k="leisure" v="park"/>
  </way>
  <way id="492071232">
    <nd ref="4841298500"/>
    <nd ref="4841298499"/>
    <nd ref="4841298498"/>
    <nd ref="4841298497"/>
    <nd ref="4841298500"/>
    <tag k="leisure" v="pitch"/>
    <tag k="sport" v="athletics"/>
  </way>
  <way id="492141845">
    <nd ref="4841892256"/>
    <nd ref="4841892259"/>
    <nd ref="4841892260"/>
    <nd ref="4841892251"/>
    <nd ref="4841892248"/>
    <nd ref="4841892252"/>
    <nd ref="4841892253"/>
    <nd ref="4841892245"/>
    <nd ref="4841892255"/>
    <nd ref="4841892254"/>
    <nd ref="4841892256"/>
  </way>
  <way id="492141847">
    <nd ref="4841892273"/>
    <nd ref="4841892275"/>
    <nd ref="4841892276"/>
    <nd ref="4841892274"/>
    <nd ref="4841892268"/>
    <nd ref="4841892269"/>
    <nd ref="4841892266"/>
    <nd ref="4841892271"/>
    <nd ref="4841892270"/>
    <nd ref="4841892273"/>
  </way>
  <way id="492220269">
    <nd ref="4842721503"/>
    <nd ref="4842721500"/>
    <nd ref="4842721504"/>
    <nd ref="4842721506"/>
    <nd ref="4842721503"/>
    <tag k="addr:city" v="DKI Jakarta"/>
    <tag k="leisure" v="pitch"/>
    <tag k="source" v="HOT_InAWARESurvey_2017"/>
    <tag k="sport" v="multi"/>
  </way>
  <way id="492479707">
    <nd ref="7579726010"/>
    <nd ref="4844980191"/>
    <nd ref="4844980193"/>
  </way>
  <way id="492516871">
    <nd ref="4845292711"/>
    <nd ref="4845292710"/>
    <nd ref="4845292709"/>
    <nd ref="4845292705"/>
    <nd ref="4845292704"/>
    <nd ref="4845292702"/>
    <nd ref="4845292700"/>
    <nd ref="4845292707"/>
    <nd ref="4845292697"/>
    <nd ref="4845292708"/>
    <nd ref="4845292711"/>
  </way>
  <way id="492887772">
    <nd ref="4848589688"/>
    <nd ref="4844847246"/>
    <nd ref="12877056326"/>
    <nd ref="4848589699"/>
    <nd ref="4848589702"/>
    <nd ref="4848589706"/>
    <nd ref="4848589686"/>
    <nd ref="12877056323"/>
    <nd ref="4848589701"/>
    <nd ref="4848589703"/>
    <nd ref="4848589705"/>
    <nd ref="12877056322"/>
    <nd ref="4848589685"/>
    <nd ref="4848589711"/>
    <nd ref="4848589712"/>
    <nd ref="4848590024"/>
    <nd ref="4848589709"/>
    <nd ref="4848589690"/>
    <nd ref="4848589688"/>
  </way>
  <way id="492887777">
    <nd ref="4848589720"/>
    <nd ref="4848589717"/>
    <nd ref="4848589718"/>
    <nd ref="4848589719"/>
    <nd ref="4848589720"/>
    <tag k="landuse" v="grass"/>
  </way>
  <way id="492907492">
    <nd ref="4848747585"/>
    <nd ref="4848747584"/>
    <nd ref="4848747580"/>
    <nd ref="4848747582"/>
    <nd ref="4848747585"/>
  </way>
  <way id="492907493">
    <nd ref="4848747577"/>
    <nd ref="4848747575"/>
    <nd ref="4848747571"/>
    <nd ref="4848747572"/>
    <nd ref="4848747577"/>
  </way>
  <way id="493564011">
    <nd ref="4854678991"/>
    <nd ref="4854678988"/>
    <nd ref="4854678989"/>
    <nd ref="4854678990"/>
    <nd ref="4854678991"/>
    <tag k="leisure" v="park"/>
  </way>
  <way id="493564013">
    <nd ref="4854678987"/>
    <nd ref="4854678992"/>
    <nd ref="4854678993"/>
    <nd ref="12739080743"/>
    <nd ref="12739080744"/>
    <nd ref="4854678994"/>
    <nd ref="4854678986"/>
    <nd ref="4854678996"/>
    <nd ref="4854678997"/>
    <nd ref="4854678995"/>
    <nd ref="4854678987"/>
  </way>
  <way id="493815316">
    <nd ref="4856882084"/>
    <nd ref="4856882083"/>
    <nd ref="4856882082"/>
    <nd ref="4856882081"/>
    <nd ref="4856882084"/>
    <tag k="addr:city" v="DKI Jakarta"/>
    <tag k="leisure" v="pitch"/>
    <tag k="source" v="HOT_InAWARESurvey_2017"/>
    <tag k="sport" v="basketbal;volleyball;badminton"/>
  </way>
  <way id="493919916">
    <nd ref="4857770787"/>
    <nd ref="4857770783"/>
    <nd ref="4857770780"/>
    <nd ref="4857770784"/>
    <nd ref="4857770787"/>
    <tag k="addr:city" v="DKI Jakarta"/>
    <tag k="leisure" v="pitch"/>
    <tag k="source" v="HOT_InAWARESurvey_2017"/>
    <tag k="sport" v="multi"/>
  </way>
  <way id="493919917">
    <nd ref="4857770785"/>
    <nd ref="4857770781"/>
    <nd ref="4857770790"/>
    <nd ref="4857770789"/>
    <nd ref="4857770788"/>
    <nd ref="4857770795"/>
    <nd ref="4857770794"/>
    <nd ref="4857770793"/>
    <nd ref="4857770785"/>
  </way>
  <way id="494399101">
    <nd ref="4863373154"/>
    <nd ref="4863373156"/>
    <nd ref="4863373159"/>
    <nd ref="4863373160"/>
    <nd ref="4863373165"/>
    <nd ref="4863373162"/>
    <nd ref="4863373163"/>
    <nd ref="4863373164"/>
    <nd ref="4863373161"/>
    <nd ref="4863373158"/>
    <nd ref="4861602154"/>
    <nd ref="4861602153"/>
    <nd ref="4861602156"/>
    <nd ref="4863373167"/>
    <nd ref="4863373168"/>
    <nd ref="4863373174"/>
    <nd ref="4863373154"/>
  </way>
  <way id="494626172">
    <nd ref="4863725761"/>
    <nd ref="4863725760"/>
    <nd ref="4863725757"/>
    <nd ref="4960966622"/>
    <nd ref="4863725756"/>
    <nd ref="4863725754"/>
    <nd ref="4960966621"/>
    <nd ref="4863725758"/>
    <nd ref="4960956420"/>
    <nd ref="4960956419"/>
    <nd ref="4863725761"/>
    <tag k="source" v="HOT_InAWARESurvey_2017"/>
  </way>
  <way id="495321908">
    <nd ref="4870991487"/>
    <nd ref="4870991486"/>
    <nd ref="4870991485"/>
  </way>
  <way id="495415699">
    <nd ref="4871669142"/>
    <nd ref="4871669144"/>
    <nd ref="4873265509"/>
    <nd ref="9750033993"/>
    <nd ref="9750033994"/>
    <nd ref="9750033995"/>
    <nd ref="4871669143"/>
    <nd ref="4871669141"/>
    <nd ref="9750033996"/>
    <nd ref="4871669146"/>
    <nd ref="4822124231"/>
    <nd ref="4822124234"/>
    <nd ref="4871669148"/>
    <nd ref="4871669145"/>
    <nd ref="4871669142"/>
  </way>
  <way id="497613061">
    <nd ref="4891502655"/>
    <nd ref="4891502654"/>
    <nd ref="4891502653"/>
    <nd ref="4891502652"/>
    <nd ref="4891502655"/>
    <tag k="leisure" v="park"/>
  </way>
  <way id="497729271">
    <nd ref="4892484754"/>
    <nd ref="4892484753"/>
    <nd ref="4892484751"/>
    <nd ref="4892484748"/>
    <nd ref="4892484747"/>
    <nd ref="4892484754"/>
    <tag k="addr:city" v="DKI Jakarta"/>
    <tag k="source" v="HOT_InAWARESurvey_2017"/>
  </way>
  <way id="497729272">
    <nd ref="4892484737"/>
    <nd ref="4892484742"/>
    <nd ref="4892484745"/>
    <nd ref="4892484741"/>
    <nd ref="4892484737"/>
    <tag k="addr:city" v="DKI Jakarta"/>
    <tag k="addr:full" v="Jalan Pulau Bidadari 9"/>
    <tag k="leisure" v="pitch"/>
    <tag k="source" v="HOT_InAWARESurvey_2017"/>
    <tag k="sport" v="multi"/>
  </way>
  <way id="499225108">
    <nd ref="4905288119"/>
    <nd ref="4905288116"/>
    <nd ref="4905288117"/>
    <nd ref="4905288118"/>
    <nd ref="4905288119"/>
    <tag k="leisure" v="pitch"/>
    <tag k="sport" v="multi"/>
  </way>
  <way id="499225109">
    <nd ref="4905288423"/>
    <nd ref="4905288120"/>
    <nd ref="4905288421"/>
    <nd ref="4905288422"/>
    <nd ref="4905288423"/>
    <tag k="leisure" v="pitch"/>
    <tag k="sport" v="multi"/>
  </way>
  <way id="499764976">
    <nd ref="4960956418"/>
    <nd ref="4909945014"/>
    <nd ref="4909945013"/>
    <nd ref="4960956417"/>
    <nd ref="4909945012"/>
    <nd ref="4960956418"/>
    <tag k="addr:city" v="DKI Jakarta"/>
    <tag k="leisure" v="pitch"/>
    <tag k="source" v="HOT_InAWARESurvey_2017"/>
    <tag k="sport" v="multi"/>
  </way>
  <way id="500337093">
    <nd ref="4914205187"/>
    <nd ref="4914205167"/>
    <nd ref="4914205185"/>
    <nd ref="4914205184"/>
    <nd ref="4914205165"/>
    <nd ref="4914205183"/>
    <nd ref="4914205182"/>
    <nd ref="4914205169"/>
    <nd ref="4914205180"/>
    <nd ref="4914205175"/>
    <nd ref="4914205178"/>
    <nd ref="4914205177"/>
    <nd ref="4914205173"/>
    <nd ref="4914205181"/>
    <nd ref="4914205171"/>
    <nd ref="4914205186"/>
    <nd ref="4914205187"/>
  </way>
  <way id="500337099">
    <nd ref="4914205179"/>
    <nd ref="4914205174"/>
    <nd ref="4914205168"/>
    <nd ref="4914205164"/>
    <nd ref="4914205166"/>
    <nd ref="4914205170"/>
    <nd ref="4914205172"/>
    <nd ref="4914205176"/>
    <nd ref="4914205179"/>
    <tag k="leisure" v="park"/>
  </way>
  <way id="500968930">
    <nd ref="4918906776"/>
    <nd ref="4918906775"/>
    <nd ref="4918906778"/>
    <nd ref="4918906780"/>
    <nd ref="4918906776"/>
  </way>
  <way id="500968931">
    <nd ref="4918906781"/>
    <nd ref="4918906786"/>
    <nd ref="4918906787"/>
    <nd ref="4918906788"/>
    <nd ref="1682851815"/>
    <nd ref="4918906789"/>
    <nd ref="1682851840"/>
    <nd ref="4918906790"/>
    <nd ref="1682851831"/>
    <nd ref="4918906791"/>
    <nd ref="1682851839"/>
    <nd ref="1682851833"/>
    <nd ref="4918906779"/>
    <nd ref="1682851843"/>
    <nd ref="4918906782"/>
    <nd ref="4918906774"/>
    <nd ref="4918906783"/>
    <nd ref="4918906784"/>
    <nd ref="4918906777"/>
    <nd ref="4918906785"/>
    <nd ref="4918906781"/>
  </way>
  <way id="501525367">
    <nd ref="4923192031"/>
    <nd ref="4923192030"/>
    <nd ref="4923192029"/>
    <nd ref="4923192028"/>
    <nd ref="4923192027"/>
    <nd ref="4923192026"/>
    <nd ref="4923192025"/>
    <nd ref="4923192024"/>
    <nd ref="4923192023"/>
    <nd ref="4923192022"/>
    <nd ref="4923192021"/>
    <nd ref="4923190420"/>
    <nd ref="4923190419"/>
    <nd ref="4923192031"/>
  </way>
  <way id="501525369">
    <nd ref="4923192061"/>
    <nd ref="4923192075"/>
    <nd ref="4923190416"/>
    <nd ref="4923192060"/>
    <nd ref="4923192059"/>
    <nd ref="4923192058"/>
    <nd ref="4923192057"/>
    <nd ref="4923192056"/>
    <nd ref="4923192055"/>
    <nd ref="4923192054"/>
    <nd ref="4923192053"/>
    <nd ref="4923192052"/>
    <nd ref="4923192051"/>
    <nd ref="4923192050"/>
    <nd ref="4923192049"/>
    <nd ref="4923192048"/>
    <nd ref="4923192047"/>
    <nd ref="4923192046"/>
    <nd ref="4923192045"/>
    <nd ref="4923192044"/>
    <nd ref="4923192043"/>
    <nd ref="4923192042"/>
    <nd ref="4923192041"/>
    <nd ref="4923192040"/>
    <nd ref="4923192039"/>
    <nd ref="4923192038"/>
    <nd ref="4923192037"/>
    <nd ref="4923192036"/>
    <nd ref="4923192035"/>
    <nd ref="4923192034"/>
    <nd ref="4923192033"/>
    <nd ref="4923192032"/>
    <nd ref="4923192078"/>
    <nd ref="4923192077"/>
    <nd ref="4923190417"/>
    <nd ref="4923192062"/>
    <nd ref="4923192063"/>
    <nd ref="4923192064"/>
    <nd ref="4923192065"/>
    <nd ref="4923192066"/>
    <nd ref="4923192067"/>
    <nd ref="4923192068"/>
    <nd ref="4923192069"/>
    <nd ref="4923192070"/>
    <nd ref="4923192071"/>
    <nd ref="4923192072"/>
    <nd ref="4923192073"/>
    <nd ref="4923192074"/>
    <nd ref="4923190418"/>
    <nd ref="4923192076"/>
    <nd ref="4923192061"/>
  </way>
  <way id="501575952">
    <nd ref="4923499194"/>
    <nd ref="4923499193"/>
    <nd ref="4923499192"/>
    <nd ref="4923499191"/>
    <nd ref="4923499194"/>
    <tag k="addr:city" v="DKI Jakarta"/>
    <tag k="leisure" v="pitch"/>
    <tag k="source" v="HOT_InAWARESurvey_2017"/>
    <tag k="sport" v="multi"/>
  </way>
  <way id="501900102">
    <nd ref="4925565462"/>
    <nd ref="4925565463"/>
    <nd ref="4925565458"/>
    <nd ref="4925565459"/>
    <nd ref="4925565496"/>
    <nd ref="4925565501"/>
    <nd ref="4925565473"/>
    <nd ref="4925565476"/>
    <nd ref="4925565539"/>
    <nd ref="4925565535"/>
    <nd ref="4925565522"/>
    <nd ref="4925565517"/>
    <nd ref="4925565520"/>
    <nd ref="4925565512"/>
    <nd ref="4925565514"/>
    <nd ref="4925565511"/>
    <nd ref="4925565456"/>
    <nd ref="4925565457"/>
    <nd ref="4925565462"/>
  </way>
  <way id="501900103">
    <nd ref="4925565503"/>
    <nd ref="4925565506"/>
    <nd ref="4925565502"/>
    <nd ref="4925565497"/>
    <nd ref="4925565475"/>
    <nd ref="4925565474"/>
    <nd ref="4925565503"/>
  </way>
  <way id="502224431">
    <nd ref="4927703598"/>
    <nd ref="4927703599"/>
    <nd ref="4927703602"/>
    <nd ref="4927703601"/>
    <nd ref="4927703598"/>
    <tag k="addr:city" v="DKI Jakarta"/>
    <tag k="leisure" v="pitch"/>
    <tag k="source" v="HOT_InAWARESurvey_2017"/>
    <tag k="sport" v="basketball"/>
  </way>
  <way id="502224432">
    <nd ref="4927703603"/>
    <nd ref="4927703600"/>
    <nd ref="4927703605"/>
    <nd ref="4927703604"/>
    <nd ref="4927703606"/>
    <nd ref="4927703607"/>
    <nd ref="4927703610"/>
    <nd ref="4927703609"/>
    <nd ref="4927703608"/>
    <nd ref="4927703603"/>
    <tag k="source" v="HOT_InAWARESurvey_2017"/>
  </way>
  <way id="502246020">
    <nd ref="4927833278"/>
    <nd ref="4927833277"/>
    <nd ref="4927833273"/>
    <nd ref="4927833275"/>
    <nd ref="4927833278"/>
  </way>
  <way id="503065328">
    <nd ref="4934136159"/>
    <nd ref="4934136298"/>
    <nd ref="4934136234"/>
  </way>
  <way id="503694592">
    <nd ref="4939728511"/>
    <nd ref="4939728491"/>
    <nd ref="4939728478"/>
    <nd ref="4939728505"/>
    <nd ref="4939728501"/>
    <nd ref="4939728554"/>
    <nd ref="4939728560"/>
    <nd ref="4939728586"/>
    <nd ref="4939728595"/>
    <nd ref="4939728572"/>
    <nd ref="4939728574"/>
    <nd ref="4939728518"/>
    <nd ref="4939728511"/>
  </way>
  <way id="503694593">
    <nd ref="4939728778"/>
    <nd ref="4939728775"/>
    <nd ref="4939728763"/>
    <nd ref="4939728776"/>
    <nd ref="4939728716"/>
    <nd ref="4939728698"/>
    <nd ref="4939728690"/>
    <nd ref="4939728691"/>
    <nd ref="4939728663"/>
    <nd ref="4939728661"/>
    <nd ref="4939728652"/>
    <nd ref="4939728664"/>
    <nd ref="4939728627"/>
    <nd ref="4939728617"/>
    <nd ref="4939728647"/>
    <nd ref="4939728649"/>
    <nd ref="4939728655"/>
    <nd ref="4939728646"/>
    <nd ref="4939728670"/>
    <nd ref="4939728678"/>
    <nd ref="4939728685"/>
    <nd ref="4939728683"/>
    <nd ref="4939728750"/>
    <nd ref="4939728758"/>
    <nd ref="4939728744"/>
    <nd ref="4939728748"/>
    <nd ref="4939728754"/>
    <nd ref="4939728753"/>
    <nd ref="4939728774"/>
    <nd ref="4939728765"/>
    <nd ref="4939728801"/>
    <nd ref="4939728799"/>
    <nd ref="4939728828"/>
    <nd ref="4939728830"/>
    <nd ref="4939728840"/>
    <nd ref="4939728847"/>
    <nd ref="4939728778"/>
  </way>
  <way id="503694594">
    <nd ref="4939728737"/>
    <nd ref="4939728735"/>
    <nd ref="4939728719"/>
    <nd ref="4939728721"/>
    <nd ref="4939728737"/>
  </way>
  <way id="503694595">
    <nd ref="4939728739"/>
    <nd ref="4939728729"/>
    <nd ref="4939728741"/>
    <nd ref="4939728751"/>
    <nd ref="4939728739"/>
  </way>
  <way id="503694596">
    <nd ref="4939728806"/>
    <nd ref="4939728798"/>
    <nd ref="4939728816"/>
    <nd ref="4939728820"/>
    <nd ref="4939728806"/>
  </way>
  <way id="503694597">
    <nd ref="4939728522"/>
    <nd ref="4939728513"/>
    <nd ref="4939728547"/>
    <nd ref="4939728558"/>
    <nd ref="4939728522"/>
  </way>
  <way id="503694598">
    <nd ref="4939728695"/>
    <nd ref="4939728686"/>
    <nd ref="4939728681"/>
    <nd ref="4939728687"/>
    <nd ref="4939728694"/>
    <nd ref="4939728692"/>
    <nd ref="4939728713"/>
    <nd ref="4939728708"/>
    <nd ref="4939728695"/>
  </way>
  <way id="503698176">
    <nd ref="4939752972"/>
    <nd ref="4939752963"/>
    <nd ref="4939752986"/>
    <nd ref="4939752987"/>
    <nd ref="4939753013"/>
    <nd ref="4939753011"/>
    <nd ref="4939753022"/>
    <nd ref="4939753024"/>
    <nd ref="4939753030"/>
    <nd ref="4939753033"/>
    <nd ref="4939753021"/>
    <nd ref="4939753027"/>
    <nd ref="4939753023"/>
    <nd ref="4939753025"/>
    <nd ref="4939753031"/>
    <nd ref="4939753042"/>
    <nd ref="4939753034"/>
    <nd ref="4939753018"/>
    <nd ref="4939753010"/>
    <nd ref="4939753026"/>
    <nd ref="4939753014"/>
    <nd ref="4939752997"/>
    <nd ref="4939752984"/>
    <nd ref="4939753005"/>
    <nd ref="4939752991"/>
    <nd ref="4939752967"/>
    <nd ref="4939752944"/>
    <nd ref="4939752980"/>
    <nd ref="4939752949"/>
    <nd ref="4939750215"/>
    <nd ref="4939752924"/>
    <nd ref="4939752921"/>
    <nd ref="4939752999"/>
    <nd ref="4939752995"/>
    <nd ref="4939752978"/>
    <nd ref="4939752973"/>
    <nd ref="4939752972"/>
  </way>
  <way id="503698177">
    <nd ref="4939752985"/>
    <nd ref="4939752983"/>
    <nd ref="4939752988"/>
    <nd ref="4939752993"/>
    <nd ref="4939752985"/>
  </way>
  <way id="503698178">
    <nd ref="4939753001"/>
    <nd ref="4939753002"/>
    <nd ref="4939753020"/>
    <nd ref="4939753017"/>
    <nd ref="4939753001"/>
  </way>
  <way id="503698179">
    <nd ref="4939752966"/>
    <nd ref="4939752952"/>
    <nd ref="4939752960"/>
    <nd ref="4939752956"/>
    <nd ref="4939752951"/>
    <nd ref="4939752926"/>
    <nd ref="4939752931"/>
    <nd ref="4939752928"/>
    <nd ref="4939750220"/>
    <nd ref="4939750210"/>
    <nd ref="4939750203"/>
    <nd ref="4939750202"/>
    <nd ref="4939750199"/>
    <nd ref="4939750207"/>
    <nd ref="4939750209"/>
    <nd ref="4939752940"/>
    <nd ref="4939752932"/>
    <nd ref="4939752934"/>
    <nd ref="4939750216"/>
    <nd ref="4939750214"/>
    <nd ref="4939750213"/>
    <nd ref="4939750205"/>
    <nd ref="4939750201"/>
    <nd ref="4939750197"/>
    <nd ref="4939750195"/>
    <nd ref="4939750184"/>
    <nd ref="4939750188"/>
    <nd ref="4939750187"/>
    <nd ref="4939750186"/>
    <nd ref="4939750182"/>
    <nd ref="4939750185"/>
    <nd ref="4939750190"/>
    <nd ref="4939750191"/>
    <nd ref="4939750193"/>
    <nd ref="4939750194"/>
    <nd ref="4939750196"/>
    <nd ref="4939750198"/>
    <nd ref="4939750200"/>
    <nd ref="4939750204"/>
    <nd ref="4939750208"/>
    <nd ref="4939750211"/>
    <nd ref="4939752939"/>
    <nd ref="4939752927"/>
    <nd ref="4939752930"/>
    <nd ref="4939752929"/>
    <nd ref="4939752935"/>
    <nd ref="4939752938"/>
    <nd ref="4939752937"/>
    <nd ref="4939752945"/>
    <nd ref="4939752950"/>
    <nd ref="4939752946"/>
    <nd ref="4939752968"/>
    <nd ref="4939752962"/>
    <nd ref="4939752970"/>
    <nd ref="4939752976"/>
    <nd ref="4939752990"/>
    <nd ref="4939752982"/>
    <nd ref="4939752975"/>
    <nd ref="4939752961"/>
    <nd ref="4939752959"/>
    <nd ref="4939752974"/>
    <nd ref="4939752994"/>
    <nd ref="4939753003"/>
    <nd ref="4939752998"/>
    <nd ref="4939753000"/>
    <nd ref="4939752992"/>
    <nd ref="4939752989"/>
    <nd ref="4939752979"/>
    <nd ref="4939752958"/>
    <nd ref="4939752964"/>
    <nd ref="4939752948"/>
    <nd ref="4939752954"/>
    <nd ref="4939752966"/>
  </way>
  <way id="503780104">
    <nd ref="4940428723"/>
    <nd ref="4940428719"/>
    <nd ref="4940428738"/>
    <nd ref="4940428740"/>
    <nd ref="4940428723"/>
    <tag k="building" v="yes"/>
  </way>
  <way id="504359676">
    <nd ref="4945314709"/>
    <nd ref="4945314676"/>
    <nd ref="4945314683"/>
    <nd ref="4945314579"/>
    <nd ref="4945314575"/>
    <nd ref="4945314606"/>
    <nd ref="4945314605"/>
    <nd ref="4945314564"/>
    <nd ref="4945314563"/>
    <nd ref="4945314518"/>
    <nd ref="4945314516"/>
    <nd ref="4945314507"/>
    <nd ref="4945314499"/>
    <nd ref="4945314538"/>
    <nd ref="4945314548"/>
    <nd ref="4945314570"/>
    <nd ref="4945314574"/>
    <nd ref="4945314609"/>
    <nd ref="4945314598"/>
    <nd ref="4945314660"/>
    <nd ref="4945314668"/>
    <nd ref="4945314670"/>
    <nd ref="4945314678"/>
    <nd ref="4945314708"/>
    <nd ref="4945314704"/>
    <nd ref="4945314842"/>
    <nd ref="4945314850"/>
    <nd ref="4945314713"/>
    <nd ref="4945314709"/>
  </way>
  <way id="504359677">
    <nd ref="4945314655"/>
    <nd ref="4945314617"/>
    <nd ref="4945314620"/>
    <nd ref="4945314659"/>
    <nd ref="4945314655"/>
  </way>
  <way id="504359721">
    <nd ref="4945315643"/>
    <nd ref="4945315633"/>
    <nd ref="4945315671"/>
    <nd ref="4945315677"/>
    <nd ref="4945315643"/>
    <tag k="building" v="yes"/>
  </way>
  <way id="504359728">
    <nd ref="4945315507"/>
    <nd ref="4945315496"/>
    <nd ref="4945315534"/>
    <nd ref="4945315546"/>
    <nd ref="4945315507"/>
    <tag k="building" v="yes"/>
  </way>
  <way id="504688999">
    <nd ref="4948296353"/>
    <nd ref="4948296351"/>
    <nd ref="4948296346"/>
    <nd ref="4948296348"/>
    <nd ref="4948296353"/>
  </way>
  <way id="504689001">
    <nd ref="7330406355"/>
    <nd ref="4948296344"/>
    <nd ref="7330406353"/>
    <nd ref="4948296341"/>
    <nd ref="7330406356"/>
    <nd ref="4948296361"/>
    <nd ref="4948296360"/>
    <nd ref="4948296336"/>
    <nd ref="4948296335"/>
    <nd ref="4948296327"/>
    <nd ref="4948296333"/>
    <nd ref="4948296334"/>
    <nd ref="4948296328"/>
    <nd ref="13542003899"/>
    <nd ref="13542003898"/>
    <nd ref="4948296329"/>
    <nd ref="7330406354"/>
    <nd ref="9733581926"/>
    <nd ref="13545026746"/>
    <nd ref="13545026747"/>
    <nd ref="13545026748"/>
    <nd ref="13545026745"/>
    <nd ref="13542003895"/>
    <nd ref="13542003894"/>
    <nd ref="4948296370"/>
    <nd ref="4948296378"/>
    <nd ref="4948296377"/>
    <nd ref="4948296369"/>
    <nd ref="4948296367"/>
    <nd ref="4948296375"/>
    <nd ref="4948296374"/>
    <nd ref="4948296373"/>
    <nd ref="4948296366"/>
    <nd ref="4948296376"/>
    <nd ref="4948296368"/>
    <nd ref="4948296371"/>
    <nd ref="7330406355"/>
  </way>
  <way id="504689009">
    <nd ref="7330406359"/>
    <nd ref="4871442109"/>
    <nd ref="4871442107"/>
    <nd ref="4871442113"/>
    <nd ref="4871442104"/>
    <nd ref="4871442112"/>
    <nd ref="4871442111"/>
    <nd ref="4871442105"/>
    <nd ref="4871442114"/>
    <nd ref="4871442115"/>
    <nd ref="4871442106"/>
    <nd ref="7330406360"/>
    <nd ref="4948296389"/>
    <nd ref="13542003900"/>
    <nd ref="4948296388"/>
    <nd ref="4948296391"/>
    <nd ref="4948296395"/>
    <nd ref="7330406363"/>
    <nd ref="4948296387"/>
    <nd ref="13542027601"/>
    <nd ref="13542027604"/>
    <nd ref="13542027603"/>
    <nd ref="13542027602"/>
    <nd ref="13542027605"/>
    <nd ref="13542027606"/>
    <nd ref="13542027607"/>
    <nd ref="4948296384"/>
    <nd ref="4948296385"/>
    <nd ref="7330406366"/>
    <nd ref="7330406359"/>
    <tag k="source" v="HOT_InAWARESurvey_2017"/>
  </way>
  <way id="504961707">
    <nd ref="4950314785"/>
    <nd ref="4950314795"/>
    <nd ref="4950314980"/>
    <nd ref="4950314981"/>
    <nd ref="4950315033"/>
    <nd ref="4950315030"/>
    <nd ref="4950314990"/>
    <nd ref="4950314989"/>
    <nd ref="4950314749"/>
    <nd ref="4950314750"/>
    <nd ref="4950314685"/>
    <nd ref="4950314688"/>
    <nd ref="4950314708"/>
    <nd ref="4950314710"/>
    <nd ref="4950314762"/>
    <nd ref="4950314760"/>
    <nd ref="4950314820"/>
    <nd ref="4950314921"/>
    <nd ref="4950314785"/>
  </way>
  <way id="504961708">
    <nd ref="4950314964"/>
    <nd ref="4950314978"/>
    <nd ref="4950314979"/>
    <nd ref="4950314965"/>
    <nd ref="4950314964"/>
  </way>
  <way id="505527300">
    <nd ref="4954433251"/>
    <nd ref="4954433252"/>
    <nd ref="4954433253"/>
    <nd ref="4954433257"/>
    <nd ref="4954433255"/>
    <nd ref="4954433251"/>
  </way>
  <way id="505527301">
    <nd ref="4954433254"/>
    <nd ref="4954433258"/>
    <nd ref="4954433261"/>
    <nd ref="4954433262"/>
    <nd ref="4954433260"/>
    <nd ref="4954433256"/>
    <nd ref="4954433259"/>
    <nd ref="4954433254"/>
  </way>
  <way id="507157947">
    <nd ref="4967296988"/>
    <nd ref="4967297067"/>
    <nd ref="4967297066"/>
    <nd ref="4967297065"/>
    <nd ref="4967296988"/>
  </way>
  <way id="507495514">
    <nd ref="4969842504"/>
    <nd ref="4969842509"/>
    <nd ref="4969842508"/>
    <nd ref="4969842511"/>
    <nd ref="4969842510"/>
    <nd ref="4969842505"/>
    <nd ref="4969842503"/>
    <nd ref="4969842507"/>
    <nd ref="4969842518"/>
    <nd ref="4969842517"/>
    <nd ref="4969842513"/>
    <nd ref="4969842512"/>
    <nd ref="5022050417"/>
    <nd ref="5022050416"/>
    <nd ref="4969842514"/>
    <nd ref="4969842516"/>
    <nd ref="5022050414"/>
    <nd ref="5022050415"/>
    <nd ref="4969842515"/>
    <nd ref="4969842506"/>
    <nd ref="4969842502"/>
    <nd ref="4969842504"/>
    <tag k="addr:city" v="DKI Jakarta"/>
    <tag k="source" v="HOT_InAWARESurvey_2017"/>
  </way>
  <way id="511269103">
    <nd ref="5001529361"/>
    <nd ref="5001529360"/>
    <nd ref="5001529355"/>
    <nd ref="5001529358"/>
    <nd ref="5009093408"/>
    <nd ref="5001529357"/>
    <nd ref="5001529362"/>
    <nd ref="5001529356"/>
    <nd ref="5001529361"/>
  </way>
  <way id="511269104">
    <nd ref="5001529352"/>
    <nd ref="5001529351"/>
    <nd ref="5001529353"/>
    <nd ref="5001529354"/>
    <nd ref="5001529352"/>
    <tag k="addr:city" v="DKI Jakarta"/>
    <tag k="leisure" v="pitch"/>
    <tag k="source" v="HOT_InAWARESurvey_2017"/>
    <tag k="sport" v="multi"/>
  </way>
  <way id="511925287">
    <nd ref="5006559159"/>
    <nd ref="5006559156"/>
    <nd ref="5006559157"/>
    <nd ref="5006559158"/>
    <nd ref="5006559159"/>
  </way>
  <way id="511925289">
    <nd ref="5006559163"/>
    <nd ref="5006559160"/>
    <nd ref="5006559161"/>
    <nd ref="5006559162"/>
    <nd ref="5006559163"/>
  </way>
  <way id="511925294">
    <nd ref="5006559175"/>
    <nd ref="5006559174"/>
    <nd ref="5006559173"/>
    <nd ref="5006559172"/>
    <nd ref="5006559175"/>
  </way>
  <way id="512592713">
    <nd ref="5012028188"/>
    <nd ref="5012028187"/>
    <nd ref="5012028186"/>
    <nd ref="5012028185"/>
    <nd ref="5012028188"/>
    <tag k="addr:full" v="Jalan Bina Karya Nomor 2"/>
    <tag k="leisure" v="pitch"/>
    <tag k="sport" v="multi"/>
  </way>
  <way id="513527571">
    <nd ref="5019496892"/>
    <nd ref="5019496889"/>
    <nd ref="5019496890"/>
    <nd ref="5019496891"/>
    <nd ref="5019496892"/>
  </way>
  <way id="513527572">
    <nd ref="5019496896"/>
    <nd ref="5019496895"/>
    <nd ref="12135159148"/>
    <nd ref="12135159149"/>
    <nd ref="5019496894"/>
    <nd ref="5019496889"/>
    <nd ref="5019496892"/>
    <nd ref="5019496893"/>
    <nd ref="5019496896"/>
  </way>
  <way id="518488617">
    <nd ref="5057592048"/>
    <nd ref="5057592046"/>
    <nd ref="5057592044"/>
    <nd ref="5057592047"/>
    <nd ref="5057592048"/>
  </way>
  <way id="518488618">
    <nd ref="5057592045"/>
    <nd ref="5057592050"/>
    <nd ref="5057592054"/>
    <nd ref="5057592055"/>
    <nd ref="5057592051"/>
    <nd ref="5057592056"/>
    <nd ref="5057592053"/>
    <nd ref="5057592052"/>
    <nd ref="5057592049"/>
    <nd ref="5057592045"/>
  </way>
  <way id="518844019">
    <nd ref="5060330439"/>
    <nd ref="5060330438"/>
    <nd ref="5060330437"/>
    <nd ref="5060330436"/>
    <nd ref="5060330439"/>
  </way>
  <way id="518844020">
    <nd ref="5060330443"/>
    <nd ref="5060330442"/>
    <nd ref="5060330441"/>
    <nd ref="5060330440"/>
    <nd ref="5060330443"/>
  </way>
  <way id="518844021">
    <nd ref="5060330447"/>
    <nd ref="5060330446"/>
    <nd ref="5060330445"/>
    <nd ref="5060330444"/>
    <nd ref="5060330447"/>
  </way>
  <way id="519194126">
    <nd ref="5063240044"/>
    <nd ref="5063240043"/>
    <nd ref="5063240042"/>
    <nd ref="5063240029"/>
    <nd ref="5063240037"/>
    <nd ref="5063240033"/>
    <nd ref="5063240038"/>
    <nd ref="5063240039"/>
    <nd ref="5063240036"/>
    <nd ref="5063240040"/>
    <nd ref="5063240041"/>
    <nd ref="5063240032"/>
    <nd ref="5063240044"/>
  </way>
  <way id="519194127">
    <nd ref="5063240031"/>
    <nd ref="5063240035"/>
    <nd ref="5063240034"/>
    <nd ref="5063240030"/>
    <nd ref="5063240031"/>
  </way>
  <way id="519196440">
    <nd ref="5063255072"/>
    <nd ref="5063255068"/>
    <nd ref="5063255069"/>
    <nd ref="5063255074"/>
    <nd ref="5063255072"/>
  </way>
  <way id="519196442">
    <nd ref="5063255076"/>
    <nd ref="5063255073"/>
    <nd ref="5063255088"/>
    <nd ref="5063255089"/>
    <nd ref="5063255090"/>
    <nd ref="5063255087"/>
    <nd ref="5063255070"/>
    <nd ref="5063255086"/>
    <nd ref="5063255067"/>
    <nd ref="5063255084"/>
    <nd ref="5063255071"/>
    <nd ref="5063255083"/>
    <nd ref="5063255075"/>
    <nd ref="5063255081"/>
    <nd ref="5063255082"/>
    <nd ref="5063255076"/>
  </way>
  <way id="519780612">
    <nd ref="5067879948"/>
    <nd ref="5067879947"/>
    <nd ref="5067879749"/>
    <nd ref="5067879748"/>
    <nd ref="5067879948"/>
  </way>
  <way id="532701955">
    <nd ref="4870991485"/>
    <nd ref="4870991488"/>
    <nd ref="4870991487"/>
  </way>
  <way id="784654661">
    <nd ref="7330406361"/>
    <nd ref="7330406358"/>
    <nd ref="7330406362"/>
    <nd ref="7330406365"/>
    <nd ref="7330406361"/>
  </way>
  <way id="810686018">
    <nd ref="4844980193"/>
    <nd ref="4844980192"/>
    <nd ref="7579726010"/>
  </way>
  <way id="895344142">
    <nd ref="8322530259"/>
    <nd ref="8322530258"/>
    <nd ref="4761343422"/>
    <nd ref="4761343439"/>
    <nd ref="4761343442"/>
    <nd ref="8322530250"/>
    <nd ref="8322530251"/>
    <nd ref="8322530252"/>
    <nd ref="8322530253"/>
    <nd ref="8322530254"/>
    <nd ref="8322530255"/>
    <nd ref="8322530257"/>
    <nd ref="8322530256"/>
    <nd ref="4761343441"/>
    <nd ref="8322530259"/>
  </way>
  <way id="933705150">
    <nd ref="8654079788"/>
    <nd ref="8654079787"/>
    <nd ref="8654079786"/>
    <nd ref="8654079785"/>
    <nd ref="8654079788"/>
  </way>
  <way id="1061181461">
    <nd ref="9750033992"/>
    <nd ref="9750033991"/>
    <nd ref="9750033990"/>
    <nd ref="9750033989"/>
    <nd ref="9750033992"/>
  </way>
  <way id="1061181462">
    <nd ref="9750034000"/>
    <nd ref="9750033999"/>
    <nd ref="9750033998"/>
    <nd ref="9750033997"/>
    <nd ref="9750034000"/>
  </way>
  <way id="1061181463">
    <nd ref="9750034004"/>
    <nd ref="9750034003"/>
    <nd ref="9750034002"/>
    <nd ref="9750034001"/>
    <nd ref="9750034004"/>
  </way>
  <way id="1061181464">
    <nd ref="9750034008"/>
    <nd ref="9750034007"/>
    <nd ref="9750034006"/>
    <nd ref="9750034005"/>
    <nd ref="9750034008"/>
  </way>
  <way id="1061181465">
    <nd ref="9750034012"/>
    <nd ref="9750034011"/>
    <nd ref="9750034010"/>
    <nd ref="9750034009"/>
    <nd ref="9750034012"/>
  </way>
  <way id="1061181466">
    <nd ref="9750034016"/>
    <nd ref="9750034015"/>
    <nd ref="9750034014"/>
    <nd ref="9750034013"/>
    <nd ref="9750034016"/>
  </way>
  <way id="1061181467">
    <nd ref="9750042320"/>
    <nd ref="9750042319"/>
    <nd ref="9750042318"/>
    <nd ref="9750042317"/>
    <nd ref="9750042320"/>
  </way>
  <way id="1098531082">
    <nd ref="4750385668"/>
    <nd ref="4750385667"/>
    <nd ref="4750381807"/>
  </way>
  <way id="1327457107">
    <nd ref="12281060585"/>
    <nd ref="12281060587"/>
    <nd ref="12281060589"/>
    <nd ref="12281060585"/>
  </way>
  <way id="1327457108">
    <nd ref="12281060597"/>
    <nd ref="12281060599"/>
    <nd ref="12281060591"/>
    <nd ref="12281060596"/>
    <nd ref="12281060588"/>
    <nd ref="12281060584"/>
    <nd ref="12281060592"/>
    <nd ref="12281060593"/>
    <nd ref="12281060586"/>
    <nd ref="12281060594"/>
    <nd ref="12281060595"/>
    <nd ref="12281060598"/>
    <nd ref="12281060590"/>
    <nd ref="12281080901"/>
    <nd ref="12281060600"/>
    <nd ref="12281060597"/>
  </way>
  <way id="1411370704">
    <nd ref="4934136234"/>
    <nd ref="4934136104"/>
    <nd ref="4934136159"/>
  </way>
  <relation id="2128283">
    <member type="way" ref="158981590" role="outer"/>
    <member type="way" ref="158981627" role="inner"/>
    <tag k="building" v="yes"/>
    <tag k="type" v="multipolygon"/>
  </relation>
  <relation id="3075290">
    <member type="way" ref="156134129" role="outer"/>
    <member type="way" ref="503780104" role="inner"/>
    <member type="way" ref="504359728" role="inner"/>
    <member type="way" ref="504359721" role="inner"/>
    <tag k="building" v="residential"/>
    <tag k="name" v="Mess Ba Wara"/>
    <tag k="type" v="multipolygon"/>
  </relation>
  <relation id="3882963">
    <member type="way" ref="292275883" role="inner"/>
    <member type="way" ref="292275882" role="outer"/>
    <tag k="building" v="yes"/>
    <tag k="type" v="multipolygon"/>
  </relation>
  <relation id="5478911">
    <member type="way" ref="368724687" role="outer"/>
    <member type="way" ref="368725852" role="outer"/>
    <tag k="addr:city" v="jakarta"/>
    <tag k="building" v="yes"/>
    <tag k="type" v="multipolygon"/>
  </relation>
  <relation id="6943438">
    <member type="way" ref="471544136" role="outer"/>
    <member type="way" ref="471746294" role="inner"/>
    <tag k="building" v="yes"/>
    <tag k="type" v="multipolygon"/>
  </relation>
  <relation id="6951063">
    <member type="way" ref="472366518" role="outer"/>
    <member type="way" ref="472413349" role="inner"/>
    <member type="way" ref="472413351" role="inner"/>
    <tag k="building" v="yes"/>
    <tag k="type" v="multipolygon"/>
  </relation>
  <relation id="7092946">
    <member type="way" ref="481721663" role="inner"/>
    <member type="way" ref="481721662" role="outer"/>
    <tag k="building" v="yes"/>
    <tag k="type" v="multipolygon"/>
  </relation>
  <relation id="7099248">
    <member type="way" ref="161264820" role="outer"/>
    <member type="way" ref="482153466" role="inner"/>
    <tag k="addr:city" v="South Jakarta"/>
    <tag k="addr:housenumber" v="22"/>
    <tag k="addr:postcode" v="12820"/>
    <tag k="addr:street" v="Jalan Letnan Jenderal MT Haryono"/>
    <tag k="building" v="apartments"/>
    <tag k="building:levels" v="21"/>
    <tag k="name" v="Apartemen Signature Park"/>
    <tag k="start_date" v="2012"/>
    <tag k="type" v="multipolygon"/>
  </relation>
  <relation id="7099401">
    <member type="way" ref="482173608" role="inner"/>
    <member type="way" ref="482173609" role="outer"/>
    <tag k="building" v="yes"/>
    <tag k="type" v="multipolygon"/>
  </relation>
  <relation id="7102406">
    <member type="way" ref="482370831" role="inner"/>
    <member type="way" ref="482370830" role="outer"/>
    <tag k="building" v="yes"/>
    <tag k="type" v="multipolygon"/>
  </relation>
  <relation id="7117141">
    <member type="way" ref="483341868" role="inner"/>
    <member type="way" ref="483341869" role="outer"/>
    <tag k="access:roof" v="no"/>
    <tag k="addr:city" v="DKI Jakarta"/>
    <tag k="addr:full" v="Jalan Sekip"/>
    <tag k="amenity" v="school"/>
    <tag k="backup_generator" v="no"/>
    <tag k="building" v="school"/>
    <tag k="building:condition" v="good"/>
    <tag k="building:floor" v="ceramics"/>
    <tag k="building:levels" v="1"/>
    <tag k="building:roof" v="tile"/>
    <tag k="building:structure" v="confined_masonry"/>
    <tag k="building:walls" v="concrete"/>
    <tag k="capacity:persons" v="50-100"/>
    <tag k="name" v="SD Negeri Utan Kayu Selatan 11 Pagi"/>
    <tag k="operator:type" v="government"/>
    <tag k="school:type_idn" v="sd"/>
    <tag k="source" v="HOT_InAWARESurvey_2017"/>
    <tag k="type" v="multipolygon"/>
  </relation>
  <relation id="7117208">
    <member type="way" ref="483359224" role="inner"/>
    <member type="way" ref="483359222" role="outer"/>
    <tag k="access:roof" v="no"/>
    <tag k="addr:city" v="DKI Jakarta"/>
    <tag k="addr:full" v="Jalan Di Panjaitan"/>
    <tag k="backup_generator" v="no"/>
    <tag k="building" v="government_office"/>
    <tag k="building:condition" v="good"/>
    <tag k="building:floor" v="ceramics"/>
    <tag k="building:levels" v="2"/>
    <tag k="building:roof" v="tile"/>
    <tag k="building:structure" v="confined_masonry"/>
    <tag k="building:walls" v="brick"/>
    <tag k="capacity:persons" v="&gt;500"/>
    <tag k="name" v="Kejaksaan Negeri Jakarta Timur"/>
    <tag k="source" v="HOT_InAWARESurvey_2017"/>
    <tag k="type" v="multipolygon"/>
  </relation>
  <relation id="7117233">
    <member type="way" ref="483368652" role="inner"/>
    <member type="way" ref="483368651" role="outer"/>
    <tag k="access:roof" v="yes"/>
    <tag k="addr:city" v="DKI Jakarta"/>
    <tag k="backup_generator" v="yes"/>
    <tag k="building" v="university"/>
    <tag k="building:condition" v="good"/>
    <tag k="building:floor" v="ceramics"/>
    <tag k="building:levels" v="3"/>
    <tag k="building:roof" v="concrete"/>
    <tag k="building:structure" v="confined_masonry"/>
    <tag k="building:walls" v="concrete"/>
    <tag k="capacity:persons" v="&gt;500"/>
    <tag k="operator:type" v="private"/>
    <tag k="source" v="HOT_InAWARESurvey_2017"/>
    <tag k="type" v="multipolygon"/>
  </relation>
  <relation id="7117431">
    <member type="way" ref="895344142" role="outer"/>
    <member type="way" ref="483393176" role="outer"/>
    <tag k="building" v="apartments"/>
    <tag k="building:levels" v="17"/>
    <tag k="name" v="Signature Park Grande"/>
    <tag k="start_date" v="2017"/>
    <tag k="type" v="multipolygon"/>
  </relation>
  <relation id="7119918">
    <member type="way" ref="483590216" role="inner"/>
    <member type="way" ref="483590215" role="outer"/>
    <tag k="building" v="yes"/>
    <tag k="type" v="multipolygon"/>
  </relation>
  <relation id="7119921">
    <member type="way" ref="483590527" role="inner"/>
    <member type="way" ref="483590529" role="outer"/>
    <tag k="building" v="yes"/>
    <tag k="type" v="multipolygon"/>
  </relation>
  <relation id="7134657">
    <member type="way" ref="484648430" role="outer"/>
    <member type="way" ref="484648432" role="inner"/>
    <tag k="access:roof" v="no"/>
    <tag k="addr:city" v="DKI Jakarta"/>
    <tag k="addr:full" v="Jalan Kramat Jaya Blok I Nomor 1"/>
    <tag k="amenity" v="school"/>
    <tag k="building" v="school"/>
    <tag k="building:condition" v="good"/>
    <tag k="building:floor" v="ceramics"/>
    <tag k="building:levels" v="1"/>
    <tag k="building:roof" v="tile"/>
    <tag k="building:structure" v="confined_masonry"/>
    <tag k="building:walls" v="brick"/>
    <tag k="capacity:persons" v="250-500"/>
    <tag k="name" v="SD Umum"/>
    <tag k="operator:type" v="private"/>
    <tag k="school:type_idn" v="sd"/>
    <tag k="source" v="HOT_InAWARESurvey_2017"/>
    <tag k="type" v="multipolygon"/>
  </relation>
  <relation id="7134659">
    <member type="way" ref="484649969" role="outer"/>
    <member type="way" ref="484649970" role="inner"/>
    <tag k="addr:city" v="DKI Jakarta"/>
    <tag k="building" v="government_office"/>
    <tag k="type" v="multipolygon"/>
  </relation>
  <relation id="7135136">
    <member type="way" ref="120161365" role="outer"/>
    <member type="way" ref="484644268" role="inner"/>
    <tag k="access:roof" v="no"/>
    <tag k="addr:city" v="DKI Jakarta"/>
    <tag k="building" v="social_facility"/>
    <tag k="building:condition" v="good"/>
    <tag k="building:structure" v="confined_masonry"/>
    <tag k="buildings:floor" v="ceramics"/>
    <tag k="capacity" v="100-250"/>
    <tag k="name" v="Wisma Tanah Air"/>
    <tag k="source" v="HOT_InAWARESurvey_2017"/>
    <tag k="type" v="multipolygon"/>
  </relation>
  <relation id="7141273">
    <member type="way" ref="485300942" role="inner"/>
    <member type="way" ref="485300943" role="outer"/>
    <tag k="building" v="yes"/>
    <tag k="type" v="multipolygon"/>
  </relation>
  <relation id="7165553">
    <member type="way" ref="487602350" role="inner"/>
    <member type="way" ref="487602351" role="outer"/>
    <tag k="building" v="yes"/>
    <tag k="type" v="multipolygon"/>
  </relation>
  <relation id="7170235">
    <member type="way" ref="486010709" role="outer"/>
    <member type="way" ref="486010708" role="inner"/>
    <tag k="access:roof" v="yes"/>
    <tag k="addr:city" v="DKI Jakarta"/>
    <tag k="addr:full" v="Jalan Jatinegara Timur IV"/>
    <tag k="amenity" v="school"/>
    <tag k="backup_generator" v="yes"/>
    <tag k="building" v="school"/>
    <tag k="building:condition" v="good"/>
    <tag k="building:floor" v="ceramics"/>
    <tag k="building:levels" v="3"/>
    <tag k="building:roof" v="concrete"/>
    <tag k="building:structure" v="confined_masonry"/>
    <tag k="building:walls" v="concrete"/>
    <tag k="capacity:persons" v="&gt;500"/>
    <tag k="name" v="SD Negeri Rawa Bunga 11 dan 12"/>
    <tag k="operator:type" v="government"/>
    <tag k="school:type_idn" v="sd"/>
    <tag k="source" v="HOT_InAWARESurvey_2017"/>
    <tag k="type" v="multipolygon"/>
  </relation>
  <relation id="7198728">
    <member type="way" ref="490019247" role="outer"/>
    <member type="way" ref="1061181466" role="inner"/>
    <member type="way" ref="1061181467" role="inner"/>
    <member type="way" ref="1061181465" role="inner"/>
    <member type="way" ref="1061181464" role="inner"/>
    <member type="way" ref="1061181462" role="inner"/>
    <member type="way" ref="1061181463" role="inner"/>
    <tag k="building" v="hospital"/>
    <tag k="type" v="multipolygon"/>
  </relation>
  <relation id="7210366">
    <member type="way" ref="488436075" role="outer"/>
    <member type="way" ref="490845106" role="inner"/>
    <member type="way" ref="490845105" role="inner"/>
    <tag k="access:roof" v="no"/>
    <tag k="addr:city" v="DKI Jakarta"/>
    <tag k="addr:full" v="Jalan Bekasi Timur No.170 B"/>
    <tag k="backup_generator" v="yes"/>
    <tag k="building" v="hospital"/>
    <tag k="building:condition" v="good"/>
    <tag k="building:floor" v="ceramics"/>
    <tag k="building:levels" v="2"/>
    <tag k="building:roof" v="tin"/>
    <tag k="building:structure" v="confined_masonry"/>
    <tag k="building:walls" v="brick"/>
    <tag k="capacity:persons" v="lebih dari 500"/>
    <tag k="source" v="HOT_InAWARESurvey_2017"/>
    <tag k="type" v="multipolygon"/>
  </relation>
  <relation id="7237089">
    <member type="way" ref="492907493" role="inner"/>
    <member type="way" ref="492907492" role="outer"/>
    <tag k="building" v="yes"/>
    <tag k="type" v="multipolygon"/>
  </relation>
  <relation id="7246420">
    <member type="way" ref="493564011" role="inner"/>
    <member type="way" ref="493564013" role="outer"/>
    <tag k="building" v="yes"/>
    <tag k="type" v="multipolygon"/>
  </relation>
  <relation id="7250222">
    <member type="way" ref="492141845" role="outer"/>
    <member type="way" ref="493815316" role="inner"/>
    <tag k="access:roof" v="no"/>
    <tag k="addr:city" v="DKI Jakarta"/>
    <tag k="addr:full" v="Jalan Persatuan"/>
    <tag k="amenity" v="school"/>
    <tag k="backup_generator" v="yes"/>
    <tag k="building" v="school"/>
    <tag k="building:condition" v="good"/>
    <tag k="building:floor" v="ceramics"/>
    <tag k="building:levels" v="4"/>
    <tag k="building:roof" v="tile"/>
    <tag k="building:walls" v="brick"/>
    <tag k="capacity:persons" v="&gt;500"/>
    <tag k="name" v="SMP Negeri 149 Jakarta"/>
    <tag k="operator:type" v="government"/>
    <tag k="school:type_idn" v="smp"/>
    <tag k="source" v="HOT_InAWARESurvey_2017"/>
    <tag k="type" v="multipolygon"/>
  </relation>
  <relation id="7250223">
    <member type="way" ref="492141847" role="outer"/>
    <member type="way" ref="492220269" role="inner"/>
    <tag k="access:roof" v="no"/>
    <tag k="addr:city" v="DKI Jakarta"/>
    <tag k="addr:full" v="Jalan Persatuan 2"/>
    <tag k="amenity" v="school"/>
    <tag k="backup_generator" v="yes"/>
    <tag k="building" v="school"/>
    <tag k="building:condition" v="good"/>
    <tag k="building:floor" v="ceramics"/>
    <tag k="building:levels" v="2"/>
    <tag k="building:roof" v="tile"/>
    <tag k="building:structure" v="confined_masonry"/>
    <tag k="building:walls" v="brick"/>
    <tag k="capacity:persons" v="&gt;500"/>
    <tag k="name" v="SMA Negeri 100 Jakarta"/>
    <tag k="operator:type" v="government"/>
    <tag k="school:type_idn" v="sma"/>
    <tag k="source" v="HOT_InAWARESurvey_2017"/>
    <tag k="type" v="multipolygon"/>
  </relation>
  <relation id="7258687">
    <member type="way" ref="494399101" role="outer"/>
    <tag k="building" v="yes"/>
    <tag k="type" v="multipolygon"/>
  </relation>
  <relation id="7272407">
    <member type="way" ref="485042331" role="outer"/>
    <member type="way" ref="485042332" role="inner"/>
    <tag k="access:roof" v="no"/>
    <tag k="addr:city" v="DKI Jakarta"/>
    <tag k="addr:full" v="Jalan Menara Air"/>
    <tag k="amenity" v="school"/>
    <tag k="backup_generator" v="no"/>
    <tag k="building" v="school"/>
    <tag k="building:condition" v="good"/>
    <tag k="building:floor" v="ceramics"/>
    <tag k="building:levels" v="1"/>
    <tag k="building:roof" v="tile"/>
    <tag k="building:structure" v="confined_masonry"/>
    <tag k="building:walls" v="brick"/>
    <tag k="capacity:persons" v="250-500"/>
    <tag k="evacuation_center" v="no"/>
    <tag k="name" v="SD dan SMP Swasta YWKA I"/>
    <tag k="operator:type" v="private"/>
    <tag k="school:type_idn" v="sd,smp"/>
    <tag k="source" v="HOT_InAWARESurvey_2017"/>
    <tag k="type" v="multipolygon"/>
  </relation>
  <relation id="7272408">
    <member type="way" ref="157362109" role="outer"/>
    <member type="way" ref="482206548" role="inner"/>
    <tag k="access:roof" v="yes"/>
    <tag k="addr:city" v="DKI Jakarta"/>
    <tag k="addr:full" v="Jalan Tebet Timur Raya"/>
    <tag k="amenity" v="school"/>
    <tag k="building" v="school"/>
    <tag k="building:levels" v="1"/>
    <tag k="building:roof" v="tile"/>
    <tag k="building:structure" v="reinforced_masonry"/>
    <tag k="building:walls" v="brick"/>
    <tag k="capacity:persons" v="700"/>
    <tag k="name" v="SD Muhammadiyah"/>
    <tag k="school:type_idn" v="sd"/>
    <tag k="source" v="HOT_InAWARESurvey_2017"/>
    <tag k="type" v="multipolygon"/>
  </relation>
  <relation id="7272857">
    <member type="way" ref="157368426" role="outer"/>
    <member type="way" ref="489268760" role="inner"/>
    <tag k="access:roof" v="no"/>
    <tag k="addr:city" v="DKI Jakarta"/>
    <tag k="addr:full" v="Jalan Manggarai Utara i"/>
    <tag k="alt_name" v="SD Cibono"/>
    <tag k="amenity" v="school"/>
    <tag k="backup_generator" v="no"/>
    <tag k="building" v="school"/>
    <tag k="building:condition" v="good"/>
    <tag k="building:floor" v="ceramics"/>
    <tag k="building:levels" v="1"/>
    <tag k="building:roof" v="tile"/>
    <tag k="building:structure" v="confined_masonry"/>
    <tag k="building:walls" v="concrete"/>
    <tag k="capacity:persons" v="100-250"/>
    <tag k="evacuation_center" v="yes"/>
    <tag k="kitchen:facilities" v="yes"/>
    <tag k="name" v="SD Negeri Manggarai 1 Pagi/02 petang"/>
    <tag k="operator:type" v="government"/>
    <tag k="school:type_idn" v="sd"/>
    <tag k="shelter_type" v="building"/>
    <tag k="source" v="HOT_InAWARESurvey_2017"/>
    <tag k="toilet:facilities" v="yes"/>
    <tag k="type" v="multipolygon"/>
  </relation>
  <relation id="7272958">
    <member type="way" ref="315839579" role="outer"/>
    <member type="way" ref="492071232" role="inner"/>
    <tag k="access:roof" v="no"/>
    <tag k="addr:city" v="DKI Jakarta"/>
    <tag k="addr:full" v="Jalan Asem Baris II"/>
    <tag k="amenity" v="school"/>
    <tag k="backup_generator" v="no"/>
    <tag k="building" v="school"/>
    <tag k="building:condition" v="good"/>
    <tag k="building:floor" v="ceramics"/>
    <tag k="building:levels" v="3"/>
    <tag k="building:roof" v="tile"/>
    <tag k="building:structure" v="confined_masonry"/>
    <tag k="building:walls" v="brick"/>
    <tag k="capacity:persons" v="250-500"/>
    <tag k="evacuation_center" v="yes"/>
    <tag k="flood_prone" v="no"/>
    <tag k="name" v="SD Negeri Kebon Baru 9 Pagi"/>
    <tag k="school:type_idn" v="sd"/>
    <tag k="source" v="HOT_InAWARESurvey_2017"/>
    <tag k="type" v="multipolygon"/>
  </relation>
  <relation id="7272959">
    <member type="way" ref="157368449" role="outer"/>
    <member type="way" ref="489268781" role="inner"/>
    <tag k="access:roof" v="no"/>
    <tag k="addr:full" v="Jalan Manggarai Utara I"/>
    <tag k="amenity" v="school"/>
    <tag k="backup_generator" v="no"/>
    <tag k="building" v="school"/>
    <tag k="building:condition" v="good"/>
    <tag k="building:floor" v="ceramics"/>
    <tag k="building:levels" v="2"/>
    <tag k="building:roof" v="tile"/>
    <tag k="building:structure" v="confined_masonry"/>
    <tag k="building:walls" v="brick"/>
    <tag k="capacity:persons" v="250-500"/>
    <tag k="evacuation_center" v="no"/>
    <tag k="name" v="SMK Karya Guna"/>
    <tag k="operator:type" v="private"/>
    <tag k="school:type_idn" v="sma"/>
    <tag k="type" v="multipolygon"/>
  </relation>
  <relation id="7275977">
    <member type="way" ref="157362111" role="outer"/>
    <member type="way" ref="482348082" role="inner"/>
    <tag k="access:roof" v="yes"/>
    <tag k="addr:full" v="Jalan Tebet Timur Dalam IIA"/>
    <tag k="amenity" v="school"/>
    <tag k="backup_generator" v="no"/>
    <tag k="building" v="school"/>
    <tag k="building:condition" v="good"/>
    <tag k="building:levels" v="2"/>
    <tag k="building:roof" v="tile"/>
    <tag k="building:structure" v="reinforced_masonry"/>
    <tag k="building:walls" v="brick"/>
    <tag k="buildings:floor" v="ceramics"/>
    <tag k="capacity" v="&gt;500"/>
    <tag k="name" v="SD SMP PGRI"/>
    <tag k="operator:type" v="government"/>
    <tag k="school:type_idn" v="sd,smp"/>
    <tag k="type" v="multipolygon"/>
  </relation>
  <relation id="7301840">
    <member type="way" ref="482154834" role="outer"/>
    <member type="way" ref="497613061" role="inner"/>
    <tag k="access:roof" v="no"/>
    <tag k="addr:city" v="DKI Jakarta"/>
    <tag k="addr:full" v="Jalan Jatinegara Barat No. 122"/>
    <tag k="amenity" v="place_of_worship"/>
    <tag k="backup_generator" v="no"/>
    <tag k="building" v="church"/>
    <tag k="building:condition" v="good"/>
    <tag k="building:levels" v="1"/>
    <tag k="building:roof" v="tile"/>
    <tag k="building:structure" v="reinforced_masonry"/>
    <tag k="building:walls" v="brick"/>
    <tag k="buildings:floor" v="ceramics"/>
    <tag k="capacity:persons" v="250-500"/>
    <tag k="evacuation_center" v="no"/>
    <tag k="flood_prone" v="no"/>
    <tag k="name" v="Gereja Santa Maria"/>
    <tag k="religion" v="christian"/>
    <tag k="source" v="HOT_InAWARESurvey_2017"/>
    <tag k="type" v="multipolygon"/>
  </relation>
  <relation id="7313407">
    <member type="way" ref="493919917" role="outer"/>
    <member type="way" ref="493919916" role="inner"/>
    <tag k="access:roof" v="no"/>
    <tag k="addr:city" v="DKI Jakarta"/>
    <tag k="addr:full" v="Jalan P. Komarudin RT 04/ RW 03"/>
    <tag k="amenity" v="school"/>
    <tag k="backup_generator" v="no"/>
    <tag k="building" v="school"/>
    <tag k="building:condition" v="good"/>
    <tag k="building:floor" v="ceramics"/>
    <tag k="building:levels" v="1"/>
    <tag k="building:roof" v="tile"/>
    <tag k="building:structure" v="confined_masonry"/>
    <tag k="building:walls" v="brick"/>
    <tag k="capacity:persons" v="100-250"/>
    <tag k="name" v="SD Negeri Cakung Barat 06, 07 Pagi dan 11, 12 Petang"/>
    <tag k="operator:type" v="government"/>
    <tag k="school:type_idn" v="sd"/>
    <tag k="source" v="HOT_InAWARESurvey_2017"/>
    <tag k="type" v="multipolygon"/>
  </relation>
  <relation id="7321732">
    <member type="way" ref="492516871" role="outer"/>
    <member type="way" ref="499225108" role="inner"/>
    <member type="way" ref="499225109" role="inner"/>
    <tag k="access:roof" v="no"/>
    <tag k="addr:city" v="DKI Jakarta"/>
    <tag k="addr:full" v="Jalan Pemuda No.6"/>
    <tag k="amenity" v="school"/>
    <tag k="backup_generator" v="yes"/>
    <tag k="building" v="school"/>
    <tag k="building:condition" v="good"/>
    <tag k="building:floor" v="ceramics"/>
    <tag k="building:levels" v="3"/>
    <tag k="building:roof" v="tile"/>
    <tag k="building:structure" v="confined_masonry"/>
    <tag k="building:walls" v="concrete"/>
    <tag k="capacity:persons" v="250-500"/>
    <tag k="name" v="SD Tarakanita 5"/>
    <tag k="operator:type" v="private"/>
    <tag k="school:type_idn" v="sd"/>
    <tag k="source" v="HOT_InAWARESurvey_2017"/>
    <tag k="type" v="multipolygon"/>
  </relation>
  <relation id="7331180">
    <member type="way" ref="500337099" role="inner"/>
    <member type="way" ref="500337093" role="outer"/>
    <tag k="access:roof" v="no"/>
    <tag k="addr:city" v="DKI Jakarta"/>
    <tag k="addr:full" v="Jalan Pulo Mas Barat V"/>
    <tag k="amenity" v="school"/>
    <tag k="backup_generator" v="yes"/>
    <tag k="building" v="school"/>
    <tag k="building:condition" v="good"/>
    <tag k="building:floor" v="ceramics"/>
    <tag k="building:levels" v="3"/>
    <tag k="building:roof" v="tin"/>
    <tag k="building:walls" v="concrete"/>
    <tag k="capacity:persons" v="&gt;500"/>
    <tag k="denomination" v="roman_catholic"/>
    <tag k="grades" v="0-12"/>
    <tag k="name" v="SD, SMP, SMA Don Bosco"/>
    <tag k="operator:type" v="private"/>
    <tag k="religion" v="christian"/>
    <tag k="school:type_idn" v="sd,smp,sma"/>
    <tag k="source" v="HOT_InAWARESurvey_2017"/>
    <tag k="type" v="multipolygon"/>
  </relation>
  <relation id="7336421">
    <member type="way" ref="500968930" role="inner"/>
    <member type="way" ref="500968931" role="outer"/>
    <tag k="access:roof" v="yes"/>
    <tag k="addr:city" v="DKI Jakarta"/>
    <tag k="addr:full" v="Jalan Jatiwaringin Raya No. 36 Kelurahan Cipinang Melayu, Kecamatan Makasar, Jakarta Timur"/>
    <tag k="backup_generator" v="yes"/>
    <tag k="building" v="university"/>
    <tag k="building:condition" v="good"/>
    <tag k="building:floor" v="ceramics"/>
    <tag k="building:levels" v="3"/>
    <tag k="building:roof" v="concrete"/>
    <tag k="building:structure" v="confined_masonry"/>
    <tag k="building:walls" v="concrete"/>
    <tag k="capacity:persons" v="&gt;500"/>
    <tag k="evacuation_center" v="no"/>
    <tag k="flood_prone" v="no"/>
    <tag k="name" v="Sekolah Tinggi Ilmu Ekonomi Swadaya"/>
    <tag k="operator:type" v="private"/>
    <tag k="source" v="HOT_InAWARESurvey_2017"/>
    <tag k="type" v="multipolygon"/>
  </relation>
  <relation id="7341497">
    <member type="way" ref="501525369" role="outer"/>
    <member type="way" ref="501525367" role="inner"/>
    <tag k="building" v="yes"/>
    <tag k="type" v="multipolygon"/>
  </relation>
  <relation id="7342058">
    <member type="way" ref="155954006" role="outer"/>
    <member type="way" ref="501575952" role="inner"/>
    <tag k="access:roof" v="no"/>
    <tag k="addr:city" v="DKI Jakarta"/>
    <tag k="addr:full" v="Jalan Dr Soemarno Sentra Primer"/>
    <tag k="building" v="school"/>
    <tag k="building:condition" v="good"/>
    <tag k="building:floor" v="ceramics"/>
    <tag k="building:levels" v="4"/>
    <tag k="building:roof" v="concrete"/>
    <tag k="building:structure" v="confined_masonry"/>
    <tag k="building:walls" v="brick"/>
    <tag k="capacity:persons" v="&gt;500"/>
    <tag k="name" v="SMP Al Azhar 22 Sentra Primer"/>
    <tag k="operator:type" v="private"/>
    <tag k="school:type_idn" v="smp"/>
    <tag k="type" v="multipolygon"/>
  </relation>
  <relation id="7342504">
    <member type="way" ref="497729271" role="outer"/>
    <member type="way" ref="497729272" role="inner"/>
    <tag k="access:roof" v="no"/>
    <tag k="addr:city" v="DKI Jakarta"/>
    <tag k="addr:full" v="Jalan Pulau Bidadari X"/>
    <tag k="amenity" v="school"/>
    <tag k="building" v="school"/>
    <tag k="building:condition" v="good"/>
    <tag k="building:floor" v="ceramics"/>
    <tag k="building:levels" v="1"/>
    <tag k="building:roof" v="tile"/>
    <tag k="building:structure" v="confined_masonry"/>
    <tag k="building:walls" v="brick"/>
    <tag k="capacity:persons" v="250-500"/>
    <tag k="name" v="SD-SMP Harapan Bunda"/>
    <tag k="operator:type" v="private"/>
    <tag k="school:type_idn" v="sd,smp"/>
    <tag k="source" v="HOT_InAWARESurvey_2017"/>
    <tag k="type" v="multipolygon"/>
  </relation>
  <relation id="7344440">
    <member type="way" ref="501900103" role="inner"/>
    <member type="way" ref="501900102" role="outer"/>
    <tag k="building" v="yes"/>
    <tag k="type" v="multipolygon"/>
  </relation>
  <relation id="7346785">
    <member type="way" ref="502246020" role="inner"/>
    <member type="way" ref="155962902" role="outer"/>
    <tag k="access:roof" v="no"/>
    <tag k="addr:city" v="DKI Jakarta"/>
    <tag k="addr:full" v="Jl. Kebon Pala II. Halim"/>
    <tag k="amenity" v="place_of_worship"/>
    <tag k="building" v="mosque"/>
    <tag k="building:levels" v="1"/>
    <tag k="building:roof" v="tile"/>
    <tag k="building:structure" v="plastered"/>
    <tag k="building:walls" v="brick"/>
    <tag k="name" v="Mushollah CV. Indovrom"/>
    <tag k="religion" v="muslim"/>
    <tag k="source" v="HOT_InAWARESurvey_2017"/>
    <tag k="type" v="multipolygon"/>
  </relation>
  <relation id="7361225">
    <member type="way" ref="503694592" role="outer"/>
    <member type="way" ref="503694597" role="inner"/>
    <tag k="building" v="yes"/>
    <tag k="type" v="multipolygon"/>
  </relation>
  <relation id="7361226">
    <member type="way" ref="503694594" role="inner"/>
    <member type="way" ref="503694598" role="inner"/>
    <member type="way" ref="503694593" role="outer"/>
    <member type="way" ref="503694596" role="inner"/>
    <member type="way" ref="503694595" role="inner"/>
    <tag k="building" v="yes"/>
    <tag k="type" v="multipolygon"/>
  </relation>
  <relation id="7361241">
    <member type="way" ref="503698179" role="outer"/>
    <member type="way" ref="503698177" role="inner"/>
    <tag k="building" v="yes"/>
    <tag k="type" v="multipolygon"/>
  </relation>
  <relation id="7361242">
    <member type="way" ref="503698178" role="inner"/>
    <member type="way" ref="503698176" role="outer"/>
    <tag k="building" v="yes"/>
    <tag k="type" v="multipolygon"/>
  </relation>
  <relation id="7367612">
    <member type="way" ref="504359677" role="inner"/>
    <member type="way" ref="504359676" role="outer"/>
    <tag k="building" v="yes"/>
    <tag k="type" v="multipolygon"/>
  </relation>
  <relation id="7372081">
    <member type="way" ref="504688999" role="inner"/>
    <member type="way" ref="504689001" role="outer"/>
    <tag k="building" v="hospital"/>
    <tag k="type" v="multipolygon"/>
  </relation>
  <relation id="7374153">
    <member type="way" ref="504961708" role="inner"/>
    <member type="way" ref="504961707" role="outer"/>
    <tag k="building" v="yes"/>
    <tag k="type" v="multipolygon"/>
  </relation>
  <relation id="7374468">
    <member type="way" ref="155935393" role="outer"/>
    <member type="way" ref="481966038" role="inner"/>
    <tag k="access:roof" v="no"/>
    <tag k="addr:city" v="DKI Jakarta"/>
    <tag k="addr:full" v="Jalan Slamet Riyadi II No. 7B Kebon Manggis"/>
    <tag k="amenity" v="school"/>
    <tag k="backup_generator" v="no"/>
    <tag k="building" v="school"/>
    <tag k="building:condition" v="good"/>
    <tag k="building:levels" v="3"/>
    <tag k="building:roof" v="concrete"/>
    <tag k="building:structure" v="confined_masonry"/>
    <tag k="building:walls" v="brick"/>
    <tag k="buildings:floor" v="ceramics"/>
    <tag k="capacity" v="&gt;500"/>
    <tag k="capacity:persons" v="lebih dari 500"/>
    <tag k="evacuation_center" v="yes"/>
    <tag k="kitchen:facilities" v="yes"/>
    <tag k="name" v="SD Negeri 01 Pagi Kebon Manggis"/>
    <tag k="operator:type" v="government"/>
    <tag k="school:type_idn" v="sd"/>
    <tag k="shelter_type" v="building"/>
    <tag k="source" v="HOT_InAWARESurvey_2017"/>
    <tag k="toilet:facilities" v="yes"/>
    <tag k="toilets:number" v="12"/>
    <tag k="type" v="multipolygon"/>
    <tag k="water_source" v="powered_pump"/>
  </relation>
  <relation id="7378113">
    <member type="way" ref="505527300" role="inner"/>
    <member type="way" ref="505527301" role="outer"/>
    <tag k="building" v="yes"/>
    <tag k="type" v="multipolygon"/>
  </relation>
  <relation id="7385057">
    <member type="way" ref="494626172" role="outer"/>
    <member type="way" ref="499764976" role="inner"/>
    <tag k="access:roof" v="no"/>
    <tag k="addr:city" v="DKI Jakarta"/>
    <tag k="addr:full" v="Jalan Malaka I"/>
    <tag k="backup_generator" v="no"/>
    <tag k="building" v="school"/>
    <tag k="building:condition" v="good"/>
    <tag k="building:floor" v="ceramics"/>
    <tag k="building:levels" v="4"/>
    <tag k="building:roof" v="tile"/>
    <tag k="building:structure" v="confined_masonry"/>
    <tag k="building:walls" v="brick"/>
    <tag k="capacity:persons" v="&gt;500"/>
    <tag k="name" v="SMP Negeri 213 Jakarta"/>
    <tag k="operator:type" v="government"/>
    <tag k="school:type_idn" v="smp"/>
    <tag k="type" v="multipolygon"/>
  </relation>
  <relation id="7390075">
    <member type="way" ref="484455488" role="outer"/>
    <member type="way" ref="484455487" role="inner"/>
    <tag k="access:roof" v="no"/>
    <tag k="addr:city" v="DKI Jakarta"/>
    <tag k="addr:full" v="Jalan Slamet Riyadi No. 3, Kebon Manggis"/>
    <tag k="backup_generator" v="no"/>
    <tag k="building" v="school"/>
    <tag k="building:condition" v="good"/>
    <tag k="building:levels" v="3"/>
    <tag k="building:roof" v="tile"/>
    <tag k="building:structure" v="confined_masonry"/>
    <tag k="building:walls" v="brick"/>
    <tag k="buildings:floor" v="ceramics"/>
    <tag k="capacity" v="&gt;500"/>
    <tag k="source" v="HOT_InAWARESurvey_2017"/>
    <tag k="type" v="multipolygon"/>
  </relation>
  <relation id="7391871">
    <member type="way" ref="484455468" role="outer"/>
    <member type="way" ref="507157947" role="inner"/>
    <tag k="access:roof" v="no"/>
    <tag k="addr:city" v="DKI Jakarta"/>
    <tag k="addr:full" v="Jalan Kebon Manggis 1 No. 28"/>
    <tag k="amenity" v="school"/>
    <tag k="backup_generator" v="no"/>
    <tag k="building" v="school"/>
    <tag k="building:condition" v="good"/>
    <tag k="building:levels" v="1"/>
    <tag k="building:roof" v="tile"/>
    <tag k="building:structure" v="confined_masonry"/>
    <tag k="building:walls" v="brick"/>
    <tag k="buildings:floor" v="ceramics"/>
    <tag k="capacity" v="100-250"/>
    <tag k="name" v="SD Negeri Kebon Manggis 08 Pagi"/>
    <tag k="operator:type" v="government"/>
    <tag k="school:type_idn" v="sd"/>
    <tag k="source" v="HOT_InAWARESurvey_2017"/>
    <tag k="type" v="multipolygon"/>
  </relation>
  <relation id="7407273">
    <member type="way" ref="502224432" role="outer"/>
    <member type="way" ref="502224431" role="inner"/>
    <tag k="access:roof" v="no"/>
    <tag k="addr:city" v="DKI Jakarta"/>
    <tag k="addr:full" v="Jalan Pertanian Utara"/>
    <tag k="building" v="school"/>
    <tag k="building:condition" v="good"/>
    <tag k="building:floor" v="ceramics"/>
    <tag k="building:levels" v="1"/>
    <tag k="building:roof" v="tile"/>
    <tag k="building:structure" v="confined_masonry"/>
    <tag k="building:walls" v="brick"/>
    <tag k="capacity:persons" v="250-500"/>
    <tag k="operator:type" v="government"/>
    <tag k="school:type_idn" v="smp"/>
    <tag k="type" v="multipolygon"/>
  </relation>
  <relation id="7434183">
    <member type="way" ref="511925294" role="outer"/>
    <member type="way" ref="511925289" role="outer"/>
    <member type="way" ref="511925287" role="inner"/>
    <tag k="building" v="yes"/>
    <tag k="type" v="multipolygon"/>
  </relation>
  <relation id="7437532">
    <member type="way" ref="511269103" role="outer"/>
    <member type="way" ref="511269104" role="inner"/>
    <tag k="access:roof" v="no"/>
    <tag k="addr:city" v="DKI Jakarta"/>
    <tag k="addr:full" v="Jalan Sawah Barat"/>
    <tag k="amenity" v="school"/>
    <tag k="building" v="school"/>
    <tag k="building:condition" v="good"/>
    <tag k="building:floor" v="ceramics"/>
    <tag k="building:levels" v="1"/>
    <tag k="building:roof" v="tile"/>
    <tag k="building:structure" v="confined_masonry"/>
    <tag k="building:walls" v="brick"/>
    <tag k="capacity:persons" v="100-250"/>
    <tag k="name" v="SMK Budi Murni 1 dan 3"/>
    <tag k="operator:type" v="private"/>
    <tag k="school:type_idn" v="sma"/>
    <tag k="source" v="HOT_InAWARESurvey_2017"/>
    <tag k="type" v="multipolygon"/>
  </relation>
  <relation id="7454890">
    <member type="way" ref="507495514" role="outer"/>
    <member type="way" ref="512592713" role="inner"/>
    <tag k="access:roof" v="no"/>
    <tag k="addr:city" v="DKI Jakarta"/>
    <tag k="addr:full" v="Jalam Bina Karya Nomor 2A"/>
    <tag k="addr:postcode" v="13450"/>
    <tag k="addr:street" v="Jalan Bina Karya, RT 06/RW 01, Pondok Kelapa, Duren Sawit"/>
    <tag k="amenity" v="school"/>
    <tag k="backup_generator" v="no"/>
    <tag k="building" v="school"/>
    <tag k="building:condition" v="good"/>
    <tag k="building:floor" v="ceramics"/>
    <tag k="building:levels" v="4"/>
    <tag k="building:roof" v="tile"/>
    <tag k="building:structure" v="confined_masonry"/>
    <tag k="building:walls" v="brick"/>
    <tag k="capacity:persons" v="250-500"/>
    <tag k="name" v="BPS &amp; K"/>
    <tag k="operator:type" v="private"/>
    <tag k="school:type_idn" v="sma"/>
    <tag k="source" v="HOT_InAWARESurvey_2017"/>
    <tag k="type" v="multipolygon"/>
  </relation>
  <relation id="7507596">
    <member type="way" ref="518488617" role="inner"/>
    <member type="way" ref="518488618" role="outer"/>
    <tag k="building" v="yes"/>
    <tag k="type" v="multipolygon"/>
  </relation>
  <relation id="7516126">
    <member type="way" ref="519194127" role="inner"/>
    <member type="way" ref="519194126" role="outer"/>
    <tag k="building" v="yes"/>
    <tag k="type" v="multipolygon"/>
  </relation>
  <relation id="7516143">
    <member type="way" ref="519196440" role="inner"/>
    <member type="way" ref="519196442" role="outer"/>
    <tag k="building" v="yes"/>
    <tag k="type" v="multipolygon"/>
  </relation>
  <relation id="7523269">
    <member type="way" ref="155955676" role="outer"/>
    <member type="way" ref="519780612" role="inner"/>
    <tag k="access:roof" v="no"/>
    <tag k="addr:full" v="Jalan Pahlawan Revolusi Rt 05/Rw 003"/>
    <tag k="amenity" v="school"/>
    <tag k="building" v="school"/>
    <tag k="building:levels" v="1"/>
    <tag k="building:roof" v="tile"/>
    <tag k="building:structure" v="reinforced_masonry"/>
    <tag k="building:walls" v="brick"/>
    <tag k="capacity:persons" v="700"/>
    <tag k="name" v="SDN Pondok Bambu 02 Pagi"/>
    <tag k="operator:type" v="government"/>
    <tag k="school:type_idn" v="sd"/>
    <tag k="type" v="multipolygon"/>
  </relation>
  <relation id="7653650">
    <member type="way" ref="495321908" role="outer"/>
    <member type="way" ref="532701955" role="outer"/>
    <tag k="building" v="yes"/>
    <tag k="type" v="multipolygon"/>
  </relation>
  <relation id="10907365">
    <member type="way" ref="784654661" role="inner"/>
    <member type="way" ref="504689009" role="outer"/>
    <tag k="access:roof" v="yes"/>
    <tag k="addr:city" v="DKI Jakarta"/>
    <tag k="addr:full" v="Jalan Persahabatan No.1"/>
    <tag k="backup_generator" v="yes"/>
    <tag k="building" v="hospital"/>
    <tag k="building:condition" v="good"/>
    <tag k="building:floor" v="ceramics"/>
    <tag k="building:levels" v="3"/>
    <tag k="building:structure" v="confined_masonry"/>
    <tag k="capacity:persons" v="&gt;500"/>
    <tag k="emergency" v="yes"/>
    <tag k="healthcare" v="hospital"/>
    <tag k="name" v="Gedung Anggrek"/>
    <tag k="operator:type" v="government"/>
    <tag k="type" v="multipolygon"/>
  </relation>
  <relation id="11164182">
    <member type="way" ref="492479707" role="outer"/>
    <member type="way" ref="810686018" role="outer"/>
    <tag k="building" v="yes"/>
    <tag k="type" v="multipolygon"/>
  </relation>
  <relation id="12613976">
    <member type="way" ref="933705150" role="inner"/>
    <member type="way" ref="482244731" role="outer"/>
    <tag k="access:roof" v="yes"/>
    <tag k="addr:city" v="DKI Jakarta"/>
    <tag k="addr:full" v="Jalan Jenderal Ahmad Yani No.2, Cempaka Putih Timur, Kecamatan Cemp. Putih, Kota Jakarta Pusat, Daerah Khusus Ibukota Jakarta 10510"/>
    <tag k="amenity" v="hospital"/>
    <tag k="backup_generator" v="no"/>
    <tag k="building" v="hospital"/>
    <tag k="building:condition" v="good"/>
    <tag k="building:floor" v="ceramics"/>
    <tag k="building:levels" v="3"/>
    <tag k="building:roof" v="concrete"/>
    <tag k="building:structure" v="confined_masonry"/>
    <tag k="building:walls" v="concrete"/>
    <tag k="capacity:persons" v="&gt;500"/>
    <tag k="healthcare" v="hospital"/>
    <tag k="name" v="Rumah Sakit Pertamina Jaya (RSPJ)"/>
    <tag k="operator:type" v="private"/>
    <tag k="source" v="HOT_InAWARESurvey_2017"/>
    <tag k="type" v="multipolygon"/>
  </relation>
  <relation id="12615537">
    <member type="way" ref="234852840" role="outer"/>
    <member type="way" ref="234852841" role="outer"/>
    <tag k="addr:city" v="DKI Jakarta"/>
    <tag k="amenity" v="university"/>
    <tag k="backup_generator" v="yes"/>
    <tag k="building" v="university"/>
    <tag k="building:condition" v="good"/>
    <tag k="building:floor" v="ceramics"/>
    <tag k="building:structure" v="confined_masonry"/>
    <tag k="building:walls" v="concrete"/>
    <tag k="capacity:persons" v="&gt;500"/>
    <tag k="name" v="Universitas Mpu Tantular"/>
    <tag k="operator:type" v="private"/>
    <tag k="source" v="HOT_InAWARESurvey_2017"/>
    <tag k="type" v="multipolygon"/>
  </relation>
  <relation id="13185196">
    <member type="way" ref="518844019" role="outer"/>
    <member type="way" ref="518844020" role="outer"/>
    <member type="way" ref="518844021" role="outer"/>
    <tag k="building" v="yes"/>
    <tag k="type" v="multipolygon"/>
  </relation>
  <relation id="14151284">
    <member type="way" ref="495415699" role="outer"/>
    <member type="way" ref="1061181461" role="inner"/>
    <tag k="building" v="hospital"/>
    <tag k="type" v="multipolygon"/>
  </relation>
  <relation id="14633789">
    <member type="way" ref="482186234" role="outer"/>
    <member type="way" ref="1098531082" role="outer"/>
    <tag k="building" v="yes"/>
    <tag k="type" v="multipolygon"/>
  </relation>
  <relation id="17971839">
    <member type="way" ref="513527572" role="outer"/>
    <member type="way" ref="513527571" role="outer"/>
    <tag k="amenity" v="place_of_worship"/>
    <tag k="building" v="yes"/>
    <tag k="name" v="Musholla Miftahul Jannah"/>
    <tag k="religion" v="muslim"/>
    <tag k="type" v="multipolygon"/>
  </relation>
  <relation id="18199411">
    <member type="way" ref="1327457107" role="inner"/>
    <member type="way" ref="1327457108" role="outer"/>
    <tag k="building" v="yes"/>
    <tag k="type" v="multipolygon"/>
  </relation>
  <relation id="19196503">
    <member type="way" ref="492887772" role="outer"/>
    <member type="way" ref="492887777" role="inner"/>
    <tag k="building" v="yes"/>
    <tag k="type" v="multipolygon"/>
  </relation>
  <relation id="19312539">
    <member type="way" ref="503065328" role="outer"/>
    <member type="way" ref="1411370704" role="outer"/>
    <tag k="building" v="yes"/>
    <tag k="type" v="multipolygon"/>
  </relation>

</osm>
