{"type": "FeatureCollection", "features": [{"type": "Feature", "properties": {"addr:city": "DKI Jakarta", "addr:full": "Jalan Cipinang Cempedak II", "amenity": "kindergarten", "name": "PAUD Mawar", "source": "HOT_InAWARESurvey_2017", "osm_type": "node", "osm_id": 4800316716}, "geometry": {"type": "Point", "coordinates": [106.8761949, -6.2385689]}}, {"type": "Feature", "properties": {"addr:city": "DKI Jakarta", "addr:full": "Jalan Cipinang Cempedak II", "amenity": "clinic", "healthcare": "clinic", "name": "Posyandu Mawar", "operator": "Posyandu", "operator:wikidata": "Q12506263", "source": "HOT_InAWARESurvey_2017", "osm_type": "node", "osm_id": 4800316717}, "geometry": {"type": "Point", "coordinates": [106.8761526, -6.2385283]}}, {"type": "Feature", "properties": {"addr:city": "DKI Jakarta", "addr:full": "Jalan Cipinang Cempedak II", "amenity": "kindergarten", "name": "PAUD Flamboyan", "source": "HOT_InAWARESurvey_2017", "osm_type": "node", "osm_id": 4800317251}, "geometry": {"type": "Point", "coordinates": [106.8735636, -6.2386818]}}, {"type": "Feature", "properties": {"addr:city": "DKI Jakarta", "addr:full": "Jalan Cipinang Cempedak II", "amenity": "clinic", "healthcare": "clinic", "name": "Posyandu RW 06", "operator": "Posyandu", "operator:wikidata": "Q12506263", "source": "HOT_InAWARESurvey_2017", "osm_type": "node", "osm_id": 4800317252}, "geometry": {"type": "Point", "coordinates": [106.8735504, -6.2386618]}}, {"type": "Feature", "properties": {"addr:city": "DKI Jakarta", "amenity": "clinic", "healthcare": "clinic", "name": "Posyandu Flamboyan", "operator": "Posyandu", "operator:wikidata": "Q12506263", "source": "HOT_InAWARESurvey_2017", "osm_type": "node", "osm_id": 4800636221}, "geometry": {"type": "Point", "coordinates": [106.868844, -6.2146755]}}, {"type": "Feature", "properties": {"addr:city": "DKI Jakarta", "amenity": "kindergarten", "name": "PAUD Melati", "source": "HOT_InAWARESurvey_2017", "osm_type": "node", "osm_id": 4800639684}, "geometry": {"type": "Point", "coordinates": [106.8755381, -6.2340096]}}, {"type": "Feature", "properties": {"addr:city": "DKI Jakarta", "addr:full": "Jalan Cipinang Pulo Maja", "amenity": "kindergarten", "name": "PAUD Cendrawasih", "source": "HOT_InAWARESurvey_2017", "osm_type": "node", "osm_id": 4807139426}, "geometry": {"type": "Point", "coordinates": [106.8807822, -6.2181836]}}, {"type": "Feature", "properties": {"addr:city": "DKI Jakarta", "addr:full": "Jalan Cipinang Pulo Maja", "amenity": "clinic", "healthcare": "clinic", "name": "Posyandu Cendrawasih", "operator": "Posyandu", "operator:wikidata": "Q12506263", "source": "HOT_InAWARESurvey_2017", "osm_type": "node", "osm_id": 4807139427}, "geometry": {"type": "Point", "coordinates": [106.8807379, -6.2181462]}}, {"type": "Feature", "properties": {"addr:city": "DKI Jakarta", "addr:full": "Jalan Cipinang Pulo Maja", "amenity": "clinic", "healthcare": "clinic", "name": "Posyandu Kepodang", "operator": "Posyandu", "operator:wikidata": "Q12506263", "source": "HOT_InAWARESurvey_2017", "osm_type": "node", "osm_id": 4807139529}, "geometry": {"type": "Point", "coordinates": [106.8783461, -6.2190068]}}, {"type": "Feature", "properties": {"addr:city": "DKI Jakarta", "addr:full": "Jalan Cipinang Pulo Maja", "amenity": "kindergarten", "name": "PAUD Kepodang", "source": "HOT_InAWARESurvey_2017", "osm_type": "node", "osm_id": 4807139530}, "geometry": {"type": "Point", "coordinates": [106.8783286, -6.2189708]}}, {"type": "Feature", "properties": {"addr:city": "DKI Jakarta", "addr:full": "Jalan Bekasi Timur V", "amenity": "kindergarten", "name": "PAUD Cucak Rowo", "operator:type": "community", "source": "HOT_InAWARESurvey_2017", "osm_type": "node", "osm_id": 4807139739}, "geometry": {"type": "Point", "coordinates": [106.876842, -6.2157111]}}, {"type": "Feature", "properties": {"addr:city": "DKI Jakarta", "addr:full": "Jalan Bekasi Timur IV", "amenity": "clinic", "healthcare": "clinic", "name": "Posyandu Pipit", "operator": "Posyandu", "operator:wikidata": "Q12506263", "source": "HOT_InAWARESurvey_2017", "osm_type": "node", "osm_id": 4814991516}, "geometry": {"type": "Point", "coordinates": [106.8758068, -6.2190653]}}, {"type": "Feature", "properties": {"addr:city": "DKI Jakarta", "addr:full": "Jalan Bekasi Timur IV", "amenity": "kindergarten", "name": "PAUD Pipit", "source": "HOT_InAWARESurvey_2017", "osm_type": "node", "osm_id": 4814991517}, "geometry": {"type": "Point", "coordinates": [106.8758011, -6.218972]}}, {"type": "Feature", "properties": {"addr:city": "DKI Jakarta", "amenity": "clinic", "healthcare": "clinic", "name": "Posyandu Camar", "operator": "Posyandu", "operator:type": "community", "operator:wikidata": "Q12506263", "source": "HOT_InAWARESurvey_2017", "osm_type": "node", "osm_id": 4814991722}, "geometry": {"type": "Point", "coordinates": [106.8815875, -6.2201694]}}, {"type": "Feature", "properties": {"addr:city": "DKI Jakarta", "addr:full": "Jalan Cipinang Bali II RT.05 RW 013 No.31", "amenity": "kindergarten", "name": "PAUD & TK Kenangan RW 013", "source": "HOT_InAWARESurvey_2017", "osm_type": "node", "osm_id": 4836392104}, "geometry": {"type": "Point", "coordinates": [106.8915716, -6.237674]}}, {"type": "Feature", "properties": {"addr:city": "DKI Jakarta", "addr:full": "Jalan Cipinang Bali II RT.05 RW 013 No.31", "amenity": "clinic", "healthcare": "clinic", "name": "Posyandu Kenanga RW 013", "operator": "Posyandu", "operator:wikidata": "Q12506263", "source": "HOT_InAWARESurvey_2017", "osm_type": "node", "osm_id": 4836392105}, "geometry": {"type": "Point", "coordinates": [106.8915012, -6.2376313]}}, {"type": "Feature", "properties": {"addr:city": "DKI Jakarta", "addr:full": "Jalan Kesadaran IV", "amenity": "kindergarten", "name": "PAUD Matahari RW 01/VII", "source": "HOT_InAWARESurvey_2017", "osm_type": "node", "osm_id": 4836392383}, "geometry": {"type": "Point", "coordinates": [106.8858726, -6.2349188]}}, {"type": "Feature", "properties": {"addr:city": "DKI Jakarta", "addr:full": "Jalan Kesadaran IV", "amenity": "clinic", "healthcare": "clinic", "name": "Posyandu Matahari RW 01/VII", "operator": "Posyandu", "operator:wikidata": "Q12506263", "source": "HOT_InAWARESurvey_2017", "osm_type": "node", "osm_id": 4836392384}, "geometry": {"type": "Point", "coordinates": [106.8858773, -6.2348528]}}, {"type": "Feature", "properties": {"addr:city": "DKI Jakarta", "addr:full": "Jalan Pembina", "amenity": "kindergarten", "name": "PAUD Flamboyan RW 012", "source": "HOT_InAWARESurvey_2017", "osm_type": "node", "osm_id": 4836459559}, "geometry": {"type": "Point", "coordinates": [106.8832154, -6.2296001]}}, {"type": "Feature", "properties": {"addr:city": "DKI Jakarta", "addr:full": "Jalan Pembina", "amenity": "clinic", "healthcare": "clinic", "name": "Posyandu Flamboyan RW 02", "operator": "Posyandu", "operator:wikidata": "Q12506263", "source": "HOT_InAWARESurvey_2017", "osm_type": "node", "osm_id": 4836459560}, "geometry": {"type": "Point", "coordinates": [106.8832087, -6.2295721]}}, {"type": "Feature", "properties": {"amenity": "community_centre", "name": "Majlis Ta'lim Al-Fath", "osm_type": "node", "osm_id": 4837857922}, "geometry": {"type": "Point", "coordinates": [106.8717752, -6.2279011]}}, {"type": "Feature", "properties": {"addr:city": "DKI Jakarta", "addr:full": "Jalan Cipinang Muara", "amenity": "kindergarten", "name": "PAUD Melati RW 03", "source": "HOT_InAWARESurvey_2017", "osm_type": "node", "osm_id": 4840971453}, "geometry": {"type": "Point", "coordinates": [106.8912123, -6.2252598]}}, {"type": "Feature", "properties": {"addr:city": "DKI Jakarta", "addr:full": "Jalan Cipinang Muara", "amenity": "clinic", "healthcare": "clinic", "name": "Posyandu Melati RW 03", "operator": "Posyandu", "operator:wikidata": "Q12506263", "source": "HOT_InAWARESurvey_2017", "osm_type": "node", "osm_id": 4840972050}, "geometry": {"type": "Point", "coordinates": [106.8912126, -6.2252148]}}, {"type": "Feature", "properties": {"addr:city": "DKI Jakarta", "addr:full": "Jalan Panca Warga III No.42", "amenity": "clinic", "branch": "Jalak", "healthcare": "clinic", "name": "Posyandu", "operator": "Posyandu", "operator:wikidata": "Q12506263", "operator:wikipedia": "id:Pos Pelayanan Terpadu", "source": "HOT_InAWARESurvey_2017", "osm_type": "node", "osm_id": 4841133178}, "geometry": {"type": "Point", "coordinates": [106.8835513, -6.2342758]}}, {"type": "Feature", "properties": {"addr:city": "DKI Jakarta", "addr:full": "Jalan Panca Warga III No.42", "amenity": "kindergarten", "name": "PAUD Jalak", "source": "HOT_InAWARESurvey_2017", "osm_type": "node", "osm_id": 4841133179}, "geometry": {"type": "Point", "coordinates": [106.8834757, -6.2342434]}}, {"type": "Feature", "properties": {"addr:city": "DKI Jakarta", "addr:full": "Jalan Panca Warga Satu Pojok", "amenity": "kindergarten", "name": "PAUD Perkutut", "operator:type": "community", "source": "HOT_InAWARESurvey_2017", "osm_type": "node", "osm_id": 4841133531}, "geometry": {"type": "Point", "coordinates": [106.8808315, -6.2392199]}}, {"type": "Feature", "properties": {"addr:city": "DKI Jakarta", "addr:full": "Jalan Panca Warga Satu Pojok", "amenity": "clinic", "healthcare": "clinic", "name": "Posyandu Perkutut", "operator": "Posyandu", "operator:type": "community", "operator:wikidata": "Q12506263", "source": "HOT_InAWARESurvey_2017", "osm_type": "node", "osm_id": 4841133532}, "geometry": {"type": "Point", "coordinates": [106.8808492, -6.2391849]}}, {"type": "Feature", "properties": {"addr:city": "DKI Jakarta", "addr:full": "Jalan Pancawarga II No.1", "amenity": "kindergarten", "name": "BKB PAUD Cucak Rowo I", "operator:type": "community", "source": "HOT_InAWARESurvey_2017", "osm_type": "node", "osm_id": 4841133534}, "geometry": {"type": "Point", "coordinates": [106.8804224, -6.2352194]}}, {"type": "Feature", "properties": {"addr:city": "DKI Jakarta", "addr:full": "Jalan Pancawarga II No.1", "amenity": "clinic", "healthcare": "clinic", "name": "Posyandu Cucak Rowo I", "operator": "Posyandu", "operator:type": "community", "operator:wikidata": "Q12506263", "source": "HOT_InAWARESurvey_2017", "osm_type": "node", "osm_id": 4841133535}, "geometry": {"type": "Point", "coordinates": [106.8804134, -6.2351824]}}, {"type": "Feature", "properties": {"addr:city": "DKI Jakarta", "addr:full": "Jalan Pancawarga IV RT.006/04", "amenity": "clinic", "healthcare": "clinic", "name": "Posyandu RW 04", "operator": "Posyandu", "operator:wikidata": "Q12506263", "source": "HOT_InAWARESurvey_2017", "osm_type": "node", "osm_id": 4841191988}, "geometry": {"type": "Point", "coordinates": [106.8825611, -6.2355644]}}, {"type": "Feature", "properties": {"addr:city": "DKI Jakarta", "addr:full": "Jalan Panca Warga Satu RT.002 RW 03", "amenity": "clinic", "healthcare": "clinic", "name": "Posyandu Srigunting", "operator": "Posyandu", "operator:wikidata": "Q12506263", "source": "HOT_InAWARESurvey_2017", "osm_type": "node", "osm_id": 4841192479}, "geometry": {"type": "Point", "coordinates": [106.8805227, -6.2344789]}}, {"type": "Feature", "properties": {"addr:city": "DKI Jakarta", "addr:full": "Jalan Panca Warga Satu RT.002 RW 03", "amenity": "kindergarten", "name": "PAUD Srigunting", "source": "HOT_InAWARESurvey_2017", "osm_type": "node", "osm_id": 4841192480}, "geometry": {"type": "Point", "coordinates": [106.8804918, -6.2344562]}}, {"type": "Feature", "properties": {"addr:city": "DKI Jakarta", "amenity": "kindergarten", "name": "PAUD Kutilang 1 dan 2", "source": "HOT_InAWARESurvey_2017", "osm_type": "node", "osm_id": 4841892472}, "geometry": {"type": "Point", "coordinates": [106.8774556, -6.2271679]}}, {"type": "Feature", "properties": {"addr:city": "DKI Jakarta", "amenity": "clinic", "healthcare": "clinic", "name": "Posyandu Kutilang 1", "operator": "Posyandu", "operator:wikidata": "Q12506263", "source": "HOT_InAWARESurvey_2017", "osm_type": "node", "osm_id": 4841892473}, "geometry": {"type": "Point", "coordinates": [106.8774208, -6.2271532]}}, {"type": "Feature", "properties": {"addr:city": "DKI Jakarta", "addr:full": "Jalan Cipinang Besar Selatan No.2", "amenity": "school", "name": "SMK Pelayaran Bimasakti", "operator:type": "private", "school:type_idn": "sma", "source": "HOT_InAWARESurvey_2017", "osm_type": "node", "osm_id": 4841892497}, "geometry": {"type": "Point", "coordinates": [106.8768763, -6.2256423]}}, {"type": "Feature", "properties": {"addr:city": "DKI Jakarta", "addr:full": "Jalan Cipinang Jaya DD", "amenity": "clinic", "healthcare": "clinic", "name": "Posyandu Rajawali", "operator": "Posyandu", "operator:wikidata": "Q12506263", "source": "HOT_InAWARESurvey_2017", "osm_type": "node", "osm_id": 4841892974}, "geometry": {"type": "Point", "coordinates": [106.8836693, -6.2236602]}}, {"type": "Feature", "properties": {"addr:city": "DKI Jakarta", "addr:full": "Jalan Cipinang Jaya DD", "amenity": "kindergarten", "name": "PAUD Rajawali", "source": "HOT_InAWARESurvey_2017", "osm_type": "node", "osm_id": 4841892975}, "geometry": {"type": "Point", "coordinates": [106.8835996, -6.2236182]}}, {"type": "Feature", "properties": {"addr:city": "DKI Jakarta", "addr:full": "Jalan Cipinang Jaya I", "amenity": "clinic", "healthcare": "clinic", "name": "Posyandu Gelatik", "operator": "Posyandu", "operator:wikidata": "Q12506263", "source": "HOT_InAWARESurvey_2017", "osm_type": "node", "osm_id": 4841893145}, "geometry": {"type": "Point", "coordinates": [106.8855902, -6.220844]}}, {"type": "Feature", "properties": {"addr:city": "DKI Jakarta", "addr:full": "Jalan Basuki Rahmat", "amenity": "clinic", "healthcare": "clinic", "name": "Posyandu Beo", "operator": "Posyandu", "operator:wikidata": "Q12506263", "source": "HOT_InAWARESurvey_2017", "osm_type": "node", "osm_id": 4842721682}, "geometry": {"type": "Point", "coordinates": [106.8790115, -6.2258615]}}, {"type": "Feature", "properties": {"addr:city": "DKI Jakarta", "addr:full": "Jalan Cipinang Besar Selatan No.2", "amenity": "school", "name": "SMK Multimedi Nusantara", "operator:type": "private", "school:type_idn": "sma", "source": "HOT_InAWARESurvey_2017", "osm_type": "node", "osm_id": 4842721735}, "geometry": {"type": "Point", "coordinates": [106.8767931, -6.2257363]}}, {"type": "Feature", "properties": {"addr:city": "DKI Jakarta", "addr:full": "Jalan Cipinang Besar Selatan No.2", "amenity": "college", "name": "Akademik Manajemen Informasi dan Komunikasi", "operator:type": "private", "source": "HOT_InAWARESurvey_2017", "osm_type": "node", "osm_id": 4842721737}, "geometry": {"type": "Point", "coordinates": [106.8767965, -6.225571]}}, {"type": "Feature", "properties": {"addr:city": "DKI Jakarta", "addr:full": "Jalan Cipinang Jaya I", "amenity": "kindergarten", "name": "PAUD Gelatik", "source": "HOT_InAWARESurvey_2017", "osm_type": "node", "osm_id": 4842722085}, "geometry": {"type": "Point", "coordinates": [106.8855566, -6.2207908]}}, {"type": "Feature", "properties": {"addr:city": "DKI Jakarta", "addr:full": "Jalan BB", "amenity": "kindergarten", "name": "PAUD Melati RW 04", "source": "HOT_InAWARESurvey_2017", "osm_type": "node", "osm_id": 4842849219}, "geometry": {"type": "Point", "coordinates": [106.8899088, -6.2209136]}}, {"type": "Feature", "properties": {"addr:city": "DKI Jakarta", "addr:full": "Jalan BB", "amenity": "clinic", "healthcare": "clinic", "name": "Posyandu Melati RW 04", "operator": "Posyandu", "operator:wikidata": "Q12506263", "source": "HOT_InAWARESurvey_2017", "osm_type": "node", "osm_id": 4842849220}, "geometry": {"type": "Point", "coordinates": [106.8898525, -6.2208896]}}, {"type": "Feature", "properties": {"addr:city": "DKI Jakarta", "addr:full": "Jalan Batas", "amenity": "kindergarten", "name": "PAUD Wijaya Kusuma RW 08", "source": "HOT_InAWARESurvey_2017", "osm_type": "node", "osm_id": 4842849638}, "geometry": {"type": "Point", "coordinates": [106.8930574, -6.2177109]}}, {"type": "Feature", "properties": {"addr:city": "DKI Jakarta", "addr:full": "Jalan Batas", "amenity": "clinic", "healthcare": "clinic", "name": "Posyandu Wijaya Kusuma RW 08", "operator": "Posyandu", "operator:wikidata": "Q12506263", "source": "HOT_InAWARESurvey_2017", "osm_type": "node", "osm_id": 4842849639}, "geometry": {"type": "Point", "coordinates": [106.8930567, -6.2176742]}}, {"type": "Feature", "properties": {"addr:city": "DKI Jakarta", "addr:full": "Jalan I Gusti Ngurah Rai RT 008/06", "amenity": "kindergarten", "name": "PAUD Flamboyan RW 06", "source": "HOT_InAWARESurvey_2017", "osm_type": "node", "osm_id": 4842977771}, "geometry": {"type": "Point", "coordinates": [106.8900988, -6.213799]}}, {"type": "Feature", "properties": {"addr:city": "DKI Jakarta", "addr:full": "Jalan Cipinang Muara Ilir 3 rt.001 rw.05", "amenity": "kindergarten", "name": "PAUD Flamboyan RW 05", "source": "HOT_InAWARESurvey_2017", "osm_type": "node", "osm_id": 4842977778}, "geometry": {"type": "Point", "coordinates": [106.8943152, -6.2149473]}}, {"type": "Feature", "properties": {"addr:city": "DKI Jakarta", "addr:full": "Jalan Cipinang Muara Ilir 3 rt.001 rw.05", "amenity": "clinic", "healthcare": "clinic", "name": "Posyandu Flamboyan II RW 05", "operator": "Posyandu", "operator:wikidata": "Q12506263", "source": "HOT_InAWARESurvey_2017", "osm_type": "node", "osm_id": 4842977779}, "geometry": {"type": "Point", "coordinates": [106.8943347, -6.2149066]}}, {"type": "Feature", "properties": {"addr:city": "DKI Jakarta", "addr:full": "Jalan Masjid Cipinang Jaya CC No.44", "amenity": "kindergarten", "name": "TK BPS&K Pembangunan III", "operator:type": "private", "source": "HOT_InAWARESurvey_2017", "osm_type": "node", "osm_id": 4856882036}, "geometry": {"type": "Point", "coordinates": [106.8817271, -6.2220072]}}, {"type": "Feature", "properties": {"addr:city": "DKI Jakarta", "addr:full": "Jalan Cipinang Lontar I", "amenity": "kindergarten", "name": "PAUD Menur RW 09", "operator:type": "community", "source": "HOT_InAWARESurvey_2017", "osm_type": "node", "osm_id": 4871540324}, "geometry": {"type": "Point", "coordinates": [106.8914378, -6.2129253]}}, {"type": "Feature", "properties": {"addr:city": "DKI Jakarta", "addr:full": "Jalan Cipinang Lontar I", "amenity": "clinic", "healthcare": "clinic", "name": "Posyandu Menur RW 09", "operator": "Posyandu", "operator:type": "community", "operator:wikidata": "Q12506263", "source": "HOT_InAWARESurvey_2017", "osm_type": "node", "osm_id": 4871540325}, "geometry": {"type": "Point", "coordinates": [106.8914196, -6.212916]}}, {"type": "Feature", "properties": {"amenity": "university", "name": "ST Bahasa Asing", "osm_type": "node", "osm_id": 6728983357}, "geometry": {"type": "Point", "coordinates": [106.8668375, -6.2231786]}}, {"type": "Feature", "properties": {"amenity": "marketplace", "name": "Pertokoan Ps.Waru", "osm_type": "node", "osm_id": 8413825387}, "geometry": {"type": "Point", "coordinates": [106.8660262, -6.2240175]}}, {"type": "Feature", "properties": {"amenity": "college", "name": "Politeknik Statistika STIS", "osm_type": "node", "osm_id": 11009751307}, "geometry": {"type": "Point", "coordinates": [106.8668213, -6.2314595]}}, {"type": "Feature", "properties": {"amenity": "shelter", "name": "Pangkalan Ojek Grab Otista Raya", "shelter_type": "public_transport", "osm_type": "node", "osm_id": 11010459577}, "geometry": {"type": "Point", "coordinates": [106.8671159, -6.2301912]}}, {"type": "Feature", "properties": {"amenity": "hospital", "healthcare": "hospital", "name": "RS HERMINA JATINEGARA", "operator": "RS HERMINA JATINEGARA", "osm_type": "node", "osm_id": 11879130107}, "geometry": {"type": "Point", "coordinates": [106.8644361, -6.2215235]}}, {"type": "Feature", "properties": {"amenity": "hospital", "healthcare": "hospital", "name": "RS PENGAYOMAN CIPINANG", "operator": "RS PENGAYOMAN CIPINANG", "osm_type": "node", "osm_id": 11879157183}, "geometry": {"type": "Point", "coordinates": [106.8837596, -6.2149417]}}, {"type": "Feature", "properties": {"addr:city": "Jakarta Timur", "addr:district": "Jatinegara", "addr:housename": "Apotek K-24", "addr:housenumber": "54", "addr:neighbourhood": "3", "addr:postcode": "13330", "addr:province": "DKI Jakarta", "addr:street": "Jalan Otto Iskandar Dinata", "addr:subdistrict": "Bidara Cina", "amenity": "pharmacy", "brand": "Apotek K-24", "brand:wikidata": "Q56390232", "healthcare": "pharmacy", "name": "Apotek K-24", "opening_hours": "24/7", "osm_type": "node", "osm_id": 13715385615}, "geometry": {"type": "Point", "coordinates": [106.8670802, -6.2296661]}}, {"type": "Feature", "properties": {"access:roof": "yes", "addr:city": "DKI Jakarta", "addr:full": "Jalan Otista No.64 C", "amenity": "place_of_worship", "backup_generator": "yes", "building": "mosque", "building:condition": "good", "building:levels": "2", "building:roof": "concrete", "building:structure": "confined_masonry", "building:use": "place_of_worship", "building:walls": "brick", "buildings:floor": "ceramics", "capacity": "250-500", "evacuation_center": "no", "flood_prone": "no", "name": "Masjid Al Hasanah", "opening_hours": "24/7", "religion": "muslim", "source": "HOT_InAWARESurvey_2017", "osm_type": "way", "osm_id": 119772389}, "geometry": {"type": "Polygon", "coordinates": [[[106.8668392, -6.231639], [106.8668486, -6.231749], [106.8669926, -6.231737], [106.8669833, -6.231627], [106.8668392, -6.231639]]]}}, {"type": "Feature", "properties": {"access:roof": "yes", "addr:city": "DKI Jakarta", "addr:full": "Jalan Basuki Rahmat", "amenity": "place_of_worship", "backup_generator": "no", "building": "mosque", "building:floor": "ceramics", "building:levels": "2", "building:roof": "concrete", "building:structure": "confined_masonry", "building:walls": "concrete", "capacity:persons": "100-250", "name": "Masjid Jami' Al Insaniyyah", "religion": "muslim", "source": "HOT_InAWARESurvey_2017", "osm_type": "way", "osm_id": 119777448}, "geometry": {"type": "Polygon", "coordinates": [[[106.8693438, -6.2242993], [106.8693726, -6.2242962], [106.8693726, -6.2242947], [106.869447, -6.2242907], [106.8694511, -6.2243654], [106.8693954, -6.2243684], [106.869398, -6.2243927], [106.8693283, -6.2244003], [106.8693028, -6.2244547], [106.8692352, -6.2244233], [106.8692233, -6.2244484], [106.8690728, -6.2243793], [106.8691386, -6.224202], [106.8693034, -6.2242799], [106.8693031, -6.2242805], [106.8693438, -6.2242993]]]}}, {"type": "Feature", "properties": {"access:roof": "no", "addr:full": "Jalan Otista III RT 01/08", "amenity": "clinic", "building": "clinic", "building:levels": "2", "building:roof": "tile", "building:structure": "reinforced_masonry", "building:use": "medical", "building:walls": "brick", "capacity:persons": "30", "healthcare": "clinic", "name": "Klinik Juni Tjahyawati", "operator:type": "private", "rooms": "5", "osm_type": "way", "osm_id": 120494412}, "geometry": {"type": "Polygon", "coordinates": [[[106.8702898, -6.2318055], [106.870411, -6.2318017], [106.8704199, -6.2320829], [106.8702987, -6.2320867], [106.8702898, -6.2318055]]]}}, {"type": "Feature", "properties": {"amenity": "doctors", "building": "yes", "building:levels": "1", "building:roof": "tile", "building:structure": "plastered", "building:use": "medical", "building:walls": "brick", "healthcare": "doctor", "name": "Zam-Zam Medical Center", "osm_type": "way", "osm_id": 120494414}, "geometry": {"type": "Polygon", "coordinates": [[[106.8678333, -6.2344515], [106.8680559, -6.2344219], [106.8680698, -6.2345743], [106.867857, -6.2346041], [106.8678333, -6.2344515]]]}}, {"type": "Feature", "properties": {"access:roof": "no", "addr:city": "DKI Jakarta", "addr:full": "Jl. Matraman Raya No.220, RT.3/RW.6,   Kelurahan Bali Mester   Kecamatan Jatinegara   Kota Jakarta Timur   Daerah Khusus Ibukota Jakarta 13310", "addr:housenumber": "220", "addr:postcode": "13310", "addr:street": "Jalan Matraman", "amenity": "clinic", "backup_generator": "yes", "building": "clinic", "building:condition": "good", "building:floor": "ceramics", "building:levels": "3", "building:roof": "tile", "building:structure": "confined_masonry", "building:walls": "brick", "capacity:persons": "250-500", "email": "jatinegarapuskesmas@gmail.com", "emergency": "yes", "healthcare": "clinic", "healthcare:speciality": "general", "name": "Puskesmas Kecamatan Jatinegara", "operator": "Ministry of Health", "operator:en": "Ministry of Health", "operator:id": "Kementerian Kesehatan", "operator:type": "government", "operator:wikidata": "Q12490745", "phone": "+62 21 8191986", "source": "HOT_InAWARESurvey_2017", "osm_type": "way", "osm_id": 120495762}, "geometry": {"type": "Polygon", "coordinates": [[[106.8623429, -6.214015], [106.8625159, -6.2141076], [106.8623915, -6.2143374], [106.8623308, -6.2143049], [106.8622529, -6.2144487], [106.8621405, -6.2143886], [106.8623429, -6.214015]]]}}, {"type": "Feature", "properties": {"amenity": "pharmacy", "backup_generator": "no", "building": "clinic", "building:floor": "ceramics", "building:levels": "1", "building:roof": "tile", "building:structure": "plastered", "building:use": "medical", "building:walls": "brick", "evacuation_center": "no", "flood_prone": "yes", "healthcare": "pharmacy", "name": "Klinik Abdi Farma", "operator:type": "private", "osm_type": "way", "osm_id": 120495766}, "geometry": {"type": "Polygon", "coordinates": [[[106.8669629, -6.2280719], [106.8670238, -6.2280713], [106.8670245, -6.2281299], [106.8669636, -6.2281306], [106.8669629, -6.2280719]]]}}, {"type": "Feature", "properties": {"access:roof": "no", "addr:city": "DKI Jakarta", "addr:full": "Jalan Otista No. 26 A", "amenity": "clinic", "backup_generator": "no", "building": "clinic", "building:condition": "good", "building:levels": "2", "building:roof": "concrete", "building:structure": "confined_masonry", "building:use": "medical", "building:walls": "brick", "buildings:floor": "ceramics", "capacity": "50-100", "evacuation_center": "no", "flood_prone": "yes", "healthcare": "clinic", "name": "Klinik Otista", "operator:type": "private", "source": "HOT_InAWARESurvey_2017", "osm_type": "way", "osm_id": 120495768}, "geometry": {"type": "Polygon", "coordinates": [[[106.8669221, -6.2272806], [106.8670319, -6.227279], [106.8670325, -6.2273253], [106.8669228, -6.2273269], [106.8669221, -6.2272806]]]}}, {"type": "Feature", "properties": {"amenity": "hospital", "building": "hospital", "building:levels": "2", "building:roof": "tile", "building:structure": "plastered", "building:use": "medical", "building:walls": "brick", "evacuation_center": "no", "flood_prone": "no", "healthcare": "hospital", "name": "Rumah Sakit Bersalin Bidara Mulia", "osm_type": "way", "osm_id": 120495770}, "geometry": {"type": "Polygon", "coordinates": [[[106.8669435, -6.2306248], [106.8670098, -6.2306262], [106.8670087, -6.2306794], [106.8669424, -6.230678], [106.8669435, -6.2306248]]]}}, {"type": "Feature", "properties": {"access:roof": "no", "addr:city": "DKI Jakarta", "addr:full": "Jalan Otto Iskandardinata Raya", "amenity": "police", "backup_generator": "no", "building": "police", "building:condition": "good", "building:levels": "2", "building:roof": "tile", "building:structure": "confined_masonry", "building:use": "government", "building:walls": "brick", "buildings:floor": "ceramics", "capacity": "250-500", "name": "Polsek Jatinegara", "source": "HOT_InAWARESurvey_2017", "osm_type": "way", "osm_id": 120531224}, "geometry": {"type": "Polygon", "coordinates": [[[106.8681254, -6.2436735], [106.8681529, -6.2436206], [106.8683438, -6.2437187], [106.868258, -6.2438835], [106.86817, -6.2438382], [106.8682282, -6.2437263], [106.8681254, -6.2436735]]]}}, {"type": "Feature", "properties": {"access:roof": "no", "addr:city": "DKI Jakarta", "addr:full": "Jalan Jatinegara Timur", "amenity": "school", "backup_generator": "no", "building": "school", "building:condition": "good", "building:floor": "ceramics", "building:levels": "3", "building:roof": "tile", "building:structure": "plastered", "building:use": "education", "building:walls": "brick", "capacity:persons": ">500", "name": "SMA YAKE", "operator:type": "private", "school:type_idn": "sma", "source": "HOT_InAWARESurvey_2017", "osm_type": "way", "osm_id": 120983739}, "geometry": {"type": "Polygon", "coordinates": [[[106.8684237, -6.2206421], [106.8687651, -6.220639], [106.8687651, -6.220529], [106.8688777, -6.2205275], [106.8688804, -6.220639], [106.868884, -6.2207542], [106.8684239, -6.2207536], [106.8684237, -6.2206421]]]}}, {"type": "Feature", "properties": {"access:roof": "yes", "addr:city": "DKI Jakarta", "addr:full": "Jalan D.I. Panjaitan Kav.12", "amenity": "college", "backup_generator": "yes", "building": "college", "building:condition": "good", "building:floor": "ceramics", "building:levels": "2", "building:roof": "concrete", "building:structure": "confined_masonry", "building:use": "commercial", "building:walls": "concrete", "capacity:persons": ">500", "email": "info@sttsaptataruna.ac.id", "internet_access": "wlan", "name": "Sekolah Tinggi Teknologi Sapta Taruna", "operator:type": "private", "source": "HOT_InAWARESurvey_2017", "osm_type": "way", "osm_id": 121195908}, "geometry": {"type": "Polygon", "coordinates": [[[106.8767467, -6.2410448], [106.8767866, -6.2409402], [106.8768369, -6.2409592], [106.8768983, -6.240798], [106.876848, -6.240779], [106.8768898, -6.2406692], [106.8772067, -6.2407886], [106.8771649, -6.2408984], [106.8771035, -6.2410596], [106.8770636, -6.2411641], [106.8767467, -6.2410448]]]}}, {"type": "Feature", "properties": {"access:roof": "no", "addr:city": "DKI Jakarta", "addr:full": "Jalan Kebon Pala I", "amenity": "school", "backup_generator": "no", "building": "school", "building:condition": "good", "building:levels": "4", "building:roof": "tile", "building:structure": "confined_masonry", "building:walls": "brick", "capacity:persons": "250-500", "evacuation_center": "yes", "flood_prone": "no", "kitchen:facilities": "no", "name": "SMP Negeri 26 Jakarta", "operator:type": "government", "school:type_idn": "smp", "shelter_type": "building", "source": "HOT_InAWARESurvey_2017", "toilet:facilities": "yes", "toilets:number": "2", "water_source": "water_works", "osm_type": "way", "osm_id": 153303452}, "geometry": {"type": "Polygon", "coordinates": [[[106.8598146, -6.215067], [106.8597173, -6.214738], [106.8598442, -6.2147009], [106.8599807, -6.2151623], [106.8598538, -6.2151994], [106.859839, -6.2151494], [106.8598029, -6.2151611], [106.8597764, -6.2150793], [106.8598146, -6.215067]]]}}, {"type": "Feature", "properties": {"access:roof": "no", "addr:city": "DKI Jakarta", "addr:full": "Jalan Prumpung Tengah", "amenity": "place_of_worship", "backup_generator": "no", "building": "mosque", "building:condition": "good", "building:floor": "ceramics", "building:levels": "2", "building:roof": "concrete", "building:structure": "confined_masonry", "building:walls": "concrete", "capacity:persons": "250-500", "name": "Masjid Jami Hayatul Islam", "religion": "muslim", "source": "HOT_InAWARESurvey_2017", "osm_type": "way", "osm_id": 155584074}, "geometry": {"type": "Polygon", "coordinates": [[[106.877358, -6.220294], [106.8774883, -6.2203219], [106.8775612, -6.2203376], [106.8774987, -6.2206252], [106.8772955, -6.2205816], [106.877358, -6.220294]]]}}, {"type": "Feature", "properties": {"addr:full": "JL Bekasi Barat Raya", "amenity": "police", "building": "police", "building:levels": "1", "building:roof": "tile", "building:structure": "unreinforced_masonry", "building:walls": "brick", "name": "Pos Polisi Rawa Bening", "osm_type": "way", "osm_id": 155929944}, "geometry": {"type": "Polygon", "coordinates": [[[106.869799, -6.215649], [106.8699543, -6.2156347], [106.8699467, -6.2155541], [106.869856, -6.2155625], [106.8697914, -6.2155685], [106.869799, -6.215649]]]}}, {"type": "Feature", "properties": {"access:roof": "no", "addr:city": "DKI Jakarta", "addr:full": "Jalan Jatinegara Timur IV", "amenity": "clinic", "backup_generator": "yes", "building": "clinic", "building:condition": "good", "building:floor": "ceramics", "building:levels": "3", "building:roof": "tile", "building:structure": "confined_masonry", "building:walls": "concrete", "capacity:persons": "100-250", "healthcare": "clinic", "name": "Puskesmas Kelurahan Rawa Bunga", "operator": "Ministry of Health", "operator:en": "Ministry of Health", "operator:id": "Kementerian Kesehatan", "operator:type": "government", "operator:wikidata": "Q12490745", "source": "HOT_InAWARESurvey_2017", "osm_type": "way", "osm_id": 155929945}, "geometry": {"type": "Polygon", "coordinates": [[[106.8701136, -6.2212717], [106.8702673, -6.2212702], [106.8702703, -6.2213675], [106.8701136, -6.221369], [106.8701136, -6.2212717]]]}}, {"type": "Feature", "properties": {"access:roof": "no", "addr:city": "DKI Jakarta", "addr:full": "Jalan Bekasi Timur IX No. 4", "amenity": "school", "backup_generator": "no", "building": "school", "building:condition": "good", "building:floor": "ceramics", "building:levels": "2", "building:roof": "tile", "building:structure": "confined_masonry", "building:walls": "brick", "capacity:persons": ">500", "name": "SD Negeri Rawa Bunga 01 dan 03 Pagi", "operator:type": "government", "school:type_idn": "sd", "source": "HOT_InAWARESurvey_2017", "osm_type": "way", "osm_id": 155929946}, "geometry": {"type": "Polygon", "coordinates": [[[106.8716936, -6.2161145], [106.8723256, -6.2160824], [106.8723428, -6.2164171], [106.872247, -6.2164219], [106.8722366, -6.2162193], [106.8718038, -6.2162413], [106.8718144, -6.2164484], [106.871711, -6.2164537], [106.8716936, -6.2161145]]]}}, {"type": "Feature", "properties": {"addr:city": "DKI Jakarta", "addr:full": "Jalan Jatinegara Timur", "amenity": "hospital", "healthcare": "hospital", "name": "RS Premier Jatinegara", "operator": "RS PREMIER JATINEGARA", "operator:type": "private", "source": "HOT_InAWARESurvey_2017", "osm_type": "way", "osm_id": 155931564}, "geometry": {"type": "Polygon", "coordinates": [[[106.8682316, -6.2213618], [106.8682376, -6.2216785], [106.8682408, -6.2218759], [106.8684997, -6.2218797], [106.8685177, -6.2219752], [106.8691194, -6.2219125], [106.8692123, -6.2220965], [106.8694417, -6.2220246], [106.8693283, -6.2216455], [106.8692766, -6.2214724], [106.8692306, -6.2212847], [106.8682316, -6.2213618]]]}}, {"type": "Feature", "properties": {"access:roof": "no", "addr:city": "DKI Jakarta", "addr:full": "Jalan Kemuning", "amenity": "place_of_worship", "backup_generator": "no", "building": "mosque", "building:condition": "good", "building:floor": "ceramics", "building:levels": "1", "building:roof": "tile", "building:structure": "confined_masonry", "building:walls": "brick", "capacity:persons": "100-250", "name": "Masjid Jami' Al-Barokah", "religion": "muslim", "source": "HOT_InAWARESurvey_2017", "osm_type": "way", "osm_id": 155933432}, "geometry": {"type": "Polygon", "coordinates": [[[106.8631296, -6.2118784], [106.8632839, -6.2119595], [106.8632337, -6.2120537], [106.8630795, -6.2119726], [106.8631296, -6.2118784]]]}}, {"type": "Feature", "properties": {"addr:full": "JL Baru RT 13 RW 06, Kelurahan Rawa Bunga", "amenity": "place_of_worship", "building": "mosque", "building:levels": "2", "building:roof": "tile", "building:structure": "reinforced_masonry", "building:walls": "brick", "capacity:persons": "200", "name": "Masjid As'Saadah", "religion": "muslim", "osm_type": "way", "osm_id": 155933433}, "geometry": {"type": "Polygon", "coordinates": [[[106.8727088, -6.2238994], [106.872781, -6.2238973], [106.872781, -6.2238086], [106.8727067, -6.223817], [106.8727088, -6.2238994]]]}}, {"type": "Feature", "properties": {"access:roof": "no", "addr:city": "DKI Jakarta", "addr:full": "Jalan Bekasi Barat III", "amenity": "place_of_worship", "backup_generator": "no", "building": "mosque", "building:condition": "good", "building:floor": "ceramics", "building:levels": "2", "building:roof": "tile", "building:structure": "confined_masonry", "building:walls": "brick", "capacity:persons": "100-250", "name": "Masjid Nurul Islam", "religion": "muslim", "source": "HOT_InAWARESurvey_2017", "osm_type": "way", "osm_id": 155933435}, "geometry": {"type": "Polygon", "coordinates": [[[106.8679331, -6.2175318], [106.8680387, -6.217694], [106.8681312, -6.2177106], [106.8682438, -6.2177068], [106.8682502, -6.2175552], [106.8680097, -6.2174004], [106.8679331, -6.2175318]]]}}, {"type": "Feature", "properties": {"access:roof": "no", "addr:city": "DKI Jakarta", "addr:full": "Jalan Jatinegara Barat IV", "amenity": "school", "backup_generator": "no", "building": "school", "building:condition": "good", "building:floor": "ceramics", "building:levels": "4", "building:roof": "tile", "building:structure": "confined_masonry", "building:walls": "brick", "capacity:persons": "250-500", "height": "12", "name": "SD Negeri Balimester 06", "operator:type": "government", "school:type_idn": "sd", "source": "HOT_InAWARESurvey_2017", "osm_type": "way", "osm_id": 155934361}, "geometry": {"type": "Polygon", "coordinates": [[[106.866465, -6.2223688], [106.8664718, -6.2224334], [106.8664486, -6.2224358], [106.8664593, -6.2225377], [106.8666309, -6.2225199], [106.8666315, -6.2224856], [106.8668915, -6.222464], [106.8668731, -6.2223264], [106.866465, -6.2223688]]]}}, {"type": "Feature", "properties": {"access:roof": "no", "addr:city": "DKI Jakarta", "addr:full": "Jalan Matraman Raya No.126", "amenity": "place_of_worship", "backup_generator": "yes", "building": "church", "building:condition": "good", "building:floor": "ceramics", "building:levels": "2", "building:roof": "tile", "building:structure": "confined_masonry", "building:walls": "brick", "capacity:persons": "250-500", "name": "GPIB Koinonia", "religion": "christian", "source": "HOT_InAWARESurvey_2017", "osm_type": "way", "osm_id": 155935202}, "geometry": {"type": "Polygon", "coordinates": [[[106.8618048, -6.2139293], [106.8617017, -6.2137841], [106.8618048, -6.2136702], [106.8620483, -6.2138553], [106.861928, -6.2140688], [106.8618048, -6.2139293]]]}}, {"type": "Feature", "properties": {"access:roof": "yes", "addr:city": "DKI Jakarta", "addr:full": "Jalan Otista I No.11", "amenity": "school", "backup_generator": "yes", "building": "school", "building:condition": "good", "building:levels": "3", "building:roof": "concrete", "building:structure": "confined_masonry", "building:walls": "brick", "capacity:persons": ">500", "name": "TK, SD, SMP, SMA, SMK Cahaya Sakti", "operator:type": "private", "school:type_idn": "sd,smp,sma", "source": "HOT_InAWARESurvey_2017", "osm_type": "way", "osm_id": 155945069}, "geometry": {"type": "Polygon", "coordinates": [[[106.868188, -6.2253383], [106.868196, -6.2255954], [106.8691022, -6.2255676], [106.869094, -6.2253022], [106.8685884, -6.2253177], [106.8685927, -6.2254588], [106.8683962, -6.2254649], [106.8683921, -6.2253321], [106.868188, -6.2253383]]]}}, {"type": "Feature", "properties": {"amenity": "school", "name": "SD-SMP-SMA Kristen \"Berkat\"", "type:id": "SD", "osm_type": "way", "osm_id": 155945070}, "geometry": {"type": "Polygon", "coordinates": [[[106.8687937, -6.221301], [106.868778, -6.2212052], [106.8688822, -6.2211923], [106.8688822, -6.2211431], [106.8691399, -6.2211198], [106.8691452, -6.2211742], [106.8689993, -6.2211897], [106.8690072, -6.2212803], [106.8687937, -6.221301]]]}}, {"type": "Feature", "properties": {"access:roof": "no", "addr:city": "DKI Jakarta", "addr:full": "Jalan Matraman Raya No.226", "amenity": "school", "backup_generator": "no", "building": "school", "building:condition": "good", "building:floor": "ceramics", "building:levels": "3", "building:roof": "tile", "building:structure": "confined_masonry", "building:walls": "brick", "capacity:persons": ">500", "height": "9", "name": "SD Negeri Balimester 01", "operator:type": "government", "school:type_idn": "sd", "source": "HOT_InAWARESurvey_2017", "osm_type": "way", "osm_id": 155945922}, "geometry": {"type": "Polygon", "coordinates": [[[106.8636553, -6.2145997], [106.8636462, -6.2149947], [106.8637605, -6.2149973], [106.8637696, -6.2146023], [106.8636553, -6.2145997]]]}}, {"type": "Feature", "properties": {"access:roof": "no", "addr:city": "DKI Jakarta", "addr:full": "Jalan Jend Urip Sumoharjo", "amenity": "place_of_worship", "backup_generator": "no", "building": "mosque", "building:condition": "good", "building:floor": "ceramics", "building:levels": "1", "building:roof": "tile", "building:structure": "confined_masonry", "building:walls": "brick", "capacity:persons": "100-250", "name": "Masjid Jami' Al Hikmah", "religion": "muslim", "source": "HOT_InAWARESurvey_2017", "osm_type": "way", "osm_id": 155949205}, "geometry": {"type": "Polygon", "coordinates": [[[106.8636137, -6.2135007], [106.8635745, -6.2136331], [106.863705, -6.2136713], [106.8637442, -6.2135389], [106.8636137, -6.2135007]]]}}, {"type": "Feature", "properties": {"access:roof": "no", "addr:city": "DKI Jakarta", "addr:full": "Jalan Matraman Raya No. 224", "amenity": "police", "backup_generator": "yes", "building": "police", "building:condition": "good", "building:floor": "ceramics", "building:levels": "5", "building:roof": "concrete", "building:structure": "confined_masonry", "building:walls": "concrete", "capacity:persons": ">500", "height": "15", "name": "Polres Metropolitan Jakarta Timur", "source": "HOT_InAWARESurvey_2017", "osm_type": "way", "osm_id": 155950048}, "geometry": {"type": "Polygon", "coordinates": [[[106.8628429, -6.2144176], [106.8627135, -6.2146853], [106.8629113, -6.2147799], [106.8629438, -6.2147126], [106.8629941, -6.2147366], [106.8631333, -6.2144487], [106.8628852, -6.2143301], [106.8628429, -6.2144176]]]}}, {"type": "Feature", "properties": {"access:roof": "no", "addr:city": "DKI Jakarta", "addr:full": "Jalan Kebon Pala I No.2", "amenity": "clinic", "backup_generator": "yes", "building": "clinic", "building:condition": "good", "building:levels": "2", "building:roof": "tile", "building:structure": "confined_masonry", "building:walls": "brick", "buildings:floor": "ceramics", "capacity:persons": "100-250", "evacuation_center": "no", "flood_prone": "no", "healthcare": "clinic", "name": "Puskesmas Kampung Melayu", "operator": "Ministry of Health", "operator:en": "Ministry of Health", "operator:id": "Kementerian Kesehatan", "operator:type": "government", "operator:wikidata": "Q12490745", "rooms": "4", "source": "HOT_InAWARESurvey_2017", "osm_type": "way", "osm_id": 155950945}, "geometry": {"type": "Polygon", "coordinates": [[[106.8593618, -6.2147009], [106.8595605, -6.2146481], [106.8595268, -6.2145229], [106.8593281, -6.2145757], [106.8593618, -6.2147009]]]}}, {"type": "Feature", "properties": {"access:roof": "yes", "addr:full": "Gang Pulo 3", "amenity": "place_of_worship", "building": "mosque", "building:levels": "2", "building:roof": "tile", "building:structure": "reinforced_masonry", "building:walls": "brick", "capacity:persons": ">500", "evacuation_center": "no", "flood_prone": "yes", "height": "6", "name": "Mesjid Attawabin", "religion": "muslim", "osm_type": "way", "osm_id": 155950948}, "geometry": {"type": "Polygon", "coordinates": [[[106.8620018, -6.2189902], [106.8620514, -6.2189361], [106.8620924, -6.2189573], [106.8620826, -6.2190241], [106.8620018, -6.2189902]]]}}, {"type": "Feature", "properties": {"access:roof": "yes", "addr:full": "Gang 6 Tanah Rendah", "amenity": "place_of_worship", "building": "mosque", "building:levels": "2", "building:roof": "tile", "building:structure": "reinforced_masonry", "building:walls": "brick", "capacity:persons": "Lebih dari 400", "height": "6", "name": "Masjid Ruhul Islam", "religion": "muslim", "osm_type": "way", "osm_id": 155950956}, "geometry": {"type": "Polygon", "coordinates": [[[106.8583157, -6.2146455], [106.8584187, -6.2146448], [106.8584199, -6.2148082], [106.8583169, -6.2148089], [106.8583157, -6.2146455]]]}}, {"type": "Feature", "properties": {"access:roof": "no", "addr:full": "RT 04 RW 06", "amenity": "place_of_worship", "building": "mosque", "building:levels": "1", "building:roof": "tile", "building:structure": "reinforced_masonry", "building:walls": "brick", "capacity:persons": "Lebih dari 50", "evacuation_center": "no", "flood_prone": "yes", "name": "Mushola Khairul Anam", "religion": "muslim", "osm_type": "way", "osm_id": 155950963}, "geometry": {"type": "Polygon", "coordinates": [[[106.8586654, -6.2140064], [106.8587103, -6.214031], [106.8587306, -6.2140083], [106.8587412, -6.2139804], [106.8587184, -6.2139578], [106.858692, -6.2139493], [106.8586642, -6.2139683], [106.8586654, -6.2140064]]]}}, {"type": "Feature", "properties": {"access:roof": "no", "addr:full": "Jl Cipinang Jaya LL Rt1/07", "amenity": "place_of_worship", "building": "church", "building:levels": "1", "building:roof": "tile", "building:structure": "plastered", "building:walls": "brick", "capacity:persons": "150", "name": "Gereja kristen mathuria", "religion": "christian", "osm_type": "way", "osm_id": 155951045}, "geometry": {"type": "Polygon", "coordinates": [[[106.8830469, -6.2261455], [106.8830015, -6.2261279], [106.8830134, -6.2260965], [106.882974, -6.226075], [106.883035, -6.2259555], [106.8831158, -6.2259868], [106.8830469, -6.2261455]]]}}, {"type": "Feature", "properties": {"access:roof": "no", "addr:full": "Jl Basuki Rahmat Rt 007/10", "amenity": "place_of_worship", "building": "mosque", "building:levels": "1", "building:roof": "tile", "building:structure": "plastered", "building:walls": "brick", "capacity:persons": "200", "name": "Masjid Al- Abror", "religion": "muslim", "osm_type": "way", "osm_id": 155951061}, "geometry": {"type": "Polygon", "coordinates": [[[106.8792697, -6.2251199], [106.8792687, -6.225267], [106.8791676, -6.2252664], [106.8791685, -6.2251192], [106.8792697, -6.2251199]]]}}, {"type": "Feature", "properties": {"access:roof": "no", "addr:city": "DKI Jakarta", "addr:full": "Jalan Cipinang Jaya CC", "amenity": "place_of_worship", "backup_generator": "no", "building": "mosque", "building:condition": "good", "building:floor": "ceramics", "building:levels": "2", "building:roof": "concrete", "building:structure": "confined_masonry", "building:walls": "concrete", "capacity:persons": "250-500", "name": "Masjid Jami Al-Ghoniyah", "religion": "muslim", "source": "HOT_InAWARESurvey_2017", "osm_type": "way", "osm_id": 155951062}, "geometry": {"type": "Polygon", "coordinates": [[[106.8824151, -6.2223803], [106.8823487, -6.222497], [106.8825222, -6.2225946], [106.8825886, -6.2224779], [106.8824151, -6.2223803]]]}}, {"type": "Feature", "properties": {"access:roof": "no", "addr:city": "DKI Jakarta", "addr:full": "Jalan Cipinang Jaya I A RT 010 RW 07", "amenity": "place_of_worship", "backup_generator": "no", "building": "mosque", "building:condition": "good", "building:floor": "ceramics", "building:levels": "1", "building:roof": "asbestos", "building:structure": "plastered", "building:walls": "brick", "capacity:persons": "50-100", "name": "Masjid Al-Falah", "religion": "muslim", "source": "HOT_InAWARESurvey_2017", "osm_type": "way", "osm_id": 155951065}, "geometry": {"type": "Polygon", "coordinates": [[[106.8862427, -6.2180365], [106.8863456, -6.2180425], [106.8863288, -6.2181696], [106.886236, -6.2181549], [106.8862427, -6.2180365]]]}}, {"type": "Feature", "properties": {"access:roof": "no", "addr:city": "DKI Jakarta", "addr:full": "Jalan Pancawarga II", "amenity": "place_of_worship", "backup_generator": "no", "building": "mosque", "building:condition": "good", "building:floor": "ceramics", "building:levels": "2", "building:roof": "concrete", "building:structure": "confined_masonry", "building:walls": "brick", "capacity:persons": "100-250", "name": "Masjid Jami' Al Hidayah", "religion": "muslim", "source": "HOT_InAWARESurvey_2017", "osm_type": "way", "osm_id": 155951068}, "geometry": {"type": "Polygon", "coordinates": [[[106.8795518, -6.2370747], [106.8795653, -6.237081], [106.8796181, -6.2370922], [106.8795905, -6.2371956], [106.8795181, -6.2371765], [106.879502, -6.2371723], [106.8795027, -6.2371696], [106.8793556, -6.237105], [106.879361, -6.2370876], [106.8793273, -6.2370676], [106.879357, -6.2370033], [106.8795521, -6.2370742], [106.8795518, -6.2370747]]]}}, {"type": "Feature", "properties": {"access:roof": "no", "addr:city": "DKI Jakarta", "addr:full": "Jalan Cipinang Jaya II B", "amenity": "place_of_worship", "backup_generator": "no", "building": "mosque", "building:condition": "good", "building:floor": "ceramics", "building:levels": "2", "building:roof": "tile", "building:structure": "confined_masonry", "building:walls": "concrete", "capacity:persons": "100-250", "name": "Masjid Al Qadar", "religion": "muslim", "source": "HOT_InAWARESurvey_2017", "osm_type": "way", "osm_id": 155951071}, "geometry": {"type": "Polygon", "coordinates": [[[106.8829567, -6.2207912], [106.8829385, -6.2208011], [106.8829216, -6.220926], [106.8829511, -6.2209309], [106.8829454, -6.2209515], [106.8830503, -6.2209684], [106.8830503, -6.2209216], [106.8830835, -6.2209253], [106.8831036, -6.220901], [106.8831112, -6.2208623], [106.8831055, -6.2208367], [106.8830942, -6.2208249], [106.883081, -6.2208224], [106.8830685, -6.2208205], [106.8830691, -6.2208074], [106.8829567, -6.2207912]]]}}, {"type": "Feature", "properties": {"access:roof": "yes", "addr:city": "DKI Jakarta", "addr:full": "Jalan Cipinang Besar Selatan RT.002 RW.010", "amenity": "place_of_worship", "backup_generator": "yes", "building": "mosque", "building:condition": "good", "building:floor": "ceramics", "building:levels": "2", "building:roof": "concrete", "building:structure": "confined_masonry", "building:walls": "concrete", "capacity:persons": ">500", "name": "Masjid Jami' Asy- Syafi'iyah", "religion": "muslim", "source": "HOT_InAWARESurvey_2017", "osm_type": "way", "osm_id": 155951072}, "geometry": {"type": "Polygon", "coordinates": [[[106.8780515, -6.2271966], [106.8782251, -6.2272643], [106.8781588, -6.2275321], [106.8781068, -6.2275045], [106.8780798, -6.2275246], [106.8780206, -6.2274981], [106.8779814, -6.2275371], [106.8779365, -6.2274949], [106.8779403, -6.2274661], [106.8780515, -6.2271966]]]}}, {"type": "Feature", "properties": {"access:roof": "no", "addr:full": "Jl Cipinang Jaya 2E Rt09/09", "amenity": "place_of_worship", "building": "mosque", "building:levels": "1", "building:roof": "tile", "building:structure": "plastered", "building:walls": "brick", "capacity:persons": "195", "name": "Masjid Misbahul Amal", "religion": "muslim", "osm_type": "way", "osm_id": 155951075}, "geometry": {"type": "Polygon", "coordinates": [[[106.8829444, -6.2213999], [106.8829262, -6.2214256], [106.8829216, -6.2215094], [106.8830446, -6.2215245], [106.8830553, -6.221409], [106.8829444, -6.2213999]]]}}, {"type": "Feature", "properties": {"access:roof": "no", "addr:city": "DKI Jakarta", "addr:full": "Jalan Pancawarga Satu", "addr:street": "Jalan Panca Warga Satu", "amenity": "marketplace", "backup_generator": "no", "building": "marketplace", "building:condition": "good", "building:floor": "ceramics", "building:levels": "2", "building:roof": "concrete", "building:structure": "confined_masonry", "building:walls": "concrete", "capacity:persons": "250-500", "name": "Pasar Jaya Ciplak", "opening_hours": "24/7", "operator": "Dinas PPKUKM DKI Jakarta", "source": "HOT_InAWARESurvey_2017", "osm_type": "way", "osm_id": 155951076}, "geometry": {"type": "Polygon", "coordinates": [[[106.8807222, -6.2358878], [106.8807444, -6.2363998], [106.8812119, -6.2364139], [106.8812071, -6.2361257], [106.8812499, -6.2361131], [106.8812514, -6.2358516], [106.8807206, -6.2358626], [106.8807222, -6.2358878]]]}}, {"type": "Feature", "properties": {"access:roof": "no", "addr:city": "DKI Jakarta", "addr:full": "Jalan Cipinang Jaya FF RT 001 RW 07", "amenity": "clinic", "backup_generator": "no", "building": "clinic", "building:condition": "good", "building:floor": "ceramics", "building:levels": "1", "building:roof": "tile", "building:structure": "confined_masonry", "building:walls": "brick", "capacity:persons": "50-100", "healthcare": "clinic", "name": "Puskesmas Kelurahan Cipinang Besar Selatan 1", "operator": "Ministry of Health", "operator:en": "Ministry of Health", "operator:id": "Kementerian Kesehatan", "operator:type": "government", "operator:wikidata": "Q12490745", "rooms": "6", "source": "HOT_InAWARESurvey_2017", "osm_type": "way", "osm_id": 155951081}, "geometry": {"type": "Polygon", "coordinates": [[[106.8833065, -6.2242469], [106.8833778, -6.2242723], [106.8833833, -6.2243084], [106.8832895, -6.2245124], [106.883218, -6.2244779], [106.8832178, -6.2244394], [106.8833065, -6.2242469]]]}}, {"type": "Feature", "properties": {"access:roof": "no", "addr:city": "DKI Jakarta", "addr:full": "Jalan Pancawarga IV No. 31", "amenity": "clinic", "backup_generator": "no", "building": "clinic", "building:condition": "good", "building:floor": "ceramics", "building:levels": "1", "building:roof": "tile", "building:structure": "confined_masonry", "building:walls": "concrete", "capacity:persons": "50-100", "healthcare": "clinic", "name": "Puskesmas Kelurahan Cipinang Besar Selatan 2", "operator": "Ministry of Health", "operator:en": "Ministry of Health", "operator:id": "Kementerian Kesehatan", "operator:type": "government", "operator:wikidata": "Q12490745", "rooms": "20", "source": "HOT_InAWARESurvey_2017", "osm_type": "way", "osm_id": 155951084}, "geometry": {"type": "Polygon", "coordinates": [[[106.8818684, -6.2358552], [106.8816808, -6.2358705], [106.8816811, -6.235968], [106.8815636, -6.2359662], [106.881564, -6.2357644], [106.8818611, -6.2357391], [106.8818684, -6.2358552]]]}}, {"type": "Feature", "properties": {"addr:city": "DKI Jakarta", "addr:full": "Jl Cipinang Jaya 2B Rt03/09", "addr:postcode": "13410", "addr:street": "Cipinang Jaya IIB", "amenity": "school", "name": "SMA Negeri 53 Jakarta", "operator:type": "government", "school:type_idn": "sma", "source": "HOT_InAWARESurvey_2017", "osm_type": "way", "osm_id": 155951101}, "geometry": {"type": "Polygon", "coordinates": [[[106.8829651, -6.2204556], [106.8829615, -6.2205212], [106.8829079, -6.2205208], [106.8829074, -6.2205848], [106.8829079, -6.2206442], [106.8829059, -6.2207882], [106.8829089, -6.2210105], [106.8830698, -6.2210281], [106.8830685, -6.221197], [106.8830852, -6.2214057], [106.883105, -6.2215263], [106.883365, -6.2215316], [106.8834076, -6.2204642], [106.8829651, -6.2204556]]]}}, {"type": "Feature", "properties": {"access:roof": "no", "addr:city": "DKI Jakarta", "addr:full": "Jalan Raya Cipinang Jaya RT.010 RW. 07", "amenity": "school", "backup_generator": "no", "building": "school", "building:condition": "good", "building:floor": "ceramics", "building:levels": "2", "building:roof": "tile", "building:structure": "confined_masonry", "building:walls": "brick", "capacity:persons": "250-500", "name": "TK-SD-SMP Sekolah Silaparamita", "operator:type": "private", "school:type_idn": "sd,smp", "source": "HOT_InAWARESurvey_2017", "osm_type": "way", "osm_id": 155951112}, "geometry": {"type": "Polygon", "coordinates": [[[106.8867321, -6.2179722], [106.8869795, -6.2179206], [106.8869984, -6.2180191], [106.8868616, -6.2180485], [106.8868582, -6.2180664], [106.8868835, -6.218242], [106.8867818, -6.2182629], [106.8867321, -6.2179722]]]}}, {"type": "Feature", "properties": {"access:roof": "no", "addr:city": "DKI Jakarta", "addr:full": "Jalan TPU Kebon Nanas RT.001 RW.05", "amenity": "school", "backup_generator": "no", "building": "school", "building:condition": "good", "building:floor": "ceramics", "building:levels": "1", "building:roof": "tile", "building:structure": "confined_masonry", "building:walls": "brick", "capacity:persons": "250-500", "name": "SD Negeri Cipinang Besar Selatan 12 Pagi", "operator:type": "government", "school:type_idn": "sd", "source": "HOT_InAWARESurvey_2017", "osm_type": "way", "osm_id": 155951120}, "geometry": {"type": "Polygon", "coordinates": [[[106.88076, -6.2313989], [106.880686, -6.2315568], [106.8806645, -6.2315528], [106.8806174, -6.231625], [106.8809309, -6.2317949], [106.8809699, -6.2317026], [106.8807761, -6.2316049], [106.8808582, -6.231435], [106.88076, -6.2313989]]]}}, {"type": "Feature", "properties": {"access:roof": "no", "addr:city": "DKI Jakarta", "addr:full": "Jalan IPN Kampung Jembatan RT.02 RW.06", "amenity": "school", "backup_generator": "no", "building": "school", "building:condition": "good", "building:floor": "ceramics", "building:levels": "1", "building:roof": "tile", "building:structure": "confined_masonry", "building:walls": "brick", "capacity:persons": "100-250", "name": "SD Negeri Cipinang Besar Selatan 02 Pagi", "operator:type": "government", "school:type_idn": "sd", "source": "HOT_InAWARESurvey_2017", "osm_type": "way", "osm_id": 155951121}, "geometry": {"type": "Polygon", "coordinates": [[[106.8815595, -6.2296595], [106.8813856, -6.2300777], [106.8814236, -6.2300934], [106.8814899, -6.2301206], [106.8815972, -6.2298627], [106.8816163, -6.2298705], [106.8817237, -6.2299146], [106.8817643, -6.229817], [106.8816394, -6.2297657], [106.8816655, -6.2297031], [106.8815595, -6.2296595]]]}}, {"type": "Feature", "properties": {"access:roof": "no", "addr:city": "DKI Jakarta", "addr:full": "Jalan Pancawarga IV RT 007/ 04", "amenity": "school", "backup_generator": "no", "building": "school", "building:condition": "good", "building:floor": "ceramics", "building:levels": "1", "building:roof": "tile", "building:structure": "confined_masonry", "building:walls": "brick", "capacity:persons": "250-500", "name": "SD Negeri Cipinang Besar Selatan 05/08 pagi", "operator:type": "government", "school:type_idn": "sd", "source": "HOT_InAWARESurvey_2017", "osm_type": "way", "osm_id": 155951127}, "geometry": {"type": "Polygon", "coordinates": [[[106.8820275, -6.2351419], [106.8820933, -6.2351518], [106.8820721, -6.2352917], [106.8822274, -6.235315], [106.8823053, -6.2353267], [106.8823423, -6.2353323], [106.8823285, -6.2354228], [106.8819368, -6.235364], [106.8819498, -6.2352786], [106.8820055, -6.2352869], [106.8820275, -6.2351419]]]}}, {"type": "Feature", "properties": {"access:roof": "no", "addr:city": "DKI Jakarta", "addr:full": "Jalan Griya Wartawan", "amenity": "school", "backup_generator": "yes", "building": "school", "building:condition": "good", "building:floor": "ceramics", "building:levels": "4", "building:roof": "tile", "building:structure": "confined_masonry", "building:walls": "brick", "capacity:persons": ">500", "name": "SLB Negeri 07 Jakarta Timur", "operator:type": "government", "source": "HOT_InAWARESurvey_2017", "osm_type": "way", "osm_id": 155951129}, "geometry": {"type": "Polygon", "coordinates": [[[106.8830708, -6.2322556], [106.883044, -6.2323197], [106.8829096, -6.2322716], [106.8827878, -6.2325939], [106.8829043, -6.2326384], [106.8828667, -6.2327523], [106.8827413, -6.2327025], [106.8827287, -6.2327345], [106.8826517, -6.2327007], [106.8828452, -6.232147], [106.8829329, -6.2321755], [106.882924, -6.2321968], [106.8830708, -6.2322556]]]}}, {"type": "Feature", "properties": {"access:roof": "no", "addr:city": "DKI Jakarta", "addr:full": "Jalan Cipinang Jaya RT 010 RW 07", "amenity": "place_of_worship", "backup_generator": "no", "building": "temple", "building:condition": "good", "building:floor": "ceramics", "building:levels": "2", "building:roof": "tile", "building:structure": "confined_masonry", "building:walls": "concrete", "capacity:persons": "100-250", "name": "Vihara Silaparamita", "religion": "buddhist", "source": "HOT_InAWARESurvey_2017", "osm_type": "way", "osm_id": 155951144}, "geometry": {"type": "Polygon", "coordinates": [[[106.8868657, -6.2180745], [106.8868934, -6.2182655], [106.8871295, -6.2182299], [106.8870887, -6.2180097], [106.8868673, -6.2180518], [106.8868657, -6.2180745]]]}}, {"type": "Feature", "properties": {"access:roof": "no", "addr:city": "DKI Jakarta", "addr:full": "Jalan Majalah No.26 Komplek PWI", "amenity": "place_of_worship", "backup_generator": "no", "building": "mosque", "building:condition": "good", "building:floor": "ceramics", "building:levels": "2", "building:roof": "asbestos", "building:structure": "confined_masonry", "building:walls": "brick", "capacity:persons": "100-250", "name": "Masjid Al-Akbar", "religion": "muslim", "source": "HOT_InAWARESurvey_2017", "osm_type": "way", "osm_id": 155953584}, "geometry": {"type": "Polygon", "coordinates": [[[106.8878575, -6.2345494], [106.8879881, -6.234616], [106.8879263, -6.2347491], [106.8877927, -6.2346851], [106.8878575, -6.2345494]]]}}, {"type": "Feature", "properties": {"access:roof": "no", "addr:city": "DKI Jakarta", "addr:full": "Jalan Masjid Al-Marzuqiyah", "amenity": "place_of_worship", "backup_generator": "no", "building": "mosque", "building:condition": "good", "building:floor": "ceramics", "building:levels": "2", "building:roof": "concrete", "building:structure": "confined_masonry", "building:walls": "brick", "capacity:persons": "250-500", "name": "Masjid Al-Marzuqiyah", "religion": "muslim", "source": "HOT_InAWARESurvey_2017", "osm_type": "way", "osm_id": 155953585}, "geometry": {"type": "Polygon", "coordinates": [[[106.8918605, -6.226192], [106.8920419, -6.2262886], [106.8920816, -6.2263656], [106.8920478, -6.2264308], [106.8919505, -6.2264584], [106.8919391, -6.2264528], [106.891846, -6.2266484], [106.8917322, -6.2265948], [106.8918259, -6.2263978], [106.8917637, -6.2263676], [106.8918605, -6.226192]]]}}, {"type": "Feature", "properties": {"access:roof": "no", "addr:city": "DKI Jakarta", "addr:full": "Jalan Cipinang Bali, Cipinang Muara", "amenity": "place_of_worship", "backup_generator": "no", "building": "mosque", "building:condition": "good", "building:floor": "ceramics", "building:levels": "2", "building:roof": "concrete", "building:structure": "confined_masonry", "building:walls": "brick", "capacity:persons": "100-250", "name": "Masjid Jami Assyakirin", "religion": "muslim", "source": "HOT_InAWARESurvey_2017", "osm_type": "way", "osm_id": 155953586}, "geometry": {"type": "Polygon", "coordinates": [[[106.8896575, -6.2389683], [106.889798, -6.2390298], [106.889798, -6.2390661], [106.8897699, -6.2390745], [106.8897676, -6.239179], [106.8897137, -6.2391778], [106.8896687, -6.2391387], [106.889635, -6.2391387], [106.8895843, -6.2391073], [106.8895888, -6.2390304], [106.8896575, -6.2389683]]]}}, {"type": "Feature", "properties": {"access:roof": "no", "addr:city": "DKI Jakarta", "addr:full": "Jalan Cakra Wijaya V", "amenity": "place_of_worship", "backup_generator": "no", "building": "mosque", "building:condition": "good", "building:floor": "ceramics", "building:levels": "2", "building:roof": "concrete", "building:structure": "reinforced_masonry", "building:walls": "concrete", "capacity:persons": ">500", "name": "Masjid Baitul Hakim", "religion": "muslim", "source": "HOT_InAWARESurvey_2017", "osm_type": "way", "osm_id": 155953588}, "geometry": {"type": "Polygon", "coordinates": [[[106.8893748, -6.2317108], [106.889498, -6.231776], [106.8894403, -6.2318847], [106.8893092, -6.2318274], [106.8893271, -6.2318017], [106.8892992, -6.2317879], [106.889335, -6.2317326], [106.8893608, -6.2317385], [106.8893748, -6.2317108]]]}}, {"type": "Feature", "properties": {"access:roof": "no", "addr:city": "DKI Jakarta", "addr:full": "Jalan Cipinang Elok II", "amenity": "place_of_worship", "backup_generator": "no", "building": "mosque", "building:condition": "good", "building:floor": "ceramics", "building:levels": "2", "building:roof": "tile", "building:structure": "confined_masonry", "building:walls": "concrete", "capacity:persons": "100-250", "name": "Masjid Al-Iman", "religion": "muslim", "source": "HOT_InAWARESurvey_2017", "osm_type": "way", "osm_id": 155953594}, "geometry": {"type": "Polygon", "coordinates": [[[106.8874021, -6.2224294], [106.887581, -6.2225124], [106.8875015, -6.222702], [106.8873266, -6.222627], [106.8874021, -6.2224294]]]}}, {"type": "Feature", "properties": {"access:roof": "no", "addr:city": "DKI Jakarta", "addr:full": "Jalan Cipinang Elok II", "amenity": "school", "backup_generator": "no", "building": "school", "building:condition": "good", "building:floor": "ceramics", "building:levels": "2", "building:roof": "tile", "building:structure": "confined_masonry", "building:walls": "brick", "capacity:persons": "100-250", "name": "TK SDIT Al Iman", "operator:type": "private", "school:type_idn": "sd", "source": "HOT_InAWARESurvey_2017", "osm_type": "way", "osm_id": 155953595}, "geometry": {"type": "Polygon", "coordinates": [[[106.8875905, -6.2225192], [106.8877056, -6.2225598], [106.8876589, -6.2226906], [106.8875438, -6.2226499], [106.8875905, -6.2225192]]]}}, {"type": "Feature", "properties": {"access:roof": "no", "addr:city": "DKI Jakarta", "addr:full": "Jalan Cipinang Muara III", "amenity": "school", "backup_generator": "no", "building": "school", "building:condition": "good", "building:floor": "ceramics", "building:levels": "2", "building:roof": "tile", "building:structure": "confined_masonry", "building:walls": "brick", "capacity:persons": ">500", "name": "SD Negeri Cipinang Muara 14 dan 15 Pagi", "operator:type": "government", "school:type_idn": "sd", "source": "HOT_InAWARESurvey_2017", "osm_type": "way", "osm_id": 155953596}, "geometry": {"type": "Polygon", "coordinates": [[[106.8936458, -6.2203767], [106.8936558, -6.2206397], [106.8937566, -6.220636], [106.8937557, -6.2206131], [106.8941108, -6.2205998], [106.8941071, -6.2205031], [106.8940871, -6.2205039], [106.8940813, -6.2203498], [106.893964, -6.2203542], [106.8939696, -6.2205022], [106.8937409, -6.2205108], [106.8937356, -6.2203733], [106.8936458, -6.2203767]]]}}, {"type": "Feature", "properties": {"access:roof": "no", "addr:city": "DKI Jakarta", "addr:full": "Jalan Cipinang Muara III", "amenity": "school", "backup_generator": "no", "building": "school", "building:condition": "good", "building:floor": "ceramics", "building:levels": "2", "building:roof": "tile", "building:structure": "confined_masonry", "building:walls": "concrete", "capacity:persons": "100-250", "name": "SD Negeri Cipinang Muara 16 & 17 Pagi", "operator:type": "government", "school:type_idn": "sd", "source": "HOT_InAWARESurvey_2017", "osm_type": "way", "osm_id": 155953598}, "geometry": {"type": "Polygon", "coordinates": [[[106.8936381, -6.2203762], [106.8936514, -6.220771], [106.893557, -6.2207742], [106.893552, -6.220624], [106.8932591, -6.2206338], [106.893256, -6.2205396], [106.893293, -6.2205383], [106.893291, -6.2204791], [106.8933938, -6.2204757], [106.8933958, -6.2205332], [106.893556, -6.2205279], [106.893551, -6.2203791], [106.8936381, -6.2203762]]]}}, {"type": "Feature", "properties": {"access:roof": "no", "addr:city": "DKI Jakarta", "addr:full": "Jalan BB 1 Cipinang Muara", "amenity": "school", "backup_generator": "no", "building": "school", "building:condition": "good", "building:floor": "ceramics", "building:levels": "2", "building:roof": "tile", "building:structure": "confined_masonry", "building:walls": "brick", "capacity:persons": "250-500", "name": "SMP Negeri 148 Jakarta", "operator:type": "government", "school:type_idn": "smp", "source": "HOT_InAWARESurvey_2017", "osm_type": "way", "osm_id": 155953603}, "geometry": {"type": "Polygon", "coordinates": [[[106.8947471, -6.2189592], [106.895104, -6.2188681], [106.895187, -6.2191896], [106.8951024, -6.2192112], [106.8950456, -6.2189914], [106.8949029, -6.2190278], [106.8949396, -6.21917], [106.8948101, -6.219203], [106.8947471, -6.2189592]]]}}, {"type": "Feature", "properties": {"access:roof": "no", "addr:city": "DKI Jakarta", "addr:full": "Jalan BB 1 Cipinang Muara", "amenity": "school", "backup_generator": "no", "building": "school", "building:condition": "good", "building:floor": "ceramics", "building:levels": "2", "building:roof": "tile", "building:structure": "confined_masonry", "building:walls": "brick", "capacity:persons": "250-500", "name": "SMP Negeri 25 Jakarta", "operator:type": "government", "school:type_idn": "smp", "source": "HOT_InAWARESurvey_2017", "osm_type": "way", "osm_id": 155953605}, "geometry": {"type": "Polygon", "coordinates": [[[106.8951318, -6.2188678], [106.8954217, -6.2188002], [106.8954948, -6.2191098], [106.8954071, -6.2191303], [106.8953539, -6.2189049], [106.8952551, -6.2189279], [106.8953117, -6.2191673], [106.8952082, -6.2191914], [106.8951318, -6.2188678]]]}}, {"type": "Feature", "properties": {"access:roof": "no", "addr:city": "DKI Jakarta", "addr:full": "Jalan Cipinang Elok RT.005/10", "amenity": "school", "backup_generator": "no", "building": "school", "building:condition": "good", "building:floor": "ceramics", "building:levels": "1", "building:roof": "tile", "building:structure": "confined_masonry", "building:walls": "brick", "capacity:persons": "250-500", "name": "SD Negeri Cipinang Muara 06 dan 09 Pagi", "operator:type": "government", "school:type_idn": "sd", "source": "HOT_InAWARESurvey_2017", "osm_type": "way", "osm_id": 155953606}, "geometry": {"type": "Polygon", "coordinates": [[[106.8875652, -6.2220893], [106.8877939, -6.2221828], [106.8877541, -6.2222791], [106.8876348, -6.2222304], [106.8875833, -6.222355], [106.8877192, -6.2224105], [106.8876817, -6.2225012], [106.8874368, -6.2224012], [106.8874149, -6.2223922], [106.887461, -6.2222805], [106.8874826, -6.2222893], [106.8875652, -6.2220893]]]}}, {"type": "Feature", "properties": {"access:roof": "no", "addr:full": "Jalan Cipinang Cempedak 1 RT 12/06", "amenity": "school", "building": "school", "building:levels": "2", "building:roof": "tile", "building:structure": "reinforced_masonry", "building:walls": "brick", "capacity:persons": "450", "name": "Arabiyah", "school:type_idn": "sd", "osm_type": "way", "osm_id": 155957296}, "geometry": {"type": "Polygon", "coordinates": [[[106.8727111, -6.2365707], [106.8727162, -6.2367505], [106.8730075, -6.2367503], [106.8730083, -6.2365662], [106.8727111, -6.2365707]]]}}, {"type": "Feature", "properties": {"access:roof": "no", "addr:full": "Jalan Kebon Nanas Utara RT 16/04", "amenity": "school", "building": "school", "building:levels": "2", "building:roof": "tile", "building:structure": "unreinforced_masonry", "building:walls": "brick", "capacity:persons": "500", "name": "Dewi Sartika", "name:etymology:wikidata": "Q3140305", "name:etymology:wikipedia": "id:Dewi Sartika", "school:type_idn": "sma", "osm_type": "way", "osm_id": 155957298}, "geometry": {"type": "Polygon", "coordinates": [[[106.8733569, -6.2303634], [106.8733566, -6.2304977], [106.8734455, -6.2304979], [106.8734457, -6.2304099], [106.8734044, -6.2304098], [106.8734045, -6.2303635], [106.8733569, -6.2303634]]]}}, {"type": "Feature", "properties": {"access:roof": "no", "addr:city": "DKI Jakarta", "addr:full": "Jalan Cawang Baru Tengah No.28-30", "amenity": "place_of_worship", "backup_generator": "no", "building": "church", "building:condition": "good", "building:floor": "ceramics", "building:levels": "2", "building:roof": "tile", "building:structure": "confined_masonry", "building:walls": "concrete", "capacity:persons": "50-100", "name": "Gereja Kristen Indonesia Cawang", "religion": "christian", "source": "HOT_InAWARESurvey_2017", "osm_type": "way", "osm_id": 155957299}, "geometry": {"type": "Polygon", "coordinates": [[[106.8730347, -6.2435986], [106.8731806, -6.2434404], [106.8733218, -6.2435691], [106.8731758, -6.2437273], [106.8730347, -6.2435986]]]}}, {"type": "Feature", "properties": {"access:roof": "no", "addr:city": "DKI Jakarta", "addr:full": "Jalan Cawang Baru Tengah No.75", "amenity": "place_of_worship", "backup_generator": "no", "building": "church", "building:condition": "good", "building:floor": "ceramics", "building:levels": "2", "building:roof": "tile", "building:structure": "confined_masonry", "building:walls": "brick", "capacity:persons": "100-250", "name": "Gereja Masehi Advent Hari Ketujuh", "religion": "christian", "source": "HOT_InAWARESurvey_2017", "osm_type": "way", "osm_id": 155957304}, "geometry": {"type": "Polygon", "coordinates": [[[106.8725285, -6.2441395], [106.8726078, -6.2440563], [106.8727574, -6.2441971], [106.8726781, -6.2442803], [106.8725285, -6.2441395]]]}}, {"type": "Feature", "properties": {"access:roof": "yes", "addr:city": "DKI Jakarta", "addr:full": "Jalan Tanah Manisan", "amenity": "place_of_worship", "backup_generator": "no", "building": "mosque", "building:condition": "good", "building:floor": "ceramics", "building:levels": "2", "building:roof": "concrete", "building:structure": "confined_masonry", "building:walls": "brick", "capacity:persons": "100-250", "name": "Masjid Al-Barokah", "religion": "muslim", "source": "HOT_InAWARESurvey_2017", "osm_type": "way", "osm_id": 155957313}, "geometry": {"type": "Polygon", "coordinates": [[[106.8740822, -6.2400066], [106.8739974, -6.2401298], [106.8740004, -6.2402114], [106.8741563, -6.2402058], [106.8741683, -6.2400194], [106.8740822, -6.2400066]]]}}, {"type": "Feature", "properties": {"access:roof": "no", "addr:city": "DKI Jakarta", "addr:full": "Jalan Pedati Raya", "amenity": "place_of_worship", "backup_generator": "no", "building": "mosque", "building:condition": "good", "building:floor": "ceramics", "building:levels": "2", "building:roof": "tile", "building:structure": "confined_masonry", "building:walls": "brick", "capacity:persons": "100-250", "name": "Masjid Jami Al-Ikhlashiyah", "religion": "muslim", "source": "HOT_InAWARESurvey_2017", "osm_type": "way", "osm_id": 155957315}, "geometry": {"type": "Polygon", "coordinates": [[[106.8739545, -6.2266795], [106.8738572, -6.2268279], [106.8739615, -6.2269464], [106.8741001, -6.2269456], [106.874128, -6.226754], [106.8739545, -6.2266795]]]}}, {"type": "Feature", "properties": {"access:roof": "no", "addr:city": "DKI Jakarta", "addr:full": "Jalan Kebon Nanas Selatan III", "amenity": "place_of_worship", "backup_generator": "no", "building": "mosque", "building:condition": "good", "building:floor": "ceramics", "building:levels": "2", "building:roof": "tile", "building:structure": "confined_masonry", "building:walls": "brick", "capacity:persons": ">500", "name": "Masjid Jami' At Taubah", "religion": "muslim", "source": "HOT_InAWARESurvey_2017", "osm_type": "way", "osm_id": 155957316}, "geometry": {"type": "Polygon", "coordinates": [[[106.87257, -6.2324883], [106.872571, -6.2326348], [106.8728072, -6.2326332], [106.8728062, -6.2324867], [106.87257, -6.2324883]]]}}, {"type": "Feature", "properties": {"access:roof": "no", "addr:city": "DKI Jakarta", "addr:full": "Jalan D.I. Panjaitan", "amenity": "place_of_worship", "backup_generator": "no", "building": "mosque", "building:condition": "good", "building:floor": "ceramics", "building:levels": "2", "building:roof": "tile", "building:structure": "confined_masonry", "building:walls": "brick", "capacity:persons": "100-250", "name": "Masjid Jami Al-Bahri", "religion": "muslim", "source": "HOT_InAWARESurvey_2017", "osm_type": "way", "osm_id": 155957317}, "geometry": {"type": "Polygon", "coordinates": [[[106.8764201, -6.2343058], [106.8764068, -6.234582], [106.8766314, -6.2345992], [106.8766301, -6.2343099], [106.8764201, -6.2343058]]]}}, {"type": "Feature", "properties": {"access:roof": "no", "addr:city": "DKI Jakarta", "addr:full": "Jalan Cipinang Cempedak IV", "amenity": "clinic", "backup_generator": "no", "building": "clinic", "building:condition": "good", "building:floor": "ceramics", "building:levels": "1", "building:roof": "tile", "building:structure": "confined_masonry", "building:walls": "brick", "capacity:persons": "50-100", "healthcare": "clinic", "name": "Puskesmas Kelurahan Cipinang Cempedak", "operator": "Ministry of Health", "operator:en": "Ministry of Health", "operator:id": "Kementerian Kesehatan", "operator:type": "government", "operator:wikidata": "Q12490745", "source": "HOT_InAWARESurvey_2017", "osm_type": "way", "osm_id": 155957320}, "geometry": {"type": "Polygon", "coordinates": [[[106.8733622, -6.2388825], [106.8733623, -6.2389601], [106.8733, -6.2389602], [106.8733002, -6.2390242], [106.8735461, -6.2390238], [106.8735458, -6.2388822], [106.8733622, -6.2388825]]]}}, {"type": "Feature", "properties": {"access:roof": "no", "addr:city": "DKI Jakarta", "addr:full": "Jalan Taman Hijau Daun", "amenity": "school", "backup_generator": "no", "building": "school", "building:condition": "good", "building:floor": "ceramics", "building:levels": "21", "building:roof": "tin", "building:structure": "confined_masonry", "building:walls": "brick", "capacity:persons": "100-250", "name": "SD Kristen 8", "operator:type": "private", "school:type_idn": "sd", "source": "HOT_InAWARESurvey_2017", "osm_type": "way", "osm_id": 155957321}, "geometry": {"type": "Polygon", "coordinates": [[[106.8740219, -6.2448839], [106.8740455, -6.244761], [106.8741349, -6.2446408], [106.8742403, -6.2447183], [106.874218, -6.2447568], [106.8741914, -6.2448341], [106.8741665, -6.2449085], [106.8740219, -6.2448839]]]}}, {"type": "Feature", "properties": {"access:roof": "no", "addr:city": "DKI Jakarta", "addr:full": "Jalan Kebon Nanas Utara I No.7", "amenity": "school", "backup_generator": "no", "building": "school", "building:condition": "good", "building:floor": "ceramics", "building:levels": "2", "building:roof": "tile", "building:structure": "confined_masonry", "building:walls": "brick", "capacity:persons": "250-500", "name": "TK MI MTs Ruhul Ulum", "operator:type": "private", "school:type_idn": "sd,smp", "source": "HOT_InAWARESurvey_2017", "osm_type": "way", "osm_id": 155957331}, "geometry": {"type": "Polygon", "coordinates": [[[106.871271, -6.2281334], [106.8712742, -6.2283638], [106.8715527, -6.2283544], [106.8715458, -6.2281242], [106.871271, -6.2281334]]]}}, {"type": "Feature", "properties": {"access:roof": "yes", "addr:city": "DKI Jakarta", "addr:full": "Jalan Tanjung Lengkong", "amenity": "place_of_worship", "backup_generator": "no", "building": "mosque", "building:condition": "good", "building:levels": "2", "building:roof": "tile", "building:structure": "steel_frame", "building:walls": "brick", "capacity:persons": "100-250", "evacuation_center": "no", "flood_prone": "yes", "name": "Masjid Al-Hidayah", "religion": "muslim", "source": "HOT_InAWARESurvey_2017", "osm_type": "way", "osm_id": 155962674}, "geometry": {"type": "Polygon", "coordinates": [[[106.8656048, -6.2399123], [106.8657401, -6.2399114], [106.8657414, -6.2399894], [106.8656054, -6.2399887], [106.8656048, -6.2399123]]]}}, {"type": "Feature", "properties": {"access:roof": "no", "amenity": "place_of_worship", "building": "mosque", "building:levels": "2", "building:roof": "tile", "building:structure": "plastered", "building:walls": "brick", "capacity:persons": "500", "name": "Masjid Al-Muntaha", "religion": "muslim", "osm_type": "way", "osm_id": 155962678}, "geometry": {"type": "Polygon", "coordinates": [[[106.863945, -6.2388538], [106.8639137, -6.238923], [106.8639884, -6.2389502], [106.864024, -6.2388849], [106.863945, -6.2388538]]]}}, {"type": "Feature", "properties": {"access:roof": "no", "addr:city": "DKI Jakarta", "addr:full": "Jalan Setia", "amenity": "place_of_worship", "backup_generator": "no", "building": "mosque", "building:condition": "good", "building:floor": "ceramics", "building:levels": "2", "building:roof": "tile", "building:structure": "confined_masonry", "building:walls": "brick", "capacity:persons": "100-250", "evacuation_center": "no", "flood_prone": "yes", "name": "Masjid Jami Al-Muttaqin", "religion": "muslim", "source": "HOT_InAWARESurvey_2017", "osm_type": "way", "osm_id": 155962679}, "geometry": {"type": "Polygon", "coordinates": [[[106.8653955, -6.2277998], [106.8654181, -6.227793], [106.8654809, -6.2277743], [106.8655119, -6.2278773], [106.8654012, -6.2279102], [106.8653702, -6.2278073], [106.8653955, -6.2277998]]]}}, {"type": "Feature", "properties": {"amenity": "place_of_worship", "building": "mosque", "building:levels": "1", "building:roof": "tile", "building:structure": "plastered", "building:walls": "brick", "capacity:persons": "600", "name": "Baitus Sodikin", "religion": "muslim", "osm_type": "way", "osm_id": 155962684}, "geometry": {"type": "Polygon", "coordinates": [[[106.8689779, -6.2404664], [106.8690896, -6.2405096], [106.8690491, -6.2406133], [106.8689374, -6.2405701], [106.8689779, -6.2404664]]]}}, {"type": "Feature", "properties": {"access:roof": "no", "addr:city": "DKI Jakarta", "addr:full": "Jalan Mangga", "amenity": "place_of_worship", "backup_generator": "no", "building": "mosque", "building:condition": "good", "building:floor": "ceramics", "building:levels": "1", "building:roof": "tile", "building:structure": "confined_masonry", "building:walls": "brick", "capacity:persons": "250-500", "evacuation_center": "no", "flood_prone": "yes", "name": "Masjid Jami' Hasbiallah", "religion": "muslim", "source": "HOT_InAWARESurvey_2017", "osm_type": "way", "osm_id": 155962692}, "geometry": {"type": "Polygon", "coordinates": [[[106.8661426, -6.2292856], [106.8660673, -6.2294292], [106.8662298, -6.2295173], [106.8663106, -6.2293669], [106.8661426, -6.2292856]]]}}, {"type": "Feature", "properties": {"access:roof": "no", "addr:city": "DKI Jakarta", "addr:full": "Jalan Otista II No.25", "amenity": "kindergarten", "building": "kindergarten", "building:levels": "1", "building:roof": "tile", "building:structure": "plastered", "building:walls": "brick", "capacity:persons": "50", "name": "TK Khrisna", "operator:type": "private", "source": "HOT_InAWARESurvey_2017", "osm_type": "way", "osm_id": 155962698}, "geometry": {"type": "Polygon", "coordinates": [[[106.8695379, -6.2307659], [106.8696225, -6.2307502], [106.869634, -6.2308108], [106.8695493, -6.2308266], [106.8695379, -6.2307659]]]}}, {"type": "Feature", "properties": {"access:roof": "no", "addr:city": "DKI Jakarta", "addr:full": "Jalan Sensus Raya II", "amenity": "school", "backup_generator": "no", "building": "school", "building:condition": "good", "building:floor": "ceramics", "building:levels": "3", "building:roof": "tile", "building:structure": "confined_masonry", "building:walls": "brick", "capacity:persons": "250-500", "name": "SD Negeri Bidaracina 01 Pagi", "operator:type": "government", "school:type_idn": "sd", "source": "HOT_InAWARESurvey_2017", "osm_type": "way", "osm_id": 155962728}, "geometry": {"type": "Polygon", "coordinates": [[[106.8661089, -6.2314745], [106.8662295, -6.2314738], [106.8662313, -6.2317821], [106.8661108, -6.2317828], [106.8661089, -6.2314745]]]}}, {"type": "Feature", "properties": {"access:roof": "yes", "addr:city": "DKI Jakarta", "addr:full": "Jalan Setia No.10", "amenity": "school", "backup_generator": "no", "building": "school", "building:condition": "good", "building:levels": "3", "building:roof": "tile", "building:structure": "confined_masonry", "building:walls": "brick", "capacity:persons": ">500", "evacuation_center": "yes", "flood_prone": "yes", "kitchen:facilities": "yes", "name": "SD Negeri Bidara Cina 03 Pagi", "operator:type": "government", "school:type_idn": "sd", "shelter_type": "building", "source": "HOT_InAWARESurvey_2017", "toilet:facilities": "yes", "toilets:number": "3", "water_source": "water_works", "osm_type": "way", "osm_id": 155962732}, "geometry": {"type": "Polygon", "coordinates": [[[106.8653656, -6.2283403], [106.8653783, -6.2284837], [106.8653029, -6.2284903], [106.8653135, -6.2286102], [106.8653865, -6.2286039], [106.8653887, -6.2286294], [106.8655132, -6.2286185], [106.8654877, -6.2283297], [106.8653656, -6.2283403]]]}}, {"type": "Feature", "properties": {"access:roof": "no", "addr:city": "DKI Jakarta", "addr:full": "Bidara Cina", "amenity": "school", "backup_generator": "no", "building": "school", "building:condition": "good", "building:floor": "ceramics", "building:levels": "1", "building:roof": "tile", "building:structure": "confined_masonry", "building:walls": "brick", "capacity:persons": "100-250", "evacuation_center": "yes", "flood_prone": "yes", "kitchen:facilities": "no", "name": "SD Negeri Bidara Cina 5 Pagi", "operator:type": "government", "school:type_idn": "sd", "shelter_type": "building", "source": "HOT_InAWARESurvey_2017", "toilet:facilities": "yes", "toilets:number": "5", "water_source": "water_works", "osm_type": "way", "osm_id": 155962733}, "geometry": {"type": "Polygon", "coordinates": [[[106.8640215, -6.238115], [106.8641277, -6.2381967], [106.8642101, -6.2380908], [106.8643238, -6.2381782], [106.8642574, -6.2382634], [106.8643015, -6.2382973], [106.8643707, -6.2382082], [106.8644162, -6.2382432], [106.8644859, -6.2381535], [106.8641766, -6.2379157], [106.8640215, -6.238115]]]}}, {"type": "Feature", "properties": {"access:roof": "no", "addr:full": "Jl Inspeksi Kalimalang", "amenity": "school", "building": "school", "building:levels": "1", "building:roof": "tile", "building:structure": "plastered", "building:walls": "brick", "name": "TK-SD-SMP Putra I", "school:type_idn": "sd,smp", "osm_type": "way", "osm_id": 156133247}, "geometry": {"type": "Polygon", "coordinates": [[[106.8820815, -6.2395137], [106.882074, -6.2393945], [106.8812217, -6.2394476], [106.8812292, -6.2395669], [106.8820815, -6.2395137]]]}}, {"type": "Feature", "properties": {"access:roof": "no", "addr:full": "JALAN BUKITDURI PANGKALAN", "amenity": "police", "building": "police", "building:levels": "1", "building:roof": "asbestos", "building:structure": "plastered", "building:walls": "brick", "capacity:persons": "5", "evacuation_center": "no", "flood_prone": "yes", "name": "Pos Polisi Bukit Duri", "osm_type": "way", "osm_id": 157360661}, "geometry": {"type": "Polygon", "coordinates": [[[106.8627871, -6.2167126], [106.8628061, -6.2167505], [106.8628252, -6.2167411], [106.8628062, -6.2167032], [106.8627871, -6.2167126]]]}}, {"type": "Feature", "properties": {"access:roof": "no", "addr:city": "DKI Jakarta", "addr:full": "Jalan Pintu Pasar Selatan No.14", "amenity": "place_of_worship", "backup_generator": "no", "building": "mosque", "building:condition": "good", "building:floor": "ceramics", "building:levels": "2", "building:roof": "concrete", "building:structure": "confined_masonry", "building:walls": "brick", "capacity:persons": "100-250", "height": "6", "name": "Masjid Al-Istiqomah", "religion": "muslim", "source": "HOT_InAWARESurvey_2017", "osm_type": "way", "osm_id": 162810544}, "geometry": {"type": "Polygon", "coordinates": [[[106.8655745, -6.2167342], [106.8657034, -6.2167405], [106.8657117, -6.2165735], [106.8655828, -6.2165672], [106.8655745, -6.2167342]]]}}, {"type": "Feature", "properties": {"addr:city": "DKI Jakarta", "addr:full": "JI. Wedana Rt. 005/01", "amenity": "place_of_worship", "building": "mosque", "capacity:persons": "360", "name": "Masjid Ar-Rahman", "religion": "muslim", "source": "HOT_InAWARESurvey_2017", "osm_type": "way", "osm_id": 162810656}, "geometry": {"type": "Polygon", "coordinates": [[[106.8683276, -6.2262277], [106.8683276, -6.2263464], [106.8684427, -6.2263485], [106.8684342, -6.2262171], [106.8683276, -6.2262277]]]}}, {"type": "Feature", "properties": {"addr:city": "DKI Jakarta", "addr:full": "Jl. Sensus IV Rt. 006/04", "amenity": "place_of_worship", "building": "mosque", "capacity:persons": "500", "evacuation_center": "yes", "flood_prone": "yes", "kitchen:facilities": "yes", "name": "Masjid Nurul Huda", "religion": "muslim", "shelter_type": "building", "source": "HOT_InAWARESurvey_2017", "toilet:facilities": "yes", "toilets:number": "2", "water_source": "water_works", "osm_type": "way", "osm_id": 162811487}, "geometry": {"type": "Polygon", "coordinates": [[[106.8643334, -6.2310793], [106.8643353, -6.2310899], [106.8644041, -6.2311276], [106.8644728, -6.2311264], [106.8645114, -6.2310731], [106.8643586, -6.2310352], [106.8643334, -6.2310793]]]}}, {"type": "Feature", "properties": {"addr:full": "Kampung Melayu RT 008/01", "amenity": "place_of_worship", "building": "mosque", "capacity:persons": "200", "name": "Masjid Al Anwar", "religion": "muslim", "osm_type": "way", "osm_id": 162931372}, "geometry": {"type": "Polygon", "coordinates": [[[106.8641523, -6.2213246], [106.864231, -6.2213192], [106.8642253, -6.2212387], [106.8641467, -6.2212441], [106.8641523, -6.2213246]]]}}, {"type": "Feature", "properties": {"addr:full": "JI. Prumpung Barat Rt. 010/05", "amenity": "place_of_worship", "building": "mosque", "capacity:persons": "150", "name": "Ar-Ridhwan", "religion": "muslim", "osm_type": "way", "osm_id": 162931963}, "geometry": {"type": "Polygon", "coordinates": [[[106.8728127, -6.2205068], [106.8728386, -6.2204432], [106.872779, -6.2204193], [106.8727532, -6.220483], [106.8728127, -6.2205068]]]}}, {"type": "Feature", "properties": {"access:roof": "no", "addr:city": "DKI Jakarta", "addr:full": "Jalan Kober Baru", "amenity": "place_of_worship", "backup_generator": "no", "building": "mosque", "building:condition": "good", "building:floor": "ceramics", "building:levels": "2", "building:roof": "concrete", "building:structure": "confined_masonry", "building:walls": "brick", "capacity:persons": "100-250", "name": "Masjid Assa'addah", "religion": "muslim", "source": "HOT_InAWARESurvey_2017", "osm_type": "way", "osm_id": 162932347}, "geometry": {"type": "Polygon", "coordinates": [[[106.8726638, -6.2228963], [106.8726466, -6.2230017], [106.8727644, -6.2230207], [106.8727816, -6.2229153], [106.8726638, -6.2228963]]]}}, {"type": "Feature", "properties": {"access:roof": "no", "addr:city": "DKI Jakarta", "addr:full": "Jalan BB RT 001 RW 004", "amenity": "place_of_worship", "backup_generator": "no", "building": "mosque", "building:condition": "good", "building:floor": "ceramics", "building:levels": "2", "building:roof": "concrete", "building:structure": "confined_masonry", "building:walls": "brick", "capacity:persons": "100-250", "name": "Masjid Arrahmah", "religion": "muslim", "source": "HOT_InAWARESurvey_2017", "osm_type": "way", "osm_id": 162944185}, "geometry": {"type": "Polygon", "coordinates": [[[106.8913673, -6.2212617], [106.8914067, -6.2211617], [106.8914983, -6.2211973], [106.891459, -6.2212973], [106.8913673, -6.2212617]]]}}, {"type": "Feature", "properties": {"access:roof": "no", "addr:city": "DKI Jakarta", "addr:full": "Jalan Cipinang Muara Raya RT 001 RW 014", "amenity": "place_of_worship", "backup_generator": "no", "building": "mosque", "building:condition": "good", "building:floor": "ceramics", "building:levels": "1", "building:roof": "tile", "building:structure": "confined_masonry", "building:walls": "brick", "capacity:persons": "50-100", "name": "Masjid Ziyadatul Ihsan", "religion": "muslim", "source": "HOT_InAWARESurvey_2017", "osm_type": "way", "osm_id": 162944373}, "geometry": {"type": "Polygon", "coordinates": [[[106.8879719, -6.2278742], [106.8879852, -6.2277473], [106.8881063, -6.2277599], [106.888093, -6.2278868], [106.8879719, -6.2278742]]]}}, {"type": "Feature", "properties": {"access:roof": "no", "addr:city": "DKI Jakarta", "addr:full": "Jalan Bukit Duri Pangkalan I RT.005 RW 012", "amenity": "place_of_worship", "backup_generator": "no", "building": "mosque", "building:condition": "good", "building:floor": "ceramics", "building:levels": "1", "building:roof": "tile", "building:structure": "confined_masonry", "building:walls": "brick", "buildings:floor": "ceramics", "capacity": "50-100", "capacity:persons": "<50", "denomination": "sunni", "evacuation_center": "no", "flood_prone": "yes", "name": "Masjid Al-Hidayah", "religion": "muslim", "source": "HOT_InAWARESurvey_2017", "osm_type": "way", "osm_id": 264426522}, "geometry": {"type": "Polygon", "coordinates": [[[106.8630212, -6.2163065], [106.8630252, -6.2163843], [106.8631234, -6.2163793], [106.8631194, -6.2163015], [106.8630212, -6.2163065]]]}}, {"type": "Feature", "properties": {"addr:city": "RW 12", "amenity": "place_of_worship", "building": "mosque", "height": "17", "religion": "muslim", "osm_type": "way", "osm_id": 264432803}, "geometry": {"type": "Polygon", "coordinates": [[[106.8604279, -6.219854], [106.8604816, -6.2198966], [106.8605325, -6.2198246], [106.8604735, -6.219782], [106.8604279, -6.219854]]]}}, {"type": "Feature", "properties": {"amenity": "place_of_worship", "building": "mosque", "evacuation_center": "no", "flood_prone": "yes", "height": "9", "name": "Mushala Ar Rahmah", "religion": "muslim", "osm_type": "way", "osm_id": 283059847}, "geometry": {"type": "Polygon", "coordinates": [[[106.8647117, -6.2221458], [106.8648493, -6.2220835], [106.8648862, -6.222164], [106.8647486, -6.2222263], [106.8647117, -6.2221458]]]}}, {"type": "Feature", "properties": {"access:roof": "no", "addr:city": "DKI Jakarta", "addr:full": "Jalan Inspeksi saluran", "backup_generator": "no", "building": "pumping_station", "building:condition": "good", "building:floor": "cement", "building:levels": "1", "building:roof": "concrete", "building:structure": "confined_masonry", "building:walls": "concrete", "man_made": "pumping_station", "name": "Rumah Pompa 5", "operator": "Sudin PU Perairan", "pump:unit": "1", "source": "HOT_InAWARESurvey_2017", "osm_type": "way", "osm_id": 283067211}, "geometry": {"type": "Polygon", "coordinates": [[[106.8638883, -6.2213177], [106.8638492, -6.2212483], [106.8638899, -6.2212256], [106.863929, -6.221295], [106.8638883, -6.2213177]]]}}, {"type": "Feature", "properties": {"amenity": "place_of_worship", "building": "mosque", "evacuation_center": "no", "flood_prone": "yes", "height": "13", "name": "Mushala Al Awwabin", "religion": "muslim", "osm_type": "way", "osm_id": 283071144}, "geometry": {"type": "Polygon", "coordinates": [[[106.8605991, -6.2208798], [106.860645, -6.2207995], [106.8607504, -6.2208591], [106.8607045, -6.2209393], [106.8605991, -6.2208798]]]}}, {"type": "Feature", "properties": {"amenity": "kindergarten", "building": "kindergarten", "evacuation_center": "no", "flood_prone": "yes", "name": "TK Al Falah", "osm_type": "way", "osm_id": 283071318}, "geometry": {"type": "Polygon", "coordinates": [[[106.8610538, -6.2204657], [106.8611275, -6.2205046], [106.8611054, -6.2205461], [106.8610316, -6.2205071], [106.8610538, -6.2204657]]]}}, {"type": "Feature", "properties": {"amenity": "place_of_worship", "building": "mosque", "evacuation_center": "no", "flood_prone": "yes", "name": "Mushalla Al Barkah", "religion": "muslim", "osm_type": "way", "osm_id": 283082170}, "geometry": {"type": "Polygon", "coordinates": [[[106.8630327, -6.2179582], [106.8630075, -6.2179174], [106.863054, -6.2178891], [106.8630792, -6.2179299], [106.8630327, -6.2179582]]]}}, {"type": "Feature", "properties": {"amenity": "kindergarten", "building": "kindergarten", "evacuation_center": "no", "flood_prone": "yes", "name": "TK Khumairoh", "osm_type": "way", "osm_id": 283082448}, "geometry": {"type": "Polygon", "coordinates": [[[106.8636305, -6.2182742], [106.8636884, -6.2182531], [106.863709, -6.2183092], [106.8636512, -6.2183303], [106.8636305, -6.2182742]]]}}, {"type": "Feature", "properties": {"amenity": "kindergarten", "building": "kindergarten", "flood_prone": "no", "name": "PAUD", "osm_type": "way", "osm_id": 283279454}, "geometry": {"type": "Polygon", "coordinates": [[[106.8655006, -6.2260877], [106.8655052, -6.2261633], [106.8654377, -6.2261673], [106.8654331, -6.2260917], [106.8655006, -6.2260877]]]}}, {"type": "Feature", "properties": {"amenity": "place_of_worship", "building": "mosque", "evacuation_center": "no", "flood_prone": "yes", "name": "Mushala", "religion": "muslim", "osm_type": "way", "osm_id": 283286981}, "geometry": {"type": "Polygon", "coordinates": [[[106.8614857, -6.2147714], [106.8615777, -6.2147391], [106.8616356, -6.2149023], [106.8615436, -6.2149346], [106.8614857, -6.2147714]]]}}, {"type": "Feature", "properties": {"amenity": "place_of_worship", "building": "mosque", "evacuation_center": "no", "flood_prone": "yes", "height": "17", "name": "Mushalla Ar Rohmah", "religion": "muslim", "osm_type": "way", "osm_id": 283287212}, "geometry": {"type": "Polygon", "coordinates": [[[106.8616081, -6.2157362], [106.8616899, -6.2157121], [106.861724, -6.2158269], [106.8616422, -6.2158509], [106.8616081, -6.2157362]]]}}, {"type": "Feature", "properties": {"amenity": "place_of_worship", "building": "mosque", "evacuation_center": "no", "flood_prone": "yes", "name": "Masjid Khairul Anam", "religion": "muslim", "osm_type": "way", "osm_id": 283301353}, "geometry": {"type": "Polygon", "coordinates": [[[106.8588197, -6.2145081], [106.8588894, -6.2144675], [106.8589331, -6.2145414], [106.8588634, -6.2145821], [106.8588197, -6.2145081]]]}}, {"type": "Feature", "properties": {"amenity": "place_of_worship", "building": "mosque", "evacuation_center": "no", "flood_prone": "yes", "height": "19", "name": "Mushalla At Taqwa", "religion": "muslim", "osm_type": "way", "osm_id": 283301372}, "geometry": {"type": "Polygon", "coordinates": [[[106.8599009, -6.2159715], [106.8599862, -6.2159589], [106.8600051, -6.2160853], [106.8599198, -6.2160979], [106.8599009, -6.2159715]]]}}, {"type": "Feature", "properties": {"amenity": "place_of_worship", "building": "mosque", "evacuation_center": "no", "flood_prone": "yes", "name": "Mushala Nurul Iwan", "religion": "muslim", "osm_type": "way", "osm_id": 291425294}, "geometry": {"type": "Polygon", "coordinates": [[[106.8643385, -6.2373541], [106.864377, -6.2373251], [106.8644096, -6.2373679], [106.8643711, -6.2373969], [106.8643385, -6.2373541]]]}}, {"type": "Feature", "properties": {"access:roof": "no", "addr:city": "DKI Jakarta", "addr:full": "Jalan Otista No.82", "amenity": "clinic", "backup_generator": "yes", "building": "clinic", "building:condition": "good", "building:floor": "ceramics", "building:levels": "2", "building:roof": "tile", "building:structure": "confined_masonry", "building:walls": "brick", "capacity:persons": "100-250", "evacuation_center": "no", "flood_prone": "no", "healthcare": "clinic", "name": "Puskesmas Kelurahan Bidara Cina I", "operator": "Ministry of Health", "operator:en": "Ministry of Health", "operator:id": "Kementerian Kesehatan", "operator:type": "government", "operator:wikidata": "Q12490745", "source": "HOT_InAWARESurvey_2017", "osm_type": "way", "osm_id": 291546746}, "geometry": {"type": "Polygon", "coordinates": [[[106.8677821, -6.2387124], [106.8679846, -6.2386553], [106.8680193, -6.2387768], [106.8678168, -6.2388339], [106.8677821, -6.2387124]]]}}, {"type": "Feature", "properties": {"amenity": "place_of_worship", "building": "mosque", "evacuation_center": "no", "flood_prone": "no", "name": "Mushala Radhatul Ibadah", "religion": "muslim", "osm_type": "way", "osm_id": 291546826}, "geometry": {"type": "Polygon", "coordinates": [[[106.86844, -6.2372411], [106.8685107, -6.237244], [106.8685073, -6.2373258], [106.8684366, -6.2373229], [106.86844, -6.2372411]]]}}, {"type": "Feature", "properties": {"amenity": "place_of_worship", "building": "mosque", "evacuation_center": "yes", "flood_prone": "no", "kitchen:facilities": "yes", "name": "Masjid Al Islah", "religion": "muslim", "shelter_type": "building", "toilet:facilities": "yes", "toilets:number": "1", "water_source": "powered_pump", "osm_type": "way", "osm_id": 291576853}, "geometry": {"type": "Polygon", "coordinates": [[[106.8648781, -6.2261249], [106.8649425, -6.2261192], [106.8649507, -6.2262111], [106.8648862, -6.2262168], [106.8648781, -6.2261249]]]}}, {"type": "Feature", "properties": {"amenity": "place_of_worship", "building": "mosque", "evacuation_center": "no", "flood_prone": "no", "name": "Mushala Al Mutaqin", "religion": "muslim", "osm_type": "way", "osm_id": 291576930}, "geometry": {"type": "Polygon", "coordinates": [[[106.868849, -6.2278581], [106.8688238, -6.2279206], [106.8687431, -6.2278886], [106.8687683, -6.227826], [106.868849, -6.2278581]]]}}, {"type": "Feature", "properties": {"amenity": "place_of_worship", "building": "mosque", "evacuation_center": "no", "flood_prone": "yes", "name": "Mushala Ash Sholihin", "religion": "muslim", "osm_type": "way", "osm_id": 291577589}, "geometry": {"type": "Polygon", "coordinates": [[[106.8659333, -6.2281549], [106.8659888, -6.2281526], [106.8659915, -6.228218], [106.865936, -6.2282202], [106.8659333, -6.2281549]]]}}, {"type": "Feature", "properties": {"amenity": "place_of_worship", "building": "mosque", "evacuation_center": "yes", "flood_prone": "no", "kitchen:facilities": "yes", "name": "Mushala Baiturohim", "religion": "muslim", "shelter_type": "building", "toilet:facilities": "no", "toilets:number": "1", "water_source": "powered_pump", "osm_type": "way", "osm_id": 291577628}, "geometry": {"type": "Polygon", "coordinates": [[[106.8652303, -6.2305295], [106.8653584, -6.2305362], [106.8653551, -6.2305987], [106.865227, -6.230592], [106.8652303, -6.2305295]]]}}, {"type": "Feature", "properties": {"amenity": "place_of_worship", "building": "mosque", "evacuation_center": "no", "flood_prone": "no", "name": "Mushala Silaturahmi", "religion": "muslim", "osm_type": "way", "osm_id": 291577826}, "geometry": {"type": "Polygon", "coordinates": [[[106.8693962, -6.2306324], [106.869459, -6.2306384], [106.8694479, -6.2306964], [106.8693878, -6.2306883], [106.8693962, -6.2306324]]]}}, {"type": "Feature", "properties": {"amenity": "kindergarten", "building": "kindergarten", "evacuation_center": "no", "flood_prone": "no", "name": "PAUD Kencana Ungu", "osm_type": "way", "osm_id": 291577844}, "geometry": {"type": "Polygon", "coordinates": [[[106.8657041, -6.231245], [106.8657374, -6.2312451], [106.8657351, -6.231295], [106.8657078, -6.2312955], [106.8657041, -6.231245]]]}}, {"type": "Feature", "properties": {"amenity": "place_of_worship", "building": "mosque", "evacuation_center": "yes", "flood_prone": "no", "kitchen:facilities": "yes", "name": "Mushala Asholihin", "religion": "muslim", "shelter_type": "building", "toilet:facilities": "no", "water_source": "powered_pump", "osm_type": "way", "osm_id": 291578178}, "geometry": {"type": "Polygon", "coordinates": [[[106.8661085, -6.2304708], [106.8661804, -6.2304949], [106.8661932, -6.2304992], [106.8661641, -6.2305849], [106.8660795, -6.2305565], [106.8661085, -6.2304708]]]}}, {"type": "Feature", "properties": {"amenity": "place_of_worship", "building": "mosque", "evacuation_center": "no", "flood_prone": "yes", "name": "Mushala Darusalam", "religion": "muslim", "osm_type": "way", "osm_id": 291578312}, "geometry": {"type": "Polygon", "coordinates": [[[106.8648797, -6.2291634], [106.8649331, -6.2291878], [106.8649012, -6.2292534], [106.8648425, -6.2292257], [106.8648797, -6.2291634]]]}}, {"type": "Feature", "properties": {"amenity": "place_of_worship", "building": "mosque", "evacuation_center": "no", "flood_prone": "yes", "name": "Mushola Nurul Ihsan", "religion": "muslim", "osm_type": "way", "osm_id": 291578369}, "geometry": {"type": "Polygon", "coordinates": [[[106.8641584, -6.2302757], [106.8642283, -6.2303179], [106.8641711, -6.2303911], [106.8640765, -6.230398], [106.8641584, -6.2302757]]]}}, {"type": "Feature", "properties": {"amenity": "place_of_worship", "building": "mosque", "evacuation_center": "no", "flood_prone": "yes", "name": "Mushala", "religion": "muslim", "osm_type": "way", "osm_id": 291578821}, "geometry": {"type": "Polygon", "coordinates": [[[106.8688409, -6.2288458], [106.8689033, -6.2288272], [106.8689886, -6.2288736], [106.8689284, -6.2289654], [106.8688061, -6.2289123], [106.8688409, -6.2288458]]]}}, {"type": "Feature", "properties": {"access:roof": "no", "addr:city": "DKI Jakarta", "addr:full": "Jalan Nilam Kampung Dalam", "amenity": "clinic", "backup_generator": "yes", "building": "clinic", "building:condition": "good", "building:floor": "ceramics", "building:levels": "1", "building:roof": "tile", "building:structure": "confined_masonry", "building:walls": "brick", "capacity:persons": "100-250", "evacuation_center": "no", "flood_prone": "yes", "healthcare": "clinic", "name": "Puskesmas Kelurahan Bidara Cina II", "operator": "Ministry of Health", "operator:en": "Ministry of Health", "operator:id": "Kementerian Kesehatan", "operator:type": "government", "operator:wikidata": "Q12490745", "source": "HOT_InAWARESurvey_2017", "osm_type": "way", "osm_id": 291582205}, "geometry": {"type": "Polygon", "coordinates": [[[106.8646882, -6.2409482], [106.8648401, -6.240965], [106.8648308, -6.2410485], [106.8646789, -6.2410318], [106.8646882, -6.2409482]]]}}, {"type": "Feature", "properties": {"amenity": "place_of_worship", "building": "church", "evacuation_center": "no", "flood_prone": "yes", "name": "Gereja HKBP", "religion": "christian", "osm_type": "way", "osm_id": 292200202}, "geometry": {"type": "Polygon", "coordinates": [[[106.8652246, -6.2407396], [106.8653228, -6.2407455], [106.865312, -6.2409117], [106.8652058, -6.2408964], [106.8652246, -6.2407396]]]}}, {"type": "Feature", "properties": {"amenity": "place_of_worship", "building": "mosque", "evacuation_center": "no", "flood_prone": "yes", "name": "Mushala Al Bashir", "religion": "muslim", "osm_type": "way", "osm_id": 292259880}, "geometry": {"type": "Polygon", "coordinates": [[[106.8634322, -6.2387487], [106.8634752, -6.238751], [106.8634734, -6.2387919], [106.8634303, -6.2387886], [106.8634322, -6.2387487]]]}}, {"type": "Feature", "properties": {"addr:city": "DKI Jakarta", "amenity": "place_of_worship", "building": "mosque", "evacuation_center": "no", "flood_prone": "yes", "name": "Mushala Hasbiallah", "religion": "muslim", "source": "HOT_InAWARESurvey_2017", "osm_type": "way", "osm_id": 292260593}, "geometry": {"type": "Polygon", "coordinates": [[[106.863874, -6.2382884], [106.8639302, -6.2383123], [106.8639128, -6.2383531], [106.8638566, -6.2383292], [106.863874, -6.2382884]]]}}, {"type": "Feature", "properties": {"amenity": "place_of_worship", "building": "mosque", "evacuation_center": "no", "flood_prone": "yes", "name": "Mushala Al Ahyar", "religion": "muslim", "osm_type": "way", "osm_id": 292685922}, "geometry": {"type": "Polygon", "coordinates": [[[106.8681713, -6.2276128], [106.8682139, -6.227626], [106.8682053, -6.22765], [106.8681621, -6.2276347], [106.8681713, -6.2276128]]]}}, {"type": "Feature", "properties": {"amenity": "kindergarten", "building": "kindergarten", "evacuation_center": "no", "flood_prone": "no", "name": "TK", "osm_type": "way", "osm_id": 292685941}, "geometry": {"type": "Polygon", "coordinates": [[[106.8692467, -6.2274935], [106.8693, -6.2274915], [106.8693015, -6.227531], [106.8692482, -6.2275331], [106.8692467, -6.2274935]]]}}, {"type": "Feature", "properties": {"addr:city": "DKI Jakarta", "amenity": "kindergarten", "building": "kindergarten", "evacuation_center": "no", "flood_prone": "yes", "name": "PAUD Cahaya Bunda", "source": "HOT_InAWARESurvey_2017", "osm_type": "way", "osm_id": 292703736}, "geometry": {"type": "Polygon", "coordinates": [[[106.8653064, -6.2269323], [106.865305, -6.2269189], [106.8653735, -6.2269121], [106.8653748, -6.2269255], [106.8653064, -6.2269323]]]}}, {"type": "Feature", "properties": {"amenity": "clinic", "building": "clinic", "evacuation_center": "yes", "flood_prone": "no", "healthcare": "clinic", "kitchen:facilities": "yes", "name": "Posyandu", "operator": "Posyandu", "operator:wikidata": "Q12506263", "shelter_type": "building", "toilet:facilities": "yes", "toilets:number": "1", "water_source": "powered_pump", "osm_type": "way", "osm_id": 292722575}, "geometry": {"type": "Polygon", "coordinates": [[[106.8646323, -6.2260415], [106.8647016, -6.2260366], [106.8647065, -6.2261039], [106.8646371, -6.2261088], [106.8646323, -6.2260415]]]}}, {"type": "Feature", "properties": {"access:roof": "yes", "addr:city": "DKI Jakarta", "addr:full": "Jalan Otista 1A", "amenity": "place_of_worship", "backup_generator": "no", "building": "mosque", "building:condition": "good", "building:floor": "ceramics", "building:levels": "2", "building:roof": "tile", "building:structure": "confined_masonry", "building:walls": "brick", "capacity:persons": "50-100", "name": "Masjid Al-Ishlah", "religion": "muslim", "source": "HOT_InAWARESurvey_2017", "osm_type": "way", "osm_id": 292722597}, "geometry": {"type": "Polygon", "coordinates": [[[106.8648483, -6.2255217], [106.8649078, -6.2255175], [106.8649117, -6.2255726], [106.8648523, -6.2255769], [106.8648483, -6.2255217]]]}}, {"type": "Feature", "properties": {"amenity": "place_of_worship", "building": "mosque", "evacuation_center": "no", "flood_prone": "no", "religion": "muslim", "osm_type": "way", "osm_id": 293137619}, "geometry": {"type": "Polygon", "coordinates": [[[106.8680103, -6.2405239], [106.8680606, -6.2405114], [106.8680829, -6.2406], [106.8680326, -6.2406125], [106.8680103, -6.2405239]]]}}, {"type": "Feature", "properties": {"amenity": "place_of_worship", "building": "mosque", "evacuation_center": "no", "flood_prone": "yes", "name": "Masjid Darul Mutaqin", "religion": "muslim", "osm_type": "way", "osm_id": 314061970}, "geometry": {"type": "Polygon", "coordinates": [[[106.8574871, -6.2170141], [106.8574916, -6.2169562], [106.8574349, -6.2169519], [106.8574304, -6.2170097], [106.8574871, -6.2170141]]]}}, {"type": "Feature", "properties": {"access:roof": "yes", "addr:city": "DKI Jakarta", "addr:full": "Jalan Kebon Pala XIV", "amenity": "place_of_worship", "backup_generator": "yes", "building": "mosque", "building:condition": "good", "building:levels": "2", "building:roof": "concrete", "building:structure": "confined_masonry", "building:walls": "brick", "buildings:floor": "ceramics", "capacity:persons": "250-500", "evacuation_center": "yes", "flood_prone": "yes", "height": "6", "kitchen:facilities": "no", "name": "Masjid Jami Ittihaadul Ikhwan", "religion": "muslim", "shelter_type": "building", "source": "HOT_InAWARESurvey_2017", "toilet:facilities": "yes", "toilets:number": "2", "water_source": "powered_pump", "osm_type": "way", "osm_id": 314061971}, "geometry": {"type": "Polygon", "coordinates": [[[106.8573958, -6.2161761], [106.8573978, -6.2162134], [106.8575185, -6.2162488], [106.8575076, -6.2163157], [106.8576342, -6.2163304], [106.8576317, -6.2161956], [106.8575408, -6.216156], [106.8574191, -6.2161421], [106.8573958, -6.2161761]]]}}, {"type": "Feature", "properties": {"amenity": "place_of_worship", "building": "mosque", "evacuation_center": "no", "flood_prone": "yes", "name": "Mushala Al Abbror", "religion": "muslim", "osm_type": "way", "osm_id": 314061972}, "geometry": {"type": "Polygon", "coordinates": [[[106.8568504, -6.2168961], [106.8568316, -6.2168666], [106.8568832, -6.2168342], [106.8569019, -6.2168637], [106.8568504, -6.2168961]]]}}, {"type": "Feature", "properties": {"amenity": "place_of_worship", "building": "mosque", "evacuation_center": "no", "flood_prone": "no", "name": "Mushala Al Borkah", "religion": "muslim", "osm_type": "way", "osm_id": 314061973}, "geometry": {"type": "Polygon", "coordinates": [[[106.8631364, -6.217472], [106.863174, -6.2174602], [106.863187, -6.2175013], [106.8631494, -6.2175131], [106.8631364, -6.217472]]]}}, {"type": "Feature", "properties": {"amenity": "place_of_worship", "building": "mosque", "evacuation_center": "no", "flood_prone": "yes", "name": "Mushala Al Huda", "religion": "muslim", "osm_type": "way", "osm_id": 314061975}, "geometry": {"type": "Polygon", "coordinates": [[[106.8578889, -6.2150395], [106.8579276, -6.2150516], [106.8579065, -6.2151185], [106.8578678, -6.2151064], [106.8578889, -6.2150395]]]}}, {"type": "Feature", "properties": {"amenity": "place_of_worship", "building": "mosque", "evacuation_center": "no", "flood_prone": "yes", "height": "11", "name": "Mushala Al Ikhlas", "religion": "muslim", "osm_type": "way", "osm_id": 314061976}, "geometry": {"type": "Polygon", "coordinates": [[[106.863718, -6.2183026], [106.8637664, -6.2182918], [106.8637741, -6.2183258], [106.8637256, -6.2183367], [106.863718, -6.2183026]]]}}, {"type": "Feature", "properties": {"addr:city": "DKI Jakarta", "amenity": "place_of_worship", "building": "mosque", "evacuation_center": "no", "flood_prone": "yes", "name": "Mushala Al Mujahidin", "religion": "muslim", "source": "HOT_InAWARESurvey_2017", "osm_type": "way", "osm_id": 314061977}, "geometry": {"type": "Polygon", "coordinates": [[[106.857232, -6.2149628], [106.8572201, -6.2150159], [106.8572868, -6.2150316], [106.8572902, -6.2150036], [106.8572961, -6.214977], [106.857232, -6.2149628]]]}}, {"type": "Feature", "properties": {"amenity": "place_of_worship", "building": "mosque", "evacuation_center": "no", "flood_prone": "yes", "name": "Mushala Ar Ridha", "religion": "muslim", "osm_type": "way", "osm_id": 314061978}, "geometry": {"type": "Polygon", "coordinates": [[[106.8575047, -6.2141468], [106.8575511, -6.2141586], [106.85754, -6.214202], [106.8574935, -6.2141902], [106.8575047, -6.2141468]]]}}, {"type": "Feature", "properties": {"amenity": "place_of_worship", "building": "mosque", "evacuation_center": "no", "flood_prone": "no", "name": "Mushala At Taufiq", "religion": "muslim", "osm_type": "way", "osm_id": 314061979}, "geometry": {"type": "Polygon", "coordinates": [[[106.8628456, -6.2192385], [106.8628248, -6.21921], [106.8627842, -6.2192366], [106.8628001, -6.2192572], [106.8628248, -6.2192543], [106.8628456, -6.2192385]]]}}, {"type": "Feature", "properties": {"amenity": "place_of_worship", "building": "mosque", "evacuation_center": "no", "flood_prone": "yes", "name": "Mushala Baitul Choir", "religion": "muslim", "osm_type": "way", "osm_id": 314061980}, "geometry": {"type": "Polygon", "coordinates": [[[106.8587779, -6.2160034], [106.8587994, -6.215954], [106.8588429, -6.2159727], [106.8588214, -6.2160221], [106.8587779, -6.2160034]]]}}, {"type": "Feature", "properties": {"amenity": "place_of_worship", "building": "mosque", "evacuation_center": "no", "flood_prone": "yes", "name": "Mushala Darusalam", "religion": "muslim", "osm_type": "way", "osm_id": 314061981}, "geometry": {"type": "Polygon", "coordinates": [[[106.8599263, -6.2130619], [106.859965, -6.2130465], [106.8599816, -6.2130879], [106.859943, -6.2131033], [106.8599263, -6.2130619]]]}}, {"type": "Feature", "properties": {"amenity": "place_of_worship", "building": "mosque", "evacuation_center": "no", "flood_prone": "yes", "name": "Mushala Darussalam", "religion": "muslim", "osm_type": "way", "osm_id": 314061982}, "geometry": {"type": "Polygon", "coordinates": [[[106.8580411, -6.2148989], [106.8580895, -6.2149085], [106.8580817, -6.2149475], [106.8580333, -6.214938], [106.8580411, -6.2148989]]]}}, {"type": "Feature", "properties": {"amenity": "kindergarten", "building": "kindergarten", "evacuation_center": "no", "flood_prone": "yes", "name": "PAUD BKBN", "osm_type": "way", "osm_id": 314061984}, "geometry": {"type": "Polygon", "coordinates": [[[106.8578742, -6.2146331], [106.8578425, -6.2146254], [106.8578163, -6.2146184], [106.8578203, -6.2145948], [106.8578782, -6.2146095], [106.8578742, -6.2146331]]]}}, {"type": "Feature", "properties": {"amenity": "kindergarten", "building": "kindergarten", "evacuation_center": "no", "flood_prone": "yes", "name": "PAUD Tanada", "osm_type": "way", "osm_id": 314061986}, "geometry": {"type": "Polygon", "coordinates": [[[106.8579902, -6.2141045], [106.8580416, -6.2141084], [106.8580244, -6.2141872], [106.8579822, -6.2141805], [106.8579902, -6.2141045]]]}}, {"type": "Feature", "properties": {"amenity": "school", "building": "school", "evacuation_center": "no", "flood_prone": "yes", "name": "SD Al Wasliyah", "school:type_idn": "sd", "osm_type": "way", "osm_id": 314061990}, "geometry": {"type": "Polygon", "coordinates": [[[106.8576167, -6.2166334], [106.8577594, -6.216642], [106.8577563, -6.2166931], [106.8576135, -6.2166844], [106.8576167, -6.2166334]]]}}, {"type": "Feature", "properties": {"amenity": "kindergarten", "building": "kindergarten", "evacuation_center": "no", "flood_prone": "yes", "name": "TK Nurjanah", "osm_type": "way", "osm_id": 314061991}, "geometry": {"type": "Polygon", "coordinates": [[[106.8580054, -6.2160723], [106.8580864, -6.2160784], [106.8580797, -6.2161667], [106.8579986, -6.2161606], [106.8580054, -6.2160723]]]}}, {"type": "Feature", "properties": {"addr:city": "DKI Jakarta", "amenity": "kindergarten", "building": "kindergarten", "evacuation_center": "no", "flood_prone": "yes", "name": "TK/PAUD Mufti Mulyani", "source": "HOT_InAWARESurvey_2017", "osm_type": "way", "osm_id": 314061992}, "geometry": {"type": "Polygon", "coordinates": [[[106.8565973, -6.2164027], [106.8566126, -6.2164208], [106.8565498, -6.2164736], [106.8565344, -6.2164556], [106.8565973, -6.2164027]]]}}, {"type": "Feature", "properties": {"amenity": "school", "building": "school", "evacuation_center": "no", "flood_prone": "no", "name": "Yayasan Baitul Khair", "school:type_idn": "smp", "osm_type": "way", "osm_id": 314061993}, "geometry": {"type": "Polygon", "coordinates": [[[106.8589201, -6.2150616], [106.858974, -6.2150522], [106.8589661, -6.2150109], [106.8589122, -6.2150217], [106.8589201, -6.2150616]]]}}, {"type": "Feature", "properties": {"amenity": "place_of_worship", "building": "mosque", "evacuation_center": "no", "flood_prone": "yes", "name": "Masjid Nurul Falah", "religion": "muslim", "osm_type": "way", "osm_id": 314061994}, "geometry": {"type": "Polygon", "coordinates": [[[106.8564021, -6.2163659], [106.856445, -6.2163398], [106.8564654, -6.2163731], [106.8564226, -6.2163991], [106.8564021, -6.2163659]]]}}, {"type": "Feature", "properties": {"amenity": "place_of_worship", "building": "mosque", "evacuation_center": "no", "flood_prone": "yes", "name": "Mushala Al Mutaqin", "religion": "muslim", "osm_type": "way", "osm_id": 314357691}, "geometry": {"type": "Polygon", "coordinates": [[[106.8573022, -6.2141424], [106.8572733, -6.2141932], [106.8573284, -6.214218], [106.8573585, -6.2141724], [106.8573022, -6.2141424]]]}}, {"type": "Feature", "properties": {"amenity": "place_of_worship", "building": "mosque", "evacuation_center": "no", "flood_prone": "no", "name": "Mushala Al Abrol", "religion": "muslim", "osm_type": "way", "osm_id": 314667716}, "geometry": {"type": "Polygon", "coordinates": [[[106.8681498, -6.2344964], [106.8681567, -6.2345612], [106.8682081, -6.2345539], [106.8682042, -6.2344887], [106.8681498, -6.2344964]]]}}, {"type": "Feature", "properties": {"amenity": "place_of_worship", "building": "mosque", "evacuation_center": "no", "flood_prone": "no", "name": "Mushala Al Falah", "religion": "muslim", "osm_type": "way", "osm_id": 314667717}, "geometry": {"type": "Polygon", "coordinates": [[[106.8695076, -6.2393637], [106.869501, -6.239292], [106.8695688, -6.2392877], [106.8695666, -6.2393593], [106.8695076, -6.2393637]]]}}, {"type": "Feature", "properties": {"amenity": "place_of_worship", "building": "mosque", "evacuation_center": "no", "flood_prone": "no", "name": "Mushala Al Islamiyah", "religion": "muslim", "osm_type": "way", "osm_id": 314667718}, "geometry": {"type": "Polygon", "coordinates": [[[106.8701005, -6.2416044], [106.8700045, -6.2415558], [106.8700209, -6.2415238], [106.870036, -6.2414942], [106.870132, -6.2415427], [106.8701005, -6.2416044]]]}}, {"type": "Feature", "properties": {"amenity": "place_of_worship", "building": "mosque", "evacuation_center": "no", "flood_prone": "no", "name": "Mushala An Nur", "religion": "muslim", "osm_type": "way", "osm_id": 314667719}, "geometry": {"type": "Polygon", "coordinates": [[[106.8695895, -6.234576], [106.8695867, -6.2346521], [106.8696786, -6.2346554], [106.8696814, -6.2345794], [106.8695895, -6.234576]]]}}, {"type": "Feature", "properties": {"amenity": "school", "building": "school", "evacuation_center": "no", "flood_prone": "no", "name": "SD Auliyah", "school:type_idn": "sd", "osm_type": "way", "osm_id": 314667721}, "geometry": {"type": "Polygon", "coordinates": [[[106.8681297, -6.2342885], [106.8681498, -6.2344897], [106.8682084, -6.2344835], [106.8682131, -6.2345542], [106.8682888, -6.2345465], [106.8682501, -6.2342655], [106.8681297, -6.2342885]]]}}, {"type": "Feature", "properties": {"amenity": "place_of_worship", "building": "church", "evacuation_center": "no", "flood_prone": "yes", "name": "Gereja HKBP", "religion": "christian", "osm_type": "way", "osm_id": 314681688}, "geometry": {"type": "Polygon", "coordinates": [[[106.8628774, -6.240511], [106.8628635, -6.2405709], [106.8630148, -6.2406231], [106.8630365, -6.2405709], [106.8628774, -6.240511]]]}}, {"type": "Feature", "properties": {"amenity": "clinic", "building": "clinic", "evacuation_center": "no", "flood_prone": "yes", "healthcare": "clinic", "name": "Klinik Agape", "osm_type": "way", "osm_id": 314681692}, "geometry": {"type": "Polygon", "coordinates": [[[106.86693, -6.227147], [106.8669315, -6.2271934], [106.86703, -6.2271903], [106.8670285, -6.2271439], [106.86693, -6.227147]]]}}, {"type": "Feature", "properties": {"amenity": "school", "building": "school", "evacuation_center": "no", "flood_prone": "no", "name": "Madrasah Al Ihsaniyah", "school:type_idn": "sd", "osm_type": "way", "osm_id": 314681696}, "geometry": {"type": "Polygon", "coordinates": [[[106.8652023, -6.2301651], [106.8652093, -6.2302334], [106.8652463, -6.2302297], [106.8652393, -6.2301615], [106.8652023, -6.2301651]]]}}, {"type": "Feature", "properties": {"addr:city": "DKI Jakarta", "amenity": "place_of_worship", "building": "mosque", "evacuation_center": "yes", "flood_prone": "no", "kitchen:facilities": "yes", "name": "Mushala Al Badru", "religion": "muslim", "shelter_type": "building", "source": "HOT_InAWARESurvey_2017", "toilet:facilities": "no", "water_source": "water_works", "osm_type": "way", "osm_id": 314681699}, "geometry": {"type": "Polygon", "coordinates": [[[106.8667239, -6.2266753], [106.8667304, -6.2267426], [106.8668178, -6.2267383], [106.8668112, -6.2266666], [106.8667239, -6.2266753]]]}}, {"type": "Feature", "properties": {"amenity": "place_of_worship", "building": "mosque", "evacuation_center": "no", "flood_prone": "yes", "name": "Mushala Al Ihsan", "religion": "muslim", "osm_type": "way", "osm_id": 314681701}, "geometry": {"type": "Polygon", "coordinates": [[[106.8633884, -6.2398626], [106.8634475, -6.2398647], [106.8634464, -6.2398951], [106.8633873, -6.239893], [106.8633884, -6.2398626]]]}}, {"type": "Feature", "properties": {"amenity": "place_of_worship", "building": "mosque", "evacuation_center": "no", "flood_prone": "yes", "name": "Mushala Amalia", "religion": "muslim", "osm_type": "way", "osm_id": 314681702}, "geometry": {"type": "Polygon", "coordinates": [[[106.8665298, -6.2273503], [106.8665584, -6.2272816], [106.8666192, -6.2273066], [106.8665906, -6.2273753], [106.8665298, -6.2273503]]]}}, {"type": "Feature", "properties": {"amenity": "place_of_worship", "building": "mosque", "evacuation_center": "no", "flood_prone": "yes", "name": "Mushala At Taufiq", "religion": "muslim", "osm_type": "way", "osm_id": 314681703}, "geometry": {"type": "Polygon", "coordinates": [[[106.8648602, -6.238115], [106.864844, -6.2381403], [106.8648733, -6.2381618], [106.864898, -6.2381364], [106.8648602, -6.238115]]]}}, {"type": "Feature", "properties": {"amenity": "place_of_worship", "building": "mosque", "evacuation_center": "yes", "flood_prone": "yes", "kitchen:facilities": "no", "name": "Mushala Darusalam", "religion": "muslim", "shelter_type": "building", "toilet:facilities": "yes", "toilets:number": "2", "water_source": "powered_pump", "osm_type": "way", "osm_id": 314681704}, "geometry": {"type": "Polygon", "coordinates": [[[106.8630003, -6.2410464], [106.8629914, -6.2411608], [106.8631224, -6.2411798], [106.8631396, -6.2411002], [106.8630003, -6.2410464]]]}}, {"type": "Feature", "properties": {"amenity": "place_of_worship", "building": "mosque", "evacuation_center": "no", "flood_prone": "yes", "name": "Mushala Nurrodin", "religion": "muslim", "osm_type": "way", "osm_id": 314681705}, "geometry": {"type": "Polygon", "coordinates": [[[106.8664924, -6.240426], [106.8664934, -6.240458], [106.8665332, -6.2404568], [106.8665323, -6.2404248], [106.8664924, -6.240426]]]}}, {"type": "Feature", "properties": {"amenity": "place_of_worship", "building": "mosque", "evacuation_center": "no", "flood_prone": "no", "name": "Mushala Nurul Huda", "religion": "muslim", "osm_type": "way", "osm_id": 314681706}, "geometry": {"type": "Polygon", "coordinates": [[[106.8694958, -6.2433045], [106.8695395, -6.2433121], [106.8695417, -6.2432578], [106.869498, -6.2432556], [106.8694958, -6.2433045]]]}}, {"type": "Feature", "properties": {"amenity": "place_of_worship", "building": "mosque", "evacuation_center": "no", "flood_prone": "no", "name": "Mushala Raudhatuttaaibin", "religion": "muslim", "osm_type": "way", "osm_id": 314681707}, "geometry": {"type": "Polygon", "coordinates": [[[106.8662661, -6.225741], [106.8662732, -6.2257896], [106.8663254, -6.2257821], [106.8663183, -6.2257335], [106.8662661, -6.225741]]]}}, {"type": "Feature", "properties": {"amenity": "kindergarten", "building": "kindergarten", "evacuation_center": "no", "flood_prone": "yes", "name": "PAUD", "osm_type": "way", "osm_id": 314681709}, "geometry": {"type": "Polygon", "coordinates": [[[106.8639265, -6.2312837], [106.8639352, -6.2313142], [106.8639948, -6.2312975], [106.8639862, -6.231267], [106.8639265, -6.2312837]]]}}, {"type": "Feature", "properties": {"access:roof": "no", "addr:city": "DKI Jakarta", "addr:full": "Jalan Mustika No.27 B", "amenity": "school", "backup_generator": "no", "building": "school", "building:condition": "good", "building:floor": "ceramics", "building:levels": "2", "building:roof": "tile", "building:walls": "brick", "capacity:persons": "100-250", "name": "MI - MTs Jauharotun Naqiyah", "operator:type": "private", "school:type_idn": "sd,smp", "source": "HOT_InAWARESurvey_2017", "osm_type": "way", "osm_id": 314681710}, "geometry": {"type": "Polygon", "coordinates": [[[106.8662673, -6.2421696], [106.8662387, -6.2422482], [106.8660581, -6.2421833], [106.8660867, -6.2421047], [106.8662673, -6.2421696]]]}}, {"type": "Feature", "properties": {"amenity": "school", "building": "school", "evacuation_center": "no", "flood_prone": "yes", "name": "SD Islam Asaadah", "school:type_idn": "sd", "osm_type": "way", "osm_id": 314681717}, "geometry": {"type": "Polygon", "coordinates": [[[106.8640263, -6.2384718], [106.8639784, -6.2385961], [106.8640479, -6.2386361], [106.8640803, -6.23857], [106.8641189, -6.2385808], [106.8641467, -6.238527], [106.8640263, -6.2384718]]]}}, {"type": "Feature", "properties": {"amenity": "kindergarten", "building": "kindergarten", "evacuation_center": "no", "flood_prone": "yes", "name": "TKIT Riyadush Shalihin", "osm_type": "way", "osm_id": 314681722}, "geometry": {"type": "Polygon", "coordinates": [[[106.8639983, -6.2392915], [106.8639983, -6.2393268], [106.8640725, -6.239333], [106.8640725, -6.2392992], [106.8639983, -6.2392915]]]}}, {"type": "Feature", "properties": {"amenity": "kindergarten", "building": "kindergarten", "evacuation_center": "no", "flood_prone": "yes", "name": "TK", "osm_type": "way", "osm_id": 314681723}, "geometry": {"type": "Polygon", "coordinates": [[[106.8639458, -6.2313333], [106.8639548, -6.2313618], [106.8640119, -6.2313439], [106.8640029, -6.2313154], [106.8639458, -6.2313333]]]}}, {"type": "Feature", "properties": {"access:roof": "no", "addr:city": "DKI Jakarta", "addr:full": "Jalan Otista No.18", "amenity": "kindergarten", "backup_generator": "no", "building": "kindergarten", "building:condition": "good", "building:floor": "ceramics", "building:levels": "1", "building:roof": "tile", "building:structure": "confined_masonry", "building:walls": "brick", "capacity:persons": "50-100", "flood_prone": "yes", "name": "TK Kemala Bhayangkari", "operator:type": "community", "source": "HOT_InAWARESurvey_2017", "osm_type": "way", "osm_id": 315577264}, "geometry": {"type": "Polygon", "coordinates": [[[106.866358, -6.2267874], [106.8663505, -6.2266676], [106.8664438, -6.2266619], [106.8664482, -6.2267326], [106.8664225, -6.2267342], [106.8664255, -6.2267833], [106.866358, -6.2267874]]]}}, {"type": "Feature", "properties": {"amenity": "school", "building": "school", "evacuation_center": "yes", "flood_prone": "no", "kitchen:facilities": "no", "name": "SD 01/02 Bidara Cina", "school:type_idn": "sd", "shelter_type": "building", "toilet:facilities": "yes", "water_source": "water_works", "osm_type": "way", "osm_id": 315589070}, "geometry": {"type": "Polygon", "coordinates": [[[106.8638309, -6.2311784], [106.8637855, -6.2312023], [106.8636724, -6.2310712], [106.8637169, -6.2310279], [106.8638309, -6.2311784]]]}}, {"type": "Feature", "properties": {"amenity": "place_of_worship", "building": "mosque", "evacuation_center": "no", "flood_prone": "no", "name": "Mushala Al Hidayah", "religion": "muslim", "osm_type": "way", "osm_id": 315703452}, "geometry": {"type": "Polygon", "coordinates": [[[106.8652694, -6.2316614], [106.8652729, -6.2317224], [106.8653423, -6.2317184], [106.8653388, -6.2316575], [106.8652694, -6.2316614]]]}}, {"type": "Feature", "properties": {"amenity": "kindergarten", "building": "kindergarten", "evacuation_center": "yes", "flood_prone": "no", "kitchen:facilities": "yes", "name": "PAUD", "shelter_type": "building", "toilet:facilities": "yes", "toilets:number": "1", "water_source": "water_works", "osm_type": "way", "osm_id": 315713304}, "geometry": {"type": "Polygon", "coordinates": [[[106.863246, -6.2413716], [106.8632307, -6.2415362], [106.8631541, -6.2415316], [106.8631636, -6.2413729], [106.863246, -6.2413716]]]}}, {"type": "Feature", "properties": {"alt_name": "Musholla Al Haq", "amenity": "place_of_worship", "building": "mosque", "evacuation_center": "no", "flood_prone": "yes", "name": "Mushola Al Haq", "religion": "muslim", "osm_type": "way", "osm_id": 315839153}, "geometry": {"type": "Polygon", "coordinates": [[[106.8643787, -6.2287064], [106.8644457, -6.2287039], [106.8644477, -6.2287576], [106.8643806, -6.2287601], [106.8643787, -6.2287064]]]}}, {"type": "Feature", "properties": {"access:roof": "no", "addr:city": "DKI Jakarta", "addr:full": "Jalan H", "backup_generator": "yes", "building": "pumping_station", "building:condition": "good", "building:floor": "ceramics", "building:levels": "1", "building:roof": "asbestos", "building:structure": "confined_masonry", "building:walls": "brick", "capacity:pump": "100", "flood_prone": "yes", "man_made": "pumping_station", "name": "Rumah Pompa Kebon Baru Jalan H", "operator": "SDPU Tata Air", "pump:unit": "2", "pump_house": "yes", "source": "HOT_InAWARESurvey_2017", "osm_type": "way", "osm_id": 315840381}, "geometry": {"type": "Polygon", "coordinates": [[[106.8660555, -6.2341638], [106.8661054, -6.2341466], [106.8661355, -6.2342332], [106.8660855, -6.2342503], [106.8660555, -6.2341638]]]}}, {"type": "Feature", "properties": {"amenity": "place_of_worship", "building": "mosque", "evacuation_center": "no", "flood_prone": "no", "name": "Masjid Al Mamuriyah", "religion": "muslim", "osm_type": "way", "osm_id": 316620828}, "geometry": {"type": "Polygon", "coordinates": [[[106.8690519, -6.2271143], [106.8690546, -6.2271666], [106.8691423, -6.2271623], [106.8691397, -6.22711], [106.8690519, -6.2271143]]]}}, {"type": "Feature", "properties": {"amenity": "place_of_worship", "building": "mosque", "evacuation_center": "no", "flood_prone": "yes", "name": "Mushala Al Mubarok", "religion": "muslim", "osm_type": "way", "osm_id": 316620829}, "geometry": {"type": "Polygon", "coordinates": [[[106.8656176, -6.2391786], [106.8656184, -6.2392079], [106.865664, -6.2392067], [106.8656632, -6.2391774], [106.8656176, -6.2391786]]]}}, {"type": "Feature", "properties": {"amenity": "place_of_worship", "building": "mosque", "evacuation_center": "no", "flood_prone": "yes", "name": "Mushala Istiqomah", "religion": "muslim", "osm_type": "way", "osm_id": 316620830}, "geometry": {"type": "Polygon", "coordinates": [[[106.867113, -6.2388241], [106.8670286, -6.2389984], [106.8669844, -6.2389931], [106.8670249, -6.238809], [106.867113, -6.2388241]]]}}, {"type": "Feature", "properties": {"amenity": "kindergarten", "building": "kindergarten", "evacuation_center": "no", "flood_prone": "no", "name": "PAUD Matahari", "osm_type": "way", "osm_id": 316620831}, "geometry": {"type": "Polygon", "coordinates": [[[106.8694969, -6.2276324], [106.8694972, -6.2276757], [106.8696077, -6.2276751], [106.8696075, -6.2276318], [106.8694969, -6.2276324]]]}}, {"type": "Feature", "properties": {"amenity": "kindergarten", "building": "kindergarten", "flood_prone": "no", "name": "PAUD", "osm_type": "way", "osm_id": 316620832}, "geometry": {"type": "Polygon", "coordinates": [[[106.8678833, -6.2386131], [106.8678904, -6.238648], [106.8679645, -6.2386331], [106.8679575, -6.2385983], [106.8678833, -6.2386131]]]}}, {"type": "Feature", "properties": {"amenity": "clinic", "building": "clinic", "evacuation_center": "no", "flood_prone": "yes", "healthcare": "clinic", "name": "Posyandu RW 10", "operator": "Posyandu", "operator:wikidata": "Q12506263", "osm_type": "way", "osm_id": 316620834}, "geometry": {"type": "Polygon", "coordinates": [[[106.8703619, -6.2268292], [106.8703477, -6.2269054], [106.8703772, -6.2269108], [106.8703914, -6.2268346], [106.8703619, -6.2268292]]]}}, {"type": "Feature", "properties": {"access:roof": "no", "addr:city": "DKI Jakarta", "amenity": "place_of_worship", "backup_generator": "no", "building": "mosque", "building:condition": "good", "building:floor": "ceramics", "building:levels": "2", "building:roof": "tile", "building:structure": "confined_masonry", "building:walls": "brick", "capacity:persons": "100-250", "name": "Masjid Jami Al-Ihsan", "religion": "muslim", "source": "HOT_InAWARESurvey_2017", "osm_type": "way", "osm_id": 438869906}, "geometry": {"type": "Polygon", "coordinates": [[[106.8930345, -6.2174705], [106.8932202, -6.2175537], [106.8931596, -6.2176872], [106.8930714, -6.2176477], [106.8929739, -6.217604], [106.8930345, -6.2174705]]]}}, {"type": "Feature", "properties": {"access:roof": "no", "addr:city": "DKI Jakarta", "addr:full": "Jalan Cipinang Lontar", "amenity": "place_of_worship", "backup_generator": "no", "building": "mosque", "building:condition": "good", "building:floor": "ceramics", "building:levels": "2", "building:roof": "asbestos", "building:structure": "confined_masonry", "building:walls": "brick", "capacity:persons": "100-250", "name": "Masjid Jami At-Thoyyibah", "religion": "muslim", "source": "HOT_InAWARESurvey_2017", "osm_type": "way", "osm_id": 438869924}, "geometry": {"type": "Polygon", "coordinates": [[[106.8900633, -6.2146165], [106.8901079, -6.2144999], [106.8903412, -6.2145882], [106.8902966, -6.2147047], [106.8900633, -6.2146165]]]}}, {"type": "Feature", "properties": {"access:roof": "no", "addr:city": "DKI Jakarta", "addr:full": "Jalan Mulya Jaya RT 011 RW 008", "amenity": "place_of_worship", "backup_generator": "no", "building": "mosque", "building:condition": "good", "building:floor": "ceramics", "building:levels": "1", "building:roof": "tile", "building:structure": "confined_masonry", "building:walls": "brick", "capacity:persons": "50-100", "name": "Musholla Darussa'adah", "religion": "muslim", "source": "HOT_InAWARESurvey_2017", "osm_type": "way", "osm_id": 438869927}, "geometry": {"type": "Polygon", "coordinates": [[[106.8914864, -6.2178989], [106.8914476, -6.2180316], [106.8916068, -6.2180776], [106.8916456, -6.2179449], [106.8914864, -6.2178989]]]}}, {"type": "Feature", "properties": {"access:roof": "no", "addr:city": "DKI Jakarta", "addr:full": "Jalan Cipinang Muara", "amenity": "place_of_worship", "backup_generator": "no", "building": "mosque", "building:condition": "good", "building:levels": "2", "building:roof": "tile", "building:structure": "confined_masonry", "building:walls": "brick", "capacity:persons": "50-100", "name": "Musholla Nurul Aliyah", "religion": "muslim", "source": "HOT_InAWARESurvey_2017", "osm_type": "way", "osm_id": 438869930}, "geometry": {"type": "Polygon", "coordinates": [[[106.893251, -6.2148411], [106.8931977, -6.2149531], [106.8932102, -6.2149908], [106.8932887, -6.2150208], [106.8933276, -6.2150142], [106.8933809, -6.2149022], [106.893251, -6.2148411]]]}}, {"type": "Feature", "properties": {"access:roof": "no", "addr:city": "DKI Jakarta", "addr:full": "Jalan Cipinang Lontar Indah No.38", "amenity": "school", "backup_generator": "no", "building": "school", "building:condition": "good", "building:floor": "ceramics", "building:levels": "2", "building:roof": "tile", "building:structure": "confined_masonry", "building:walls": "brick", "capacity:persons": ">500", "name": "SD Negeri Cipinang Muara 01 dan 12 Pagi/ 22 dan 23 Petang", "operator:type": "government", "school:type_idn": "sd", "source": "HOT_InAWARESurvey_2017", "osm_type": "way", "osm_id": 438869940}, "geometry": {"type": "Polygon", "coordinates": [[[106.8904777, -6.2145122], [106.8904457, -6.2146961], [106.8904104, -6.21469], [106.8903918, -6.2147966], [106.8909303, -6.2148892], [106.8909484, -6.2147854], [106.8905399, -6.2147151], [106.8905723, -6.2145284], [106.8905236, -6.2145201], [106.8904777, -6.2145122]]]}}, {"type": "Feature", "properties": {"access:roof": "no", "addr:city": "DKI Jakarta", "addr:full": "Jalan Cipinang Muara Ilir II RT.003/05", "amenity": "kindergarten", "backup_generator": "no", "building": "kindergarten", "building:condition": "good", "building:floor": "ceramics", "building:levels": "2", "building:roof": "asbestos", "building:structure": "confined_masonry", "building:walls": "brick", "capacity:persons": "50-100", "name": "TK Islam Al Azizatul Yusufiyah", "operator:type": "private", "source": "HOT_InAWARESurvey_2017", "osm_type": "way", "osm_id": 438869943}, "geometry": {"type": "Polygon", "coordinates": [[[106.8933995, -6.2147198], [106.8933856, -6.2148144], [106.8934521, -6.214824], [106.8934659, -6.2147294], [106.8933995, -6.2147198]]]}}, {"type": "Feature", "properties": {"access:roof": "no", "addr:city": "DKI Jakarta", "addr:full": "Jalan Kebon Nanas Selatan I", "amenity": "place_of_worship", "backup_generator": "no", "building": "mosque", "building:condition": "good", "building:floor": "ceramics", "building:levels": "2", "building:roof": "tile", "building:structure": "confined_masonry", "building:walls": "brick", "capacity:persons": "50-100", "name": "Masjid Jami Hasbullah", "religion": "muslim", "source": "HOT_InAWARESurvey_2017", "osm_type": "way", "osm_id": 471510526}, "geometry": {"type": "Polygon", "coordinates": [[[106.8707115, -6.2343011], [106.8707881, -6.2343154], [106.8707771, -6.2343739], [106.8707005, -6.2343596], [106.8707115, -6.2343011]]]}}, {"type": "Feature", "properties": {"air_conditioning": "yes", "amenity": "place_of_worship", "building": "yes", "denomination": "sunni", "name": "Musholla Al Arief", "religion": "muslim", "osm_type": "way", "osm_id": 471673959}, "geometry": {"type": "Polygon", "coordinates": [[[106.874316, -6.2352483], [106.8744431, -6.2352474], [106.8744416, -6.2353186], [106.8743167, -6.2353174], [106.874316, -6.2352483]]]}}, {"type": "Feature", "properties": {"access:roof": "no", "addr:city": "DKI Jakarta", "addr:full": "Jalan Kebon Nanas Utara II", "amenity": "school", "backup_generator": "no", "building": "school", "building:condition": "good", "building:floor": "ceramics", "building:levels": "3", "building:roof": "tile", "building:walls": "brick", "capacity:persons": ">500", "name": "TK SD SMP Assalafy", "operator:type": "private", "school:type_idn": "sd,smp", "source": "HOT_InAWARESurvey_2017", "osm_type": "way", "osm_id": 471680697}, "geometry": {"type": "Polygon", "coordinates": [[[106.8712904, -6.2300269], [106.8714748, -6.2300283], [106.8714739, -6.2301424], [106.8712895, -6.2301411], [106.8712904, -6.2300269]]]}}, {"type": "Feature", "properties": {"access:roof": "no", "addr:city": "DKI Jakarta", "addr:full": "Jalan Bekasi Timur VI", "amenity": "school", "backup_generator": "no", "building": "school", "building:condition": "good", "building:floor": "ceramics", "building:levels": "2", "building:roof": "tile", "building:structure": "confined_masonry", "building:walls": "brick", "capacity:persons": "250-500", "name": "Yayasan Ziyadatul Arqom ( TK,MI,SMP Darul Arqom dan SMK Bhakti Pertiwi)", "operator:type": "private", "school:type_idn": "sd,smp,sma", "source": "HOT_InAWARESurvey_2017", "osm_type": "way", "osm_id": 471698421}, "geometry": {"type": "Polygon", "coordinates": [[[106.8783478, -6.221677], [106.8784033, -6.2213937], [106.8784846, -6.2214057], [106.8784584, -6.2215809], [106.8784696, -6.2215825], [106.8784882, -6.2214582], [106.8785624, -6.2214684], [106.8785289, -6.2216921], [106.8784301, -6.2216783], [106.8784272, -6.2216981], [106.8783543, -6.2217035], [106.8783478, -6.221677]]]}}, {"type": "Feature", "properties": {"access:roof": "no", "addr:city": "DKI Jakarta", "addr:full": "Jalan Kebon Nanas Utara II", "amenity": "school", "backup_generator": "no", "building": "school", "building:condition": "good", "building:floor": "ceramics", "building:levels": "2", "building:roof": "tile", "building:structure": "confined_masonry", "building:walls": "brick", "capacity:persons": ">500", "name": "SMP SMA SMK Dewi Sartika", "name:etymology:wikidata": "Q3140305", "name:etymology:wikipedia": "id:Dewi Sartika", "operator:type": "private", "school:type_idn": "smp,sma", "source": "HOT_InAWARESurvey_2017", "osm_type": "way", "osm_id": 471703804}, "geometry": {"type": "Polygon", "coordinates": [[[106.8723358, -6.2304299], [106.8724574, -6.2304186], [106.8724628, -6.2304761], [106.8725826, -6.230465], [106.8725917, -6.2305622], [106.8724713, -6.2305734], [106.8724706, -6.2305659], [106.8723632, -6.2305758], [106.8723594, -6.2305359], [106.8723458, -6.2305371], [106.8723358, -6.2304299]]]}}, {"type": "Feature", "properties": {"access:roof": "no", "addr:city": "DKI Jakarta", "addr:full": "Jalan D.I. Panjaitan", "amenity": "fire_station", "backup_generator": "yes", "building": "fire_station", "building:condition": "good", "building:floor": "ceramics", "building:levels": "1", "building:roof": "tile", "building:structure": "confined_masonry", "building:walls": "concrete", "capacity:persons": "50-100", "name": "Dinas Pemadam Kebakaran BPBD DKI Jakarta", "source": "HOT_InAWARESurvey_2017", "osm_type": "way", "osm_id": 471703884}, "geometry": {"type": "Polygon", "coordinates": [[[106.874778, -6.2279551], [106.8748988, -6.2279511], [106.8749859, -6.2279483], [106.8749886, -6.2280298], [106.8749051, -6.2280325], [106.8749068, -6.2280818], [106.8747824, -6.2280858], [106.874778, -6.2279551]]]}}, {"type": "Feature", "properties": {"access:roof": "no", "addr:city": "DKI Jakarta", "addr:full": "Jalan Prumpung Tengah", "amenity": "clinic", "backup_generator": "no", "building": "clinic", "building:condition": "good", "building:floor": "ceramics", "building:levels": "1", "building:roof": "tile", "building:structure": "confined_masonry", "building:walls": "brick", "capacity:persons": "50-100", "healthcare": "clinic", "name": "Klinik Umum Yunda", "operator:type": "private", "source": "HOT_InAWARESurvey_2017", "osm_type": "way", "osm_id": 471704291}, "geometry": {"type": "Polygon", "coordinates": [[[106.8799336, -6.2207133], [106.8799243, -6.2206576], [106.8799596, -6.2206517], [106.8799616, -6.2206635], [106.8800345, -6.2206513], [106.8800419, -6.2206953], [106.8799336, -6.2207133]]]}}, {"type": "Feature", "properties": {"access:roof": "no", "addr:city": "DKI Jakarta", "addr:full": "Jalan Otista III No. A13-15", "amenity": "clinic", "backup_generator": "no", "building": "clinic", "building:condition": "good", "building:floor": "ceramics", "building:levels": "3", "building:roof": "concrete", "building:structure": "confined_masonry", "building:walls": "brick", "capacity:persons": "50-100", "healthcare": "clinic", "name": "Nurhuda Medical Centre", "operator:type": "private", "source": "HOT_InAWARESurvey_2017", "osm_type": "way", "osm_id": 471706433}, "geometry": {"type": "Polygon", "coordinates": [[[106.8718644, -6.2312064], [106.8719775, -6.2311963], [106.8720016, -6.2314629], [106.8718885, -6.2314731], [106.8718644, -6.2312064]]]}}, {"type": "Feature", "properties": {"access:roof": "no", "addr:city": "DKI Jakarta", "addr:full": "Jalan Prumpung Sawah", "amenity": "school", "backup_generator": "no", "building": "school", "building:condition": "good", "building:floor": "ceramics", "building:levels": "3", "building:roof": "concrete", "building:structure": "confined_masonry", "building:walls": "brick", "capacity:persons": "50-100", "name": "SD Islam Nurul Yaqin", "operator:type": "private", "school:type_idn": "sd", "source": "HOT_InAWARESurvey_2017", "osm_type": "way", "osm_id": 471709459}, "geometry": {"type": "Polygon", "coordinates": [[[106.8791799, -6.2218228], [106.8791548, -6.2219784], [106.8790678, -6.2219645], [106.8790929, -6.2218089], [106.8791799, -6.2218228]]]}}, {"type": "Feature", "properties": {"access:roof": "no", "addr:city": "DKI Jakarta", "addr:full": "Jalan Abdul Salam", "amenity": "school", "backup_generator": "no", "building": "school", "building:condition": "good", "building:floor": "ceramics", "building:levels": "2", "building:roof": "tile", "building:structure": "confined_masonry", "building:walls": "brick", "capacity:persons": "50-100", "name": "TK dan SMP Islam Annuriyah", "operator:type": "private", "school:type_idn": "smp", "source": "HOT_InAWARESurvey_2017", "osm_type": "way", "osm_id": 471780377}, "geometry": {"type": "Polygon", "coordinates": [[[106.8719197, -6.2332575], [106.8719225, -6.2333959], [106.8718194, -6.233398], [106.8718155, -6.2332034], [106.8719189, -6.2332014], [106.8720176, -6.2331994], [106.8720188, -6.2332555], [106.8719197, -6.2332575]]]}}, {"type": "Feature", "properties": {"access:roof": "yes", "addr:city": "DKI Jakarta", "addr:full": "Jalan Cipinang Cempedak III", "amenity": "university", "backup_generator": "yes", "building": "university", "building:condition": "good", "building:floor": "ceramics", "building:levels": "5", "building:roof": "concrete", "building:structure": "confined_masonry", "building:walls": "concrete", "capacity:persons": ">500", "name": "Institut Bisnis Nusantara", "operator:type": "private", "source": "HOT_InAWARESurvey_2017", "osm_type": "way", "osm_id": 472363151}, "geometry": {"type": "Polygon", "coordinates": [[[106.8765007, -6.236977], [106.8765105, -6.2370377], [106.8765246, -6.2370355], [106.8765704, -6.2373196], [106.8765109, -6.2373291], [106.8765255, -6.2374197], [106.8765783, -6.2374113], [106.8766054, -6.237579], [106.8766153, -6.2376406], [106.8766211, -6.2376765], [106.8766242, -6.2376956], [106.876562, -6.2377055], [106.876507, -6.2377143], [106.8764604, -6.2377217], [106.8763787, -6.2377347], [106.8763315, -6.2374424], [106.876358, -6.2374381], [106.8763408, -6.2373312], [106.8763222, -6.2373342], [106.87627, -6.2370108], [106.8763834, -6.2369927], [106.876379, -6.2369656], [106.8764575, -6.2369531], [106.8764624, -6.2369831], [106.8765007, -6.236977]]]}}, {"type": "Feature", "properties": {"amenity": "place_of_worship", "building": "yes", "name": "Masjid Baitul Muhajirin", "religion": "muslim", "osm_type": "way", "osm_id": 472545287}, "geometry": {"type": "Polygon", "coordinates": [[[106.8769756, -6.2401883], [106.8769275, -6.2403021], [106.8768234, -6.2402586], [106.8768715, -6.2401447], [106.8769756, -6.2401883]]]}}, {"type": "Feature", "properties": {"access:roof": "no", "addr:city": "DKI Jakarta", "addr:full": "Jalan Cawang Baru Utara No.18", "amenity": "clinic", "backup_generator": "no", "building": "clinic", "building:condition": "good", "building:floor": "ceramics", "building:levels": "2", "building:roof": "tile", "building:structure": "confined_masonry", "building:walls": "brick", "capacity:persons": "50-100", "healthcare": "clinic", "name": "Klinik Mutiara Sentra Medika", "operator:type": "private", "source": "HOT_InAWARESurvey_2017", "osm_type": "way", "osm_id": 472553533}, "geometry": {"type": "Polygon", "coordinates": [[[106.8753667, -6.2405113], [106.8754531, -6.2405163], [106.8754452, -6.2406533], [106.8754524, -6.2406537], [106.8754451, -6.2407805], [106.8753697, -6.2407762], [106.8753718, -6.2407397], [106.8753535, -6.2407387], [106.8753593, -6.24064], [106.8753667, -6.2405113]]]}}, {"type": "Feature", "properties": {"access:roof": "no", "addr:city": "DKI Jakarta", "addr:full": "Jalan Bekasi Timur IV No.1", "amenity": "college", "backup_generator": "no", "building": "college", "building:condition": "good", "building:floor": "ceramics", "building:levels": "3", "building:roof": "tin", "building:structure": "confined_masonry", "building:walls": "brick", "capacity:persons": "250-500", "name": "Akademi Kebidanan Kartika Mitra Husada", "operator:type": "private", "source": "HOT_InAWARESurvey_2017", "osm_type": "way", "osm_id": 475138519}, "geometry": {"type": "Polygon", "coordinates": [[[106.8768365, -6.2186046], [106.8768313, -6.2186938], [106.8770287, -6.2187052], [106.877026, -6.2187527], [106.8768183, -6.2187407], [106.8768132, -6.2188285], [106.877114, -6.2188458], [106.8771271, -6.2186213], [106.8768365, -6.2186046]]]}}, {"type": "Feature", "properties": {"access:roof": "no", "addr:city": "DKI Jakarta", "addr:full": "Jalan Cipinang Latihan", "amenity": "school", "backup_generator": "no", "building": "school", "building:condition": "good", "building:floor": "ceramics", "building:levels": "2", "building:roof": "tile", "building:structure": "confined_masonry", "building:walls": "brick", "capacity:persons": "100-250", "name": "SD Negeri Cipinang Besar Utara 07 Petang & 08 Pagi", "operator:type": "government", "school:type_idn": "sd", "source": "HOT_InAWARESurvey_2017", "osm_type": "way", "osm_id": 475138525}, "geometry": {"type": "Polygon", "coordinates": [[[106.8806252, -6.2182828], [106.8806303, -6.2183849], [106.8811368, -6.2183598], [106.8811316, -6.2182577], [106.8806252, -6.2182828]]]}}, {"type": "Feature", "properties": {"access:roof": "no", "addr:city": "DKI Jakarta", "addr:full": "Jalan Cipinang Latihan Jatinegara", "amenity": "school", "backup_generator": "no", "building": "school", "building:condition": "good", "building:floor": "ceramics", "building:levels": "2", "building:roof": "tile", "building:structure": "confined_masonry", "building:walls": "brick", "capacity:persons": ">500", "name": "SD Negeri Cipinang Besar Utara 05 Pagi / 06 petang", "operator:type": "government", "school:type_idn": "sd", "source": "HOT_InAWARESurvey_2017", "osm_type": "way", "osm_id": 475138526}, "geometry": {"type": "Polygon", "coordinates": [[[106.8811548, -6.2182474], [106.8811593, -6.2183532], [106.88166, -6.2183322], [106.8816555, -6.2182264], [106.8811548, -6.2182474]]]}}, {"type": "Feature", "properties": {"access:roof": "no", "addr:city": "DKI Jakarta", "addr:full": "Jalan I Gusti Ngurah Rai No.75", "amenity": "school", "backup_generator": "no", "building": "school", "building:condition": "good", "building:floor": "ceramics", "building:levels": "2", "building:roof": "tile", "building:structure": "confined_masonry", "building:walls": "brick", "capacity:persons": ">500", "name": "MTs Negeri 25 Jakarta", "operator:type": "government", "school:type_idn": "smp", "source": "HOT_InAWARESurvey_2017", "osm_type": "way", "osm_id": 476265797}, "geometry": {"type": "Polygon", "coordinates": [[[106.8950832, -6.2147982], [106.8952072, -6.2147983], [106.8952071, -6.2149735], [106.895656, -6.2149739], [106.8956559, -6.2150985], [106.8950829, -6.2150979], [106.8950832, -6.2147982]]]}}, {"type": "Feature", "properties": {"access:roof": "no", "addr:city": "DKI Jakarta", "addr:full": "Jalan cipinang Jaya BB V No.10", "amenity": "school", "backup_generator": "no", "building": "school", "building:condition": "good", "building:floor": "ceramics", "building:levels": "2", "building:roof": "asbestos", "building:structure": "confined_masonry", "building:walls": "brick", "capacity:persons": "100-250", "name": "SLB B & C Karya Guna", "operator:type": "private", "source": "HOT_InAWARESurvey_2017", "osm_type": "way", "osm_id": 478859889}, "geometry": {"type": "Polygon", "coordinates": [[[106.8839002, -6.2225275], [106.8837446, -6.2224835], [106.8837687, -6.2223995], [106.8839242, -6.2224435], [106.8839002, -6.2225275]]]}}, {"type": "Feature", "properties": {"access:roof": "yes", "addr:city": "DKI Jakarta", "addr:full": "Jalan Otto Iskandardianta Raya", "amenity": "place_of_worship", "backup_generator": "yes", "building": "mosque", "building:condition": "good", "building:floor": "ceramics", "building:levels": "4", "building:roof": "concrete", "building:structure": "confined_masonry", "building:walls": "concrete", "capacity:persons": ">500", "check_date": "2024-11-09", "name": "Masjid Abu Bakar Ash Shiddiq", "religion": "muslim", "source": "HOT_InAWARESurvey_2017", "osm_type": "way", "osm_id": 481721449}, "geometry": {"type": "Polygon", "coordinates": [[[106.8691281, -6.2433333], [106.869248, -6.243373], [106.869197, -6.243525], [106.8690771, -6.2434853], [106.8691281, -6.2433333]]]}}, {"type": "Feature", "properties": {"access:roof": "no", "addr:city": "DKI Jakarta", "addr:full": "Jalan Bekasi Timur", "amenity": "school", "backup_generator": "no", "building": "school", "building:condition": "good", "building:floor": "ceramics", "building:levels": "2", "building:roof": "tile", "building:structure": "confined_masonry", "building:walls": "brick", "capacity:persons": ">500", "name": "SD Negeri Cipinang Besar Utara 01,03 Pagi dan 02,04 Petang", "operator:type": "government", "school:type_idn": "sd", "source": "HOT_InAWARESurvey_2017", "osm_type": "way", "osm_id": 481721701}, "geometry": {"type": "Polygon", "coordinates": [[[106.876147, -6.2153704], [106.8762368, -6.2153634], [106.8762583, -6.2156353], [106.8761685, -6.2156423], [106.8761624, -6.2155651], [106.8758093, -6.2155939], [106.875801, -6.215493], [106.8761544, -6.2154642], [106.876147, -6.2153704]]]}}, {"type": "Feature", "properties": {"access:roof": "no", "addr:city": "DKI Jakarta", "addr:full": "Jalan Masjid II No.99", "amenity": "kindergarten", "backup_generator": "no", "building": "kindergarten", "building:condition": "good", "building:floor": "ceramics", "building:levels": "1", "building:roof": "tile", "building:structure": "confined_masonry", "building:walls": "brick", "capacity:persons": "100-250", "name": "TK Rawa Bunga", "operator:type": "private", "source": "HOT_InAWARESurvey_2017", "osm_type": "way", "osm_id": 481721792}, "geometry": {"type": "Polygon", "coordinates": [[[106.8712679, -6.2185942], [106.8713132, -6.2185918], [106.8713101, -6.2185341], [106.871269, -6.2185362], [106.8712645, -6.2184508], [106.8713927, -6.2184441], [106.871405, -6.2186769], [106.8712726, -6.2186838], [106.8712679, -6.2185942]]]}}, {"type": "Feature", "properties": {"access:roof": "yes", "addr:city": "DKI Jakarta", "addr:full": "Jalan Bekasi Barat I", "amenity": "college", "backup_generator": "yes", "building": "college", "building:condition": "good", "building:floor": "ceramics", "building:levels": "4", "building:roof": "concrete", "building:structure": "confined_masonry", "building:walls": "concrete", "capacity:persons": "250-500", "name": "Sekolah Tinggi Ilmu Kesehatan Mitra Keluarga", "operator:type": "private", "source": "HOT_InAWARESurvey_2017", "osm_type": "way", "osm_id": 481722739}, "geometry": {"type": "Polygon", "coordinates": [[[106.8704508, -6.2166682], [106.8706332, -6.2166629], [106.8706384, -6.216838], [106.870456, -6.2168433], [106.8704508, -6.2166682]]]}}, {"type": "Feature", "properties": {"access:roof": "no", "addr:city": "DKI Jakarta", "amenity": "place_of_worship", "backup_generator": "no", "building": "mosque", "building:condition": "good", "building:floor": "ceramics", "building:levels": "2", "building:roof": "tile", "building:structure": "confined_masonry", "building:walls": "brick", "capacity:persons": "50-100", "name": "Masjid Jami At-Taufiq", "religion": "muslim", "source": "HOT_InAWARESurvey_2017", "osm_type": "way", "osm_id": 481736516}, "geometry": {"type": "Polygon", "coordinates": [[[106.8806898, -6.2152904], [106.8807257, -6.2152334], [106.8808451, -6.2152934], [106.8808199, -6.2153697], [106.8807882, -6.2153685], [106.8807111, -6.2153265], [106.8807131, -6.2153038], [106.8806898, -6.2152904]]]}}, {"type": "Feature", "properties": {"access:roof": "no", "addr:city": "DKI Jakarta", "addr:full": "Gang Perintis I, Cipinang Muara", "amenity": "place_of_worship", "backup_generator": "no", "building": "mosque", "building:condition": "good", "building:floor": "ceramics", "building:levels": "2", "building:roof": "asbestos", "building:structure": "confined_masonry", "building:walls": "brick", "capacity:persons": "50-100", "name": "Masjid Al Gofur Cipinang Muara", "religion": "muslim", "source": "HOT_InAWARESurvey_2017", "osm_type": "way", "osm_id": 481740504}, "geometry": {"type": "Polygon", "coordinates": [[[106.8897324, -6.2284805], [106.8897203, -6.2285405], [106.8898169, -6.2285605], [106.8898249, -6.2284992], [106.8897324, -6.2284805]]]}}, {"type": "Feature", "properties": {"access:roof": "no", "addr:city": "DKI Jakarta", "addr:full": "Jalan Biru Laut No.18", "amenity": "kindergarten", "backup_generator": "no", "building": "kindergarten", "building:condition": "good", "building:floor": "ceramics", "building:levels": "2", "building:roof": "tile", "building:structure": "confined_masonry", "building:walls": "brick", "capacity:persons": "50-100", "name": "TK Kristen 8 Pagi", "operator:type": "private", "source": "HOT_InAWARESurvey_2017", "osm_type": "way", "osm_id": 481928280}, "geometry": {"type": "Polygon", "coordinates": [[[106.8751801, -6.2437189], [106.8753354, -6.243786], [106.8752817, -6.2439087], [106.8751264, -6.2438415], [106.8751801, -6.2437189]]]}}, {"type": "Feature", "properties": {"addr:city": "DKI Jakarta", "addr:full": "Jalan Otista No. 76", "amenity": "school", "name": "KB, TK, SD, SMP Santo Vincentius dan SD Antonius", "operator:type": "private", "school:type_idn": "sd,smp", "source": "HOT_InAWARESurvey_2017", "osm_type": "way", "osm_id": 481934306}, "geometry": {"type": "Polygon", "coordinates": [[[106.8670921, -6.2362437], [106.8680523, -6.2360404], [106.868345, -6.2368623], [106.8676068, -6.2370903], [106.8675173, -6.2371196], [106.8672443, -6.2371776], [106.8671545, -6.236813], [106.8671947, -6.236801], [106.8670881, -6.2364064], [106.8671246, -6.2363957], [106.867108, -6.2363075], [106.8670921, -6.2362437]]]}}, {"type": "Feature", "properties": {"addr:city": "DKI Jakarta", "addr:postcode": "13330", "addr:street": "Jalan Cipinang Cempedak Raya Bidaracina", "amenity": "clinic", "building": "clinic", "healthcare": "clinic", "name": "Klinik Avida", "source": "HOT_InAWARESurvey_2017", "osm_type": "way", "osm_id": 481945519}, "geometry": {"type": "Polygon", "coordinates": [[[106.8695305, -6.236652], [106.8695479, -6.2369453], [106.8694124, -6.2369532], [106.869395, -6.2366599], [106.8695305, -6.236652]]]}}, {"type": "Feature", "properties": {"access:roof": "no", "addr:city": "DKI Jakarta", "addr:full": "Jalan Cipinang Cempedak IV", "amenity": "place_of_worship", "backup_generator": "no", "building": "mosque", "building:condition": "good", "building:floor": "ceramics", "building:levels": "2", "building:roof": "tin", "building:structure": "confined_masonry", "building:walls": "brick", "capacity:persons": "50-100", "name": "Masjid Jami' Miftahul Jannah", "religion": "muslim", "source": "HOT_InAWARESurvey_2017", "osm_type": "way", "osm_id": 481945592}, "geometry": {"type": "Polygon", "coordinates": [[[106.8699952, -6.2388389], [106.8701092, -6.2388359], [106.8701114, -6.2389155], [106.870052, -6.2389171], [106.8699974, -6.2389185], [106.8699952, -6.2388389]]]}}, {"type": "Feature", "properties": {"amenity": "place_of_worship", "building": "yes", "name": "Mushola Al-Amin Stasiun Jatinegara", "osm_type": "way", "osm_id": 481951560}, "geometry": {"type": "Polygon", "coordinates": [[[106.8699791, -6.2154896], [106.8700917, -6.2155056], [106.8700829, -6.2155674], [106.8699702, -6.2155514], [106.8699791, -6.2154896]]]}}, {"type": "Feature", "properties": {"access:roof": "no", "addr:city": "DKI Jakarta", "addr:full": "Jalan Cipinang Cempedak II No.24", "amenity": "place_of_worship", "backup_generator": "no", "building": "church", "building:condition": "good", "building:floor": "ceramics", "building:levels": "1", "building:roof": "tile", "building:structure": "confined_masonry", "building:walls": "brick", "capacity:persons": "<50", "name": "Gereja Bala Keselamatan", "religion": "christian", "source": "HOT_InAWARESurvey_2017", "osm_type": "way", "osm_id": 481951626}, "geometry": {"type": "Polygon", "coordinates": [[[106.8727723, -6.2387626], [106.8727718, -6.2388538], [106.8726438, -6.2388532], [106.8726442, -6.2387619], [106.8727723, -6.2387626]]]}}, {"type": "Feature", "properties": {"access:roof": "yes", "addr:city": "DKI Jakarta", "addr:full": "Jalan Otto Iskandardinata Raya", "amenity": "college", "backup_generator": "yes", "building": "college", "building:condition": "good", "building:floor": "ceramics", "building:levels": "4", "building:roof": "concrete", "building:structure": "confined_masonry", "building:walls": "concrete", "capacity:persons": "100-250", "name": "Akademi Kebidanan Suluh Bangsa", "operator:type": "private", "source": "HOT_InAWARESurvey_2017", "osm_type": "way", "osm_id": 481973123}, "geometry": {"type": "Polygon", "coordinates": [[[106.8678531, -6.2341647], [106.8678395, -6.2340858], [106.8679821, -6.2340612], [106.8679959, -6.2341383], [106.8678531, -6.2341647]]]}}, {"type": "Feature", "properties": {"access:roof": "no", "addr:city": "DKI Jakarta", "addr:full": "Jalan Madrasah", "amenity": "place_of_worship", "backup_generator": "no", "building": "mosque", "building:floor": "ceramics", "building:levels": "1", "building:roof": "asbestos", "building:structure": "confined_masonry", "building:walls": "brick", "capacity:persons": "100-250", "name": "Masjid Anni'mah", "religion": "muslim", "source": "HOT_InAWARESurvey_2017", "osm_type": "way", "osm_id": 481974750}, "geometry": {"type": "Polygon", "coordinates": [[[106.8706341, -6.2433219], [106.8705944, -6.2434641], [106.8707171, -6.2434979], [106.8707568, -6.2433558], [106.8706341, -6.2433219]]]}}, {"type": "Feature", "properties": {"access:roof": "no", "addr:city": "DKI Jakarta", "addr:full": "Jalan Masjid", "amenity": "place_of_worship", "backup_generator": "no", "building": "mosque", "building:condition": "good", "building:floor": "ceramics", "building:levels": "2", "building:roof": "tile", "building:walls": "brick", "capacity:persons": "250-500", "evacuation_center": "no", "flood_prone": "no", "name": "Masjid Nurussobah", "religion": "muslim", "source": "HOT_InAWARESurvey_2017", "osm_type": "way", "osm_id": 482133866}, "geometry": {"type": "Polygon", "coordinates": [[[106.8687896, -6.232786], [106.8687802, -6.2329536], [106.8684958, -6.232951], [106.8685733, -6.2327904], [106.8687247, -6.232813], [106.8687376, -6.232787], [106.8687896, -6.232786]]]}}, {"type": "Feature", "properties": {"access:roof": "no", "addr:city": "DKI Jakarta", "addr:full": "Jalan Otista II", "amenity": "place_of_worship", "backup_generator": "yes", "building": "mosque", "building:condition": "good", "building:floor": "ceramics", "building:levels": "2", "building:roof": "tile", "building:structure": "confined_masonry", "building:walls": "concrete", "capacity:persons": "250-500", "evacuation_center": "no", "flood_prone": "yes", "name": "Masjid Jami Al-Kamiliyyah", "religion": "muslim", "source": "HOT_InAWARESurvey_2017", "osm_type": "way", "osm_id": 482142047}, "geometry": {"type": "Polygon", "coordinates": [[[106.8692335, -6.2300722], [106.8692234, -6.2302026], [106.8691454, -6.2301966], [106.8691555, -6.2300663], [106.8692335, -6.2300722]]]}}, {"type": "Feature", "properties": {"access:roof": "yes", "addr:city": "DKI Jakarta", "addr:full": "Jalan Jatinegara Barat No.125", "amenity": "clinic", "backup_generator": "yes", "building": "clinic", "building:condition": "good", "building:floor": "ceramics", "building:levels": "2", "building:roof": "concrete", "building:structure": "confined_masonry", "building:walls": "brick", "capacity:persons": "100-250", "healthcare": "clinic", "height": "6", "name": "Klinik Nirmala", "operator:type": "private", "source": "HOT_InAWARESurvey_2017", "osm_type": "way", "osm_id": 482147643}, "geometry": {"type": "Polygon", "coordinates": [[[106.8644912, -6.218878], [106.8646467, -6.2188266], [106.8646752, -6.2189119], [106.8645196, -6.2189632], [106.8644912, -6.218878]]]}}, {"type": "Feature", "properties": {"access:roof": "no", "addr:city": "DKI Jakarta", "addr:full": "Jalan Kedoya", "amenity": "place_of_worship", "backup_generator": "no", "building": "mosque", "building:condition": "good", "building:floor": "ceramics", "building:levels": "2", "building:roof": "tile", "building:structure": "confined_masonry", "building:walls": "brick", "capacity:persons": "50-100", "height": "6", "name": "Masjid Jami Baiturrohmah", "religion": "muslim", "source": "HOT_InAWARESurvey_2017", "osm_type": "way", "osm_id": 482147671}, "geometry": {"type": "Polygon", "coordinates": [[[106.8664297, -6.217723], [106.8665358, -6.2177056], [106.8665492, -6.2178102], [106.8664485, -6.2178264], [106.8664297, -6.217723]]]}}, {"type": "Feature", "properties": {"access:roof": "yes", "addr:city": "DKI Jakarta", "addr:full": "Jalan Jatinegara Barat No.144", "amenity": "university", "backup_generator": "yes", "building": "university", "building:condition": "good", "building:levels": "7", "building:roof": "concrete", "building:structure": "confined_masonry", "building:walls": "brick", "buildings:floor": "ceramics", "capacity": ">500", "height": "21", "name": "Universitas Azzahra", "operator:type": "private", "source": "HOT_InAWARESurvey_2017", "osm_type": "way", "osm_id": 482149087}, "geometry": {"type": "Polygon", "coordinates": [[[106.8656719, -6.2233806], [106.8656206, -6.2232004], [106.8658258, -6.2231427], [106.8658771, -6.2233228], [106.8656719, -6.2233806]]]}}, {"type": "Feature", "properties": {"access:roof": "no", "addr:city": "DKI Jakarta", "amenity": "place_of_worship", "backup_generator": "no", "building": "mosque", "building:condition": "good", "building:levels": "3", "building:roof": "tile", "building:structure": "confined_masonry", "building:walls": "concrete", "buildings:floor": "ceramics", "capacity": "100-250", "height": "9", "name": "Masjid Jami' Baitul Muhajirin", "religion": "muslim", "source": "HOT_InAWARESurvey_2017", "osm_type": "way", "osm_id": 482154660}, "geometry": {"type": "Polygon", "coordinates": [[[106.8654611, -6.2223339], [106.8655487, -6.2223809], [106.8654843, -6.2224995], [106.8653967, -6.2224525], [106.8654611, -6.2223339]]]}}, {"type": "Feature", "properties": {"addr:city": "DKI Jakarta", "addr:full": "Jalan Jatinegara Barat No. 126", "amenity": "hospital", "evacuation_center": "no", "flood_prone": "no", "healthcare": "hospital", "name": "RS Hermina Jatinegara", "operator:type": "private", "source": "HOT_InAWARESurvey_2017", "osm_type": "way", "osm_id": 482154808}, "geometry": {"type": "Polygon", "coordinates": [[[106.8650651, -6.2206493], [106.8649059, -6.2207409], [106.8647607, -6.2208262], [106.8643963, -6.2210305], [106.8645603, -6.2213379], [106.8641219, -6.2215861], [106.8643171, -6.2218257], [106.8647547, -6.2215535], [106.8646933, -6.2214552], [106.8653059, -6.2211666], [106.8650651, -6.2206493]]]}}, {"type": "Feature", "properties": {"access:roof": "no", "addr:city": "DKI Jakarta", "addr:full": "Asrama Polri Bhayangkari", "amenity": "clinic", "backup_generator": "no", "building": "clinic", "building:condition": "good", "building:floor": "ceramics", "building:levels": "2", "building:roof": "tile", "building:structure": "confined_masonry", "building:walls": "brick", "capacity:persons": "50-100", "healthcare": "clinic", "name": "Posyandu Belimbing", "operator": "Posyandu", "operator:type": "community", "operator:wikidata": "Q12506263", "source": "HOT_InAWARESurvey_2017", "osm_type": "way", "osm_id": 482173692}, "geometry": {"type": "Polygon", "coordinates": [[[106.8666457, -6.2266725], [106.8667099, -6.2266681], [106.8667158, -6.2267531], [106.8666516, -6.2267575], [106.8666457, -6.2266725]]]}}, {"type": "Feature", "properties": {"access:roof": "no", "addr:city": "DKI Jakarta", "addr:full": "Jalan Jatinegara Barat No.187", "amenity": "university", "backup_generator": "yes", "building": "college", "building:condition": "good", "building:floor": "ceramics", "building:levels": "4", "building:roof": "tile", "building:structure": "confined_masonry", "building:walls": "brick", "capacity:persons": "250-500", "height": "12", "name": "Sekolah Tinggi Ilmu Bahasa Asing", "operator:type": "private", "source": "HOT_InAWARESurvey_2017", "osm_type": "way", "osm_id": 482178642}, "geometry": {"type": "Polygon", "coordinates": [[[106.866842, -6.2232884], [106.8666657, -6.2232928], [106.8666637, -6.2232156], [106.8667774, -6.2232128], [106.8668223, -6.2231589], [106.86682, -6.2231011], [106.8670064, -6.2230938], [106.8670138, -6.2232811], [106.866842, -6.2232878], [106.866842, -6.2232884]]]}}, {"type": "Feature", "properties": {"access:roof": "yes", "addr:city": "DKI Jakarta", "addr:full": "Jalan Jatinegara Barat IV No.1", "amenity": "place_of_worship", "backup_generator": "yes", "building": "church", "building:condition": "good", "building:floor": "ceramics", "building:levels": "4", "building:roof": "concrete", "building:structure": "confined_masonry", "building:walls": "concrete", "capacity": ">500", "name": "GBI Filadelfia", "religion": "christian", "source": "HOT_InAWARESurvey_2017", "osm_type": "way", "osm_id": 482178652}, "geometry": {"type": "Polygon", "coordinates": [[[106.8674269, -6.2225985], [106.8675898, -6.2225779], [106.8676093, -6.2227306], [106.8674463, -6.2227511], [106.8674269, -6.2225985]]]}}, {"type": "Feature", "properties": {"access:roof": "no", "addr:city": "DKI Jakarta", "addr:full": "Jalan Ciliwung", "backup_generator": "no", "building": "pumping_station", "building:condition": "good", "building:floor": "ceramics", "building:levels": "1", "building:roof": "concrete", "building:structure": "confined_masonry", "building:walls": "brick", "man_made": "pumping_station", "name": "Rumah Pompa 3", "operator": "Sudin PU Perairan", "pump:unit": "1", "source": "HOT_InAWARESurvey_2017", "osm_type": "way", "osm_id": 482188488}, "geometry": {"type": "Polygon", "coordinates": [[[106.8608834, -6.221402], [106.860925, -6.221402], [106.860925, -6.221424], [106.8608834, -6.221424], [106.8608834, -6.221402]]]}}, {"type": "Feature", "properties": {"access:roof": "no", "addr:city": "DKI Jakarta", "addr:full": "Jalan Ciliwung", "backup_generator": "no", "building": "pumping_station", "building:condition": "good", "building:floor": "ceramics", "building:levels": "1", "building:roof": "concrete", "building:structure": "confined_masonry", "building:walls": "brick", "man_made": "pumping_station", "name": "Rumah Pompa 2", "operator": "PU", "pump:unit": "1", "source": "HOT_InAWARESurvey_2017", "osm_type": "way", "osm_id": 482204892}, "geometry": {"type": "Polygon", "coordinates": [[[106.8613429, -6.2194582], [106.861296, -6.2195149], [106.8612632, -6.2194881], [106.8613101, -6.2194314], [106.8613429, -6.2194582]]]}}, {"type": "Feature", "properties": {"access:roof": "no", "addr:city": "DKI Jakarta", "addr:full": "Jalan Inspeksi saluran", "backup_generator": "no", "building": "pumping_station", "building:condition": "good", "building:floor": "cement", "building:levels": "1", "building:roof": "concrete", "building:structure": "confined_masonry", "building:walls": "concrete", "man_made": "pumping_station", "name": "Rumah Pompa 1", "operator": "Sudin PU Perairan", "pump:unit": "1", "source": "HOT_InAWARESurvey_2017", "osm_type": "way", "osm_id": 482204934}, "geometry": {"type": "Polygon", "coordinates": [[[106.8627568, -6.2174973], [106.8627903, -6.2175466], [106.8627473, -6.2175755], [106.8627138, -6.2175262], [106.8627568, -6.2174973]]]}}, {"type": "Feature", "properties": {"addr:city": "DKI Jakarta", "addr:full": "Jalan Jatinegara Barat No.122", "amenity": "school", "name": "Sekolah Santa Maria", "operator:type": "private", "school:type_idn": "sd,smp", "source": "HOT_InAWARESurvey_2017", "osm_type": "way", "osm_id": 482204976}, "geometry": {"type": "Polygon", "coordinates": [[[106.8631608, -6.2192159], [106.8635905, -6.2202091], [106.8636861, -6.2201728], [106.8637102, -6.2202271], [106.8637746, -6.2201958], [106.8637525, -6.2201402], [106.864024, -6.2200245], [106.8640416, -6.2200585], [106.8642584, -6.2199698], [106.8645139, -6.2198618], [106.8644844, -6.2197992], [106.8646211, -6.2197445], [106.8641665, -6.2186266], [106.863968, -6.2187212], [106.863802, -6.2188], [106.8636596, -6.2188753], [106.8636368, -6.2188729], [106.8635144, -6.2189309], [106.8635408, -6.2189979], [106.8633507, -6.2191132], [106.8631608, -6.2192159]]]}}, {"type": "Feature", "properties": {"amenity": "place_of_worship", "building": "yes", "denomination": "sunni", "name": "Masjid Umar bin Khattab", "religion": "muslim", "osm_type": "way", "osm_id": 482340620}, "geometry": {"type": "Polygon", "coordinates": [[[106.8721732, -6.216891], [106.8721751, -6.2169614], [106.8720524, -6.2169648], [106.8720523, -6.2169625], [106.8719631, -6.2169663], [106.8719502, -6.2166676], [106.8720595, -6.2166629], [106.8720657, -6.2168067], [106.8721005, -6.2168059], [106.872226, -6.216803], [106.872228, -6.2168897], [106.8721732, -6.216891]]]}}, {"type": "Feature", "properties": {"access:roof": "no", "addr:city": "DKI Jakarta", "addr:full": "Jalan H. Yakub Saidi No.20", "amenity": "kindergarten", "backup_generator": "no", "building": "kindergarten", "building:condition": "good", "building:floor": "ceramics", "building:levels": "1", "building:roof": "tile", "building:structure": "confined_masonry", "building:walls": "brick", "capacity:persons": "<50", "name": "PAUD Pertiwi", "operator:type": "private", "source": "HOT_InAWARESurvey_2017", "osm_type": "way", "osm_id": 482346385}, "geometry": {"type": "Polygon", "coordinates": [[[106.8723536, -6.2177338], [106.8724207, -6.2177284], [106.8724252, -6.2177839], [106.8723581, -6.2177893], [106.8723536, -6.2177338]]]}}, {"type": "Feature", "properties": {"access:roof": "no", "addr:city": "DKI Jakarta", "addr:full": "Jalan Jatinegara Timur No.88A", "amenity": "place_of_worship", "backup_generator": "no", "building": "church", "building:condition": "good", "building:floor": "ceramics", "building:levels": "1", "building:roof": "concrete", "building:structure": "confined_masonry", "building:walls": "brick", "capacity:persons": "50-100", "name": "Gereja Sidang Jemaat Pentakosta", "religion": "christian", "source": "HOT_InAWARESurvey_2017", "osm_type": "way", "osm_id": 482355716}, "geometry": {"type": "Polygon", "coordinates": [[[106.8682852, -6.221901], [106.8684729, -6.221893], [106.8684754, -6.2219501], [106.8682877, -6.2219581], [106.8682852, -6.221901]]]}}, {"type": "Feature", "properties": {"access:roof": "no", "addr:city": "DKI Jakarta", "addr:full": "Jalan Jatinegara Timur No.66", "amenity": "place_of_worship", "backup_generator": "no", "building": "church", "building:condition": "good", "building:floor": "ceramics", "building:levels": "2", "building:roof": "tin", "building:structure": "confined_masonry", "building:walls": "brick", "capacity:persons": "250-500", "height": "6", "name": "Gereja Kristen Pasundan Jemaat Rehoboth", "religion": "christian", "source": "HOT_InAWARESurvey_2017", "osm_type": "way", "osm_id": 482355804}, "geometry": {"type": "Polygon", "coordinates": [[[106.8674524, -6.2208964], [106.8677126, -6.2208777], [106.8677231, -6.2210224], [106.8674629, -6.2210411], [106.8674524, -6.2208964]]]}}, {"type": "Feature", "properties": {"access:roof": "no", "addr:city": "DKI Jakarta", "amenity": "place_of_worship", "backup_generator": "no", "building": "mosque", "building:condition": "good", "building:floor": "ceramics", "building:levels": "2", "building:roof": "tile", "building:structure": "confined_masonry", "building:walls": "brick", "capacity:persons": "100-250", "name": "Masjid Nurul Hidayah", "religion": "muslim", "source": "HOT_InAWARESurvey_2017", "osm_type": "way", "osm_id": 482370834}, "geometry": {"type": "Polygon", "coordinates": [[[106.8709717, -6.2213266], [106.8709738, -6.2214495], [106.8711199, -6.2214471], [106.8711176, -6.2213147], [106.8709716, -6.2213171], [106.8709717, -6.2213266]]]}}, {"type": "Feature", "properties": {"access:roof": "yes", "addr:city": "DKI Jakarta", "addr:full": "Jalan Jatinegara Timur IV", "amenity": "school", "backup_generator": "no", "building": "school", "building:condition": "good", "building:floor": "ceramics", "building:levels": "3", "building:roof": "concrete", "building:structure": "confined_masonry", "building:walls": "brick", "capacity:persons": "250-500", "name": "SMP Negeri 62 Jakarta", "operator:type": "government", "school:type_idn": "smp", "source": "HOT_InAWARESurvey_2017", "osm_type": "way", "osm_id": 482370856}, "geometry": {"type": "Polygon", "coordinates": [[[106.8717035, -6.2212822], [106.8717957, -6.2212765], [106.8718006, -6.2213552], [106.8720909, -6.2213374], [106.8720861, -6.2212605], [106.8721737, -6.2212551], [106.8721786, -6.2213331], [106.8721838, -6.2214174], [106.8716684, -6.2214491], [106.871663, -6.2213624], [106.8717083, -6.2213596], [106.8717035, -6.2212822]]]}}, {"type": "Feature", "properties": {"access:roof": "no", "addr:city": "DKI Jakarta", "amenity": "kindergarten", "backup_generator": "no", "building": "kindergarten", "building:condition": "poor", "building:floor": "ceramics", "building:levels": "2", "building:roof": "tile", "building:structure": "confined_masonry", "building:walls": "brick", "capacity:persons": "<50", "name": "BKB PAUD Flamboyan", "operator:type": "private", "source": "HOT_InAWARESurvey_2017", "osm_type": "way", "osm_id": 482370902}, "geometry": {"type": "Polygon", "coordinates": [[[106.8719153, -6.2203404], [106.8719837, -6.2203404], [106.8719837, -6.2203857], [106.8719153, -6.2203857], [106.8719153, -6.2203404]]]}}, {"type": "Feature", "properties": {"access:roof": "no", "addr:city": "DKI Jakarta", "addr:full": "Jalan Pedati Raya No.5", "amenity": "clinic", "backup_generator": "yes", "building": "clinic", "building:condition": "good", "building:floor": "ceramics", "building:levels": "3", "building:roof": "tile", "building:structure": "confined_masonry", "building:walls": "brick", "capacity:persons": "100-250", "healthcare": "clinic", "name": "Fatahillah Medical Center", "operator:type": "private", "source": "HOT_InAWARESurvey_2017", "osm_type": "way", "osm_id": 482389184}, "geometry": {"type": "Polygon", "coordinates": [[[106.8710704, -6.2264247], [106.8711904, -6.2264317], [106.8711783, -6.2266357], [106.8710584, -6.2266287], [106.8710704, -6.2264247]]]}}, {"type": "Feature", "properties": {"access:roof": "no", "addr:city": "DKI Jakarta", "addr:full": "Jalan Berdikari I No.283", "amenity": "kindergarten", "backup_generator": "no", "building": "kindergarten", "building:condition": "good", "building:floor": "ceramics", "building:levels": "2", "building:roof": "tile", "building:structure": "confined_masonry", "building:walls": "brick", "capacity:persons": "<50", "name": "TK Indriana", "operator:type": "private", "source": "HOT_InAWARESurvey_2017", "osm_type": "way", "osm_id": 482398422}, "geometry": {"type": "Polygon", "coordinates": [[[106.8737623, -6.2411835], [106.8738166, -6.2412368], [106.8737604, -6.2412964], [106.8736987, -6.2412498], [106.8737623, -6.2411835]]]}}, {"type": "Feature", "properties": {"access:roof": "no", "addr:city": "DKI Jakarta", "addr:full": "Jalan Tanah Manisan", "amenity": "place_of_worship", "backup_generator": "no", "building": "mosque", "building:condition": "good", "building:floor": "ceramics", "building:levels": "2", "building:roof": "concrete", "building:structure": "confined_masonry", "building:walls": "brick", "capacity:persons": "100-250", "name": "Masjid Al-Akhyar", "religion": "muslim", "source": "HOT_InAWARESurvey_2017", "osm_type": "way", "osm_id": 482398532}, "geometry": {"type": "Polygon", "coordinates": [[[106.8734378, -6.2403004], [106.8734291, -6.2404698], [106.8733217, -6.2404643], [106.8733304, -6.240295], [106.8734378, -6.2403004]]]}}, {"type": "Feature", "properties": {"access:roof": "no", "addr:city": "DKI Jakarta", "addr:full": "Jalan Pancawarga II No.38", "amenity": "kindergarten", "building": "kindergarten", "building:condition": "good", "building:floor": "ceramics", "building:levels": "2", "building:structure": "confined_masonry", "building:walls": "brick", "capacity:persons": "100-250", "name": "TK Darul Hikmah", "operator:type": "private", "source": "HOT_InAWARESurvey_2017", "osm_type": "way", "osm_id": 483340327}, "geometry": {"type": "Polygon", "coordinates": [[[106.8799153, -6.2368069], [106.8799002, -6.2368705], [106.879752, -6.2368358], [106.8797671, -6.2367723], [106.8799153, -6.2368069]]]}}, {"type": "Feature", "properties": {"access:roof": "no", "addr:city": "DKI Jakarta", "addr:full": "Jalan Pancawarga II No.38", "amenity": "school", "building": "school", "building:condition": "good", "building:floor": "ceramics", "building:levels": "2", "building:structure": "confined_masonry", "building:walls": "brick", "capacity:persons": "100-250", "name": "SD Darul Hikmah", "operator:type": "private", "school:type_idn": "sd", "source": "HOT_InAWARESurvey_2017", "osm_type": "way", "osm_id": 483340328}, "geometry": {"type": "Polygon", "coordinates": [[[106.8801533, -6.2368929], [106.8799139, -6.2368736], [106.8799223, -6.2367717], [106.8801616, -6.2367911], [106.8801533, -6.2368929]]]}}, {"type": "Feature", "properties": {"amenity": "place_of_worship", "building": "mosque", "religion": "muslim", "osm_type": "way", "osm_id": 483347028}, "geometry": {"type": "Polygon", "coordinates": [[[106.8723737, -6.2257843], [106.8723503, -6.225868], [106.8724235, -6.2258883], [106.8724469, -6.2258045], [106.8723737, -6.2257843]]]}}, {"type": "Feature", "properties": {"access:roof": "no", "addr:city": "DKI Jakarta", "addr:full": "Jalan Pedati Timur Dalam", "amenity": "school", "backup_generator": "no", "building": "school", "building:condition": "good", "building:floor": "ceramics", "building:levels": "2", "building:roof": "tile", "building:structure": "confined_masonry", "building:walls": "concrete", "capacity:persons": "50-100", "name": "MI/MTS Mu'awanatul Ikhwan", "operator:type": "private", "school:type_idn": "sd,smp", "source": "HOT_InAWARESurvey_2017", "osm_type": "way", "osm_id": 483347048}, "geometry": {"type": "Polygon", "coordinates": [[[106.8724685, -6.2258952], [106.8724973, -6.2257519], [106.872569, -6.2257661], [106.872552, -6.2258504], [106.8725999, -6.2258499], [106.8726006, -6.2259131], [106.8724806, -6.2259144], [106.8724685, -6.2258952]]]}}, {"type": "Feature", "properties": {"addr:city": "DKI Jakarta", "addr:full": "Jalan Tanjung Lengkong No.21", "amenity": "school", "backup_generator": "no", "building": "school", "building:condition": "good", "building:floor": "ceramics", "building:levels": "2", "building:roof": "asbentos", "building:structure": "confined_masonry", "building:walls": "brick", "capacity:persons": "50-100", "evacuation_center": "no", "flood_prone": "yes", "name": "SD Muhamadiyah", "operator:type": "private", "school:type_idn": "sd", "source": "HOT_InAWARESurvey_2017", "osm_type": "way", "osm_id": 483357763}, "geometry": {"type": "Polygon", "coordinates": [[[106.8661571, -6.2399724], [106.8661567, -6.2399264], [106.8662459, -6.2399257], [106.8662462, -6.2399717], [106.8661571, -6.2399724]]]}}, {"type": "Feature", "properties": {"access:roof": "no", "addr:city": "DKI Jakarta", "addr:full": "Jalan Bekasi Timur IV Ujung", "amenity": "kindergarten", "backup_generator": "no", "building": "kindergarten", "building:condition": "good", "building:floor": "ceramics", "building:levels": "1", "building:structure": "confined_masonry", "building:walls": "brick", "capacity:persons": "<50", "name": "TK Islam Bakti III", "operator:type": "private", "source": "HOT_InAWARESurvey_2017", "osm_type": "way", "osm_id": 483359142}, "geometry": {"type": "Polygon", "coordinates": [[[106.8758929, -6.2196849], [106.8760248, -6.2196966], [106.8760174, -6.2197786], [106.8758855, -6.2197669], [106.8758929, -6.2196849]]]}}, {"type": "Feature", "properties": {"access:roof": "no", "addr:city": "DKI Jakarta", "amenity": "place_of_worship", "backup_generator": "no", "building": "mosque", "building:condition": "good", "building:floor": "ceramics", "building:levels": "1", "building:roof": "tile", "building:structure": "confined_masonry", "building:walls": "brick", "capacity:persons": "100-250", "name": "Masjid Al-Muttaqin", "religion": "muslim", "source": "HOT_InAWARESurvey_2017", "osm_type": "way", "osm_id": 483359154}, "geometry": {"type": "Polygon", "coordinates": [[[106.8759057, -6.2195165], [106.8760277, -6.2195203], [106.876023, -6.2196684], [106.875901, -6.2196646], [106.8759057, -6.2195165]]]}}, {"type": "Feature", "properties": {"amenity": "place_of_worship", "building": "yes", "religion": "muslim", "osm_type": "way", "osm_id": 483370592}, "geometry": {"type": "Polygon", "coordinates": [[[106.8762107, -6.2231297], [106.8763252, -6.22314], [106.8763131, -6.2232733], [106.8761987, -6.2232631], [106.8762107, -6.2231297]]]}}, {"type": "Feature", "properties": {"access:roof": "no", "addr:city": "DKI Jakarta", "addr:full": "Jalan Bekasi Timur VI", "amenity": "place_of_worship", "backup_generator": "no", "building": "mosque", "building:condition": "good", "building:floor": "ceramics", "building:levels": "1", "building:roof": "tile", "building:structure": "confined_masonry", "building:walls": "brick", "capacity:persons": "100-250", "name": "Masjid Ruhul Islam", "religion": "muslim", "source": "HOT_InAWARESurvey_2017", "osm_type": "way", "osm_id": 483384999}, "geometry": {"type": "Polygon", "coordinates": [[[106.877834, -6.216481], [106.8778238, -6.2165871], [106.8779337, -6.2165975], [106.8779439, -6.2164915], [106.877834, -6.216481]]]}}, {"type": "Feature", "properties": {"access:roof": "no", "addr:city": "DKI Jakarta", "addr:full": "Jalan Bekasi Timur VI", "amenity": "place_of_worship", "backup_generator": "no", "building": "church", "building:condition": "good", "building:floor": "ceramics", "building:levels": "2", "building:roof": "tile", "building:structure": "confined_masonry", "building:walls": "brick", "capacity:persons": "250-500", "name": "GPDI Cipinang Prumpung", "religion": "christian", "source": "HOT_InAWARESurvey_2017", "osm_type": "way", "osm_id": 483385013}, "geometry": {"type": "Polygon", "coordinates": [[[106.8782469, -6.2161916], [106.8783143, -6.2162002], [106.8782888, -6.2163975], [106.8782215, -6.2163889], [106.8782469, -6.2161916]]]}}, {"type": "Feature", "properties": {"amenity": "place_of_worship", "building": "mosque", "religion": "muslim", "osm_type": "way", "osm_id": 483385084}, "geometry": {"type": "Polygon", "coordinates": [[[106.8784828, -6.2163479], [106.8784636, -6.2164136], [106.8785476, -6.2164379], [106.8785668, -6.2163721], [106.8784828, -6.2163479]]]}}, {"type": "Feature", "properties": {"access:roof": "no", "addr:city": "DKI Jakarta", "addr:full": "Jalan Otista III Komp. 1", "amenity": "kindergarten", "backup_generator": "no", "building": "kindergarten", "building:condition": "good", "building:floor": "ceramics", "building:levels": "2", "building:roof": "tile", "building:structure": "confined_masonry", "building:walls": "brick", "capacity:persons": "<50", "name": "RA Al-Madaniya", "operator:type": "private", "source": "HOT_InAWARESurvey_2017", "osm_type": "way", "osm_id": 483388277}, "geometry": {"type": "Polygon", "coordinates": [[[106.8739292, -6.2321452], [106.8739302, -6.2322059], [106.8738646, -6.232207], [106.8738636, -6.2321463], [106.8739292, -6.2321452]]]}}, {"type": "Feature", "properties": {"access:roof": "no", "addr:city": "DKI Jakarta", "amenity": "place_of_worship", "backup_generator": "no", "building": "mosque", "building:condition": "good", "building:floor": "ceramics", "building:levels": "2", "building:roof": "tile", "building:structure": "confined_masonry", "building:walls": "brick", "capacity:persons": "50-100", "name": "Masjid Jami Al-Maghfiroh", "religion": "muslim", "source": "HOT_InAWARESurvey_2017", "osm_type": "way", "osm_id": 483391234}, "geometry": {"type": "Polygon", "coordinates": [[[106.879004, -6.2219769], [106.8789772, -6.2221136], [106.8791307, -6.2221209], [106.8791502, -6.2219936], [106.879004, -6.2219769]]]}}, {"type": "Feature", "properties": {"access:roof": "no", "addr:city": "DKI Jakarta", "addr:full": "Jalan Griya Wartawan, Kelurahan Cipinang Besar Selatan", "amenity": "school", "backup_generator": "no", "building": "school", "building:condition": "good", "building:floor": "ceramics", "building:levels": "1", "building:roof": "tile", "building:structure": "confined_masonry", "building:walls": "brick", "capacity:persons": "100-250", "name": "SD Negeri Cipinang Besar Selatan 18 Pagi", "operator:type": "government", "school:type_idn": "sd", "source": "HOT_InAWARESurvey_2017", "osm_type": "way", "osm_id": 483403808}, "geometry": {"type": "Polygon", "coordinates": [[[106.882853, -6.2329788], [106.882889, -6.2328833], [106.8829835, -6.2329184], [106.8829057, -6.233125], [106.8828112, -6.2330899], [106.8828193, -6.2330684], [106.8825208, -6.2329477], [106.882557, -6.2328592], [106.8825803, -6.2327943], [106.8826898, -6.2328331], [106.8826648, -6.2329027], [106.882853, -6.2329788]]]}}, {"type": "Feature", "properties": {"access:roof": "no", "addr:city": "DKI Jakarta", "addr:full": "Jalan Cipinang Besar Selatan No.1-4", "amenity": "school", "backup_generator": "no", "building": "school", "building:condition": "good", "building:floor": "ceramics", "building:levels": "2", "building:roof": "tile", "building:structure": "confined_masonry", "building:walls": "brick", "capacity:persons": "100-250", "name": "MTs Miftahul Falah", "operator:type": "private", "school:type_idn": "smp", "source": "HOT_InAWARESurvey_2017", "osm_type": "way", "osm_id": 483405121}, "geometry": {"type": "Polygon", "coordinates": [[[106.8789668, -6.227406], [106.8790575, -6.2273996], [106.8790602, -6.2274385], [106.8791514, -6.2274321], [106.8791582, -6.2275289], [106.8789764, -6.2275416], [106.8789668, -6.227406]]]}}, {"type": "Feature", "properties": {"access:roof": "no", "addr:city": "DKI Jakarta", "addr:full": "Jalan Cipinang Besar Selatan RT.002 RW.010", "amenity": "kindergarten", "backup_generator": "no", "building": "kindergarten", "building:condition": "good", "building:floor": "ceramics", "building:levels": "1", "building:roof": "tile", "building:structure": "confined_masonry", "building:walls": "brick", "capacity:persons": "<50", "name": "RA Masyaatul Islamiyah", "operator:type": "private", "source": "HOT_InAWARESurvey_2017", "osm_type": "way", "osm_id": 483405239}, "geometry": {"type": "Polygon", "coordinates": [[[106.878142, -6.227172], [106.8782117, -6.2271973], [106.8781936, -6.2272464], [106.8781239, -6.2272211], [106.878142, -6.227172]]]}}, {"type": "Feature", "properties": {"access:roof": "no", "addr:city": "DKI Jakarta", "addr:full": "Jalan Cipinang Besar Selatan RT.002 RW.010", "amenity": "school", "backup_generator": "no", "building": "school", "building:condition": "good", "building:floor": "ceramics", "building:levels": "1", "building:roof": "tile", "building:structure": "confined_masonry", "building:walls": "brick", "capacity:persons": "100-250", "name": "MI Masyaatul Islamiyah", "operator:type": "private", "school:type_idn": "sd", "source": "HOT_InAWARESurvey_2017", "osm_type": "way", "osm_id": 483405240}, "geometry": {"type": "Polygon", "coordinates": [[[106.8782067, -6.2269746], [106.8782589, -6.2269922], [106.8781945, -6.2271809], [106.8781423, -6.2271633], [106.8782067, -6.2269746]]]}}, {"type": "Feature", "properties": {"access:roof": "no", "addr:city": "DKI Jakarta", "addr:full": "Jalan Cipinang Jaya II E RT.009 RW.09", "amenity": "kindergarten", "backup_generator": "no", "building": "kindergarten", "building:condition": "good", "building:floor": "ceramics", "building:levels": "1", "building:roof": "tile", "building:structure": "confined_masonry", "building:walls": "brick", "capacity:persons": "50-100", "name": "TK Islam Terpadu Mishbahul 'Amal", "operator:type": "private", "source": "HOT_InAWARESurvey_2017", "osm_type": "way", "osm_id": 483576647}, "geometry": {"type": "Polygon", "coordinates": [[[106.883024, -6.2215491], [106.8830582, -6.221545], [106.8830974, -6.2215973], [106.8830916, -6.2216314], [106.883013, -6.2216228], [106.883024, -6.2215491]]]}}, {"type": "Feature", "properties": {"access:roof": "no", "addr:city": "DKI Jakarta", "addr:full": "Jalan Cipinang Jaya II E", "amenity": "place_of_worship", "backup_generator": "no", "building": "mosque", "building:condition": "good", "building:floor": "ceramics", "building:levels": "2", "building:roof": "tile", "building:structure": "confined_masonry", "building:walls": "concrete", "capacity:persons": "100-250", "name": "Masjid Mishbahul Amal", "religion": "muslim", "source": "HOT_InAWARESurvey_2017", "osm_type": "way", "osm_id": 483576667}, "geometry": {"type": "Polygon", "coordinates": [[[106.8829614, -6.2212545], [106.8830219, -6.2212394], [106.8830488, -6.2213461], [106.8829882, -6.2213611], [106.8829614, -6.2212545]]]}}, {"type": "Feature", "properties": {"access:roof": "no", "addr:city": "DKI Jakarta", "amenity": "kindergarten", "backup_generator": "no", "building": "kindergarten", "building:floor": "ceramics", "building:levels": "1", "building:roof": "tile", "building:structure": "confined_masonry", "building:walls": "brick", "capacity:persons": "<50", "name": "PAUD Camar", "operator:type": "community", "source": "HOT_InAWARESurvey_2017", "osm_type": "way", "osm_id": 483576873}, "geometry": {"type": "Polygon", "coordinates": [[[106.8816316, -6.2201104], [106.8816362, -6.2201538], [106.8816384, -6.2201844], [106.8815598, -6.2201915], [106.8815571, -6.220162], [106.8815142, -6.2201664], [106.8815096, -6.2201231], [106.8815532, -6.2201186], [106.8816316, -6.2201104]]]}}, {"type": "Feature", "properties": {"access:roof": "no", "addr:city": "DKI Jakarta", "addr:full": "Jalan Cipinang Pulo", "amenity": "kindergarten", "backup_generator": "no", "building": "kindergarten", "building:condition": "good", "building:floor": "ceramics", "building:levels": "1", "building:roof": "asbestos", "building:structure": "confined_masonry", "building:walls": "brick", "capacity:persons": "50-100", "name": "PAUD / RA Bahagia", "operator:type": "private", "source": "HOT_InAWARESurvey_2017", "osm_type": "way", "osm_id": 483577751}, "geometry": {"type": "Polygon", "coordinates": [[[106.8833621, -6.2172579], [106.883401, -6.2172594], [106.8833957, -6.2173911], [106.8834933, -6.2173949], [106.8834883, -6.2175204], [106.8833519, -6.2175151], [106.8833621, -6.2172579]]]}}, {"type": "Feature", "properties": {"amenity": "place_of_worship", "building": "mosque", "religion": "muslim", "osm_type": "way", "osm_id": 483579947}, "geometry": {"type": "Polygon", "coordinates": [[[106.8820445, -6.2226867], [106.8820205, -6.2227372], [106.8819518, -6.2227049], [106.8819771, -6.2226519], [106.8820457, -6.2226842], [106.8820445, -6.2226867]]]}}, {"type": "Feature", "properties": {"access:roof": "no", "addr:city": "DKI Jakarta", "addr:full": "Jalan Cipinang Besar Selatan", "amenity": "school", "backup_generator": "no", "building": "school", "building:condition": "good", "building:floor": "ceramics", "building:levels": "2", "building:roof": "tile", "building:structure": "confined_masonry", "building:walls": "brick", "capacity:persons": "100-250", "name": "TK - MI Al Ihsan Attahiriyah III", "operator:type": "private", "school:type_idn": "sd", "source": "HOT_InAWARESurvey_2017", "osm_type": "way", "osm_id": 483580099}, "geometry": {"type": "Polygon", "coordinates": [[[106.8822587, -6.2227676], [106.8822742, -6.2226851], [106.8823173, -6.2226931], [106.8823416, -6.2225637], [106.8824041, -6.2225753], [106.8823791, -6.2227083], [106.8824341, -6.2227185], [106.8824192, -6.2227974], [106.8822587, -6.2227676]]]}}, {"type": "Feature", "properties": {"access:roof": "no", "addr:city": "DKI Jakarta", "addr:full": "Gang Pancawarga 36", "amenity": "kindergarten", "backup_generator": "no", "building": "kindergarten", "building:condition": "good", "building:floor": "ceramics", "building:levels": "1", "building:roof": "asbestos", "building:structure": "confined_masonry", "building:walls": "brick", "capacity:persons": "<50", "name": "TK Tunas Peni", "operator:type": "private", "source": "HOT_InAWARESurvey_2017", "osm_type": "way", "osm_id": 483581349}, "geometry": {"type": "Polygon", "coordinates": [[[106.8828411, -6.234791], [106.8827946, -6.2347838], [106.8828017, -6.2347369], [106.8828498, -6.2347534], [106.8828411, -6.234791]]]}}, {"type": "Feature", "properties": {"amenity": "place_of_worship", "building": "mosque", "religion": "muslim", "osm_type": "way", "osm_id": 483581582}, "geometry": {"type": "Polygon", "coordinates": [[[106.8817055, -6.2347218], [106.8816354, -6.2346737], [106.8815932, -6.2347344], [106.8816633, -6.2347825], [106.8817055, -6.2347218]]]}}, {"type": "Feature", "properties": {"access:roof": "yes", "addr:city": "DKI Jakarta", "addr:full": "Jalan Kesadaran IV Gang Ikhlas RT 006 RW 01 Cipinang Muara", "amenity": "place_of_worship", "backup_generator": "no", "building": "mosque", "building:condition": "good", "building:floor": "ceramics", "building:levels": "2", "building:roof": "concrete", "building:structure": "confined_masonry", "building:walls": "brick", "capacity:persons": "100-250", "name": "Masjid Jami Al-Ikhlas", "religion": "muslim", "source": "HOT_InAWARESurvey_2017", "osm_type": "way", "osm_id": 483582853}, "geometry": {"type": "Polygon", "coordinates": [[[106.8865693, -6.2361525], [106.8865749, -6.2360637], [106.8867018, -6.2360716], [106.8866962, -6.2361604], [106.8865693, -6.2361525]]]}}, {"type": "Feature", "properties": {"access:roof": "no", "addr:city": "DKI Jakarta", "addr:full": "Jalan Kesadaran IV", "amenity": "place_of_worship", "backup_generator": "no", "building": "mosque", "building:condition": "good", "building:floor": "ceramics", "building:levels": "2", "building:roof": "tile", "building:structure": "confined_masonry", "building:walls": "brick", "capacity:persons": "100-250", "name": "Musholla Fadhlurrohman", "religion": "muslim", "source": "HOT_InAWARESurvey_2017", "osm_type": "way", "osm_id": 483582923}, "geometry": {"type": "Polygon", "coordinates": [[[106.8872168, -6.2381972], [106.8871867, -6.2383166], [106.8870497, -6.2382823], [106.8870798, -6.238163], [106.8872168, -6.2381972]]]}}, {"type": "Feature", "properties": {"access:roof": "no", "addr:city": "DKI Jakarta", "addr:full": "Jalan Cipinang Pulo", "amenity": "place_of_worship", "backup_generator": "no", "building": "mosque", "building:condition": "good", "building:floor": "ceramics", "building:levels": "2", "building:roof": "tile", "building:structure": "confined_masonry", "building:walls": "brick", "capacity:persons": "100-250", "name": "Masjid Jami Baitul Haq", "religion": "muslim", "source": "HOT_InAWARESurvey_2017", "osm_type": "way", "osm_id": 483585193}, "geometry": {"type": "Polygon", "coordinates": [[[106.8832562, -6.2189823], [106.8833829, -6.2190143], [106.8833449, -6.2191631], [106.8832181, -6.2191311], [106.8832562, -6.2189823]]]}}, {"type": "Feature", "properties": {"access:roof": "no", "addr:city": "DKI Jakarta", "addr:full": "Jalan Cipinang Pulo No. 40", "amenity": "kindergarten", "backup_generator": "no", "building": "kindergarten", "building:condition": "good", "building:floor": "ceramics", "building:levels": "2", "building:roof": "tin", "building:structure": "confined_masonry", "building:walls": "brick", "capacity:persons": "<50", "name": "TK Islam Ath - Thalibiyah II", "operator:type": "private", "source": "HOT_InAWARESurvey_2017", "osm_type": "way", "osm_id": 483585202}, "geometry": {"type": "Polygon", "coordinates": [[[106.8833255, -6.2194928], [106.883346, -6.2193433], [106.883436, -6.2193555], [106.8834154, -6.219505], [106.8833255, -6.2194928]]]}}, {"type": "Feature", "properties": {"access:roof": "no", "addr:city": "DKI Jakarta", "addr:full": "Jalan Kesadaran II Cipinang Muara", "amenity": "place_of_worship", "backup_generator": "no", "building": "mosque", "building:condition": "good", "building:floor": "ceramics", "building:levels": "1", "building:roof": "tile", "building:structure": "confined_masonry", "building:walls": "brick", "capacity:persons": "50-100", "name": "Masjid Aisyah R.A", "religion": "muslim", "source": "HOT_InAWARESurvey_2017", "osm_type": "way", "osm_id": 483585624}, "geometry": {"type": "Polygon", "coordinates": [[[106.8861857, -6.2372821], [106.8861909, -6.2373609], [106.8861033, -6.2373672], [106.8860976, -6.2372895], [106.8861857, -6.2372821]]]}}, {"type": "Feature", "properties": {"access:roof": "no", "addr:city": "DKI Jakarta", "addr:full": "Jalan Taman Cipinang", "amenity": "place_of_worship", "backup_generator": "no", "building": "mosque", "building:condition": "good", "building:floor": "ceramics", "building:levels": "2", "building:roof": "concrete", "building:structure": "confined_masonry", "building:walls": "concrete", "capacity:persons": "100-250", "name": "Masjid Al-Mustaqim", "religion": "muslim", "source": "HOT_InAWARESurvey_2017", "osm_type": "way", "osm_id": 483590130}, "geometry": {"type": "Polygon", "coordinates": [[[106.8876291, -6.214987], [106.8876912, -6.2148642], [106.8877997, -6.2149185], [106.8877376, -6.2150412], [106.8876291, -6.214987]]]}}, {"type": "Feature", "properties": {"access:roof": "no", "addr:city": "DKI Jakarta", "addr:full": "Jalan Cipinang Jaya II A No.2B RT.07 RW.07", "amenity": "kindergarten", "backup_generator": "no", "building": "kindergarten", "building:condition": "good", "building:floor": "ceramics", "building:levels": "2", "building:roof": "tile", "building:structure": "confined_masonry", "building:walls": "brick", "capacity:persons": "100-250", "name": "PAUD dan TK Al Jannah", "operator:type": "government", "source": "HOT_InAWARESurvey_2017", "osm_type": "way", "osm_id": 483593290}, "geometry": {"type": "Polygon", "coordinates": [[[106.8850925, -6.2203127], [106.8851209, -6.2202539], [106.8852215, -6.2203019], [106.8851931, -6.2203607], [106.8850925, -6.2203127]]]}}, {"type": "Feature", "properties": {"access:roof": "no", "addr:city": "DKI Jakarta", "addr:full": "Jalan Cipinang Jaya II A RT.07 RW.07", "amenity": "place_of_worship", "backup_generator": "yes", "building": "mosque", "building:condition": "good", "building:floor": "ceramics", "building:levels": "1", "building:roof": "tile", "building:structure": "confined_masonry", "building:walls": "brick", "capacity:persons": "50-100", "name": "Masjid Jannah", "religion": "muslim", "source": "HOT_InAWARESurvey_2017", "osm_type": "way", "osm_id": 483593291}, "geometry": {"type": "Polygon", "coordinates": [[[106.8849623, -6.2202394], [106.8850805, -6.2202858], [106.8850376, -6.2203938], [106.8849194, -6.2203474], [106.8849623, -6.2202394]]]}}, {"type": "Feature", "properties": {"access:roof": "no", "addr:city": "DKI Jakarta", "addr:full": "Jalan Cipinang Jaya II B no. 42", "amenity": "clinic", "backup_generator": "no", "building": "clinic", "building:condition": "good", "building:floor": "ceramics", "building:levels": "1", "building:roof": "tile", "building:structure": "confined_masonry", "building:walls": "brick", "capacity:persons": "100-250", "healthcare": "clinic", "name": "Klinik Pegadaian Pratama", "operator:type": "private", "source": "HOT_InAWARESurvey_2017", "osm_type": "way", "osm_id": 483593471}, "geometry": {"type": "Polygon", "coordinates": [[[106.8845969, -6.2205704], [106.8846995, -6.2205751], [106.8846958, -6.2206557], [106.8845932, -6.2206511], [106.8845969, -6.2205704]]]}}, {"type": "Feature", "properties": {"access:roof": "no", "addr:city": "DKI Jakarta", "addr:full": "Jalan Cipinang Muara 3", "amenity": "marketplace", "backup_generator": "no", "building": "marketplace", "building:condition": "good", "building:floor": "cement", "building:levels": "1", "building:structure": "steel_frame", "building:walls": "brick", "capacity:persons": ">500", "name": "Pasar Penampungan", "source": "HOT_InAWARESurvey_2017", "osm_type": "way", "osm_id": 483596473}, "geometry": {"type": "Polygon", "coordinates": [[[106.8946039, -6.2174918], [106.8948166, -6.2174896], [106.8949825, -6.217488], [106.8949849, -6.2177247], [106.8948239, -6.2177263], [106.894826, -6.2179376], [106.8946084, -6.2179397], [106.8946039, -6.2174918]]]}}, {"type": "Feature", "properties": {"access:roof": "no", "addr:city": "DKI Jakarta", "addr:full": "Jalan Kesadaran I RT.01/ 07 No.54", "amenity": "school", "backup_generator": "no", "building": "school", "building:condition": "good", "building:floor": "ceramics", "building:levels": "2", "building:roof": "tile", "building:structure": "confined_masonry", "building:walls": "brick", "capacity:persons": "250-500", "name": "RA TK.Islam, MI, MTs Inwanul Huda", "operator:type": "private", "school:type_idn": "sd,smp", "source": "HOT_InAWARESurvey_2017", "osm_type": "way", "osm_id": 483596515}, "geometry": {"type": "Polygon", "coordinates": [[[106.8856146, -6.2380147], [106.8856157, -6.2381077], [106.8854078, -6.23811], [106.8854067, -6.2380157], [106.885537, -6.2380143], [106.8855366, -6.237978], [106.8854325, -6.2379792], [106.8854312, -6.2378696], [106.8856238, -6.2378675], [106.8856255, -6.2380145], [106.8856146, -6.2380147]]]}}, {"type": "Feature", "properties": {"access:roof": "no", "addr:city": "DKI Jakarta", "addr:full": "Jalan Kesadaran No. 13, Cipinang Muara", "amenity": "place_of_worship", "backup_generator": "no", "building": "mosque", "building:condition": "good", "building:floor": "ceramics", "building:levels": "2", "building:roof": "asbestos", "building:structure": "confined_masonry", "building:walls": "brick", "capacity:persons": "50-100", "name": "Masjid Jami Nurul Huda", "religion": "muslim", "source": "HOT_InAWARESurvey_2017", "osm_type": "way", "osm_id": 483596535}, "geometry": {"type": "Polygon", "coordinates": [[[106.8851876, -6.2364691], [106.8852211, -6.2363592], [106.8853677, -6.2364033], [106.8853342, -6.2365132], [106.8852937, -6.236501], [106.8851876, -6.2364691]]]}}, {"type": "Feature", "properties": {"access:roof": "no", "addr:city": "DKI Jakarta", "addr:full": "Jalan Kesadaran I", "amenity": "place_of_worship", "backup_generator": "no", "building": "mosque", "building:condition": "good", "building:floor": "ceramics", "building:levels": "2", "building:roof": "concrete", "building:structure": "confined_masonry", "building:walls": "brick", "capacity:persons": "100-250", "name": "Masjid Ghairu Jami Baiturrahman", "religion": "muslim", "source": "HOT_InAWARESurvey_2017", "osm_type": "way", "osm_id": 483596737}, "geometry": {"type": "Polygon", "coordinates": [[[106.8853463, -6.2378735], [106.8852163, -6.237876], [106.8852143, -6.2377735], [106.8853443, -6.2377709], [106.8853463, -6.2378735]]]}}, {"type": "Feature", "properties": {"access:roof": "no", "addr:city": "DKI Jakarta", "addr:full": "Jalan Pancawarga IV RT.04/07", "amenity": "clinic", "backup_generator": "yes", "building": "clinic", "building:condition": "good", "building:floor": "ceramics", "building:levels": "1", "building:roof": "tile", "building:structure": "confined_masonry", "building:walls": "brick", "capacity:persons": "100-250", "healthcare": "clinic", "name": "Klinik Pratama Dharma Bakti Medika", "operator:type": "private", "source": "HOT_InAWARESurvey_2017", "osm_type": "way", "osm_id": 483596790}, "geometry": {"type": "Polygon", "coordinates": [[[106.8834677, -6.2386104], [106.8834168, -6.2386137], [106.8834128, -6.2385541], [106.8834638, -6.2385508], [106.8834677, -6.2386104]]]}}, {"type": "Feature", "properties": {"access:roof": "no", "addr:city": "DKI Jakarta", "amenity": "place_of_worship", "backup_generator": "no", "building": "mosque", "building:condition": "good", "building:floor": "ceramics", "building:levels": "1", "building:roof": "tile", "building:structure": "steel_frame", "building:walls": "brick", "capacity:persons": "<50", "name": "Musholla SD Negeri Cipinang Selatan 17 Pagi", "religion": "muslim", "source": "HOT_InAWARESurvey_2017", "osm_type": "way", "osm_id": 483596886}, "geometry": {"type": "Polygon", "coordinates": [[[106.8833392, -6.2367039], [106.8833197, -6.2366139], [106.8834115, -6.2365943], [106.883431, -6.2366843], [106.8833392, -6.2367039]]]}}, {"type": "Feature", "properties": {"access:roof": "no", "addr:city": "DKI Jakarta", "addr:full": "Jalan Cipinang Elok II", "amenity": "school", "backup_generator": "no", "building": "school", "building:condition": "good", "building:floor": "ceramics", "building:levels": "3", "building:roof": "tile", "building:structure": "confined_masonry", "building:walls": "concrete", "capacity:persons": "100-250", "name": "SDIT Al-Iman", "operator:type": "private", "school:type_idn": "sd", "source": "HOT_InAWARESurvey_2017", "osm_type": "way", "osm_id": 483599965}, "geometry": {"type": "Polygon", "coordinates": [[[106.8877985, -6.2227148], [106.8879729, -6.2227828], [106.8879371, -6.2228735], [106.8877627, -6.2228055], [106.8877985, -6.2227148]]]}}, {"type": "Feature", "properties": {"access:roof": "no", "addr:city": "DKI Jakarta", "addr:full": "Jalan Cipinang Muara Raya No.27", "amenity": "clinic", "backup_generator": "no", "building": "clinic", "building:condition": "good", "building:floor": "ceramics", "building:levels": "2", "building:roof": "concrete", "building:structure": "confined_masonry", "building:walls": "concrete", "capacity:persons": "<50", "healthcare": "clinic", "name": "Ultra Medica", "operator:type": "private", "source": "HOT_InAWARESurvey_2017", "osm_type": "way", "osm_id": 483601375}, "geometry": {"type": "Polygon", "coordinates": [[[106.8851809, -6.2271736], [106.8852754, -6.227187], [106.8852539, -6.2273363], [106.8851595, -6.2273229], [106.8851809, -6.2271736]]]}}, {"type": "Feature", "properties": {"access:roof": "no", "addr:city": "DKI Jakarta", "addr:full": "Jalan Cipinang Jaya I Kav.455", "amenity": "place_of_worship", "backup_generator": "no", "building": "church", "building:condition": "good", "building:floor": "ceramics", "building:levels": "1", "building:roof": "tile", "building:structure": "confined_masonry", "building:walls": "brick", "capacity:persons": "100-250", "name": "GPIB Marturia", "religion": "christian", "source": "HOT_InAWARESurvey_2017", "osm_type": "way", "osm_id": 483601490}, "geometry": {"type": "Polygon", "coordinates": [[[106.8833222, -6.226587], [106.883355, -6.2265179], [106.8835736, -6.2266205], [106.8835408, -6.2266897], [106.8833222, -6.226587]]]}}, {"type": "Feature", "properties": {"access:roof": "no", "addr:city": "DKI Jakarta", "addr:full": "Jalan Masjid Al Marzuqiyah No.33", "amenity": "kindergarten", "backup_generator": "no", "building": "kindergarten", "building:condition": "good", "building:floor": "ceramics", "building:levels": "1", "building:roof": "tile", "building:structure": "confined_masonry", "building:walls": "brick", "capacity:persons": "50-100", "name": "PAUD Melati 03", "operator:type": "private", "source": "HOT_InAWARESurvey_2017", "osm_type": "way", "osm_id": 483642430}, "geometry": {"type": "Polygon", "coordinates": [[[106.8913441, -6.2262694], [106.8914192, -6.226302], [106.8913804, -6.2263901], [106.8913053, -6.2263574], [106.8913441, -6.2262694]]]}}, {"type": "Feature", "properties": {"access:roof": "no", "addr:city": "DKI Jakarta", "addr:full": "Jalan Kesadaran Cipinang Muara", "amenity": "place_of_worship", "backup_generator": "no", "building": "mosque", "building:condition": "good", "building:floor": "ceramics", "building:levels": "2", "building:roof": "tile", "building:structure": "confined_masonry", "building:walls": "brick", "capacity:persons": "50-100", "name": "Musholla Nurul Jamal", "religion": "muslim", "source": "HOT_InAWARESurvey_2017", "osm_type": "way", "osm_id": 483643464}, "geometry": {"type": "Polygon", "coordinates": [[[106.8847402, -6.2352879], [106.8848542, -6.2353486], [106.8848844, -6.2352819], [106.8847731, -6.2352253], [106.8847402, -6.2352879]]]}}, {"type": "Feature", "properties": {"addr:city": "DKI Jakarta", "addr:full": "Jalan Berlian No. 9A", "amenity": "school", "name": "SMK Berlian", "operator:type": "private", "school:type_idn": "sma", "source": "HOT_InAWARESurvey_2017", "osm_type": "way", "osm_id": 483843520}, "geometry": {"type": "Polygon", "coordinates": [[[106.864289, -6.2415543], [106.8642815, -6.2420905], [106.8644587, -6.2420929], [106.8644584, -6.2421147], [106.8645936, -6.2421165], [106.8646019, -6.2415234], [106.864602, -6.2415165], [106.8644698, -6.2415147], [106.8642896, -6.2415122], [106.864289, -6.2415543]]]}}, {"type": "Feature", "properties": {"access:roof": "no", "addr:city": "DKI Jakarta", "addr:full": "Jalan Jatinegara Timur I No.7", "amenity": "place_of_worship", "backup_generator": "no", "building": "church", "building:condition": "good", "building:floor": "ceramics", "building:levels": "2", "building:roof": "tile", "building:structure": "confined_masonry", "building:walls": "brick", "capacity:persons": "50-100", "name": "Gereja Kristen Pantekosta Yerusalem", "religion": "christian", "source": "HOT_InAWARESurvey_2017", "osm_type": "way", "osm_id": 483852961}, "geometry": {"type": "Polygon", "coordinates": [[[106.8679747, -6.2171237], [106.868014, -6.2171472], [106.8679758, -6.2172105], [106.8679364, -6.217187], [106.8679747, -6.2171237]]]}}, {"type": "Feature", "properties": {"access:roof": "yes", "addr:city": "DKI Jakarta", "addr:full": "Jalan Kebon Pala III No. 1", "amenity": "place_of_worship", "backup_generator": "yes", "building": "church", "building:condition": "good", "building:levels": "1", "building:roof": "concrete", "building:structure": "confined_masonry", "building:walls": "brick", "buildings:floor": "ceramics", "capacity": "250-500", "name": "Gereja Bethel Indonesia Filemon", "religion": "christian", "source": "HOT_InAWARESurvey_2017", "osm_type": "way", "osm_id": 484448221}, "geometry": {"type": "Polygon", "coordinates": [[[106.8618802, -6.2145892], [106.8616853, -6.2146982], [106.8617509, -6.2149345], [106.8618569, -6.2149056], [106.8618163, -6.2147606], [106.8619065, -6.2147438], [106.8618802, -6.2145892]]]}}, {"type": "Feature", "properties": {"access:roof": "yes", "addr:city": "DKI Jakarta", "addr:full": "Jalan Kebon Pala I No. 24", "amenity": "school", "backup_generator": "no", "building": "school", "building:condition": "good", "building:levels": "3", "building:roof": "tile", "building:structure": "confined_masonry", "building:walls": "brick", "buildings:floor": "cement", "capacity": ">500", "name": "SD Negeri Kampung Melayu 01/02", "operator:type": "government", "school:type_idn": "sd", "source": "HOT_InAWARESurvey_2017", "osm_type": "way", "osm_id": 484448222}, "geometry": {"type": "Polygon", "coordinates": [[[106.8596274, -6.2147323], [106.8594472, -6.2147821], [106.859579, -6.2152535], [106.8597532, -6.2152054], [106.8597241, -6.2151014], [106.859646, -6.215123], [106.8595704, -6.2148529], [106.8596547, -6.2148296], [106.8596274, -6.2147323]]]}}, {"type": "Feature", "properties": {"access:roof": "no", "addr:city": "DKI Jakarta", "addr:full": "Jalan Jatinegara Barat No. 142B", "amenity": "school", "backup_generator": "no", "building": "school", "building:condition": "good", "building:levels": "3", "building:roof": "tin", "building:structure": "confined_masonry", "building:walls": "brick", "capacity": "100-250", "height": "9", "name": "Perguruan Advent VI", "operator:type": "private", "school:type_idn": "smp", "source": "HOT_InAWARESurvey_2017", "osm_type": "way", "osm_id": 484449418}, "geometry": {"type": "Polygon", "coordinates": [[[106.8652207, -6.2219155], [106.865389, -6.2218642], [106.8654568, -6.2220838], [106.8652885, -6.2221351], [106.8652207, -6.2219155]]]}}, {"type": "Feature", "properties": {"access:roof": "yes", "addr:city": "DKI Jakarta", "addr:full": "Jalan Masjid I", "amenity": "place_of_worship", "backup_generator": "yes", "building": "mosque", "building:condition": "good", "building:floor": "ceramics", "building:levels": "1", "building:roof": "concrete", "building:structure": "confined_masonry", "building:walls": "brick", "capacity:persons": ">500", "name": "Masjid Jami' Al Anwar", "religion": "muslim", "source": "HOT_InAWARESurvey_2017", "osm_type": "way", "osm_id": 484635828}, "geometry": {"type": "Polygon", "coordinates": [[[106.8705226, -6.2193096], [106.8704171, -6.2195394], [106.8706004, -6.2196225], [106.8707059, -6.2193928], [106.8705226, -6.2193096]]]}}, {"type": "Feature", "properties": {"access:roof": "no", "addr:city": "DKI Jakarta", "addr:full": "Jalan masjid II No.27 A", "amenity": "school", "backup_generator": "no", "building": "school", "building:condition": "good", "building:floor": "ceramics", "building:levels": "2", "building:roof": "tile", "building:structure": "confined_masonry", "building:walls": "brick", "capacity:persons": "100-250", "name": "SMP YPMII (Yayasan Pembangunan Masyarakat Islam Indonesia)", "operator:type": "private", "school:type_idn": "smp", "source": "HOT_InAWARESurvey_2017", "osm_type": "way", "osm_id": 484635840}, "geometry": {"type": "Polygon", "coordinates": [[[106.8711567, -6.2191674], [106.8711558, -6.2193727], [106.8709877, -6.219372], [106.8709886, -6.2191667], [106.8711567, -6.2191674]]]}}, {"type": "Feature", "properties": {"addr:city": "DKI Jakarta", "addr:housenumber": "No.19-20", "addr:postcode": "13410", "addr:street": "Jalan Jend. Basuki Rahmat", "amenity": "university", "building": "university", "name": "Universitas Wiraswasta Indonesia", "source": "HOT_InAWARESurvey_2017", "osm_type": "way", "osm_id": 484636778}, "geometry": {"type": "Polygon", "coordinates": [[[106.8689088, -6.2249729], [106.868992, -6.2249735], [106.8689906, -6.2251442], [106.8689075, -6.2251435], [106.8689088, -6.2249729]]]}}, {"type": "Feature", "properties": {"access:roof": "no", "addr:city": "DKI Jakarta", "addr:full": "Jalan Pinang Merah", "amenity": "place_of_worship", "backup_generator": "no", "building": "mosque", "building:condition": "good", "building:floor": "ceramics", "building:levels": "1", "building:roof": "tile", "building:structure": "confined_masonry", "building:walls": "brick", "capacity:persons": "100-250", "name": "Masjid Al-Husna", "religion": "muslim", "source": "HOT_InAWARESurvey_2017", "osm_type": "way", "osm_id": 484666130}, "geometry": {"type": "Polygon", "coordinates": [[[106.8919457, -6.2344457], [106.8918653, -6.234671], [106.8916552, -6.2345969], [106.8917357, -6.2343716], [106.8919457, -6.2344457]]]}}, {"type": "Feature", "properties": {"access:roof": "no", "addr:city": "DKI Jakarta", "addr:full": "Jalan Teratai", "amenity": "place_of_worship", "backup_generator": "no", "building": "mosque", "building:condition": "good", "building:floor": "ceramics", "building:levels": "1", "building:roof": "tile", "building:structure": "confined_masonry", "building:walls": "brick", "capacity:persons": "100-250", "name": "Masjid Raya Cipinang Muara", "religion": "muslim", "source": "HOT_InAWARESurvey_2017", "osm_type": "way", "osm_id": 484676236}, "geometry": {"type": "Polygon", "coordinates": [[[106.8843545, -6.2309672], [106.8844376, -6.2308006], [106.8846021, -6.2308817], [106.884519, -6.2310483], [106.8843545, -6.2309672]]]}}, {"type": "Feature", "properties": {"access:roof": "no", "addr:city": "DKI Jakarta", "addr:full": "Jalan Cipinang Bali II No.3 A", "amenity": "clinic", "backup_generator": "yes", "building": "clinic", "building:condition": "good", "building:floor": "ceramics", "building:levels": "1", "building:roof": "tile", "building:structure": "confined_masonry", "building:walls": "brick", "capacity:persons": "100-250", "healthcare": "clinic", "name": "Klinik Cipinang Bali Pratama", "operator:type": "private", "source": "HOT_InAWARESurvey_2017", "osm_type": "way", "osm_id": 484679766}, "geometry": {"type": "Polygon", "coordinates": [[[106.8910771, -6.2371713], [106.8912206, -6.2371753], [106.891218, -6.2372682], [106.8910745, -6.2372642], [106.8910771, -6.2371713]]]}}, {"type": "Feature", "properties": {"access:roof": "no", "addr:city": "DKI Jakarta", "amenity": "kindergarten", "backup_generator": "no", "building": "kindergarten", "building:condition": "good", "building:floor": "ceramics", "building:levels": "3", "building:roof": "tile", "building:walls": "brick", "name": "TK Mutiara Hati", "operator:type": "private", "source": "HOT_InAWARESurvey_2017", "osm_type": "way", "osm_id": 484862882}, "geometry": {"type": "Polygon", "coordinates": [[[106.8694865, -6.2431441], [106.8694751, -6.2432044], [106.8694459, -6.243199], [106.8694573, -6.2431386], [106.8694865, -6.2431441]]]}}, {"type": "Feature", "properties": {"access:roof": "no", "addr:city": "DKI Jakarta", "addr:full": "Jalan Tanjung Lengkong", "amenity": "clinic", "backup_generator": "no", "building": "clinic", "building:condition": "good", "building:floor": "ceramics", "building:levels": "1", "building:roof": "tile", "building:structure": "confined_masonry", "building:walls": "brick", "capacity:persons": "<50", "healthcare": "clinic", "name": "Puskesmas Kelurahan Bidara Cina III", "operator": "Ministry of Health", "operator:en": "Ministry of Health", "operator:id": "Kementerian Kesehatan", "operator:type": "government", "operator:wikidata": "Q12490745", "source": "HOT_InAWARESurvey_2017", "osm_type": "way", "osm_id": 484862900}, "geometry": {"type": "Polygon", "coordinates": [[[106.8644925, -6.2381707], [106.864646, -6.2382813], [106.8645895, -6.2383589], [106.8644359, -6.2382482], [106.8644925, -6.2381707]]]}}, {"type": "Feature", "properties": {"access:roof": "no", "addr:city": "DKI Jakarta", "addr:full": "Jalan Tanjung Lengkong", "amenity": "kindergarten", "backup_generator": "no", "building": "kindergarten", "building:condition": "good", "building:floor": "ceramics", "building:levels": "1", "building:roof": "tile", "building:structure": "confined_masonry", "building:walls": "brick", "capacity:persons": "<50", "name": "RA Al Hayat", "operator:type": "private", "source": "HOT_InAWARESurvey_2017", "osm_type": "way", "osm_id": 484862905}, "geometry": {"type": "Polygon", "coordinates": [[[106.865513, -6.2395362], [106.8655385, -6.2395374], [106.8655352, -6.23961], [106.8655097, -6.2396089], [106.865513, -6.2395362]]]}}, {"type": "Feature", "properties": {"access:roof": "no", "addr:city": "DKI Jakarta", "addr:full": "Jalan Otto Iskandardinata No. 4-5", "amenity": "clinic", "backup_generator": "yes", "building": "clinic", "building:condition": "good", "building:levels": "2", "building:roof": "tile", "building:structure": "confined_masonry", "building:walls": "brick", "buildings:floor": "ceramics", "capacity": "50-100", "healthcare": "clinic", "name": "Klinik Avira", "operator:type": "private", "source": "HOT_InAWARESurvey_2017", "osm_type": "way", "osm_id": 484862906}, "geometry": {"type": "Polygon", "coordinates": [[[106.8690296, -6.2409117], [106.8691584, -6.2409091], [106.8691601, -6.2409943], [106.8690314, -6.240997], [106.8690296, -6.2409117]]]}}, {"type": "Feature", "properties": {"access:roof": "no", "addr:city": "DKI Jakarta", "addr:full": "Cawang Atas Kampung Dalam Kel. Bidara Cina", "amenity": "place_of_worship", "backup_generator": "no", "building": "mosque", "building:condition": "good", "building:floor": "ceramics", "building:levels": "1", "building:roof": "tile", "building:structure": "confined_masonry", "building:walls": "brick", "capacity:persons": "250-500", "name": "Masjid Jami Al Abror", "religion": "muslim", "source": "HOT_InAWARESurvey_2017", "osm_type": "way", "osm_id": 484862908}, "geometry": {"type": "Polygon", "coordinates": [[[106.8662369, -6.2417766], [106.8664401, -6.2418686], [106.8663713, -6.2420188], [106.8662734, -6.2419744], [106.8662467, -6.242025], [106.8661551, -6.2419773], [106.8661791, -6.2419317], [106.8661681, -6.2419268], [106.8662369, -6.2417766]]]}}, {"type": "Feature", "properties": {"addr:city": "DKI Jakarta", "addr:full": "Jalan Ayub No.5", "amenity": "school", "name": "Yayasan Pendidikan Islam Nahdlatul Ilmiyah", "operator:type": "private", "school:type_idn": "sd", "source": "HOT_InAWARESurvey_2017", "osm_type": "way", "osm_id": 484862910}, "geometry": {"type": "Polygon", "coordinates": [[[106.8685226, -6.2337315], [106.8689035, -6.2337351], [106.8689015, -6.2339064], [106.8685281, -6.2339072], [106.8685226, -6.2337315]]]}}, {"type": "Feature", "properties": {"access:roof": "no", "addr:city": "DKI Jakarta", "addr:full": "Jalan Merah Delima No. 38 A", "amenity": "clinic", "backup_generator": "yes", "building": "clinic", "building:condition": "good", "building:floor": "ceramics", "building:levels": "2", "building:roof": "tile", "building:structure": "confined_masonry", "building:walls": "brick", "capacity:persons": "50-100", "healthcare": "clinic", "name": "Klinik Hasna Medika", "operator:type": "private", "source": "HOT_InAWARESurvey_2017", "osm_type": "way", "osm_id": 484862929}, "geometry": {"type": "Polygon", "coordinates": [[[106.8661766, -6.2415642], [106.8662175, -6.2415769], [106.866198, -6.2416391], [106.8661571, -6.2416264], [106.8661766, -6.2415642]]]}}, {"type": "Feature", "properties": {"access:roof": "no", "addr:city": "DKI Jakarta", "addr:full": "Jalan Otista Raya", "amenity": "place_of_worship", "backup_generator": "no", "building": "mosque", "building:condition": "good", "building:floor": "ceramics", "building:levels": "2", "building:roof": "tile", "building:structure": "confined_masonry", "building:walls": "brick", "capacity:persons": "250-500", "name": "Masjid Al-Falah", "religion": "muslim", "source": "HOT_InAWARESurvey_2017", "osm_type": "way", "osm_id": 484862939}, "geometry": {"type": "Polygon", "coordinates": [[[106.8684664, -6.2350032], [106.8686346, -6.2349799], [106.8686435, -6.2350436], [106.8684753, -6.2350669], [106.8684664, -6.2350032]]]}}, {"type": "Feature", "properties": {"access:roof": "no", "addr:city": "DKI Jakarta", "addr:full": "Jalan Ciliwung", "building": "pumping_station", "building:condition": "good", "building:floor": "cement", "building:structure": "confined_masonry", "building:walls": "brick", "man_made": "pumping_station", "name": "Rumah Pompa Bidara Cina", "operator": "Dinas Pekerjaan Umum", "pump:unit": "1", "source": "HOT_InAWARESurvey_2017", "osm_type": "way", "osm_id": 484871505}, "geometry": {"type": "Polygon", "coordinates": [[[106.8644831, -6.2294841], [106.864536, -6.2294141], [106.8645757, -6.2294438], [106.8645227, -6.2295138], [106.8644831, -6.2294841]]]}}, {"type": "Feature", "properties": {"access:roof": "no", "addr:city": "DKI Jakarta", "addr:full": "Jalan Cipinang Elok I Blok G No.1", "addr:housenumber": "1", "addr:postcode": "13420", "addr:street": "Jalan Cipinang Elok I", "air_conditioning": "yes", "amenity": "place_of_worship", "backup_generator": "no", "building": "church", "building:condition": "good", "building:floor": "ceramics", "building:levels": "2", "building:roof": "tin", "building:structure": "confined_masonry", "building:walls": "concrete", "capacity:persons": "100-250", "denomination": "lutheran", "name": "Gereja HKBP Jatinegara", "religion": "christian", "source": "HOT_InAWARESurvey_2017", "osm_type": "way", "osm_id": 485034723}, "geometry": {"type": "Polygon", "coordinates": [[[106.8879172, -6.2207907], [106.8880062, -6.2205596], [106.8882493, -6.2206521], [106.8882324, -6.220696], [106.8881494, -6.2206645], [106.8881264, -6.220724], [106.8880517, -6.2206956], [106.8880026, -6.2208232], [106.8879172, -6.2207907]]]}}, {"type": "Feature", "properties": {"access:roof": "no", "addr:city": "DKI Jakarta", "amenity": "place_of_worship", "backup_generator": "no", "building": "mosque", "building:condition": "good", "building:floor": "ceramics", "building:levels": "1", "building:roof": "tile", "building:structure": "confined_masonry", "building:walls": "brick", "capacity:persons": "50-100", "name": "Musholla Nurul Huda", "religion": "muslim", "source": "HOT_InAWARESurvey_2017", "osm_type": "way", "osm_id": 485036880}, "geometry": {"type": "Polygon", "coordinates": [[[106.8866432, -6.2273126], [106.8867261, -6.2273151], [106.8867223, -6.2274406], [106.8866394, -6.2274381], [106.8866432, -6.2273126]]]}}, {"type": "Feature", "properties": {"access:roof": "no", "addr:city": "DKI Jakarta", "addr:full": "Jalan Cipinang Muara Raya No.2", "amenity": "clinic", "backup_generator": "yes", "building": "clinic", "building:condition": "good", "building:floor": "ceramics", "building:levels": "1", "building:roof": "tile", "building:structure": "confined_masonry", "building:walls": "brick", "capacity:persons": "50-100", "healthcare": "clinic", "name": "Klinik Pratama Cipinang Muara", "operator:type": "private", "source": "HOT_InAWARESurvey_2017", "osm_type": "way", "osm_id": 485036881}, "geometry": {"type": "Polygon", "coordinates": [[[106.886478, -6.2272555], [106.8866225, -6.2272473], [106.8866287, -6.2273537], [106.8864841, -6.2273619], [106.886478, -6.2272555]]]}}, {"type": "Feature", "properties": {"access:roof": "no", "addr:city": "DKI Jakarta", "addr:full": "Jalan Cipinang Elok II Blok AV No.17", "amenity": "kindergarten", "backup_generator": "no", "building": "kindergarten", "building:condition": "good", "building:levels": "1", "building:roof": "tile", "building:structure": "confined_masonry", "building:walls": "brick", "capacity:persons": "50-100", "name": "TK Regency", "operator:type": "private", "source": "HOT_InAWARESurvey_2017", "osm_type": "way", "osm_id": 485036932}, "geometry": {"type": "Polygon", "coordinates": [[[106.8862053, -6.2261217], [106.8862683, -6.2259722], [106.8864641, -6.2260537], [106.8864012, -6.2262032], [106.8862053, -6.2261217]]]}}, {"type": "Feature", "properties": {"amenity": "place_of_worship", "building": "mosque", "religion": "muslim", "osm_type": "way", "osm_id": 485036938}, "geometry": {"type": "Polygon", "coordinates": [[[106.8869148, -6.2252911], [106.8870042, -6.2253234], [106.8869658, -6.2254285], [106.8868764, -6.2253961], [106.8869148, -6.2252911]]]}}, {"type": "Feature", "properties": {"addr:city": "DKI Jakarta", "addr:full": "Jalan Otista No.82", "amenity": "place_of_worship", "name": "GPIB Penabur", "religion": "christian", "source": "HOT_InAWARESurvey_2017", "osm_type": "way", "osm_id": 485046300}, "geometry": {"type": "Polygon", "coordinates": [[[106.8680181, -6.2385755], [106.8682152, -6.2385302], [106.8682729, -6.2387555], [106.8680644, -6.2388015], [106.8680181, -6.2385755]]]}}, {"type": "Feature", "properties": {"access:roof": "no", "addr:city": "DKI Jakarta", "addr:full": "Jalan Jatinegara Timur No.35", "amenity": "place_of_worship", "backup_generator": "no", "building": "church", "building:condition": "poor", "building:floor": "ceramics", "building:levels": "2", "building:roof": "tin", "building:structure": "confined_masonry", "building:walls": "brick", "capacity:persons": "50-100", "name": "G.P.P.S Gloria", "religion": "christian", "source": "HOT_InAWARESurvey_2017", "osm_type": "way", "osm_id": 485256663}, "geometry": {"type": "Polygon", "coordinates": [[[106.8675622, -6.218075], [106.8676185, -6.218059], [106.8676274, -6.21809], [106.8675711, -6.218106], [106.8675622, -6.218075]]]}}, {"type": "Feature", "properties": {"access:roof": "yes", "addr:city": "DKI Jakarta", "addr:full": "Jalan Matraman Raya", "amenity": "marketplace", "backup_generator": "yes", "building": "marketplace", "building:condition": "good", "building:floor": "ceramics", "building:levels": "4", "building:roof": "concrete", "building:structure": "confined_masonry", "building:walls": "concrete", "capacity:persons": ">500", "height": "12", "name": "Jatinegara Trade Center (Pasar Jatinegara)", "source": "HOT_InAWARESurvey_2017", "osm_type": "way", "osm_id": 485256695}, "geometry": {"type": "Polygon", "coordinates": [[[106.8652048, -6.216201], [106.8651993, -6.2163403], [106.8651793, -6.2163395], [106.8651759, -6.2164267], [106.8645769, -6.2164035], [106.8645803, -6.2163163], [106.8644924, -6.2163129], [106.8644979, -6.2161736], [106.8644441, -6.2161715], [106.8644496, -6.2160321], [106.8644128, -6.2160306], [106.8644205, -6.2158343], [106.865246, -6.2158663], [106.8652383, -6.2160627], [106.8652308, -6.2160624], [106.8652253, -6.2162018], [106.8652048, -6.216201]]]}}, {"type": "Feature", "properties": {"access:roof": "no", "addr:city": "DKI Jakarta", "addr:full": "Jalan Banjir Kanal Timur", "amenity": "place_of_worship", "backup_generator": "no", "building": "mosque", "building:condition": "good", "building:floor": "ceramics", "building:levels": "1", "building:roof": "tile", "building:structure": "confined_masonry", "building:walls": "brick", "capacity:persons": "50-100", "name": "Masjid Al-Mubarokah", "religion": "muslim", "source": "HOT_InAWARESurvey_2017", "osm_type": "way", "osm_id": 485257936}, "geometry": {"type": "Polygon", "coordinates": [[[106.8861691, -6.2297383], [106.8862658, -6.2297604], [106.8862388, -6.2298769], [106.8861421, -6.2298548], [106.8861691, -6.2297383]]]}}, {"type": "Feature", "properties": {"access:roof": "no", "addr:city": "DKI Jakarta", "addr:full": "Jalan Bunga Dalam", "amenity": "kindergarten", "backup_generator": "no", "building": "kindergarten", "building:condition": "good", "building:floor": "ceramics", "building:levels": "1", "building:roof": "asbentos", "building:structure": "confined_masonry", "building:walls": "brick", "capacity:persons": "<50", "name": "PAUD Melati VII", "operator:type": "community", "source": "HOT_InAWARESurvey_2017", "osm_type": "way", "osm_id": 485277290}, "geometry": {"type": "Polygon", "coordinates": [[[106.8623924, -6.2111565], [106.8624025, -6.2111827], [106.8623709, -6.2111947], [106.8623608, -6.2111686], [106.8623924, -6.2111565]]]}}, {"type": "Feature", "properties": {"access:roof": "no", "addr:city": "DKI Jakarta", "addr:full": "Jalan Wedana No.24", "amenity": "place_of_worship", "backup_generator": "no", "building": "mosque", "building:condition": "good", "building:floor": "ceramics", "building:levels": "2", "building:roof": "concrete", "building:structure": "confined_masonry", "building:walls": "brick", "capacity:persons": "50-100", "name": "Masjid Jami Arrohmah", "religion": "muslim", "source": "HOT_InAWARESurvey_2017", "osm_type": "way", "osm_id": 485280708}, "geometry": {"type": "Polygon", "coordinates": [[[106.8690127, -6.2260922], [106.8691038, -6.2261039], [106.8690897, -6.2262125], [106.8689986, -6.2262009], [106.8690127, -6.2260922]]]}}, {"type": "Feature", "properties": {"access:roof": "no", "addr:city": "DKI Jakarta", "addr:full": "Bali Mester", "amenity": "clinic", "backup_generator": "yes", "building": "clinic", "building:condition": "good", "building:floor": "ceramics", "building:levels": "1", "building:roof": "tile", "building:structure": "confined_masonry", "building:walls": "brick", "capacity:persons": "50-100", "healthcare": "clinic", "name": "Puskesmas Kelurahan Balimester", "operator": "Ministry of Health", "operator:en": "Ministry of Health", "operator:id": "Kementerian Kesehatan", "operator:type": "government", "operator:wikidata": "Q12490745", "source": "HOT_InAWARESurvey_2017", "osm_type": "way", "osm_id": 485280714}, "geometry": {"type": "Polygon", "coordinates": [[[106.8695142, -6.2255856], [106.8694093, -6.2255916], [106.8693982, -6.2254009], [106.8692693, -6.225405], [106.8692661, -6.2253069], [106.8694988, -6.2252996], [106.8695142, -6.2255856]]]}}, {"type": "Feature", "properties": {"access:roof": "no", "addr:city": "DKI Jakarta", "addr:full": "Jalan Jatinegara Timur", "addr:housenumber": "RT.14/RW.2", "addr:postcode": "13930", "addr:street": "Jl. Jatinegara Timur", "amenity": "place_of_worship", "backup_generator": "no", "building": "mosque", "building:condition": "good", "building:floor": "ceramics", "building:levels": "2", "building:roof": "concrete", "building:structure": "confined_masonry", "building:walls": "brick", "capacity:persons": "250-500", "name": "Masjid Al - Fattah", "religion": "muslim", "source": "HOT_InAWARESurvey_2017", "osm_type": "way", "osm_id": 485280771}, "geometry": {"type": "Polygon", "coordinates": [[[106.8673671, -6.219303], [106.867518, -6.219365], [106.8674734, -6.2194723], [106.8673226, -6.2194103], [106.8673671, -6.219303]]]}}, {"type": "Feature", "properties": {"access:roof": "no", "addr:city": "DKI Jakarta", "addr:full": "Jalan Jatinegara Timur No.74 A", "amenity": "kindergarten", "backup_generator": "no", "building": "kindergarten", "building:condition": "good", "building:floor": "ceramics", "building:levels": "1", "building:roof": "tile", "building:structure": "confined_masonry", "building:walls": "brick", "capacity:persons": "50-100", "name": "TK Bernadette", "operator:type": "private", "source": "HOT_InAWARESurvey_2017", "osm_type": "way", "osm_id": 485280772}, "geometry": {"type": "Polygon", "coordinates": [[[106.8677963, -6.2216802], [106.8677989, -6.2217746], [106.867758, -6.2217758], [106.8674047, -6.2217932], [106.8674028, -6.221756], [106.8677301, -6.22174], [106.8677285, -6.2216821], [106.8677963, -6.2216802]]]}}, {"type": "Feature", "properties": {"access:roof": "no", "addr:city": "DKI Jakarta", "addr:full": "Jalan Mulya Jaya No.37", "amenity": "kindergarten", "backup_generator": "no", "building": "kindergarten", "building:condition": "good", "building:levels": "2", "building:roof": "tin", "building:structure": "confined_masonry", "building:walls": "brick", "capacity:persons": "100-250", "name": "PAUD Islam Bhakti II", "operator:type": "private", "source": "HOT_InAWARESurvey_2017", "osm_type": "way", "osm_id": 485291275}, "geometry": {"type": "Polygon", "coordinates": [[[106.8898663, -6.2174611], [106.8898871, -6.2175431], [106.889767, -6.2175732], [106.8897462, -6.2174912], [106.8898663, -6.2174611]]]}}, {"type": "Feature", "properties": {"access:roof": "no", "addr:city": "DKI Jakarta", "addr:full": "Jalan Cipinang Elok I", "amenity": "marketplace", "backup_generator": "no", "building": "marketplace", "building:condition": "good", "building:floor": "ceramics", "building:levels": "2", "building:roof": "asbestos", "building:structure": "confined_masonry", "building:walls": "brick", "capacity:persons": ">500", "name": "Pasar Cipinang Muara", "source": "HOT_InAWARESurvey_2017;aerial imagery", "osm_type": "way", "osm_id": 485982583}, "geometry": {"type": "Polygon", "coordinates": [[[106.8895666, -6.2210127], [106.8888706, -6.2210087], [106.8888717, -6.2208112], [106.8892226, -6.2208132], [106.889229, -6.220656], [106.8895787, -6.22067], [106.8895666, -6.2210127]]]}}, {"type": "Feature", "properties": {"access:roof": "no", "addr:city": "DKI Jakarta", "addr:full": "Jalan Bekasi Timur II No.1", "amenity": "kindergarten", "backup_generator": "no", "building": "kindergarten", "building:condition": "good", "building:floor": "ceramics", "building:levels": "1", "building:roof": "tile", "building:structure": "confined_masonry", "building:walls": "brick", "capacity:persons": "<50", "name": "PAUD Melati", "operator:type": "private", "source": "HOT_InAWARESurvey_2017", "osm_type": "way", "osm_id": 485994888}, "geometry": {"type": "Polygon", "coordinates": [[[106.8734291, -6.2176107], [106.8734723, -6.2175494], [106.8735652, -6.2176141], [106.873522, -6.2176754], [106.8734291, -6.2176107]]]}}, {"type": "Feature", "properties": {"access:roof": "no", "addr:city": "DKI Jakarta", "addr:full": "Jalan Bekasi Barat IX", "amenity": "place_of_worship", "backup_generator": "no", "building": "church", "building:condition": "good", "building:levels": "3", "building:roof": "tin", "building:structure": "confined_masonry", "building:walls": "brick", "capacity:persons": "100-250", "name": "Gereja Kristen Indonesia", "religion": "christian", "source": "HOT_InAWARESurvey_2017", "osm_type": "way", "osm_id": 485994914}, "geometry": {"type": "Polygon", "coordinates": [[[106.8724786, -6.2160979], [106.87256, -6.2160935], [106.8725751, -6.2163752], [106.8724938, -6.2163795], [106.8724786, -6.2160979]]]}}, {"type": "Feature", "properties": {"access:roof": "no", "addr:city": "DKI Jakarta", "addr:full": "Jalan Bekasi Timur IX No.6", "amenity": "clinic", "backup_generator": "yes", "building": "clinic", "building:condition": "good", "building:floor": "ceramics", "building:levels": "3", "building:roof": "tile", "building:structure": "confined_masonry", "building:walls": "brick", "capacity:persons": "100-250", "healthcare": "clinic", "name": "Klinik Mediko", "operator:type": "private", "source": "HOT_InAWARESurvey_2017", "osm_type": "way", "osm_id": 485994916}, "geometry": {"type": "Polygon", "coordinates": [[[106.8723458, -6.2160925], [106.872422, -6.2160885], [106.8724384, -6.2163925], [106.8723622, -6.2163966], [106.8723458, -6.2160925]]]}}, {"type": "Feature", "properties": {"amenity": "school", "building": "yes", "name": "Kids Republic", "osm_type": "way", "osm_id": 486000526}, "geometry": {"type": "Polygon", "coordinates": [[[106.8893209, -6.2381711], [106.8894823, -6.2381955], [106.8894455, -6.2384351], [106.8892841, -6.2384106], [106.8893209, -6.2381711]]]}}, {"type": "Feature", "properties": {"access:roof": "no", "addr:city": "DKI Jakarta", "addr:full": "Jalan Jatinegara Timur IV, Komplek pendidikan Rawa Bunga", "amenity": "clinic", "backup_generator": "no", "building": "clinic", "building:condition": "good", "building:floor": "ceramics", "building:levels": "1", "building:roof": "asbestos", "building:structure": "confined_masonry", "building:walls": "brick", "capacity:persons": "50-100", "healthcare": "clinic", "name": "Posyandu Dahlia", "operator": "Posyandu", "operator:wikidata": "Q12506263", "source": "HOT_InAWARESurvey_2017", "osm_type": "way", "osm_id": 486010609}, "geometry": {"type": "Polygon", "coordinates": [[[106.8699199, -6.2213006], [106.8699199, -6.2213446], [106.8698716, -6.2213446], [106.8698716, -6.2213006], [106.8699199, -6.2213006]]]}}, {"type": "Feature", "properties": {"addr:city": "DKI Jakarta", "addr:full": "Jalan Jatinegara Timur IV", "amenity": "school", "name": "SMA Negeri 54 Jakarta", "operator:type": "government", "school:type_idn": "sma", "source": "HOT_InAWARESurvey_2017", "osm_type": "way", "osm_id": 486010623}, "geometry": {"type": "Polygon", "coordinates": [[[106.8706635, -6.220828], [106.871267, -6.2208067], [106.8712804, -6.2212013], [106.8711537, -6.2212059], [106.8711658, -6.2215026], [106.8706582, -6.2215212], [106.8706515, -6.2213466], [106.8706863, -6.2213439], [106.8706635, -6.220828]]]}}, {"type": "Feature", "properties": {"addr:city": "DKI Jakarta", "addr:full": "Jalan DI Panjaitan Kav. 46", "amenity": "school", "name": "SMP-SMA San Antonius", "operator:type": "private", "school:type_idn": "smp,sma", "source": "HOT_InAWARESurvey_2017", "osm_type": "way", "osm_id": 486010637}, "geometry": {"type": "Polygon", "coordinates": [[[106.8732063, -6.2211426], [106.8739895, -6.2211113], [106.8740203, -6.2215592], [106.8732318, -6.2215872], [106.8732063, -6.2211426]]]}}, {"type": "Feature", "properties": {"addr:city": "DKI Jakarta", "addr:full": "Jalan Matraman Raya No.177", "amenity": "school", "name": "SD Negeri Balimester 03 dan SMP Negeri 14 Jakarta", "operator:type": "government", "school:type_idn": "sd,smp", "source": "HOT_InAWARESurvey_2017", "osm_type": "way", "osm_id": 486023735}, "geometry": {"type": "Polygon", "coordinates": [[[106.8652264, -6.2139903], [106.8656005, -6.2143583], [106.8655331, -6.2144329], [106.8654705, -6.2143746], [106.8652793, -6.2146596], [106.8652545, -6.2146609], [106.8652163, -6.2147296], [106.8651724, -6.2147976], [106.8648673, -6.2146695], [106.8650826, -6.2142184], [106.8652264, -6.2139903]]]}}, {"type": "Feature", "properties": {"access:roof": "no", "addr:city": "DKI Jakarta", "addr:full": "Jalan Bekai Timur Gang I", "amenity": "place_of_worship", "backup_generator": "no", "building": "temple", "building:condition": "good", "building:floor": "cement", "building:levels": "1", "building:roof": "concrete", "building:structure": "steel_frame", "building:walls": "brick", "capacity:persons": "100-250", "name": "Vihara Bio Shia Jin Kong", "religion": "buddhist", "source": "HOT_InAWARESurvey_2017", "osm_type": "way", "osm_id": 486039218}, "geometry": {"type": "Polygon", "coordinates": [[[106.8712974, -6.2167839], [106.8713849, -6.2167874], [106.8713809, -6.2168868], [106.8712934, -6.2168832], [106.8712974, -6.2167839]]]}}, {"type": "Feature", "properties": {"addr:city": "DKI Jakarta", "addr:full": "Jalan Otista No.64", "amenity": "college", "name": "Politeknik Statistika STIS", "operator:type": "government", "source": "HOT_InAWARESurvey_2017", "osm_type": "way", "osm_id": 486074780}, "geometry": {"type": "Polygon", "coordinates": [[[106.8662258, -6.2312093], [106.8670763, -6.2311357], [106.8670861, -6.2312962], [106.8671089, -6.2316455], [106.8671157, -6.2317372], [106.8665731, -6.2317826], [106.8662432, -6.2318132], [106.8662244, -6.2314369], [106.8662258, -6.2312093]]]}}, {"type": "Feature", "properties": {"access:roof": "no", "addr:city": "DKI Jakarta", "addr:full": "Jalan Cipinang Muara", "amenity": "clinic", "backup_generator": "no", "building": "clinic", "building:condition": "good", "building:floor": "ceramics", "building:levels": "1", "building:roof": "tile", "building:structure": "confined_masonry", "building:walls": "brick", "capacity:persons": "50-100", "healthcare": "clinic", "name": "Klinik umum Yunda", "operator:type": "private", "source": "HOT_InAWARESurvey_2017", "osm_type": "way", "osm_id": 486250369}, "geometry": {"type": "Polygon", "coordinates": [[[106.8911938, -6.2234954], [106.8912721, -6.2235166], [106.8912602, -6.22356], [106.8911819, -6.2235388], [106.8911938, -6.2234954]]]}}, {"type": "Feature", "properties": {"access:roof": "no", "addr:city": "DKI Jakarta", "addr:full": "Jalan Cipinang Elok II Blok X No.18", "amenity": "kindergarten", "backup_generator": "no", "building": "kindergarten", "building:condition": "good", "building:floor": "ceramics", "building:levels": "1", "building:roof": "tile", "building:structure": "confined_masonry", "capacity:persons": "<50", "name": "TK Hakuna Matata", "operator:type": "private", "source": "HOT_InAWARESurvey_2017", "osm_type": "way", "osm_id": 486250458}, "geometry": {"type": "Polygon", "coordinates": [[[106.888837, -6.2233421], [106.8889973, -6.223375], [106.8889724, -6.2234947], [106.8888121, -6.2234617], [106.888837, -6.2233421]]]}}, {"type": "Feature", "properties": {"addr:city": "DKI Jakarta", "addr:full": "Jalan Otista II No.25", "amenity": "school", "name": "Yayasan Perguruan Khrisna", "operator:type": "private", "school:type_idn": "sd", "source": "HOT_InAWARESurvey_2017", "osm_type": "way", "osm_id": 486275686}, "geometry": {"type": "Polygon", "coordinates": [[[106.8694679, -6.2303443], [106.8696044, -6.2303517], [106.8696091, -6.230268], [106.869713, -6.230273], [106.8696936, -6.2308163], [106.8695286, -6.2308476], [106.8695099, -6.2305761], [106.8695085, -6.2305388], [106.8694576, -6.2305355], [106.8694656, -6.2304095], [106.8694679, -6.2303443]]]}}, {"type": "Feature", "properties": {"addr:city": "DKI Jakarta", "addr:full": "Jalan SD Inpres", "amenity": "school", "building": "school", "building:condition": "good", "building:floor": "ceramics", "building:levels": "1", "building:roof": "tile", "building:structure": "confined_masonry", "building:walls": "brick", "capacity:persons": "100-250", "name": "SD Negeri Cipinang Cempedak 09 Pagi", "operator:type": "government", "school:type_idn": "sd", "source": "HOT_InAWARESurvey_2017", "osm_type": "way", "osm_id": 487243173}, "geometry": {"type": "Polygon", "coordinates": [[[106.8735094, -6.2420411], [106.8732401, -6.2423215], [106.873306, -6.2423841], [106.8732494, -6.242443], [106.8731835, -6.2423804], [106.8731666, -6.242398], [106.8731093, -6.2423437], [106.8734915, -6.2419457], [106.8735488, -6.2420001], [106.8736, -6.2420487], [106.8735606, -6.2420897], [106.8735094, -6.2420411]]]}}, {"type": "Feature", "properties": {"addr:city": "DKI Jakarta", "addr:full": "Jalan Bhineka IV", "amenity": "school", "name": "SMK Jakarta Timur 1", "operator:type": "private", "school:type_idn": "smp", "source": "HOT_InAWARESurvey_2017", "osm_type": "way", "osm_id": 487243175}, "geometry": {"type": "Polygon", "coordinates": [[[106.8727972, -6.242204], [106.873052, -6.2419387], [106.8732075, -6.2417854], [106.8732846, -6.2417094], [106.8735059, -6.2419174], [106.8730305, -6.2424027], [106.8727972, -6.242204]]]}}, {"type": "Feature", "properties": {"access:roof": "no", "addr:city": "DKI Jakarta", "addr:full": "Jalan Bhineka IV", "amenity": "school", "backup_generator": "no", "building": "school", "building:condition": "good", "building:floor": "ceramics", "building:levels": "2", "building:roof": "tile", "building:structure": "confined_masonry", "building:walls": "brick", "capacity:persons": "100-250", "name": "SD Negeri Cipinang Cempedak 05 Pagi", "operator:type": "government", "school:type_idn": "sd", "source": "HOT_InAWARESurvey_2017", "osm_type": "way", "osm_id": 487243185}, "geometry": {"type": "Polygon", "coordinates": [[[106.8727839, -6.2416772], [106.8728367, -6.241622], [106.8730371, -6.2418116], [106.8729842, -6.2418668], [106.872842, -6.2417322], [106.8726868, -6.2418942], [106.8728249, -6.2420249], [106.8727804, -6.2420714], [106.8726423, -6.2419407], [106.8725872, -6.2419983], [106.8725291, -6.2419433], [106.8727839, -6.2416772]]]}}, {"type": "Feature", "properties": {"access:roof": "yes", "addr:city": "DKI Jakarta", "addr:full": "Jalan Cawang baru Barat", "amenity": "place_of_worship", "backup_generator": "yes", "building": "mosque", "building:condition": "good", "building:floor": "ceramics", "building:levels": "2", "building:roof": "concrete", "building:structure": "confined_masonry", "building:walls": "brick", "capacity:persons": ">500", "name": "Masjid Baiturrahman", "religion": "muslim", "source": "HOT_InAWARESurvey_2017", "osm_type": "way", "osm_id": 487243186}, "geometry": {"type": "Polygon", "coordinates": [[[106.8728853, -6.2416404], [106.8729495, -6.2415083], [106.8731328, -6.2415964], [106.8730686, -6.2417285], [106.8728853, -6.2416404]]]}}, {"type": "Feature", "properties": {"addr:city": "DKI Jakarta", "addr:full": "Jalan Cawang Baru No.543", "amenity": "school", "name": "SMP,SMA,SMK Cawang Baru I", "operator:type": "private", "school:type_idn": "smp,sma", "source": "HOT_InAWARESurvey_2017", "osm_type": "way", "osm_id": 487243194}, "geometry": {"type": "Polygon", "coordinates": [[[106.870329, -6.2424745], [106.870215, -6.2428638], [106.8708266, -6.2430144], [106.8709312, -6.2425812], [106.870329, -6.2424745]]]}}, {"type": "Feature", "properties": {"access:roof": "no", "addr:city": "DKI Jakarta", "addr:full": "Jalan Cipinang Muara Raya No 12 A", "amenity": "clinic", "backup_generator": "no", "building": "clinic", "building:condition": "good", "building:floor": "ceramics", "building:levels": "1", "building:roof": "concrete", "building:structure": "confined_masonry", "building:walls": "brick", "capacity:persons": "100-250", "healthcare": "clinic", "name": "Klinik Pratama Mutiara Bunda", "operator:type": "private", "source": "HOT_InAWARESurvey_2017", "osm_type": "way", "osm_id": 487355057}, "geometry": {"type": "Polygon", "coordinates": [[[106.8917694, -6.2227051], [106.8917957, -6.2226401], [106.891899, -6.2226815], [106.8918726, -6.2227464], [106.8917694, -6.2227051]]]}}, {"type": "Feature", "properties": {"access:roof": "no", "addr:city": "DKI Jakarta", "addr:full": "Jalan T Gang Masjid Al-Madzkur RT 002 RW 011", "amenity": "place_of_worship", "backup_generator": "no", "building": "mosque", "building:condition": "good", "building:floor": "ceramics", "building:levels": "2", "building:roof": "concrete", "building:structure": "confined_masonry", "building:walls": "brick", "capacity:persons": "100-250", "name": "Masjid Al-Madzkur", "religion": "muslim", "source": "HOT_InAWARESurvey_2017", "osm_type": "way", "osm_id": 487372784}, "geometry": {"type": "Polygon", "coordinates": [[[106.8945197, -6.2161364], [106.8944848, -6.2162744], [106.8943546, -6.2162418], [106.8943895, -6.2161039], [106.8945197, -6.2161364]]]}}, {"type": "Feature", "properties": {"access:roof": "no", "addr:city": "DKI Jakarta", "addr:full": "Gang Garuda RT 008/11", "amenity": "kindergarten", "backup_generator": "no", "building": "kindergarten", "building:condition": "good", "building:floor": "ceramics", "building:levels": "2", "building:roof": "tile", "building:structure": "confined_masonry", "building:walls": "brick", "capacity:persons": "50-100", "name": "TK Roudlatul Mutta'alim", "operator:type": "private", "source": "HOT_InAWARESurvey_2017", "osm_type": "way", "osm_id": 487372835}, "geometry": {"type": "Polygon", "coordinates": [[[106.8944711, -6.2158863], [106.8944633, -6.2159906], [106.8944188, -6.2159873], [106.8944266, -6.2158831], [106.8944711, -6.2158863]]]}}, {"type": "Feature", "properties": {"access:roof": "no", "addr:city": "DKI Jakarta", "addr:full": "Jalan Cipinang Muara Ilir III No.17", "amenity": "kindergarten", "backup_generator": "no", "building": "kindergarten", "building:condition": "good", "building:floor": "ceramics", "building:levels": "1", "building:roof": "tile", "building:structure": "confined_masonry", "building:walls": "brick", "capacity:persons": "50-100", "name": "TK Islam Al Asnan", "operator:type": "private", "source": "HOT_InAWARESurvey_2017", "osm_type": "way", "osm_id": 487564073}, "geometry": {"type": "Polygon", "coordinates": [[[106.8940989, -6.2140127], [106.8941108, -6.213942], [106.8942363, -6.2139629], [106.8942244, -6.2140336], [106.8940989, -6.2140127]]]}}, {"type": "Feature", "properties": {"addr:city": "DKI Jakarta", "amenity": "place_of_worship", "building": "mosque", "building:condition": "good", "building:floor": "ceramics", "building:roof": "concrete", "building:structure": "confined_masonry", "building:walls": "brick", "capacity:persons": "250-500", "name": "Masjid Raudhatul Jannah", "religion": "muslim", "source": "HOT_InAWARESurvey_2017", "osm_type": "way", "osm_id": 487567482}, "geometry": {"type": "Polygon", "coordinates": [[[106.8752875, -6.2304587], [106.8755865, -6.2304475], [106.8756019, -6.2307674], [106.8752962, -6.2307827], [106.8752875, -6.2304587]]]}}, {"type": "Feature", "properties": {"access:roof": "no", "addr:city": "DKI Jakarta", "addr:full": "Jalan Haji Yahya", "amenity": "place_of_worship", "backup_generator": "no", "building": "mosque", "building:condition": "good", "building:floor": "ceramics", "building:levels": "1", "building:roof": "tile", "building:structure": "confined_masonry", "building:walls": "brick", "capacity:persons": "50-100", "name": "Masjid Jami Al-Mubarokah", "religion": "muslim", "source": "HOT_InAWARESurvey_2017", "osm_type": "way", "osm_id": 487567509}, "geometry": {"type": "Polygon", "coordinates": [[[106.8722074, -6.2290064], [106.8722259, -6.2288339], [106.8724282, -6.2288556], [106.8724118, -6.2290281], [106.8722074, -6.2290064]]]}}, {"type": "Feature", "properties": {"addr:city": "DKI Jakarta", "addr:full": "Jalan Pedati Dalam", "amenity": "school", "name": "SD Negeri Cipinang Cempedak 04, 07 Pagi dan 03,08 Petang", "operator:type": "government", "school:type_idn": "sd", "source": "HOT_InAWARESurvey_2017", "osm_type": "way", "osm_id": 487567524}, "geometry": {"type": "Polygon", "coordinates": [[[106.8725363, -6.2272834], [106.8725524, -6.2276345], [106.8719378, -6.2276624], [106.8719217, -6.2273113], [106.8725363, -6.2272834]]]}}, {"type": "Feature", "properties": {"addr:city": "DKI Jakarta", "addr:full": "Jalan Pedati", "amenity": "school", "name": "SMP Negeri 36 Jakarta", "operator:type": "government", "school:type_idn": "smp", "source": "HOT_InAWARESurvey_2017", "osm_type": "way", "osm_id": 487567527}, "geometry": {"type": "Polygon", "coordinates": [[[106.8720476, -6.2270945], [106.8720557, -6.2272934], [106.872533, -6.2272789], [106.8725091, -6.227068], [106.8720476, -6.2270945]]]}}, {"type": "Feature", "properties": {"addr:city": "DKI Jakarta", "addr:full": "Jalan Jend Urip Sumoharjo I No.12", "amenity": "school", "name": "TK, SD, SMP Kartika X-I", "operator:type": "private", "school:type_idn": "sd,smp", "source": "HOT_InAWARESurvey_2017", "osm_type": "way", "osm_id": 487598533}, "geometry": {"type": "Polygon", "coordinates": [[[106.8617988, -6.2128033], [106.8618799, -6.2127342], [106.8619669, -6.2126593], [106.8620321, -6.2126052], [106.8621124, -6.2125364], [106.8623516, -6.2123263], [106.8624575, -6.2124376], [106.8623744, -6.2124936], [106.8623938, -6.2126746], [106.8623885, -6.2127006], [106.862078, -6.2130186], [106.8619687, -6.2128986], [106.8619244, -6.2128459], [106.8618654, -6.2128939], [106.8617988, -6.2128033]]]}}, {"type": "Feature", "properties": {"access:roof": "no", "addr:city": "DKI Jakarta", "addr:full": "Jalan Kebon Nanas Selatan I", "amenity": "school", "backup_generator": "no", "building": "school", "building:condition": "good", "building:floor": "ceramics", "building:levels": "3", "building:roof": "tile", "building:structure": "confined_masonry", "building:walls": "brick", "capacity:persons": "250-500", "name": "SD Negeri Cipinang Cempedak 01 PG", "operator:type": "government", "school:type_idn": "sd", "source": "HOT_InAWARESurvey_2017", "osm_type": "way", "osm_id": 487617509}, "geometry": {"type": "Polygon", "coordinates": [[[106.8733735, -6.2321078], [106.873378, -6.2322177], [106.8732515, -6.2322228], [106.8732469, -6.23211], [106.8732284, -6.2321103], [106.8732261, -6.2319775], [106.8736767, -6.2319695], [106.8736791, -6.2321023], [106.8736774, -6.2321024], [106.873678, -6.2322081], [106.8735427, -6.2322088], [106.8735422, -6.2321048], [106.8733735, -6.2321078]]]}}, {"type": "Feature", "properties": {"access:roof": "no", "addr:city": "DKI Jakarta", "addr:full": "Cipinang Muara RT 013 RW 008 No. 50", "amenity": "kindergarten", "backup_generator": "no", "building": "kindergarten", "building:condition": "good", "building:floor": "ceramics", "building:levels": "1", "building:roof": "tile", "building:structure": "steel_frame", "building:walls": "brick", "capacity:persons": "<50", "name": "TK Islam Nurusy Syifa", "operator:type": "private", "source": "HOT_InAWARESurvey_2017", "osm_type": "way", "osm_id": 488361120}, "geometry": {"type": "Polygon", "coordinates": [[[106.8929814, -6.2172861], [106.8930211, -6.2172877], [106.8930189, -6.2173441], [106.8929791, -6.2173426], [106.8929814, -6.2172861]]]}}, {"type": "Feature", "properties": {"access:roof": "no", "addr:city": "DKI Jakarta", "addr:full": "Jalan Cipinang Muara III RT 002/ RW 008", "amenity": "kindergarten", "backup_generator": "no", "building": "kindergarten", "building:condition": "good", "building:floor": "ceramics", "building:levels": "1", "building:roof": "tile", "building:structure": "steel_frame", "building:walls": "brick", "name": "TK Bentara Indonesia I", "operator:type": "private", "source": "HOT_InAWARESurvey_2017", "osm_type": "way", "osm_id": 488387189}, "geometry": {"type": "Polygon", "coordinates": [[[106.8917713, -6.2184203], [106.891833, -6.218434], [106.8918048, -6.2185593], [106.8917432, -6.2185457], [106.8917713, -6.2184203]]]}}, {"type": "Feature", "properties": {"amenity": "place_of_worship", "building": "mosque", "religion": "muslim", "osm_type": "way", "osm_id": 488398250}, "geometry": {"type": "Polygon", "coordinates": [[[106.8924248, -6.221126], [106.892607, -6.2211303], [106.8926043, -6.2212429], [106.8924222, -6.2212387], [106.8924248, -6.221126]]]}}, {"type": "Feature", "properties": {"access:roof": "no", "addr:city": "DKI Jakarta", "addr:full": "Jalan Cipinang Muara Raya No. 41 A", "amenity": "place_of_worship", "backup_generator": "no", "building": "mosque", "building:condition": "good", "building:floor": "ceramics", "building:levels": "1", "building:roof": "concrete", "building:structure": "confined_masonry", "building:walls": "brick", "capacity:persons": "50-100", "name": "Musholla Darussalam", "religion": "muslim", "source": "HOT_InAWARESurvey_2017", "osm_type": "way", "osm_id": 488398340}, "geometry": {"type": "Polygon", "coordinates": [[[106.8920634, -6.2204334], [106.8921378, -6.2204663], [106.8921023, -6.2205457], [106.8920279, -6.2205127], [106.8920634, -6.2204334]]]}}, {"type": "Feature", "properties": {"access:roof": "no", "addr:city": "DKI Jakarta", "addr:full": "Jalan Cipinang Muara 3 Kav. PLN", "amenity": "place_of_worship", "backup_generator": "no", "building": "mosque", "building:condition": "good", "building:floor": "ceramics", "building:levels": "2", "building:structure": "confined_masonry", "building:walls": "brick", "capacity:persons": "100-250", "name": "Musholla Al-Ikhlash", "religion": "muslim", "source": "HOT_InAWARESurvey_2017", "osm_type": "way", "osm_id": 488407558}, "geometry": {"type": "Polygon", "coordinates": [[[106.8939155, -6.2207101], [106.8940451, -6.2207386], [106.8940165, -6.2208674], [106.8938868, -6.2208388], [106.8939155, -6.2207101]]]}}, {"type": "Feature", "properties": {"access:roof": "no", "addr:city": "DKI Jakarta", "addr:full": "Jalan Cipinang Muara III", "amenity": "place_of_worship", "backup_generator": "no", "building": "mosque", "building:condition": "good", "building:floor": "ceramics", "building:levels": "2", "building:roof": "tile", "building:structure": "confined_masonry", "building:walls": "brick", "capacity:persons": "100-250", "name": "Masjid Jami Al-Khoiriyah", "religion": "muslim", "source": "HOT_InAWARESurvey_2017", "osm_type": "way", "osm_id": 488407704}, "geometry": {"type": "Polygon", "coordinates": [[[106.893171, -6.2207419], [106.8932931, -6.2207998], [106.893242, -6.2209064], [106.8931921, -6.2208827], [106.8931546, -6.2209678], [106.8930933, -6.2209411], [106.8931317, -6.2208541], [106.8931199, -6.2208485], [106.893171, -6.2207419]]]}}, {"type": "Feature", "properties": {"access:roof": "no", "addr:city": "DKI Jakarta", "addr:full": "Jalan Cipinang Latihan No.15", "amenity": "kindergarten", "backup_generator": "no", "building": "kindergarten", "building:condition": "good", "building:floor": "ceramics", "building:levels": "1", "building:roof": "tile", "building:structure": "confined_masonry", "building:walls": "brick", "capacity:persons": "<50", "name": "TK Permata Hati", "operator:type": "private", "source": "HOT_InAWARESurvey_2017", "osm_type": "way", "osm_id": 488408946}, "geometry": {"type": "Polygon", "coordinates": [[[106.8811047, -6.2152611], [106.8811671, -6.2152618], [106.8811667, -6.2152979], [106.8811043, -6.2152972], [106.8811047, -6.2152611]]]}}, {"type": "Feature", "properties": {"addr:city": "DKI Jakarta", "addr:full": "Jalan Cipinang Latihan", "amenity": "school", "name": "SD Negeri Cipinang Besar Utara 09", "operator:type": "government", "school:type_idn": "sd", "source": "HOT_InAWARESurvey_2017", "osm_type": "way", "osm_id": 488408957}, "geometry": {"type": "Polygon", "coordinates": [[[106.8816328, -6.2172453], [106.881095, -6.2172353], [106.881083, -6.2173919], [106.8811319, -6.2179819], [106.8811939, -6.2180049], [106.8813794, -6.2180016], [106.8813747, -6.2177606], [106.8815007, -6.2177579], [106.8815547, -6.2177499], [106.8815587, -6.2177419], [106.8816908, -6.2177373], [106.8816694, -6.2172433], [106.8816328, -6.2172453]]]}}, {"type": "Feature", "properties": {"access:roof": "no", "addr:city": "DKI Jakarta", "addr:full": "Jalan Cipinang Pulo Maja", "amenity": "clinic", "backup_generator": "no", "building": "clinic", "building:condition": "good", "building:levels": "1", "building:roof": "asbestos", "building:structure": "confined_masonry", "building:walls": "brick", "capacity:persons": "100-250", "healthcare": "clinic", "name": "Puskesmas Kelurahan Cipinang Besar Utara", "operator": "Ministry of Health", "operator:en": "Ministry of Health", "operator:id": "Kementerian Kesehatan", "operator:type": "government", "operator:wikidata": "Q12490745", "source": "HOT_InAWARESurvey_2017", "osm_type": "way", "osm_id": 488408978}, "geometry": {"type": "Polygon", "coordinates": [[[106.8808063, -6.2179442], [106.8808144, -6.2181109], [106.8807192, -6.2181154], [106.8807111, -6.2179488], [106.8808063, -6.2179442]]]}}, {"type": "Feature", "properties": {"addr:city": "DKI Jakarta", "addr:full": "Jalan Bekasi Timur No.170 B", "amenity": "hospital", "healthcare": "hospital", "name": "Rumah Sakit Umum Pengayoman", "operator:type": "private", "source": "HOT_InAWARESurvey_2017", "osm_type": "way", "osm_id": 488436069}, "geometry": {"type": "Polygon", "coordinates": [[[106.8835251, -6.2148028], [106.8839998, -6.2147789], [106.884091, -6.216372], [106.8835948, -6.216404], [106.8835036, -6.2148028], [106.8835251, -6.2148028]]]}}, {"type": "Feature", "properties": {"access:roof": "no", "addr:city": "DKI Jakarta", "addr:full": "Jalan Swadaya V", "amenity": "place_of_worship", "backup_generator": "no", "building": "mosque", "building:condition": "good", "building:floor": "ceramics", "building:levels": "2", "building:roof": "concrete", "building:structure": "confined_masonry", "building:walls": "brick", "capacity:persons": "100-250", "name": "Masjid At-Taubah", "religion": "muslim", "source": "HOT_InAWARESurvey_2017", "osm_type": "way", "osm_id": 488436082}, "geometry": {"type": "Polygon", "coordinates": [[[106.8859989, -6.2175479], [106.8860801, -6.2175819], [106.8860563, -6.217638], [106.8859752, -6.217604], [106.8859989, -6.2175479]]]}}, {"type": "Feature", "properties": {"addr:city": "DKI Jakarta", "addr:full": "Jalan Cipinang Pulo", "amenity": "school", "name": "SMK Negeri 46 Jakarta", "operator:type": "government", "school:type_idn": "sma", "source": "HOT_InAWARESurvey_2017", "osm_type": "way", "osm_id": 488436092}, "geometry": {"type": "Polygon", "coordinates": [[[106.8835683, -6.2174031], [106.8837514, -6.2173997], [106.8837561, -6.2172038], [106.8843167, -6.2172058], [106.8843341, -6.2170124], [106.8838204, -6.2168713], [106.8836017, -6.2168011], [106.883558, -6.2168002], [106.8835683, -6.2174031]]]}}, {"type": "Feature", "properties": {"access:roof": "yes", "addr:city": "DKI Jakarta", "addr:full": "Jalan Komplek LP Cipinang", "amenity": "place_of_worship", "backup_generator": "yes", "building": "mosque", "building:condition": "good", "building:floor": "ceramics", "building:levels": "2", "building:roof": "concrete", "building:structure": "confined_masonry", "building:walls": "brick", "capacity:persons": "250-500", "name": "Masjid Baiturrohim", "religion": "muslim", "source": "HOT_InAWARESurvey_2017", "osm_type": "way", "osm_id": 488436096}, "geometry": {"type": "Polygon", "coordinates": [[[106.8842824, -6.2164563], [106.8843984, -6.2164557], [106.884399, -6.2165595], [106.884283, -6.2165602], [106.8842824, -6.2164563]]]}}, {"type": "Feature", "properties": {"addr:city": "DKI Jakarta", "addr:full": "Jalan Kebon Jeruk Timur", "amenity": "school", "name": "SDS Yayasan Pembina Bhakti Karya", "school:type_idn": "sd", "source": "HOT_InAWARESurvey_2017", "osm_type": "way", "osm_id": 488992714}, "geometry": {"type": "Polygon", "coordinates": [[[106.8774741, -6.2230973], [106.877476, -6.2232928], [106.8775943, -6.2232902], [106.8775936, -6.2232215], [106.8775457, -6.2232208], [106.8775434, -6.2230958], [106.8774741, -6.2230973]]]}}, {"type": "Feature", "properties": {"addr:city": "DKI Jakarta", "addr:full": "Jalan Prumpung Tengah", "amenity": "school", "name": "SD Negeri Cipinang Besar Utara 10 & 11 Pagi", "operator:type": "government", "school:type_idn": "sd", "source": "HOT_InAWARESurvey_2017", "osm_type": "way", "osm_id": 488992736}, "geometry": {"type": "Polygon", "coordinates": [[[106.8800693, -6.2204661], [106.8802732, -6.2204468], [106.880441, -6.2204273], [106.8805154, -6.2203736], [106.8808146, -6.2202748], [106.8808357, -6.2202484], [106.8809892, -6.220167], [106.8809584, -6.220064], [106.8800062, -6.2201287], [106.8800693, -6.2204661]]]}}, {"type": "Feature", "properties": {"addr:city": "DKI Jakarta", "addr:full": "Jalan Bekasi Timur IV No. 15", "amenity": "school", "name": "TK-SD-SMP-SMK Dwi Cakti Bakti", "school:type_idn": "sd,smp,sma", "source": "HOT_InAWARESurvey_2017", "osm_type": "way", "osm_id": 488992763}, "geometry": {"type": "Polygon", "coordinates": [[[106.875875, -6.2186517], [106.876593, -6.2186679], [106.8765476, -6.2181384], [106.8758435, -6.2181901], [106.875875, -6.2186517]]]}}, {"type": "Feature", "properties": {"amenity": "place_of_worship", "building": "mosque", "religion": "muslim", "osm_type": "way", "osm_id": 488992766}, "geometry": {"type": "Polygon", "coordinates": [[[106.8752232, -6.2179718], [106.8752461, -6.2179067], [106.8753266, -6.2179347], [106.8753037, -6.2179998], [106.8752232, -6.2179718]]]}}, {"type": "Feature", "properties": {"addr:city": "DKI Jakarta", "addr:full": "Jalan Cipinang Jaya", "amenity": "school", "name": "SMP Negeri 243 Jakarta", "operator:type": "government", "school:type_idn": "smp", "source": "HOT_InAWARESurvey_2017", "osm_type": "way", "osm_id": 489230141}, "geometry": {"type": "Polygon", "coordinates": [[[106.884951, -6.2189747], [106.8850476, -6.2184881], [106.8853533, -6.21854], [106.8852548, -6.2190347], [106.884951, -6.2189747]]]}}, {"type": "Feature", "properties": {"access:roof": "no", "addr:city": "DKI Jakarta", "addr:full": "Jalan Manggarai Selatan I", "amenity": "kindergarten", "backup_generator": "no", "building": "kindergarten", "building:condition": "good", "building:floor": "ceramics", "building:levels": "2", "building:roof": "tile", "building:structure": "confined_masonry", "building:walls": "brick", "capacity:persons": "<50", "evacuation_center": "no", "name": "PAUD Ar Rahman", "operator:type": "private", "source": "HOT_InAWARESurvey_2017", "osm_type": "way", "osm_id": 489268928}, "geometry": {"type": "Polygon", "coordinates": [[[106.8562809, -6.2149638], [106.8562259, -6.2150565], [106.8563326, -6.2150664], [106.8563467, -6.2150391], [106.8562809, -6.2149638]]]}}, {"type": "Feature", "properties": {"access:roof": "no", "addr:city": "DKI Jakarta", "addr:full": "Jalan Asem Baris Raya", "amenity": "police", "backup_generator": "no", "building": "police", "building:condition": "good", "building:floor": "ceramics", "building:levels": "1", "building:roof": "tile", "building:structure": "confined_masonry", "building:walls": "brick", "capacity:persons": "<50", "name": "Kantor Polisi Subsektor Kebon Baru", "source": "HOT_InAWARESurvey_2017", "osm_type": "way", "osm_id": 491094564}, "geometry": {"type": "Polygon", "coordinates": [[[106.8622193, -6.2423835], [106.8622904, -6.2423853], [106.8622864, -6.2425426], [106.8622153, -6.2425408], [106.8622193, -6.2423835]]]}}, {"type": "Feature", "properties": {"access:roof": "yes", "addr:city": "DKI Jakarta", "addr:full": "Jalan D", "backup_generator": "no", "building": "pumping_station", "building:condition": "good", "building:levels": "1", "building:roof": "asbestos", "building:structure": "confined_masonry", "building:walls": "brick", "capacity:pump": "250", "man_made": "pumping_station", "name": "Rumah Pompa Kebon Baru Jalan D", "operator": "SDPU Tata Air", "pump:unit": "2", "source": "HOT_InAWARESurvey_2017", "osm_type": "way", "osm_id": 491530009}, "geometry": {"type": "Polygon", "coordinates": [[[106.8637401, -6.2316269], [106.8638044, -6.2316789], [106.863752, -6.231743], [106.8636876, -6.231691], [106.8637401, -6.2316269]]]}}, {"type": "Feature", "properties": {"access:roof": "no", "addr:city": "DKI Jakarta", "addr:full": "Jalan Masjid 1", "backup_generator": "yes", "building": "pumping_station", "building:floor": "ceramics", "building:levels": "1", "building:roof": "tile", "building:structure": "confined_masonry", "building:walls": "brick", "capacity:pump": "100", "man_made": "pumping_station", "name": "Rumah Pompa Kebon Baru PLN", "operator": "SDPU Tata Air", "pump:unit": "1", "source": "HOT_InAWARESurvey_2017", "osm_type": "way", "osm_id": 491530010}, "geometry": {"type": "Polygon", "coordinates": [[[106.8640814, -6.2264427], [106.8641353, -6.2264139], [106.8641742, -6.2264859], [106.8641203, -6.2265147], [106.8640814, -6.2264427]]]}}, {"type": "Feature", "properties": {"access:roof": "no", "addr:city": "DKI Jakarta", "backup_generator": "yes", "building": "pumping_station", "building:condition": "good", "building:floor": "ceramics", "building:levels": "2", "building:roof": "concrete", "building:structure": "confined_masonry", "building:walls": "brick", "capacity:pump": "100", "man_made": "pumping_station", "name": "Rumah Pompa Kebon Baru", "operator": "SDA", "pump:unit": "2", "source": "HOT_InAWARESurvey_2017", "osm_type": "way", "osm_id": 491530011}, "geometry": {"type": "Polygon", "coordinates": [[[106.8634779, -6.2253869], [106.8635116, -6.2253688], [106.8635398, -6.2254208], [106.8635061, -6.2254389], [106.8634779, -6.2253869]]]}}, {"type": "Feature", "properties": {"access:roof": "no", "addr:city": "DKI Jakarta", "addr:full": "Jalan Cipinang Indah I", "backup_generator": "no", "building": "pumping_station", "building:condition": "good", "building:floor": "tekhel", "building:levels": "1", "building:roof": "concrete", "building:structure": "confined_masonry", "building:walls": "concrete", "man_made": "pumping_station", "name": "Rumah Pompa RW 16 Cipinang Indah I", "operator": "Sudin PU Perairan", "pump:unit": "1", "source": "HOT_InAWARESurvey_2017", "osm_type": "way", "osm_id": 491550939}, "geometry": {"type": "Polygon", "coordinates": [[[106.8913697, -6.2325197], [106.8914199, -6.2324815], [106.8914682, -6.2325441], [106.891418, -6.2325823], [106.8913697, -6.2325197]]]}}, {"type": "Feature", "properties": {"access:roof": "no", "addr:city": "DKI Jakarta", "addr:full": "Jalan Cipinang Bali II RT 07 RW 13", "amenity": "place_of_worship", "backup_generator": "no", "building": "mosque", "building:condition": "good", "building:floor": "ceramics", "building:levels": "3", "building:roof": "concrete", "building:structure": "confined_masonry", "building:walls": "concrete", "capacity:persons": "100-250", "name": "Masjid Al-Firdaus", "religion": "muslim", "source": "HOT_InAWARESurvey_2017", "osm_type": "way", "osm_id": 491550963}, "geometry": {"type": "Polygon", "coordinates": [[[106.8914682, -6.2358414], [106.8915715, -6.2358654], [106.8915527, -6.2359667], [106.8913918, -6.23596], [106.8913918, -6.2359], [106.8914494, -6.235896], [106.8914682, -6.2358414]]]}}, {"type": "Feature", "properties": {"addr:city": "DKI Jakarta", "addr:full": "Jalan Nusa Indah Cipinang RE", "amenity": "kindergarten", "name": "TK Mini Pak Kasur", "operator:type": "private", "source": "HOT_InAWARESurvey_2017", "osm_type": "way", "osm_id": 491550964}, "geometry": {"type": "Polygon", "coordinates": [[[106.8908618, -6.2347148], [106.8909211, -6.2349326], [106.891274, -6.2348375], [106.8912147, -6.2346198], [106.8908618, -6.2347148]]]}}, {"type": "Feature", "properties": {"addr:city": "DKI Jakarta", "addr:full": "Jalan D. Komplek Cipinang Indah", "amenity": "school", "name": "SD Negeri Cipinang Muara 18 & 21 Pagi", "operator:type": "government", "school:type_idn": "sd", "source": "HOT_InAWARESurvey_2017", "osm_type": "way", "osm_id": 491550971}, "geometry": {"type": "Polygon", "coordinates": [[[106.8886648, -6.2365641], [106.8886673, -6.2366371], [106.8886669, -6.2370021], [106.8885337, -6.2370028], [106.8885379, -6.2371309], [106.8892577, -6.2371235], [106.8892571, -6.2370052], [106.8893588, -6.237002], [106.8893538, -6.2365767], [106.8893706, -6.2365282], [106.8888431, -6.2365434], [106.8886648, -6.2365641]]]}}, {"type": "Feature", "properties": {"addr:city": "DKI Jakarta", "addr:full": "Jalan Cipinang Indah Raya No.51", "amenity": "school", "name": "SD Negeri Cipinang Muara 19 & 20 Pagi", "operator:type": "government", "school:type_idn": "sd", "source": "HOT_InAWARESurvey_2017", "osm_type": "way", "osm_id": 491550977}, "geometry": {"type": "Polygon", "coordinates": [[[106.8879257, -6.2369992], [106.8883398, -6.2369819], [106.8883378, -6.2369336], [106.8884859, -6.2369274], [106.888511, -6.2375252], [106.8879488, -6.2375486], [106.8879257, -6.2369992]]]}}, {"type": "Feature", "properties": {"access:roof": "no", "addr:city": "DKI Jakarta", "addr:full": "Jalan Majalah No. B.9", "amenity": "kindergarten", "backup_generator": "no", "building": "kindergarten", "building:condition": "good", "building:floor": "ceramics", "building:levels": "1", "building:roof": "tile", "building:structure": "confined_masonry", "building:walls": "brick", "capacity:persons": "50-100", "name": "TK Griya Wartawan", "operator:type": "community", "source": "HOT_InAWARESurvey_2017", "osm_type": "way", "osm_id": 491551009}, "geometry": {"type": "Polygon", "coordinates": [[[106.8887739, -6.2332161], [106.8888377, -6.2331115], [106.8889416, -6.2331742], [106.8888778, -6.2332788], [106.8887739, -6.2332161]]]}}, {"type": "Feature", "properties": {"access:roof": "no", "addr:city": "DKI Jakarta", "addr:full": "Jalan Majalah No.26 A", "amenity": "kindergarten", "backup_generator": "no", "building": "kindergarten", "building:condition": "good", "building:floor": "ceramics", "building:levels": "1", "building:roof": "concrete", "building:structure": "confined_masonry", "building:walls": "brick", "capacity:persons": "<50", "name": "TK Islam Al Akhbar", "source": "HOT_InAWARESurvey_2017", "osm_type": "way", "osm_id": 491551012}, "geometry": {"type": "Polygon", "coordinates": [[[106.8878688, -6.2345462], [106.8878909, -6.2344985], [106.8879808, -6.2345397], [106.8879587, -6.2345873], [106.8878688, -6.2345462]]]}}, {"type": "Feature", "properties": {"addr:city": "DKI Jakarta", "addr:full": "Jalan Buletin Griya Wartawan", "amenity": "school", "name": "SD Negeri Cipinang Muara 05 Pagi", "operator:type": "government", "school:type_idn": "sd", "source": "HOT_InAWARESurvey_2017", "osm_type": "way", "osm_id": 491551015}, "geometry": {"type": "Polygon", "coordinates": [[[106.8864784, -6.233386], [106.8867352, -6.2335615], [106.8863586, -6.2341061], [106.8861018, -6.2339306], [106.8864784, -6.233386]]]}}, {"type": "Feature", "properties": {"access:roof": "no", "addr:city": "DKI Jakarta", "addr:full": "Jalan Cipinang Muara I", "amenity": "place_of_worship", "backup_generator": "no", "building": "mosque", "building:condition": "good", "building:floor": "ceramics", "building:levels": "2", "building:roof": "tile", "building:structure": "confined_masonry", "building:walls": "concrete", "capacity:persons": "50-100", "name": "Masjid Al-Irsyadiyah", "religion": "muslim", "source": "HOT_InAWARESurvey_2017", "osm_type": "way", "osm_id": 491995847}, "geometry": {"type": "Polygon", "coordinates": [[[106.890362, -6.2283037], [106.8904475, -6.228345], [106.8904864, -6.2282653], [106.890401, -6.228224], [106.890362, -6.2283037]]]}}, {"type": "Feature", "properties": {"addr:city": "DKI Jakarta", "addr:full": "Jalan Cipinang Muara I", "amenity": "school", "name": "SMK Negeri 50 Jakarta", "operator:type": "government", "school:type_idn": "sma", "source": "HOT_InAWARESurvey_2017", "osm_type": "way", "osm_id": 491995850}, "geometry": {"type": "Polygon", "coordinates": [[[106.8904245, -6.2278931], [106.890442, -6.2280038], [106.8907142, -6.2281198], [106.8907585, -6.2279811], [106.8909947, -6.2280709], [106.8910699, -6.2278892], [106.891211, -6.2275441], [106.8910678, -6.2274771], [106.8909741, -6.2277033], [106.8907283, -6.2276049], [106.8907089, -6.2276543], [106.890611, -6.2276203], [106.8905164, -6.2278549], [106.8904245, -6.2278931]]]}}, {"type": "Feature", "properties": {"addr:city": "DKI Jakarta", "amenity": "school", "name": "SD Negeri Cipinang Muara 02 Pagi", "operator:type": "government", "school:type_idn": "sd", "source": "HOT_InAWARESurvey_2017", "osm_type": "way", "osm_id": 491995867}, "geometry": {"type": "Polygon", "coordinates": [[[106.8850527, -6.2277162], [106.8851169, -6.227435], [106.885422, -6.2275038], [106.8853578, -6.227785], [106.8850527, -6.2277162]]]}}, {"type": "Feature", "properties": {"access:roof": "no", "addr:city": "DKI Jakarta", "addr:full": "Jalan Cipinang Muara Raya No.12", "amenity": "school", "backup_generator": "no", "building": "school", "building:condition": "good", "building:floor": "ceramics", "building:levels": "2", "building:roof": "tile", "building:structure": "confined_masonry", "building:walls": "brick", "capacity:persons": "250-500", "name": "TK SMP SMK Pandawa", "operator:type": "private", "school:type_idn": "smp,sma", "source": "HOT_InAWARESurvey_2017", "osm_type": "way", "osm_id": 491995870}, "geometry": {"type": "Polygon", "coordinates": [[[106.8854238, -6.2275543], [106.8855323, -6.2275808], [106.88548, -6.2277935], [106.8853728, -6.227769], [106.8854238, -6.2275543]]]}}, {"type": "Feature", "properties": {"addr:city": "DKI Jakarta", "addr:full": "Jalan Komplek Cipinang Elok II Blok AV", "amenity": "school", "name": "SD Negeri 07 & 08 Cipinang Muara", "operator:type": "government", "school:type_idn": "sd", "source": "HOT_InAWARESurvey_2017", "osm_type": "way", "osm_id": 492025856}, "geometry": {"type": "Polygon", "coordinates": [[[106.8862513, -6.2253889], [106.886093, -6.2257768], [106.8865021, -6.2259448], [106.8868062, -6.2256165], [106.8866767, -6.2255632], [106.8862513, -6.2253889]]]}}, {"type": "Feature", "properties": {"addr:city": "DKI Jakarta", "addr:full": "Jalan Cipinang Elok II", "amenity": "school", "name": "SMP Negeri 52 Jakarta", "operator:type": "government", "school:type_idn": "smp", "source": "HOT_InAWARESurvey_2017", "osm_type": "way", "osm_id": 492025869}, "geometry": {"type": "Polygon", "coordinates": [[[106.8862524, -6.225372], [106.8867905, -6.2255936], [106.8870574, -6.225365], [106.8870171, -6.225299], [106.8863708, -6.2250636], [106.8863015, -6.2252331], [106.8862524, -6.225372]]]}}, {"type": "Feature", "properties": {"access:roof": "no", "addr:city": "DKI Jakarta", "addr:full": "Jalan Panca Warga IV RT 007/04", "amenity": "kindergarten", "backup_generator": "no", "building": "kindergarten", "building:condition": "good", "building:floor": "ceramics", "building:levels": "1", "building:roof": "tile", "building:structure": "confined_masonry", "building:walls": "brick", "capacity:persons": "<50", "name": "TK Persiapan", "operator:type": "private", "source": "HOT_InAWARESurvey_2017", "osm_type": "way", "osm_id": 492049185}, "geometry": {"type": "Polygon", "coordinates": [[[106.8823633, -6.2352778], [106.8824619, -6.2352832], [106.8824581, -6.2353525], [106.8823594, -6.2353471], [106.8823633, -6.2352778]]]}}, {"type": "Feature", "properties": {"addr:city": "DKI Jakarta", "addr:full": "Jalan Panca Warga VIII", "amenity": "school", "name": "SD Negeri Cipinang Besar Selatan 17 Pagi", "operator:type": "government", "school:type_idn": "sd", "source": "HOT_InAWARESurvey_2017", "osm_type": "way", "osm_id": 492049193}, "geometry": {"type": "Polygon", "coordinates": [[[106.8832751, -6.236321], [106.8835493, -6.2362523], [106.883725, -6.2362183], [106.8837994, -6.236639], [106.8835507, -6.2366756], [106.883324, -6.236713], [106.8832751, -6.236321]]]}}, {"type": "Feature", "properties": {"addr:city": "DKI Jakarta", "addr:full": "Jalan Panca Warga VIII", "amenity": "school", "name": "SD Negeri Cipinang Besar Selatan 16 Pagi", "operator:type": "government", "school:type_idn": "sd", "source": "HOT_InAWARESurvey_2017", "osm_type": "way", "osm_id": 492049196}, "geometry": {"type": "Polygon", "coordinates": [[[106.8838141, -6.2366441], [106.8844055, -6.2365318], [106.8843197, -6.2363642], [106.8842299, -6.2362175], [106.8841628, -6.2361195], [106.8839167, -6.2361682], [106.8837373, -6.2362023], [106.8838141, -6.2366441]]]}}, {"type": "Feature", "properties": {"addr:city": "DKI Jakarta", "addr:full": "Jalan Panca Warga I Gang 16", "amenity": "school", "name": "SD Negeri Cipinang Besar Selatan 19 dan 20 Pagi", "operator:type": "government", "school:type_idn": "sd", "source": "HOT_InAWARESurvey_2017", "osm_type": "way", "osm_id": 492049214}, "geometry": {"type": "Polygon", "coordinates": [[[106.8814464, -6.2379118], [106.8820009, -6.2378958], [106.8819969, -6.2373819], [106.8818011, -6.2373792], [106.8818025, -6.2372299], [106.8815198, -6.2372296], [106.881519, -6.2371992], [106.8814283, -6.2372021], [106.8814276, -6.2377317], [106.8814464, -6.2379118]]]}}, {"type": "Feature", "properties": {"addr:city": "DKI Jakarta", "addr:full": "Jalan IPN No.1", "amenity": "school", "name": "SMK Hatawana", "operator:type": "private", "school:type_idn": "sma", "source": "HOT_InAWARESurvey_2017", "osm_type": "way", "osm_id": 492141863}, "geometry": {"type": "Polygon", "coordinates": [[[106.8788449, -6.2293581], [106.8793132, -6.2293476], [106.879314, -6.2293867], [106.8796025, -6.2293803], [106.8796095, -6.229687], [106.8789427, -6.2297018], [106.8788527, -6.2297039], [106.8788449, -6.2293581]]]}}, {"type": "Feature", "properties": {"addr:city": "DKI Jakarta", "addr:full": "Jalan Cipinang Jaya GG Ujung No.15", "amenity": "school", "name": "SD Negeri Cipinang Besar Selatan 15 Pagi", "operator:type": "government", "school:type_idn": "sd", "source": "HOT_InAWARESurvey_2017", "osm_type": "way", "osm_id": 492141899}, "geometry": {"type": "Polygon", "coordinates": [[[106.8816672, -6.2234883], [106.8817852, -6.2234916], [106.8817839, -6.223522], [106.8820119, -6.2235333], [106.8819864, -6.2237653], [106.8820535, -6.2237986], [106.882042, -6.2239553], [106.8817165, -6.2239188], [106.8816429, -6.2239107], [106.8816672, -6.2234883]]]}}, {"type": "Feature", "properties": {"access:roof": "yes", "addr:city": "DKI Jakarta", "addr:full": "Jalan Basuki Rahmat", "amenity": "marketplace", "backup_generator": "yes", "building": "marketplace", "building:condition": "good", "building:floor": "ceramics", "building:levels": "2", "building:roof": "concrete", "building:structure": "confined_masonry", "building:walls": "concrete", "capacity:persons": ">500", "name": "Pasar Gembrong Cipinang Besar", "source": "HOT_InAWARESurvey_2017", "osm_type": "way", "osm_id": 492141909}, "geometry": {"type": "Polygon", "coordinates": [[[106.8809978, -6.2260076], [106.8812714, -6.2261396], [106.8811145, -6.2264611], [106.8808409, -6.2263292], [106.8809978, -6.2260076]]]}}, {"type": "Feature", "properties": {"access:roof": "no", "addr:city": "DKI Jakarta", "addr:full": "Jalan Masjid Cipinang Jaya CC No.44", "amenity": "school", "backup_generator": "no", "building": "school", "building:condition": "good", "building:floor": "ceramics", "building:levels": "2", "building:roof": "asbestos", "building:structure": "confined_masonry", "building:walls": "brick", "capacity:persons": "100-250", "name": "SD BPS&K Pembangunan III", "operator:type": "private", "school:type_idn": "sd", "source": "HOT_InAWARESurvey_2017", "osm_type": "way", "osm_id": 492141928}, "geometry": {"type": "Polygon", "coordinates": [[[106.8817406, -6.2218264], [106.8818326, -6.2218563], [106.8818244, -6.221881], [106.8818882, -6.2219018], [106.881864, -6.2219754], [106.8818826, -6.2219814], [106.8818164, -6.2221824], [106.8817513, -6.2221612], [106.8817902, -6.2220432], [106.8817731, -6.2220376], [106.8817709, -6.2220443], [106.8817605, -6.2220409], [106.8817525, -6.222065], [106.8817306, -6.2220578], [106.8817227, -6.2220817], [106.8816786, -6.2220673], [106.8816943, -6.2220194], [106.8816787, -6.2220143], [106.8817406, -6.2218264]]]}}, {"type": "Feature", "properties": {"addr:city": "DKI Jakarta", "addr:full": "Jalan Persatuan RT.02 RW.06", "amenity": "school", "name": "SD Negeri Cipinang Besar Selatan 13 dan 14 Pagi", "operator:type": "government", "school:type_idn": "sd", "source": "HOT_InAWARESurvey_2017", "osm_type": "way", "osm_id": 492220271}, "geometry": {"type": "Polygon", "coordinates": [[[106.8822107, -6.2290268], [106.8819036, -6.2296554], [106.881754, -6.2295914], [106.8816199, -6.2294748], [106.8818768, -6.2290122], [106.8818848, -6.2289995], [106.8820028, -6.2290428], [106.8820705, -6.2289502], [106.8822107, -6.2290268]]]}}, {"type": "Feature", "properties": {"addr:city": "DKI Jakarta", "addr:full": "Jalan Basuki Rahmat", "amenity": "school", "name": "SD Negeri Cipinang Besar Selatan 07 Pagi", "operator:type": "government", "school:type_idn": "sd", "source": "HOT_InAWARESurvey_2017", "osm_type": "way", "osm_id": 492220299}, "geometry": {"type": "Polygon", "coordinates": [[[106.8814318, -6.2272122], [106.881405, -6.2273672], [106.8814627, -6.2273778], [106.8814453, -6.2274788], [106.8814872, -6.2274868], [106.8814758, -6.2275668], [106.8818241, -6.2276131], [106.8818405, -6.2274685], [106.8817426, -6.2274605], [106.8817473, -6.2274178], [106.8815556, -6.2273905], [106.881579, -6.2272498], [106.8814404, -6.2271759], [106.8814318, -6.2272122]]]}}, {"type": "Feature", "properties": {"addr:city": "DKI Jakarta", "addr:full": "Jalan IPN Kampung Jembatan RT.009 RW 06", "amenity": "school", "name": "SD Negeri Cipinang Besar Selatan 01 Pagi", "operator:type": "government", "school:type_idn": "sd", "source": "HOT_InAWARESurvey_2017", "osm_type": "way", "osm_id": 492220306}, "geometry": {"type": "Polygon", "coordinates": [[[106.8778603, -6.2281805], [106.8783238, -6.2282186], [106.8783001, -6.2285035], [106.8782037, -6.2284956], [106.8781871, -6.2286948], [106.8780728, -6.2286854], [106.8780885, -6.2284963], [106.8778358, -6.2284756], [106.8778603, -6.2281805]]]}}, {"type": "Feature", "properties": {"access:roof": "no", "addr:city": "DKI Jakarta", "addr:full": "Jalan Cipinang Jaya KK No.37 A", "amenity": "place_of_worship", "backup_generator": "no", "building": "mosque", "building:condition": "good", "building:floor": "ceramics", "building:levels": "2", "building:roof": "concrete", "building:structure": "confined_masonry", "building:walls": "brick", "capacity:persons": "100-250", "name": "Masjid Al Murshid", "religion": "muslim", "source": "HOT_InAWARESurvey_2017", "osm_type": "way", "osm_id": 492220321}, "geometry": {"type": "Polygon", "coordinates": [[[106.8814095, -6.2245918], [106.8814038, -6.2246021], [106.8813173, -6.2245551], [106.8813406, -6.2245127], [106.8813607, -6.2245236], [106.881423, -6.2245226], [106.8814385, -6.2245101], [106.8814682, -6.2245467], [106.8814095, -6.2245918]]]}}, {"type": "Feature", "properties": {"access:roof": "no", "addr:city": "DKI Jakarta", "addr:full": "Jalan Cipinang Jaya LL", "amenity": "kindergarten", "backup_generator": "no", "building": "kindergarten", "building:condition": "good", "building:floor": "ceramics", "building:levels": "1", "building:roof": "tile", "building:structure": "confined_masonry", "building:walls": "brick", "capacity:persons": "50-100", "name": "TK Al Iman", "operator:type": "private", "source": "HOT_InAWARESurvey_2017", "osm_type": "way", "osm_id": 492220324}, "geometry": {"type": "Polygon", "coordinates": [[[106.8823114, -6.2256757], [106.8823832, -6.2256941], [106.882349, -6.2258255], [106.8822772, -6.225807], [106.8823114, -6.2256757]]]}}, {"type": "Feature", "properties": {"addr:city": "DKI Jakarta", "addr:full": "Jalan Cipinag Jaya II/1", "amenity": "school", "name": "SD Negeri Cipinang Besar Selatan 03 dan 04 Pagi", "operator:type": "government", "school:type_idn": "sd", "source": "HOT_InAWARESurvey_2017", "osm_type": "way", "osm_id": 492220366}, "geometry": {"type": "Polygon", "coordinates": [[[106.8860585, -6.2181676], [106.8863166, -6.2182763], [106.8860455, -6.2189352], [106.8857608, -6.2188162], [106.8860386, -6.2181593], [106.8860585, -6.2181676]]]}}, {"type": "Feature", "properties": {"access:roof": "no", "addr:city": "DKI Jakarta", "addr:full": "Jalan BB 1 No.4", "amenity": "clinic", "backup_generator": "yes", "building": "clinic", "building:condition": "good", "building:floor": "ceramics", "building:levels": "2", "building:roof": "tile", "building:structure": "confined_masonry", "building:walls": "brick", "capacity:persons": "100-250", "healthcare": "clinic", "name": "Puskesmas Kelurahan Cipinang Muara", "operator": "Ministry of Health", "operator:en": "Ministry of Health", "operator:id": "Kementerian Kesehatan", "operator:type": "government", "operator:wikidata": "Q12490745", "source": "HOT_InAWARESurvey_2017", "osm_type": "way", "osm_id": 492232972}, "geometry": {"type": "Polygon", "coordinates": [[[106.8955557, -6.2189026], [106.895689, -6.2188723], [106.8957292, -6.2190469], [106.8955959, -6.2190773], [106.8955557, -6.2189026]]]}}, {"type": "Feature", "properties": {"access:roof": "no", "addr:city": "DKI Jakarta", "addr:full": "Jalan Baru Cipinang Muara No. 22", "amenity": "kindergarten", "backup_generator": "no", "building": "kindergarten", "building:condition": "good", "building:floor": "ceramics", "building:levels": "1", "building:roof": "tile", "building:structure": "steel_frame", "building:walls": "brick", "capacity:persons": "<50", "name": "TK Bestari", "operator:type": "private", "source": "HOT_InAWARESurvey_2017", "osm_type": "way", "osm_id": 492232986}, "geometry": {"type": "Polygon", "coordinates": [[[106.8924126, -6.2176372], [106.8924835, -6.21764], [106.892482, -6.2176786], [106.8924111, -6.2176758], [106.8924126, -6.2176372]]]}}, {"type": "Feature", "properties": {"access:roof": "no", "addr:city": "DKI Jakarta", "addr:full": "Jalan BB RT 008 RW 04", "amenity": "place_of_worship", "backup_generator": "no", "building": "mosque", "building:condition": "good", "building:floor": "ceramics", "building:levels": "1", "building:roof": "concrete", "building:structure": "confined_masonry", "building:walls": "brick", "capacity:persons": "50-100", "name": "Musholla Al-Muqorrobyn", "religion": "muslim", "source": "HOT_InAWARESurvey_2017", "osm_type": "way", "osm_id": 492233007}, "geometry": {"type": "Polygon", "coordinates": [[[106.8899597, -6.2190062], [106.8900276, -6.2190229], [106.8900074, -6.2191037], [106.8899395, -6.219087], [106.8899597, -6.2190062]]]}}, {"type": "Feature", "properties": {"access:roof": "no", "addr:city": "DKI Jakarta", "addr:full": "Sekretariat Musholla Al Ikhlash", "amenity": "kindergarten", "backup_generator": "no", "building": "kindergarten", "building:condition": "good", "building:floor": "ceramics", "building:levels": "1", "building:roof": "concrete", "building:structure": "confined_masonry", "building:walls": "brick", "capacity:persons": "<50", "name": "TK Islam Al Ikhlash", "operator:type": "private", "source": "HOT_InAWARESurvey_2017", "osm_type": "way", "osm_id": 492233008}, "geometry": {"type": "Polygon", "coordinates": [[[106.8940481, -6.2207686], [106.89411, -6.2207822], [106.894085, -6.2208946], [106.894023, -6.2208809], [106.8940481, -6.2207686]]]}}, {"type": "Feature", "properties": {"access:roof": "no", "addr:city": "DKI Jakarta", "addr:full": "Jalan BB1 Cipinang Muara III", "amenity": "school", "backup_generator": "no", "building": "school", "building:condition": "good", "building:floor": "ceramics", "building:levels": "3", "building:roof": "tile", "building:structure": "confined_masonry", "building:walls": "concrete", "capacity:persons": "100-250", "name": "SD Negeri Cipinang Muara 04", "operator:type": "government", "school:type_idn": "sd", "source": "HOT_InAWARESurvey_2017", "osm_type": "way", "osm_id": 492233011}, "geometry": {"type": "Polygon", "coordinates": [[[106.8949855, -6.2193106], [106.8957379, -6.219116], [106.8957613, -6.2192055], [106.8950089, -6.2194001], [106.8949855, -6.2193106]]]}}, {"type": "Feature", "properties": {"addr:city": "DKI Jakarta", "addr:full": "Jalan PLN Cipinang Muara 3", "amenity": "school", "name": "SMA Negeri 50 Jakarta", "operator:type": "government", "school:type_idn": "sma", "source": "HOT_InAWARESurvey_2017", "osm_type": "way", "osm_id": 492233012}, "geometry": {"type": "Polygon", "coordinates": [[[106.8949369, -6.219427], [106.8949872, -6.2196103], [106.8950703, -6.2195889], [106.8951655, -6.2199609], [106.8959243, -6.2197759], [106.8960054, -6.2197593], [106.8960148, -6.2196393], [106.8959464, -6.2195313], [106.895886, -6.2194446], [106.8958153, -6.2192063], [106.8949369, -6.219427]]]}}, {"type": "Feature", "properties": {"addr:city": "DKI Jakarta", "addr:full": "Jalan Cipinang Muara III", "amenity": "school", "name": "SMP dan SMK Muara Indonesia", "school:type_idn": "smp,sma", "source": "HOT_InAWARESurvey_2017", "osm_type": "way", "osm_id": 492233063}, "geometry": {"type": "Polygon", "coordinates": [[[106.8927906, -6.2214541], [106.8929978, -6.2215508], [106.8932006, -6.2211451], [106.8932791, -6.2211765], [106.8933187, -6.2210891], [106.893151, -6.2210171], [106.8931624, -6.2209898], [106.8930545, -6.2209379], [106.8927906, -6.2214541]]]}}, {"type": "Feature", "properties": {"amenity": "place_of_worship", "building": "mosque", "religion": "muslim", "osm_type": "way", "osm_id": 494393376}, "geometry": {"type": "Polygon", "coordinates": [[[106.8952887, -6.2193446], [106.8953972, -6.2193171], [106.8954374, -6.2194737], [106.8953289, -6.2195013], [106.8952887, -6.2193446]]]}}, {"type": "Feature", "properties": {"addr:city": "DKI Jakarta", "building": "pumping_station", "capacity:pump": "100", "man_made": "pumping_station", "name": "Rumah Pompa Kebon Baru RW 02", "operator": "SDPU Tata Air", "pump:unit": "2", "source": "HOT_InAWARESurvey_2017", "osm_type": "way", "osm_id": 495342405}, "geometry": {"type": "Polygon", "coordinates": [[[106.864493, -6.2285707], [106.8645318, -6.2285707], [106.8645318, -6.2286167], [106.864493, -6.2286167], [106.864493, -6.2285707]]]}}, {"type": "Feature", "properties": {"addr:city": "DKI Jakarta", "addr:full": "Jalan Abdul Salam", "amenity": "school", "name": "MI Annuriyah", "operator:type": "private", "school:type_idn": "sd", "source": "HOT_InAWARESurvey_2017", "osm_type": "way", "osm_id": 505195363}, "geometry": {"type": "Polygon", "coordinates": [[[106.8719995, -6.2335146], [106.8721006, -6.2335158], [106.8721015, -6.2334798], [106.8722602, -6.2334823], [106.8722577, -6.233645], [106.8721888, -6.2336408], [106.87219, -6.2335651], [106.872105, -6.233563], [106.8721041, -6.2335948], [106.8720004, -6.2335913], [106.8719995, -6.2335146]]]}}, {"type": "Feature", "properties": {"addr:city": "DKI Jakarta", "addr:full": "Jalan Cipinang Indah Raya II", "amenity": "school", "name": "SDK 4, SLTPK 5 Penabur", "operator:type": "private", "school:type_idn": "sd, smp", "source": "HOT_InAWARESurvey_2017", "osm_type": "way", "osm_id": 510153346}, "geometry": {"type": "Polygon", "coordinates": [[[106.8934588, -6.2385651], [106.8927728, -6.2390397], [106.8923698, -6.2390204], [106.8922907, -6.2390164], [106.8924248, -6.2386604], [106.8925463, -6.2384744], [106.8926352, -6.2383344], [106.8928338, -6.2381738], [106.8930095, -6.2380685], [106.8930605, -6.2380385], [106.8932073, -6.2381945], [106.8933394, -6.2383625], [106.8934588, -6.2385651]]]}}, {"type": "Feature", "properties": {"addr:city": "DKI Jakarta", "addr:full": "Jalan Kepodang Cipinang Indah", "amenity": "school", "name": "SMAK 7 Penabur", "operator:type": "private", "school:type_idn": "sma", "source": "HOT_InAWARESurvey_2017", "osm_type": "way", "osm_id": 510153351}, "geometry": {"type": "Polygon", "coordinates": [[[106.8929859, -6.237333], [106.8929959, -6.2366333], [106.8930294, -6.2365919], [106.8930767, -6.2365643], [106.8940108, -6.2365749], [106.8940117, -6.2368973], [106.8938757, -6.2369071], [106.8935493, -6.2369122], [106.8933676, -6.2369128], [106.8933658, -6.2371787], [106.8933089, -6.2373322], [106.8929859, -6.237333]]]}}, {"type": "Feature", "properties": {"amenity": "college", "name": "Institut Transportasi dan Logistik Trisakti", "osm_type": "way", "osm_id": 925101983}, "geometry": {"type": "Polygon", "coordinates": [[[106.8773934, -6.2306563], [106.877847, -6.230625], [106.8783072, -6.230635], [106.8783829, -6.2306792], [106.8785807, -6.2307949], [106.8789657, -6.2303664], [106.878894, -6.2301838], [106.8788513, -6.2300882], [106.8787725, -6.2299991], [106.8787119, -6.229812], [106.8787122, -6.2297222], [106.8786981, -6.2293558], [106.8786967, -6.2293384], [106.8786748, -6.2290739], [106.8785719, -6.2291428], [106.8784929, -6.2292195], [106.8784212, -6.2293284], [106.8781645, -6.2295988], [106.8775052, -6.2303737], [106.8773934, -6.2306563]]]}}, {"type": "Feature", "properties": {"addr:city": "Jakarta Timur", "addr:province": "DKI Jakarta", "amenity": "hospital", "emergency": "yes", "healthcare": "hospital", "healthcare:speciality": "neurology", "name": "Rumah Sakit Pusat Otak Nasional Prof. Dr. dr. Mahar Mardjono Jakarta", "phone": "+62 (021)", "short_name": "RSPON", "website": "http://www.rspon.go.id/", "wheelchair": "yes", "osm_type": "way", "osm_id": 927020149}, "geometry": {"type": "Polygon", "coordinates": [[[106.8691623, -6.2452154], [106.8696079, -6.2454517], [106.8703518, -6.2458508], [106.8704921, -6.2458827], [106.8706289, -6.2459394], [106.8708038, -6.2459851], [106.8708655, -6.2460012], [106.8705107, -6.2474035], [106.8702225, -6.247321], [106.8701874, -6.2472568], [106.8699361, -6.2471932], [106.8685838, -6.2465189], [106.8684542, -6.2465206], [106.868761, -6.2458505], [106.8690825, -6.2453853], [106.8691623, -6.2452154]]]}}, {"type": "Feature", "properties": {"amenity": "marketplace", "name": "Pasar Krenso", "osm_type": "way", "osm_id": 1185219078}, "geometry": {"type": "Polygon", "coordinates": [[[106.8653622, -6.2308143], [106.8654078, -6.2307849], [106.8654547, -6.2308889], [106.8654668, -6.2311209], [106.8659214, -6.2310916], [106.8661226, -6.2310956], [106.8661226, -6.2312489], [106.8660958, -6.2314982], [106.8660837, -6.2317981], [106.8660274, -6.2318008], [106.8660421, -6.2314355], [106.8660394, -6.2312729], [106.8660435, -6.2311569], [106.8658772, -6.2311649], [106.8656304, -6.2311702], [106.8654105, -6.2311702], [106.8653997, -6.2309116], [106.8653622, -6.2308143]]]}}, {"type": "Feature", "properties": {"amenity": "place_of_worship", "building": "mosque", "name": "Masjid al Muhajirin", "religion": "muslim", "osm_type": "way", "osm_id": 1208041435}, "geometry": {"type": "Polygon", "coordinates": [[[106.8822297, -6.2153002], [106.8822598, -6.2152387], [106.8822323, -6.2152254], [106.8822631, -6.2151627], [106.88229, -6.2151757], [106.8823184, -6.2151178], [106.8824988, -6.2151088], [106.8825118, -6.2153645], [106.8822946, -6.2153754], [106.8822923, -6.2153305], [106.8822297, -6.2153002]]]}}, {"type": "Feature", "properties": {"amenity": "marketplace", "name": "Pasar Ikan Jatinegara", "osm_type": "way", "osm_id": 1480654460}, "geometry": {"type": "Polygon", "coordinates": [[[106.8621629, -6.2134633], [106.8623896, -6.2131673], [106.8624965, -6.2132622], [106.8628803, -6.2135931], [106.8627751, -6.2137267], [106.8621629, -6.2134633]]]}}, {"type": "Feature", "properties": {"addr:city": "Jakarta Timur", "addr:district": "Jatinegara", "addr:housename": "Institut Kesehatan Hermina", "addr:housenumber": "126", "addr:neighbourhood": "1", "addr:postcode": "13320", "addr:province": "DKI Jakarta", "addr:street": "Jalan Jatinegara Barat Raya", "addr:subdistrict": "Bali Mester", "amenity": "university", "education": "university", "internet_access": "yes", "name": "Institut Kesehatan Hermina", "osm_type": "way", "osm_id": 1497572335}, "geometry": {"type": "Polygon", "coordinates": [[[106.864194, -6.2205307], [106.8644553, -6.2203692], [106.8645658, -6.2203092], [106.8646763, -6.2205224], [106.864395, -6.2206522], [106.8644033, -6.2207088], [106.8642861, -6.2207555], [106.8642426, -6.2206356], [106.864194, -6.2205307]]]}}, {"type": "Feature", "properties": {"addr:city": "Jakarta Timur", "addr:district": "Jatinegara", "addr:housename": "Pasar Cawang Kavling Perumda Pasar Jaya", "addr:housenumber": "22", "addr:neighbourhood": "9", "addr:postcode": "13340", "addr:province": "DKI Jakarta", "addr:street": "Jalan Cawang Baru Barat", "addr:subdistrict": "Cipinang Cempedak", "amenity": "marketplace", "building": "retail", "layer": "1", "name": "Pasar Cawang Kavling Perumda Pasar Jaya", "osm_type": "way", "osm_id": 1497572336}, "geometry": {"type": "Polygon", "coordinates": [[[106.8734114, -6.2417148], [106.8735207, -6.2416044], [106.8736008, -6.2415229], [106.8737848, -6.2416913], [106.8739742, -6.2418524], [106.8738868, -6.2419538], [106.8737921, -6.2420606], [106.8735717, -6.2418633], [106.8734114, -6.2417148]]]}}, {"type": "Feature", "properties": {"amenity": "place_of_worship", "building": "yes", "denomination": "sunni", "layer": "1", "name": "Masjid Umar bin Khattab", "religion": "muslim", "osm_type": "way", "osm_id": 1498824028}, "geometry": {"type": "Polygon", "coordinates": [[[106.8719502, -6.2166676], [106.8719631, -6.2169663], [106.8721751, -6.2169614], [106.8721732, -6.216891], [106.872228, -6.2168897], [106.872226, -6.216803], [106.8720657, -6.2168067], [106.8720595, -6.2166629], [106.8719502, -6.2166676]]]}}]}